[2026-07-28 17:07:07] [INFO    ] [root] ============================================================
[2026-07-28 17:07:07] [INFO    ] [root] WBGT Monitor logging started
[2026-07-28 17:07:07] [INFO    ] [root] Log file : C:\Users\Varsh\Desktop\AGEIS\logs\wbgt_monitor_20260728.log
[2026-07-28 17:07:07] [INFO    ] [root] ============================================================
[2026-07-28 17:07:07] [INFO    ] [__main__] WBGT Monitor starting up
[2026-07-28 17:07:07] [INFO    ] [__main__] Database initialised
[2026-07-28 17:07:07] [INFO    ] [__main__] [READING] zone=Furnace-1 | timestamp=2026-07-22T06:00:00
[2026-07-28 17:07:07] [DEBUG   ] [__main__] [READING] raw={"timestamp": "2026-07-22T06:00:00", "factory": "Shree Metal Works", "zone": "Furnace-1", "temperature_unit": "celsius", "temperature": 37.0, "humidity": 47.5, "globe_temperature": 52.7, "wet_bulb_tem
[2026-07-28 17:07:07] [DEBUG   ] [__main__] [VALIDATE] zone=Furnace-1 | condition=ALL_DATA | missing=[] | flags=[]
[2026-07-28 17:07:07] [INFO    ] [__main__] [CALC] zone=Furnace-1 | ta=37.0 | rh=47.5 | tg=52.7 | tnwb=28.0 | wbgt=35.41
[2026-07-28 17:07:07] [DEBUG   ] [__main__] [CALC] data_quality={'ta': 'sensor', 'rh': 'sensor', 'tg': 'sensor', 'tnwb': 'sensor', 'wbgt': 'calculated'}
[2026-07-28 17:07:07] [INFO    ] [__main__] [CLASSIFY] zone=Furnace-1 | wbgt=35.41 | risk=DANGER | action=Halt heavy work, mandatory rest, evacuate
[2026-07-28 17:07:07] [WARNING ] [__main__] [DANGER ALERT] zone=Furnace-1 | wbgt=35.41 | Halt heavy work, mandatory rest, evacuate
[2026-07-28 17:07:07] [INFO    ] [__main__] [DB] zone=Furnace-1 | db_id=1 | saved OK
[2026-07-28 17:07:07] [INFO    ] [__main__] Pipeline completed OK | db_id=1
[2026-07-28 17:07:07] [INFO    ] [root] ============================================================
[2026-07-28 17:07:07] [INFO    ] [root] WBGT Monitor logging started
[2026-07-28 17:07:07] [INFO    ] [root] Log file : C:\Users\Varsh\Desktop\AGEIS\logs\wbgt_monitor_20260728.log
[2026-07-28 17:07:07] [INFO    ] [root] ============================================================
[2026-07-28 17:07:07] [INFO    ] [__main__] WBGT Monitor starting up
[2026-07-28 17:07:07] [INFO    ] [__main__] Database initialised
[2026-07-28 17:07:07] [INFO    ] [__main__] [READING] zone=Fabrication-Shop | timestamp=2026-07-22T07:00:00
[2026-07-28 17:07:07] [DEBUG   ] [__main__] [READING] raw={"timestamp": "2026-07-22T07:00:00", "factory": "Tata Steel", "zone": "Fabrication-Shop", "temperature_unit": "celsius", "temperature": 24.4, "humidity": 54.1, "globe_temperature": 25.7, "wet_bulb_tem
[2026-07-28 17:07:07] [DEBUG   ] [__main__] [VALIDATE] zone=Fabrication-Shop | condition=ALL_DATA | missing=[] | flags=[]
[2026-07-28 17:07:07] [INFO    ] [__main__] [CALC] zone=Fabrication-Shop | ta=24.4 | rh=54.1 | tg=25.7 | tnwb=17.7 | wbgt=20.1
[2026-07-28 17:07:07] [DEBUG   ] [__main__] [CALC] data_quality={'ta': 'sensor', 'rh': 'sensor', 'tg': 'sensor', 'tnwb': 'sensor', 'wbgt': 'calculated'}
[2026-07-28 17:07:07] [INFO    ] [__main__] [CLASSIFY] zone=Fabrication-Shop | wbgt=20.1 | risk=SAFE | action=Normal work, no restrictions
[2026-07-28 17:07:07] [INFO    ] [__main__] [DB] zone=Fabrication-Shop | db_id=2 | saved OK
[2026-07-28 17:07:07] [INFO    ] [__main__] Pipeline completed OK | db_id=2
[2026-07-28 17:07:08] [INFO    ] [root] ============================================================
[2026-07-28 17:07:08] [INFO    ] [root] WBGT Monitor logging started
[2026-07-28 17:07:08] [INFO    ] [root] Log file : C:\Users\Varsh\Desktop\AGEIS\logs\wbgt_monitor_20260728.log
[2026-07-28 17:07:08] [INFO    ] [root] ============================================================
[2026-07-28 17:07:08] [INFO    ] [__main__] WBGT Monitor starting up
[2026-07-28 17:07:08] [INFO    ] [__main__] Database initialised
[2026-07-28 17:07:08] [INFO    ] [__main__] [READING] zone=EAF-Bay | timestamp=2026-07-22T08:00:00
[2026-07-28 17:07:08] [DEBUG   ] [__main__] [READING] raw={"timestamp": "2026-07-22T08:00:00", "factory": "JSW Steel", "zone": "EAF-Bay", "temperature_unit": "celsius", "temperature": 42.5, "humidity": 47.0, "globe_temperature": 63.9, "wet_bulb_temperature":
[2026-07-28 17:07:08] [DEBUG   ] [__main__] [VALIDATE] zone=EAF-Bay | condition=ALL_DATA | missing=[] | flags=[]
[2026-07-28 17:07:08] [INFO    ] [__main__] [CALC] zone=EAF-Bay | ta=42.5 | rh=47.0 | tg=63.9 | tnwb=32.6 | wbgt=41.99
[2026-07-28 17:07:08] [DEBUG   ] [__main__] [CALC] data_quality={'ta': 'sensor', 'rh': 'sensor', 'tg': 'sensor', 'tnwb': 'sensor', 'wbgt': 'calculated'}
[2026-07-28 17:07:08] [INFO    ] [__main__] [CLASSIFY] zone=EAF-Bay | wbgt=41.99 | risk=DANGER | action=Halt heavy work, mandatory rest, evacuate
[2026-07-28 17:07:08] [WARNING ] [__main__] [DANGER ALERT] zone=EAF-Bay | wbgt=41.99 | Halt heavy work, mandatory rest, evacuate
[2026-07-28 17:07:08] [INFO    ] [__main__] [DB] zone=EAF-Bay | db_id=3 | saved OK
[2026-07-28 17:07:08] [INFO    ] [__main__] Pipeline completed OK | db_id=3
[2026-07-28 17:07:09] [INFO    ] [root] ============================================================
[2026-07-28 17:07:09] [INFO    ] [root] WBGT Monitor logging started
[2026-07-28 17:07:09] [INFO    ] [root] Log file : C:\Users\Varsh\Desktop\AGEIS\logs\wbgt_monitor_20260728.log
[2026-07-28 17:07:09] [INFO    ] [root] ============================================================
[2026-07-28 17:07:09] [INFO    ] [__main__] WBGT Monitor starting up
[2026-07-28 17:07:09] [INFO    ] [__main__] Database initialised
[2026-07-28 17:07:09] [INFO    ] [__main__] [READING] zone=Loading-Dock | timestamp=2026-07-22T09:00:00
[2026-07-28 17:07:09] [DEBUG   ] [__main__] [READING] raw={"timestamp": "2026-07-22T09:00:00", "factory": "Tata Steel", "zone": "Loading-Dock", "temperature_unit": "celsius", "temperature": 35.0, "humidity": 68.5, "globe_temperature": 37.5, "wet_bulb_tempera
[2026-07-28 17:07:09] [DEBUG   ] [__main__] [VALIDATE] zone=Loading-Dock | condition=ALL_DATA | missing=[] | flags=[]
[2026-07-28 17:07:09] [INFO    ] [__main__] [CALC] zone=Loading-Dock | ta=35.0 | rh=68.5 | tg=37.5 | tnwb=29.6 | wbgt=31.97
[2026-07-28 17:07:09] [DEBUG   ] [__main__] [CALC] data_quality={'ta': 'sensor', 'rh': 'sensor', 'tg': 'sensor', 'tnwb': 'sensor', 'wbgt': 'calculated'}
[2026-07-28 17:07:09] [INFO    ] [__main__] [CLASSIFY] zone=Loading-Dock | wbgt=31.97 | risk=DANGER | action=Halt heavy work, mandatory rest, evacuate
[2026-07-28 17:07:09] [WARNING ] [__main__] [DANGER ALERT] zone=Loading-Dock | wbgt=31.97 | Halt heavy work, mandatory rest, evacuate
[2026-07-28 17:07:09] [INFO    ] [__main__] [DB] zone=Loading-Dock | db_id=4 | saved OK
[2026-07-28 17:07:09] [INFO    ] [__main__] Pipeline completed OK | db_id=4
[2026-07-28 17:07:09] [INFO    ] [root] ============================================================
[2026-07-28 17:07:09] [INFO    ] [root] WBGT Monitor logging started
[2026-07-28 17:07:09] [INFO    ] [root] Log file : C:\Users\Varsh\Desktop\AGEIS\logs\wbgt_monitor_20260728.log
[2026-07-28 17:07:09] [INFO    ] [root] ============================================================
[2026-07-28 17:07:09] [INFO    ] [__main__] WBGT Monitor starting up
[2026-07-28 17:07:09] [INFO    ] [__main__] Database initialised
[2026-07-28 17:07:09] [INFO    ] [__main__] [READING] zone=Rolling-Mill | timestamp=2026-07-22T10:00:00
[2026-07-28 17:07:09] [DEBUG   ] [__main__] [READING] raw={"timestamp": "2026-07-22T10:00:00", "factory": "Shree Metal Works", "zone": "Rolling-Mill", "temperature_unit": "celsius", "temperature": 32.7, "humidity": 0, "globe_temperature": 41.0, "wet_bulb_tem
[2026-07-28 17:07:09] [DEBUG   ] [__main__] [VALIDATE] zone=Rolling-Mill | condition=MISSING_RH | missing=['humidity'] | flags=[]
[2026-07-28 17:07:09] [ERROR   ] [__main__] [CALC ERROR] zone=Rolling-Mill | timestamp=2026-07-22T10:00:00 | error=WEATHER_API_BASE_URL is not configured.
[2026-07-28 17:07:09] [WARNING ] [__main__] Pipeline completed with fault: Calculation error: WEATHER_API_BASE_URL is not configured.
[2026-07-28 17:07:10] [INFO    ] [root] ============================================================
[2026-07-28 17:07:10] [INFO    ] [root] WBGT Monitor logging started
[2026-07-28 17:07:10] [INFO    ] [root] Log file : C:\Users\Varsh\Desktop\AGEIS\logs\wbgt_monitor_20260728.log
[2026-07-28 17:07:10] [INFO    ] [root] ============================================================
[2026-07-28 17:07:10] [INFO    ] [__main__] WBGT Monitor starting up
[2026-07-28 17:07:10] [INFO    ] [__main__] Database initialised
[2026-07-28 17:07:10] [INFO    ] [__main__] [READING] zone=Continuous-Casting | timestamp=2026-07-22T11:00:00
[2026-07-28 17:07:10] [DEBUG   ] [__main__] [READING] raw={"timestamp": "2026-07-22T11:00:00", "factory": "Shree Metal Works", "zone": "Continuous-Casting", "temperature_unit": "celsius", "temperature": 49.4, "humidity": 53.3, "globe_temperature": 67.5, "wet
[2026-07-28 17:07:10] [DEBUG   ] [__main__] [VALIDATE] zone=Continuous-Casting | condition=ALL_DATA | missing=[] | flags=[]
[2026-07-28 17:07:10] [INFO    ] [__main__] [CALC] zone=Continuous-Casting | ta=49.4 | rh=53.3 | tg=67.5 | tnwb=40.0 | wbgt=48.25
[2026-07-28 17:07:10] [DEBUG   ] [__main__] [CALC] data_quality={'ta': 'sensor', 'rh': 'sensor', 'tg': 'sensor', 'tnwb': 'sensor', 'wbgt': 'calculated'}
[2026-07-28 17:07:10] [INFO    ] [__main__] [CLASSIFY] zone=Continuous-Casting | wbgt=48.25 | risk=DANGER | action=Halt heavy work, mandatory rest, evacuate
[2026-07-28 17:07:10] [WARNING ] [__main__] [DANGER ALERT] zone=Continuous-Casting | wbgt=48.25 | Halt heavy work, mandatory rest, evacuate
[2026-07-28 17:07:10] [INFO    ] [__main__] [DB] zone=Continuous-Casting | db_id=5 | saved OK
[2026-07-28 17:07:10] [INFO    ] [__main__] Pipeline completed OK | db_id=5
[2026-07-28 17:07:10] [INFO    ] [root] ============================================================
[2026-07-28 17:07:10] [INFO    ] [root] WBGT Monitor logging started
[2026-07-28 17:07:10] [INFO    ] [root] Log file : C:\Users\Varsh\Desktop\AGEIS\logs\wbgt_monitor_20260728.log
[2026-07-28 17:07:10] [INFO    ] [root] ============================================================
[2026-07-28 17:07:10] [INFO    ] [__main__] WBGT Monitor starting up
[2026-07-28 17:07:10] [INFO    ] [__main__] Database initialised
[2026-07-28 17:07:10] [INFO    ] [__main__] [READING] zone=Warehouse | timestamp=2026-07-22T12:00:00
[2026-07-28 17:07:10] [DEBUG   ] [__main__] [READING] raw={"timestamp": "2026-07-22T12:00:00", "factory": "SAIL", "zone": "Warehouse", "temperature_unit": "celsius", "temperature": 71.3, "humidity": 48.5, "globe_temperature": 0, "wet_bulb_temperature": 0}
[2026-07-28 17:07:10] [DEBUG   ] [__main__] [VALIDATE] zone=Warehouse | condition=None | missing=[] | flags=[]
[2026-07-28 17:07:10] [WARNING ] [__main__] [FAULT] zone=Warehouse | timestamp=2026-07-22T12:00:00 | reason=SENSOR_FAULT: temperature=71.3 is out of valid range 0–60 °C.
[2026-07-28 17:07:10] [WARNING ] [__main__] Pipeline completed with fault: SENSOR_FAULT: temperature=71.3 is out of valid range 0–60 °C.
[2026-07-28 17:07:11] [INFO    ] [root] ============================================================
[2026-07-28 17:07:11] [INFO    ] [root] WBGT Monitor logging started
[2026-07-28 17:07:11] [INFO    ] [root] Log file : C:\Users\Varsh\Desktop\AGEIS\logs\wbgt_monitor_20260728.log
[2026-07-28 17:07:11] [INFO    ] [root] ============================================================
[2026-07-28 17:07:11] [INFO    ] [__main__] WBGT Monitor starting up
[2026-07-28 17:07:11] [INFO    ] [__main__] Database initialised
[2026-07-28 17:07:11] [INFO    ] [__main__] [READING] zone=Ladle-Metallurgy | timestamp=2026-07-22T13:00:00
[2026-07-28 17:07:11] [DEBUG   ] [__main__] [READING] raw={"timestamp": "2026-07-22T13:00:00", "factory": "Tata Steel", "zone": "Ladle-Metallurgy", "temperature_unit": "celsius", "temperature": 47.4, "humidity": 50.7, "globe_temperature": 65.9, "wet_bulb_tem
[2026-07-28 17:07:11] [DEBUG   ] [__main__] [VALIDATE] zone=Ladle-Metallurgy | condition=ALL_DATA | missing=[] | flags=[]
[2026-07-28 17:07:11] [INFO    ] [__main__] [CALC] zone=Ladle-Metallurgy | ta=47.4 | rh=50.7 | tg=65.9 | tnwb=37.4299 | wbgt=45.9709
[2026-07-28 17:07:11] [DEBUG   ] [__main__] [CALC] data_quality={'ta': 'sensor', 'rh': 'sensor', 'tg': 'sensor', 'tnwb': 'calculated', 'wbgt': 'calculated'}
[2026-07-28 17:07:11] [INFO    ] [__main__] [CLASSIFY] zone=Ladle-Metallurgy | wbgt=45.9709 | risk=DANGER | action=Halt heavy work, mandatory rest, evacuate
[2026-07-28 17:07:11] [WARNING ] [__main__] [DANGER ALERT] zone=Ladle-Metallurgy | wbgt=45.9709 | Halt heavy work, mandatory rest, evacuate
[2026-07-28 17:07:11] [INFO    ] [__main__] [DB] zone=Ladle-Metallurgy | db_id=6 | saved OK
[2026-07-28 17:07:11] [INFO    ] [__main__] Pipeline completed OK | db_id=6
[2026-07-28 17:07:12] [INFO    ] [root] ============================================================
[2026-07-28 17:07:12] [INFO    ] [root] WBGT Monitor logging started
[2026-07-28 17:07:12] [INFO    ] [root] Log file : C:\Users\Varsh\Desktop\AGEIS\logs\wbgt_monitor_20260728.log
[2026-07-28 17:07:12] [INFO    ] [root] ============================================================
[2026-07-28 17:07:12] [INFO    ] [__main__] WBGT Monitor starting up
[2026-07-28 17:07:12] [INFO    ] [__main__] Database initialised
[2026-07-28 17:07:12] [INFO    ] [__main__] [READING] zone=Furnace-2 | timestamp=2026-07-22T14:00:00
[2026-07-28 17:07:12] [DEBUG   ] [__main__] [READING] raw={"timestamp": "2026-07-22T14:00:00", "factory": "Ganesh Alloys", "zone": "Furnace-2", "temperature_unit": "celsius", "temperature": 59.6, "humidity": 111.3, "globe_temperature": 79.8, "wet_bulb_temper
[2026-07-28 17:07:12] [DEBUG   ] [__main__] [VALIDATE] zone=Furnace-2 | condition=None | missing=[] | flags=[]
[2026-07-28 17:07:12] [WARNING ] [__main__] [FAULT] zone=Furnace-2 | timestamp=2026-07-22T14:00:00 | reason=SENSOR_FAULT: humidity=111.3 is out of valid range 0–100 %.
[2026-07-28 17:07:12] [WARNING ] [__main__] Pipeline completed with fault: SENSOR_FAULT: humidity=111.3 is out of valid range 0–100 %.
[2026-07-28 17:07:12] [INFO    ] [root] ============================================================
[2026-07-28 17:07:12] [INFO    ] [root] WBGT Monitor logging started
[2026-07-28 17:07:12] [INFO    ] [root] Log file : C:\Users\Varsh\Desktop\AGEIS\logs\wbgt_monitor_20260728.log
[2026-07-28 17:07:12] [INFO    ] [root] ============================================================
[2026-07-28 17:07:12] [INFO    ] [__main__] WBGT Monitor starting up
[2026-07-28 17:07:12] [INFO    ] [__main__] Database initialised
[2026-07-28 17:07:12] [INFO    ] [__main__] [READING] zone=Furnace-1 | timestamp=2026-07-22T15:00:00
[2026-07-28 17:07:12] [DEBUG   ] [__main__] [READING] raw={"timestamp": "2026-07-22T15:00:00", "factory": "Vedanta", "zone": "Furnace-1", "temperature_unit": "celsius", "temperature": 56.8, "humidity": 0, "globe_temperature": 0, "wet_bulb_temperature": 45.6}
[2026-07-28 17:07:12] [DEBUG   ] [__main__] [VALIDATE] zone=Furnace-1 | condition=MISSING_RH | missing=['humidity', 'globe_temperature'] | flags=[]
[2026-07-28 17:07:12] [ERROR   ] [__main__] [CALC ERROR] zone=Furnace-1 | timestamp=2026-07-22T15:00:00 | error=WEATHER_API_BASE_URL is not configured.
[2026-07-28 17:07:12] [WARNING ] [__main__] Pipeline completed with fault: Calculation error: WEATHER_API_BASE_URL is not configured.
[2026-07-28 17:07:13] [INFO    ] [root] ============================================================
[2026-07-28 17:07:13] [INFO    ] [root] WBGT Monitor logging started
[2026-07-28 17:07:13] [INFO    ] [root] Log file : C:\Users\Varsh\Desktop\AGEIS\logs\wbgt_monitor_20260728.log
[2026-07-28 17:07:13] [INFO    ] [root] ============================================================
[2026-07-28 17:07:13] [INFO    ] [__main__] WBGT Monitor starting up
[2026-07-28 17:07:13] [INFO    ] [__main__] Database initialised
[2026-07-28 17:07:13] [INFO    ] [__main__] [READING] zone=Annealing-Line | timestamp=2026-07-22T16:00:00
[2026-07-28 17:07:13] [DEBUG   ] [__main__] [READING] raw={"timestamp": "2026-07-22T16:00:00", "factory": "JSW Steel", "zone": "Annealing-Line", "temperature_unit": "celsius", "temperature": 34.9, "humidity": 49.5, "globe_temperature": 40.8, "wet_bulb_temper
[2026-07-28 17:07:13] [DEBUG   ] [__main__] [VALIDATE] zone=Annealing-Line | condition=ALL_DATA | missing=[] | flags=[]
[2026-07-28 17:07:13] [INFO    ] [__main__] [CALC] zone=Annealing-Line | ta=34.9 | rh=49.5 | tg=40.8 | tnwb=26.4107 | wbgt=30.7275
[2026-07-28 17:07:13] [DEBUG   ] [__main__] [CALC] data_quality={'ta': 'sensor', 'rh': 'sensor', 'tg': 'sensor', 'tnwb': 'calculated', 'wbgt': 'calculated'}
[2026-07-28 17:07:13] [INFO    ] [__main__] [CLASSIFY] zone=Annealing-Line | wbgt=30.7275 | risk=WARNING | action=Enforce work/rest cycles (50 min work, 10 min rest)
[2026-07-28 17:07:13] [WARNING ] [__main__] [WARNING ALERT] zone=Annealing-Line | wbgt=30.7275 | Enforce work/rest cycles (50 min work, 10 min rest)
[2026-07-28 17:07:13] [INFO    ] [__main__] [DB] zone=Annealing-Line | db_id=7 | saved OK
[2026-07-28 17:07:13] [INFO    ] [__main__] Pipeline completed OK | db_id=7
[2026-07-28 17:07:13] [INFO    ] [root] ============================================================
[2026-07-28 17:07:13] [INFO    ] [root] WBGT Monitor logging started
[2026-07-28 17:07:13] [INFO    ] [root] Log file : C:\Users\Varsh\Desktop\AGEIS\logs\wbgt_monitor_20260728.log
[2026-07-28 17:07:13] [INFO    ] [root] ============================================================
[2026-07-28 17:07:13] [INFO    ] [__main__] WBGT Monitor starting up
[2026-07-28 17:07:13] [INFO    ] [__main__] Database initialised
[2026-07-28 17:07:13] [INFO    ] [__main__] [READING] zone=Continuous-Casting | timestamp=2026-07-22T17:00:00
[2026-07-28 17:07:13] [DEBUG   ] [__main__] [READING] raw={"timestamp": "2026-07-22T17:00:00", "factory": "SAIL", "zone": "Continuous-Casting", "temperature_unit": "celsius", "temperature": 39.8, "humidity": 0, "globe_temperature": 0, "wet_bulb_temperature":
[2026-07-28 17:07:13] [DEBUG   ] [__main__] [VALIDATE] zone=Continuous-Casting | condition=MISSING_RH | missing=['humidity', 'globe_temperature'] | flags=[]
[2026-07-28 17:07:13] [ERROR   ] [__main__] [CALC ERROR] zone=Continuous-Casting | timestamp=2026-07-22T17:00:00 | error=WEATHER_API_BASE_URL is not configured.
[2026-07-28 17:07:13] [WARNING ] [__main__] Pipeline completed with fault: Calculation error: WEATHER_API_BASE_URL is not configured.
[2026-07-28 17:07:14] [INFO    ] [root] ============================================================
[2026-07-28 17:07:14] [INFO    ] [root] WBGT Monitor logging started
[2026-07-28 17:07:14] [INFO    ] [root] Log file : C:\Users\Varsh\Desktop\AGEIS\logs\wbgt_monitor_20260728.log
[2026-07-28 17:07:14] [INFO    ] [root] ============================================================
[2026-07-28 17:07:14] [INFO    ] [__main__] WBGT Monitor starting up
[2026-07-28 17:07:14] [INFO    ] [__main__] Database initialised
[2026-07-28 17:07:14] [INFO    ] [__main__] [READING] zone=Loading-Dock | timestamp=2026-07-22T18:00:00
[2026-07-28 17:07:14] [DEBUG   ] [__main__] [READING] raw={"timestamp": "2026-07-22T18:00:00", "factory": "Tata Steel", "zone": "Loading-Dock", "temperature_unit": "celsius", "temperature": 27.1, "humidity": 0, "globe_temperature": 0, "wet_bulb_temperature":
[2026-07-28 17:07:14] [DEBUG   ] [__main__] [VALIDATE] zone=Loading-Dock | condition=MISSING_RH | missing=['humidity', 'globe_temperature'] | flags=[]
[2026-07-28 17:07:14] [ERROR   ] [__main__] [CALC ERROR] zone=Loading-Dock | timestamp=2026-07-22T18:00:00 | error=WEATHER_API_BASE_URL is not configured.
[2026-07-28 17:07:14] [WARNING ] [__main__] Pipeline completed with fault: Calculation error: WEATHER_API_BASE_URL is not configured.
[2026-07-28 17:07:14] [INFO    ] [root] ============================================================
[2026-07-28 17:07:14] [INFO    ] [root] WBGT Monitor logging started
[2026-07-28 17:07:14] [INFO    ] [root] Log file : C:\Users\Varsh\Desktop\AGEIS\logs\wbgt_monitor_20260728.log
[2026-07-28 17:07:14] [INFO    ] [root] ============================================================
[2026-07-28 17:07:14] [INFO    ] [__main__] WBGT Monitor starting up
[2026-07-28 17:07:14] [INFO    ] [__main__] Database initialised
[2026-07-28 17:07:14] [INFO    ] [__main__] [READING] zone=Furnace-2 | timestamp=2026-07-22T19:00:00
[2026-07-28 17:07:14] [DEBUG   ] [__main__] [READING] raw={"timestamp": "2026-07-22T19:00:00", "factory": "Vedanta", "zone": "Furnace-2", "temperature_unit": "celsius", "temperature": 36.4, "humidity": 0, "globe_temperature": 53.2, "wet_bulb_temperature": 0}
[2026-07-28 17:07:14] [DEBUG   ] [__main__] [VALIDATE] zone=Furnace-2 | condition=MISSING_RH | missing=['humidity'] | flags=[]
[2026-07-28 17:07:14] [ERROR   ] [__main__] [CALC ERROR] zone=Furnace-2 | timestamp=2026-07-22T19:00:00 | error=WEATHER_API_BASE_URL is not configured.
[2026-07-28 17:07:14] [WARNING ] [__main__] Pipeline completed with fault: Calculation error: WEATHER_API_BASE_URL is not configured.
[2026-07-28 17:07:15] [INFO    ] [root] ============================================================
[2026-07-28 17:07:15] [INFO    ] [root] WBGT Monitor logging started
[2026-07-28 17:07:15] [INFO    ] [root] Log file : C:\Users\Varsh\Desktop\AGEIS\logs\wbgt_monitor_20260728.log
[2026-07-28 17:07:15] [INFO    ] [root] ============================================================
[2026-07-28 17:07:15] [INFO    ] [__main__] WBGT Monitor starting up
[2026-07-28 17:07:15] [INFO    ] [__main__] Database initialised
[2026-07-28 17:07:15] [INFO    ] [__main__] [READING] zone=Furnace-1 | timestamp=2026-07-22T20:00:00
[2026-07-28 17:07:15] [DEBUG   ] [__main__] [READING] raw={"timestamp": "2026-07-22T20:00:00", "factory": "JSW Steel", "zone": "Furnace-1", "temperature_unit": "celsius", "temperature": 39.0, "humidity": 0, "globe_temperature": 57.5, "wet_bulb_temperature": 
[2026-07-28 17:07:15] [DEBUG   ] [__main__] [VALIDATE] zone=Furnace-1 | condition=MISSING_RH | missing=['humidity'] | flags=[]
[2026-07-28 17:07:15] [ERROR   ] [__main__] [CALC ERROR] zone=Furnace-1 | timestamp=2026-07-22T20:00:00 | error=WEATHER_API_BASE_URL is not configured.
[2026-07-28 17:07:15] [WARNING ] [__main__] Pipeline completed with fault: Calculation error: WEATHER_API_BASE_URL is not configured.
[2026-07-28 17:07:15] [INFO    ] [root] ============================================================
[2026-07-28 17:07:15] [INFO    ] [root] WBGT Monitor logging started
[2026-07-28 17:07:15] [INFO    ] [root] Log file : C:\Users\Varsh\Desktop\AGEIS\logs\wbgt_monitor_20260728.log
[2026-07-28 17:07:15] [INFO    ] [root] ============================================================
[2026-07-28 17:07:15] [INFO    ] [__main__] WBGT Monitor starting up
[2026-07-28 17:07:15] [INFO    ] [__main__] Database initialised
[2026-07-28 17:07:15] [INFO    ] [__main__] [READING] zone=Warehouse | timestamp=2026-07-22T21:00:00
[2026-07-28 17:07:15] [DEBUG   ] [__main__] [READING] raw={"timestamp": "2026-07-22T21:00:00", "factory": "Tata Steel", "zone": "Warehouse", "temperature_unit": "celsius", "temperature": 22.9, "humidity": 0, "globe_temperature": 23.9, "wet_bulb_temperature":
[2026-07-28 17:07:15] [DEBUG   ] [__main__] [VALIDATE] zone=Warehouse | condition=MISSING_RH | missing=['humidity'] | flags=[]
[2026-07-28 17:07:15] [ERROR   ] [__main__] [CALC ERROR] zone=Warehouse | timestamp=2026-07-22T21:00:00 | error=WEATHER_API_BASE_URL is not configured.
[2026-07-28 17:07:15] [WARNING ] [__main__] Pipeline completed with fault: Calculation error: WEATHER_API_BASE_URL is not configured.
[2026-07-28 17:07:16] [INFO    ] [root] ============================================================
[2026-07-28 17:07:16] [INFO    ] [root] WBGT Monitor logging started
[2026-07-28 17:07:16] [INFO    ] [root] Log file : C:\Users\Varsh\Desktop\AGEIS\logs\wbgt_monitor_20260728.log
[2026-07-28 17:07:16] [INFO    ] [root] ============================================================
[2026-07-28 17:07:16] [INFO    ] [__main__] WBGT Monitor starting up
[2026-07-28 17:07:16] [INFO    ] [__main__] Database initialised
[2026-07-28 17:07:16] [INFO    ] [__main__] [READING] zone=EAF-Bay | timestamp=2026-07-22T22:00:00
[2026-07-28 17:07:16] [DEBUG   ] [__main__] [READING] raw={"timestamp": "2026-07-22T22:00:00", "factory": "Shree Metal Works", "zone": "EAF-Bay", "temperature_unit": "celsius", "temperature": 41.4, "humidity": 51.4, "globe_temperature": 58.4, "wet_bulb_tempe
[2026-07-28 17:07:16] [DEBUG   ] [__main__] [VALIDATE] zone=EAF-Bay | condition=ALL_DATA | missing=[] | flags=[]
[2026-07-28 17:07:16] [INFO    ] [__main__] [CALC] zone=EAF-Bay | ta=41.4 | rh=51.4 | tg=58.4 | tnwb=32.1 | wbgt=39.99
[2026-07-28 17:07:16] [DEBUG   ] [__main__] [CALC] data_quality={'ta': 'sensor', 'rh': 'sensor', 'tg': 'sensor', 'tnwb': 'sensor', 'wbgt': 'calculated'}
[2026-07-28 17:07:16] [INFO    ] [__main__] [CLASSIFY] zone=EAF-Bay | wbgt=39.99 | risk=DANGER | action=Halt heavy work, mandatory rest, evacuate
[2026-07-28 17:07:16] [WARNING ] [__main__] [DANGER ALERT] zone=EAF-Bay | wbgt=39.99 | Halt heavy work, mandatory rest, evacuate
[2026-07-28 17:07:16] [INFO    ] [__main__] [DB] zone=EAF-Bay | db_id=8 | saved OK
[2026-07-28 17:07:16] [INFO    ] [__main__] Pipeline completed OK | db_id=8
[2026-07-28 17:07:17] [INFO    ] [root] ============================================================
[2026-07-28 17:07:17] [INFO    ] [root] WBGT Monitor logging started
[2026-07-28 17:07:17] [INFO    ] [root] Log file : C:\Users\Varsh\Desktop\AGEIS\logs\wbgt_monitor_20260728.log
[2026-07-28 17:07:17] [INFO    ] [root] ============================================================
[2026-07-28 17:07:17] [INFO    ] [__main__] WBGT Monitor starting up
[2026-07-28 17:07:17] [INFO    ] [__main__] Database initialised
[2026-07-28 17:07:17] [INFO    ] [__main__] [READING] zone=Fabrication-Shop | timestamp=2026-07-22T23:00:00
[2026-07-28 17:07:17] [DEBUG   ] [__main__] [READING] raw={"timestamp": "2026-07-22T23:00:00", "factory": "JSW Steel", "zone": "Fabrication-Shop", "temperature_unit": "celsius", "temperature": 20.6, "humidity": 71.1, "globe_temperature": 22.6, "wet_bulb_temp
[2026-07-28 17:07:17] [DEBUG   ] [__main__] [VALIDATE] zone=Fabrication-Shop | condition=ALL_DATA | missing=[] | flags=[]
[2026-07-28 17:07:17] [INFO    ] [__main__] [CALC] zone=Fabrication-Shop | ta=20.6 | rh=71.1 | tg=22.6 | tnwb=16.9792 | wbgt=18.6655
[2026-07-28 17:07:17] [DEBUG   ] [__main__] [CALC] data_quality={'ta': 'sensor', 'rh': 'sensor', 'tg': 'sensor', 'tnwb': 'calculated', 'wbgt': 'calculated'}
[2026-07-28 17:07:17] [INFO    ] [__main__] [CLASSIFY] zone=Fabrication-Shop | wbgt=18.6655 | risk=SAFE | action=Normal work, no restrictions
[2026-07-28 17:07:17] [INFO    ] [__main__] [DB] zone=Fabrication-Shop | db_id=9 | saved OK
[2026-07-28 17:07:17] [INFO    ] [__main__] Pipeline completed OK | db_id=9
[2026-07-28 17:07:17] [INFO    ] [root] ============================================================
[2026-07-28 17:07:17] [INFO    ] [root] WBGT Monitor logging started
[2026-07-28 17:07:17] [INFO    ] [root] Log file : C:\Users\Varsh\Desktop\AGEIS\logs\wbgt_monitor_20260728.log
[2026-07-28 17:07:17] [INFO    ] [root] ============================================================
[2026-07-28 17:07:17] [INFO    ] [__main__] WBGT Monitor starting up
[2026-07-28 17:07:17] [INFO    ] [__main__] Database initialised
[2026-07-28 17:07:17] [INFO    ] [__main__] [READING] zone=Annealing-Line | timestamp=2026-07-23T00:00:00
[2026-07-28 17:07:17] [DEBUG   ] [__main__] [READING] raw={"timestamp": "2026-07-23T00:00:00", "factory": "Shree Metal Works", "zone": "Annealing-Line", "temperature_unit": "celsius", "temperature": 24.4, "humidity": 44.4, "globe_temperature": 27.2, "wet_bul
[2026-07-28 17:07:17] [DEBUG   ] [__main__] [VALIDATE] zone=Annealing-Line | condition=ALL_DATA | missing=[] | flags=[]
[2026-07-28 17:07:17] [INFO    ] [__main__] [CALC] zone=Annealing-Line | ta=24.4 | rh=44.4 | tg=27.2 | tnwb=16.2 | wbgt=19.5
[2026-07-28 17:07:17] [DEBUG   ] [__main__] [CALC] data_quality={'ta': 'sensor', 'rh': 'sensor', 'tg': 'sensor', 'tnwb': 'sensor', 'wbgt': 'calculated'}
[2026-07-28 17:07:17] [INFO    ] [__main__] [CLASSIFY] zone=Annealing-Line | wbgt=19.5 | risk=SAFE | action=Normal work, no restrictions
[2026-07-28 17:07:17] [INFO    ] [__main__] [DB] zone=Annealing-Line | db_id=10 | saved OK
[2026-07-28 17:07:17] [INFO    ] [__main__] Pipeline completed OK | db_id=10
[2026-07-28 17:07:18] [INFO    ] [root] ============================================================
[2026-07-28 17:07:18] [INFO    ] [root] WBGT Monitor logging started
[2026-07-28 17:07:18] [INFO    ] [root] Log file : C:\Users\Varsh\Desktop\AGEIS\logs\wbgt_monitor_20260728.log
[2026-07-28 17:07:18] [INFO    ] [root] ============================================================
[2026-07-28 17:07:18] [INFO    ] [__main__] WBGT Monitor starting up
[2026-07-28 17:07:18] [INFO    ] [__main__] Database initialised
[2026-07-28 17:07:18] [INFO    ] [__main__] [READING] zone=Ladle-Metallurgy | timestamp=2026-07-23T01:00:00
[2026-07-28 17:07:18] [DEBUG   ] [__main__] [READING] raw={"timestamp": "2026-07-23T01:00:00", "factory": "Ganesh Alloys", "zone": "Ladle-Metallurgy", "temperature_unit": "celsius", "temperature": 30.0, "humidity": 0, "globe_temperature": 43.1, "wet_bulb_tem
[2026-07-28 17:07:18] [DEBUG   ] [__main__] [VALIDATE] zone=Ladle-Metallurgy | condition=MISSING_RH | missing=['humidity'] | flags=[]
[2026-07-28 17:07:18] [ERROR   ] [__main__] [CALC ERROR] zone=Ladle-Metallurgy | timestamp=2026-07-23T01:00:00 | error=WEATHER_API_BASE_URL is not configured.
[2026-07-28 17:07:18] [WARNING ] [__main__] Pipeline completed with fault: Calculation error: WEATHER_API_BASE_URL is not configured.
[2026-07-28 17:07:18] [INFO    ] [root] ============================================================
[2026-07-28 17:07:18] [INFO    ] [root] WBGT Monitor logging started
[2026-07-28 17:07:18] [INFO    ] [root] Log file : C:\Users\Varsh\Desktop\AGEIS\logs\wbgt_monitor_20260728.log
[2026-07-28 17:07:18] [INFO    ] [root] ============================================================
[2026-07-28 17:07:18] [INFO    ] [__main__] WBGT Monitor starting up
[2026-07-28 17:07:18] [INFO    ] [__main__] Database initialised
[2026-07-28 17:07:18] [INFO    ] [__main__] [READING] zone=Rolling-Mill | timestamp=2026-07-23T02:00:00
[2026-07-28 17:07:18] [DEBUG   ] [__main__] [READING] raw={"timestamp": "2026-07-23T02:00:00", "factory": "Shree Metal Works", "zone": "Rolling-Mill", "temperature_unit": "celsius", "temperature": 27.3, "humidity": 57.4, "globe_temperature": 35.0, "wet_bulb_
[2026-07-28 17:07:18] [DEBUG   ] [__main__] [VALIDATE] zone=Rolling-Mill | condition=ALL_DATA | missing=[] | flags=[]
[2026-07-28 17:07:18] [INFO    ] [__main__] [CALC] zone=Rolling-Mill | ta=27.3 | rh=57.4 | tg=35.0 | tnwb=20.7 | wbgt=24.99
[2026-07-28 17:07:18] [DEBUG   ] [__main__] [CALC] data_quality={'ta': 'sensor', 'rh': 'sensor', 'tg': 'sensor', 'tnwb': 'sensor', 'wbgt': 'calculated'}
[2026-07-28 17:07:18] [INFO    ] [__main__] [CLASSIFY] zone=Rolling-Mill | wbgt=24.99 | risk=SAFE | action=Normal work, no restrictions
[2026-07-28 17:07:18] [INFO    ] [__main__] [DB] zone=Rolling-Mill | db_id=11 | saved OK
[2026-07-28 17:07:18] [INFO    ] [__main__] Pipeline completed OK | db_id=11
[2026-07-28 17:07:19] [INFO    ] [root] ============================================================
[2026-07-28 17:07:19] [INFO    ] [root] WBGT Monitor logging started
[2026-07-28 17:07:19] [INFO    ] [root] Log file : C:\Users\Varsh\Desktop\AGEIS\logs\wbgt_monitor_20260728.log
[2026-07-28 17:07:19] [INFO    ] [root] ============================================================
[2026-07-28 17:07:19] [INFO    ] [__main__] WBGT Monitor starting up
[2026-07-28 17:07:19] [INFO    ] [__main__] Database initialised
[2026-07-28 17:07:19] [INFO    ] [__main__] [READING] zone=Annealing-Line | timestamp=2026-07-23T03:00:00
[2026-07-28 17:07:19] [DEBUG   ] [__main__] [READING] raw={"timestamp": "2026-07-23T03:00:00", "factory": "Vedanta", "zone": "Annealing-Line", "temperature_unit": "celsius", "temperature": 26.8, "humidity": 51.0, "globe_temperature": 33.2, "wet_bulb_temperat
[2026-07-28 17:07:19] [DEBUG   ] [__main__] [VALIDATE] zone=Annealing-Line | condition=ALL_DATA | missing=[] | flags=[]
[2026-07-28 17:07:19] [INFO    ] [__main__] [CALC] zone=Annealing-Line | ta=26.8 | rh=51.0 | tg=33.2 | tnwb=19.6 | wbgt=23.68
[2026-07-28 17:07:19] [DEBUG   ] [__main__] [CALC] data_quality={'ta': 'sensor', 'rh': 'sensor', 'tg': 'sensor', 'tnwb': 'sensor', 'wbgt': 'calculated'}
[2026-07-28 17:07:19] [INFO    ] [__main__] [CLASSIFY] zone=Annealing-Line | wbgt=23.68 | risk=SAFE | action=Normal work, no restrictions
[2026-07-28 17:07:19] [INFO    ] [__main__] [DB] zone=Annealing-Line | db_id=12 | saved OK
[2026-07-28 17:07:19] [INFO    ] [__main__] Pipeline completed OK | db_id=12
[2026-07-28 17:07:20] [INFO    ] [root] ============================================================
[2026-07-28 17:07:20] [INFO    ] [root] WBGT Monitor logging started
[2026-07-28 17:07:20] [INFO    ] [root] Log file : C:\Users\Varsh\Desktop\AGEIS\logs\wbgt_monitor_20260728.log
[2026-07-28 17:07:20] [INFO    ] [root] ============================================================
[2026-07-28 17:07:20] [INFO    ] [__main__] WBGT Monitor starting up
[2026-07-28 17:07:20] [INFO    ] [__main__] Database initialised
[2026-07-28 17:07:20] [INFO    ] [__main__] [READING] zone=Fabrication-Shop | timestamp=2026-07-23T04:00:00
[2026-07-28 17:07:20] [DEBUG   ] [__main__] [READING] raw={"timestamp": "2026-07-23T04:00:00", "factory": "Ganesh Alloys", "zone": "Fabrication-Shop", "temperature_unit": "celsius", "temperature": 22.4, "humidity": 66.9, "globe_temperature": 16.9, "wet_bulb_
[2026-07-28 17:07:20] [DEBUG   ] [__main__] [VALIDATE] zone=Fabrication-Shop | condition=None | missing=[] | flags=[]
[2026-07-28 17:07:20] [WARNING ] [__main__] [FAULT] zone=Fabrication-Shop | timestamp=2026-07-23T04:00:00 | reason=SENSOR_FAULT: globe_temperature=16.9 is less than temperature=22.4.
[2026-07-28 17:07:20] [WARNING ] [__main__] Pipeline completed with fault: SENSOR_FAULT: globe_temperature=16.9 is less than temperature=22.4.
[2026-07-28 17:07:20] [INFO    ] [root] ============================================================
[2026-07-28 17:07:20] [INFO    ] [root] WBGT Monitor logging started
[2026-07-28 17:07:20] [INFO    ] [root] Log file : C:\Users\Varsh\Desktop\AGEIS\logs\wbgt_monitor_20260728.log
[2026-07-28 17:07:20] [INFO    ] [root] ============================================================
[2026-07-28 17:07:20] [INFO    ] [__main__] WBGT Monitor starting up
[2026-07-28 17:07:20] [INFO    ] [__main__] Database initialised
[2026-07-28 17:07:20] [INFO    ] [__main__] [READING] zone=Loading-Dock | timestamp=2026-07-23T05:00:00
[2026-07-28 17:07:20] [DEBUG   ] [__main__] [READING] raw={"timestamp": "2026-07-23T05:00:00", "factory": "JSPL", "zone": "Loading-Dock", "temperature_unit": "celsius", "temperature": 19.6, "humidity": 47.8, "globe_temperature": 21.5, "wet_bulb_temperature":
[2026-07-28 17:07:20] [DEBUG   ] [__main__] [VALIDATE] zone=Loading-Dock | condition=ALL_DATA | missing=[] | flags=[]
[2026-07-28 17:07:20] [INFO    ] [__main__] [CALC] zone=Loading-Dock | ta=19.6 | rh=47.8 | tg=21.5 | tnwb=13.2 | wbgt=15.69
[2026-07-28 17:07:20] [DEBUG   ] [__main__] [CALC] data_quality={'ta': 'sensor', 'rh': 'sensor', 'tg': 'sensor', 'tnwb': 'sensor', 'wbgt': 'calculated'}
[2026-07-28 17:07:20] [INFO    ] [__main__] [CLASSIFY] zone=Loading-Dock | wbgt=15.69 | risk=SAFE | action=Normal work, no restrictions
[2026-07-28 17:07:20] [INFO    ] [__main__] [DB] zone=Loading-Dock | db_id=13 | saved OK
[2026-07-28 17:07:20] [INFO    ] [__main__] Pipeline completed OK | db_id=13
[2026-07-28 17:07:21] [INFO    ] [root] ============================================================
[2026-07-28 17:07:21] [INFO    ] [root] WBGT Monitor logging started
[2026-07-28 17:07:21] [INFO    ] [root] Log file : C:\Users\Varsh\Desktop\AGEIS\logs\wbgt_monitor_20260728.log
[2026-07-28 17:07:21] [INFO    ] [root] ============================================================
[2026-07-28 17:07:21] [INFO    ] [__main__] WBGT Monitor starting up
[2026-07-28 17:07:21] [INFO    ] [__main__] Database initialised
[2026-07-28 17:07:21] [INFO    ] [__main__] [READING] zone=Furnace-1 | timestamp=2026-07-23T06:00:00
[2026-07-28 17:07:21] [DEBUG   ] [__main__] [READING] raw={"timestamp": "2026-07-23T06:00:00", "factory": "SAIL", "zone": "Furnace-1", "temperature_unit": "celsius", "temperature": 47.0, "humidity": 48.9, "globe_temperature": 69.2, "wet_bulb_temperature": 36
[2026-07-28 17:07:21] [DEBUG   ] [__main__] [VALIDATE] zone=Furnace-1 | condition=ALL_DATA | missing=[] | flags=[]
[2026-07-28 17:07:21] [INFO    ] [__main__] [CALC] zone=Furnace-1 | ta=47.0 | rh=48.9 | tg=69.2 | tnwb=36.3 | wbgt=46.17
[2026-07-28 17:07:21] [DEBUG   ] [__main__] [CALC] data_quality={'ta': 'sensor', 'rh': 'sensor', 'tg': 'sensor', 'tnwb': 'sensor', 'wbgt': 'calculated'}
[2026-07-28 17:07:21] [INFO    ] [__main__] [CLASSIFY] zone=Furnace-1 | wbgt=46.17 | risk=DANGER | action=Halt heavy work, mandatory rest, evacuate
[2026-07-28 17:07:21] [WARNING ] [__main__] [DANGER ALERT] zone=Furnace-1 | wbgt=46.17 | Halt heavy work, mandatory rest, evacuate
[2026-07-28 17:07:21] [INFO    ] [__main__] [DB] zone=Furnace-1 | db_id=14 | saved OK
[2026-07-28 17:07:21] [INFO    ] [__main__] Pipeline completed OK | db_id=14
[2026-07-28 17:07:21] [INFO    ] [root] ============================================================
[2026-07-28 17:07:21] [INFO    ] [root] WBGT Monitor logging started
[2026-07-28 17:07:21] [INFO    ] [root] Log file : C:\Users\Varsh\Desktop\AGEIS\logs\wbgt_monitor_20260728.log
[2026-07-28 17:07:21] [INFO    ] [root] ============================================================
[2026-07-28 17:07:21] [INFO    ] [__main__] WBGT Monitor starting up
[2026-07-28 17:07:21] [INFO    ] [__main__] Database initialised
[2026-07-28 17:07:21] [INFO    ] [__main__] [READING] zone=Warehouse | timestamp=2026-07-23T07:00:00
[2026-07-28 17:07:21] [DEBUG   ] [__main__] [READING] raw={"timestamp": "2026-07-23T07:00:00", "factory": "Shree Metal Works", "zone": "Warehouse", "temperature_unit": "celsius", "temperature": 23.0, "humidity": 70.0, "globe_temperature": 25.2, "wet_bulb_tem
[2026-07-28 17:07:21] [DEBUG   ] [__main__] [VALIDATE] zone=Warehouse | condition=ALL_DATA | missing=[] | flags=[]
[2026-07-28 17:07:21] [INFO    ] [__main__] [CALC] zone=Warehouse | ta=23.0 | rh=70.0 | tg=25.2 | tnwb=19.1 | wbgt=20.93
[2026-07-28 17:07:21] [DEBUG   ] [__main__] [CALC] data_quality={'ta': 'sensor', 'rh': 'sensor', 'tg': 'sensor', 'tnwb': 'sensor', 'wbgt': 'calculated'}
[2026-07-28 17:07:21] [INFO    ] [__main__] [CLASSIFY] zone=Warehouse | wbgt=20.93 | risk=SAFE | action=Normal work, no restrictions
[2026-07-28 17:07:21] [INFO    ] [__main__] [DB] zone=Warehouse | db_id=15 | saved OK
[2026-07-28 17:07:21] [INFO    ] [__main__] Pipeline completed OK | db_id=15
[2026-07-28 17:07:22] [INFO    ] [root] ============================================================
[2026-07-28 17:07:22] [INFO    ] [root] WBGT Monitor logging started
[2026-07-28 17:07:22] [INFO    ] [root] Log file : C:\Users\Varsh\Desktop\AGEIS\logs\wbgt_monitor_20260728.log
[2026-07-28 17:07:22] [INFO    ] [root] ============================================================
[2026-07-28 17:07:22] [INFO    ] [__main__] WBGT Monitor starting up
[2026-07-28 17:07:22] [INFO    ] [__main__] Database initialised
[2026-07-28 17:07:22] [INFO    ] [__main__] [READING] zone=Furnace-2 | timestamp=2026-07-23T08:00:00
[2026-07-28 17:07:22] [DEBUG   ] [__main__] [READING] raw={"timestamp": "2026-07-23T08:00:00", "factory": "Tata Steel", "zone": "Furnace-2", "temperature_unit": "celsius", "temperature": 33.1, "humidity": 122.8, "globe_temperature": 49.2, "wet_bulb_temperatu
[2026-07-28 17:07:22] [DEBUG   ] [__main__] [VALIDATE] zone=Furnace-2 | condition=None | missing=[] | flags=[]
[2026-07-28 17:07:22] [WARNING ] [__main__] [FAULT] zone=Furnace-2 | timestamp=2026-07-23T08:00:00 | reason=SENSOR_FAULT: humidity=122.8 is out of valid range 0–100 %.
[2026-07-28 17:07:22] [WARNING ] [__main__] Pipeline completed with fault: SENSOR_FAULT: humidity=122.8 is out of valid range 0–100 %.
[2026-07-28 17:07:22] [INFO    ] [root] ============================================================
[2026-07-28 17:07:22] [INFO    ] [root] WBGT Monitor logging started
[2026-07-28 17:07:22] [INFO    ] [root] Log file : C:\Users\Varsh\Desktop\AGEIS\logs\wbgt_monitor_20260728.log
[2026-07-28 17:07:22] [INFO    ] [root] ============================================================
[2026-07-28 17:07:22] [INFO    ] [__main__] WBGT Monitor starting up
[2026-07-28 17:07:22] [INFO    ] [__main__] Database initialised
[2026-07-28 17:07:22] [INFO    ] [__main__] [READING] zone=Continuous-Casting | timestamp=2026-07-23T09:00:00
[2026-07-28 17:07:22] [DEBUG   ] [__main__] [READING] raw={"timestamp": "2026-07-23T09:00:00", "factory": "Ganesh Alloys", "zone": "Continuous-Casting", "temperature_unit": "celsius", "temperature": 33.8, "humidity": 60.0, "globe_temperature": 49.3, "wet_bul
[2026-07-28 17:07:22] [DEBUG   ] [__main__] [VALIDATE] zone=Continuous-Casting | condition=ALL_DATA | missing=[] | flags=[]
[2026-07-28 17:07:22] [INFO    ] [__main__] [CALC] zone=Continuous-Casting | ta=33.8 | rh=60.0 | tg=49.3 | tnwb=27.8 | wbgt=34.25
[2026-07-28 17:07:22] [DEBUG   ] [__main__] [CALC] data_quality={'ta': 'sensor', 'rh': 'sensor', 'tg': 'sensor', 'tnwb': 'sensor', 'wbgt': 'calculated'}
[2026-07-28 17:07:22] [INFO    ] [__main__] [CLASSIFY] zone=Continuous-Casting | wbgt=34.25 | risk=DANGER | action=Halt heavy work, mandatory rest, evacuate
[2026-07-28 17:07:22] [WARNING ] [__main__] [DANGER ALERT] zone=Continuous-Casting | wbgt=34.25 | Halt heavy work, mandatory rest, evacuate
[2026-07-28 17:07:22] [INFO    ] [__main__] [DB] zone=Continuous-Casting | db_id=16 | saved OK
[2026-07-28 17:07:22] [INFO    ] [__main__] Pipeline completed OK | db_id=16
[2026-07-28 17:07:23] [INFO    ] [root] ============================================================
[2026-07-28 17:07:23] [INFO    ] [root] WBGT Monitor logging started
[2026-07-28 17:07:23] [INFO    ] [root] Log file : C:\Users\Varsh\Desktop\AGEIS\logs\wbgt_monitor_20260728.log
[2026-07-28 17:07:23] [INFO    ] [root] ============================================================
[2026-07-28 17:07:23] [INFO    ] [__main__] WBGT Monitor starting up
[2026-07-28 17:07:23] [INFO    ] [__main__] Database initialised
[2026-07-28 17:07:23] [INFO    ] [__main__] [READING] zone=Rolling-Mill | timestamp=2026-07-23T10:00:00
[2026-07-28 17:07:23] [DEBUG   ] [__main__] [READING] raw={"timestamp": "2026-07-23T10:00:00", "factory": "Shree Metal Works", "zone": "Rolling-Mill", "temperature_unit": "celsius", "temperature": 36.4, "humidity": 57.3, "globe_temperature": 34.2, "wet_bulb_
[2026-07-28 17:07:23] [DEBUG   ] [__main__] [VALIDATE] zone=Rolling-Mill | condition=None | missing=[] | flags=[]
[2026-07-28 17:07:23] [WARNING ] [__main__] [FAULT] zone=Rolling-Mill | timestamp=2026-07-23T10:00:00 | reason=SENSOR_FAULT: globe_temperature=34.2 is less than temperature=36.4.
[2026-07-28 17:07:23] [WARNING ] [__main__] Pipeline completed with fault: SENSOR_FAULT: globe_temperature=34.2 is less than temperature=36.4.
[2026-07-28 17:07:23] [INFO    ] [root] ============================================================
[2026-07-28 17:07:23] [INFO    ] [root] WBGT Monitor logging started
[2026-07-28 17:07:23] [INFO    ] [root] Log file : C:\Users\Varsh\Desktop\AGEIS\logs\wbgt_monitor_20260728.log
[2026-07-28 17:07:23] [INFO    ] [root] ============================================================
[2026-07-28 17:07:23] [INFO    ] [__main__] WBGT Monitor starting up
[2026-07-28 17:07:24] [INFO    ] [__main__] Database initialised
[2026-07-28 17:07:24] [INFO    ] [__main__] [READING] zone=Ladle-Metallurgy | timestamp=2026-07-23T11:00:00
[2026-07-28 17:07:24] [DEBUG   ] [__main__] [READING] raw={"timestamp": "2026-07-23T11:00:00", "factory": "SAIL", "zone": "Ladle-Metallurgy", "temperature_unit": "celsius", "temperature": 37.1, "humidity": 43.1, "globe_temperature": 49.6, "wet_bulb_temperatu
[2026-07-28 17:07:24] [DEBUG   ] [__main__] [VALIDATE] zone=Ladle-Metallurgy | condition=ALL_DATA | missing=[] | flags=[]
[2026-07-28 17:07:24] [INFO    ] [__main__] [CALC] zone=Ladle-Metallurgy | ta=37.1 | rh=43.1 | tg=49.6 | tnwb=26.7 | wbgt=33.57
[2026-07-28 17:07:24] [DEBUG   ] [__main__] [CALC] data_quality={'ta': 'sensor', 'rh': 'sensor', 'tg': 'sensor', 'tnwb': 'sensor', 'wbgt': 'calculated'}
[2026-07-28 17:07:24] [INFO    ] [__main__] [CLASSIFY] zone=Ladle-Metallurgy | wbgt=33.57 | risk=DANGER | action=Halt heavy work, mandatory rest, evacuate
[2026-07-28 17:07:24] [WARNING ] [__main__] [DANGER ALERT] zone=Ladle-Metallurgy | wbgt=33.57 | Halt heavy work, mandatory rest, evacuate
[2026-07-28 17:07:24] [INFO    ] [__main__] [DB] zone=Ladle-Metallurgy | db_id=17 | saved OK
[2026-07-28 17:07:24] [INFO    ] [__main__] Pipeline completed OK | db_id=17
[2026-07-28 17:07:24] [INFO    ] [root] ============================================================
[2026-07-28 17:07:24] [INFO    ] [root] WBGT Monitor logging started
[2026-07-28 17:07:24] [INFO    ] [root] Log file : C:\Users\Varsh\Desktop\AGEIS\logs\wbgt_monitor_20260728.log
[2026-07-28 17:07:24] [INFO    ] [root] ============================================================
[2026-07-28 17:07:24] [INFO    ] [__main__] WBGT Monitor starting up
[2026-07-28 17:07:24] [INFO    ] [__main__] Database initialised
[2026-07-28 17:07:24] [INFO    ] [__main__] [READING] zone=EAF-Bay | timestamp=2026-07-23T12:00:00
[2026-07-28 17:07:24] [DEBUG   ] [__main__] [READING] raw={"timestamp": "2026-07-23T12:00:00", "factory": "JSPL", "zone": "EAF-Bay", "temperature_unit": "celsius", "temperature": 41.3, "humidity": 28.4, "globe_temperature": 0, "wet_bulb_temperature": 26.5}
[2026-07-28 17:07:24] [DEBUG   ] [__main__] [VALIDATE] zone=EAF-Bay | condition=MISSING_TG | missing=['globe_temperature'] | flags=[]
[2026-07-28 17:07:24] [INFO    ] [__main__] [CALC] zone=EAF-Bay | ta=41.3 | rh=28.4 | tg=46.3 | tnwb=26.5 | wbgt=32.44
[2026-07-28 17:07:24] [DEBUG   ] [__main__] [CALC] data_quality={'ta': 'sensor', 'rh': 'sensor', 'tg': 'estimated', 'tnwb': 'sensor', 'wbgt': 'calculated'}
[2026-07-28 17:07:24] [INFO    ] [__main__] [CLASSIFY] zone=EAF-Bay | wbgt=32.44 | risk=DANGER | action=Halt heavy work, mandatory rest, evacuate
[2026-07-28 17:07:24] [WARNING ] [__main__] [DANGER ALERT] zone=EAF-Bay | wbgt=32.44 | Halt heavy work, mandatory rest, evacuate
[2026-07-28 17:07:24] [INFO    ] [__main__] [DB] zone=EAF-Bay | db_id=18 | saved OK
[2026-07-28 17:07:24] [INFO    ] [__main__] Pipeline completed OK | db_id=18
[2026-07-28 17:07:25] [INFO    ] [root] ============================================================
[2026-07-28 17:07:25] [INFO    ] [root] WBGT Monitor logging started
[2026-07-28 17:07:25] [INFO    ] [root] Log file : C:\Users\Varsh\Desktop\AGEIS\logs\wbgt_monitor_20260728.log
[2026-07-28 17:07:25] [INFO    ] [root] ============================================================
[2026-07-28 17:07:25] [INFO    ] [__main__] WBGT Monitor starting up
[2026-07-28 17:07:25] [INFO    ] [__main__] Database initialised
[2026-07-28 17:07:25] [INFO    ] [__main__] [READING] zone=Furnace-2 | timestamp=2026-07-23T13:00:00
[2026-07-28 17:07:25] [DEBUG   ] [__main__] [READING] raw={"timestamp": "2026-07-23T13:00:00", "factory": "Vedanta", "zone": "Furnace-2", "temperature_unit": "celsius", "temperature": 38.0, "humidity": 43.1, "globe_temperature": 56.3, "wet_bulb_temperature":
[2026-07-28 17:07:25] [DEBUG   ] [__main__] [VALIDATE] zone=Furnace-2 | condition=ALL_DATA | missing=[] | flags=[]
[2026-07-28 17:07:25] [INFO    ] [__main__] [CALC] zone=Furnace-2 | ta=38.0 | rh=43.1 | tg=56.3 | tnwb=27.9 | wbgt=36.42
[2026-07-28 17:07:25] [DEBUG   ] [__main__] [CALC] data_quality={'ta': 'sensor', 'rh': 'sensor', 'tg': 'sensor', 'tnwb': 'sensor', 'wbgt': 'calculated'}
[2026-07-28 17:07:25] [INFO    ] [__main__] [CLASSIFY] zone=Furnace-2 | wbgt=36.42 | risk=DANGER | action=Halt heavy work, mandatory rest, evacuate
[2026-07-28 17:07:25] [WARNING ] [__main__] [DANGER ALERT] zone=Furnace-2 | wbgt=36.42 | Halt heavy work, mandatory rest, evacuate
[2026-07-28 17:07:25] [INFO    ] [__main__] [DB] zone=Furnace-2 | db_id=19 | saved OK
[2026-07-28 17:07:25] [INFO    ] [__main__] Pipeline completed OK | db_id=19
[2026-07-28 17:07:25] [INFO    ] [root] ============================================================
[2026-07-28 17:07:25] [INFO    ] [root] WBGT Monitor logging started
[2026-07-28 17:07:25] [INFO    ] [root] Log file : C:\Users\Varsh\Desktop\AGEIS\logs\wbgt_monitor_20260728.log
[2026-07-28 17:07:25] [INFO    ] [root] ============================================================
[2026-07-28 17:07:25] [INFO    ] [__main__] WBGT Monitor starting up
[2026-07-28 17:07:25] [INFO    ] [__main__] Database initialised
[2026-07-28 17:07:25] [INFO    ] [__main__] [READING] zone=EAF-Bay | timestamp=2026-07-23T14:00:00
[2026-07-28 17:07:25] [DEBUG   ] [__main__] [READING] raw={"timestamp": "2026-07-23T14:00:00", "factory": "SAIL", "zone": "EAF-Bay", "temperature_unit": "celsius", "temperature": 40.4, "humidity": 35.2, "globe_temperature": 60.3, "wet_bulb_temperature": 27.5
[2026-07-28 17:07:25] [DEBUG   ] [__main__] [VALIDATE] zone=EAF-Bay | condition=ALL_DATA | missing=[] | flags=[]
[2026-07-28 17:07:25] [INFO    ] [__main__] [CALC] zone=EAF-Bay | ta=40.4 | rh=35.2 | tg=60.3 | tnwb=27.5 | wbgt=37.34
[2026-07-28 17:07:25] [DEBUG   ] [__main__] [CALC] data_quality={'ta': 'sensor', 'rh': 'sensor', 'tg': 'sensor', 'tnwb': 'sensor', 'wbgt': 'calculated'}
[2026-07-28 17:07:25] [INFO    ] [__main__] [CLASSIFY] zone=EAF-Bay | wbgt=37.34 | risk=DANGER | action=Halt heavy work, mandatory rest, evacuate
[2026-07-28 17:07:25] [WARNING ] [__main__] [DANGER ALERT] zone=EAF-Bay | wbgt=37.34 | Halt heavy work, mandatory rest, evacuate
[2026-07-28 17:07:25] [INFO    ] [__main__] [DB] zone=EAF-Bay | db_id=20 | saved OK
[2026-07-28 17:07:25] [INFO    ] [__main__] Pipeline completed OK | db_id=20
[2026-07-28 17:07:26] [INFO    ] [root] ============================================================
[2026-07-28 17:07:26] [INFO    ] [root] WBGT Monitor logging started
[2026-07-28 17:07:26] [INFO    ] [root] Log file : C:\Users\Varsh\Desktop\AGEIS\logs\wbgt_monitor_20260728.log
[2026-07-28 17:07:26] [INFO    ] [root] ============================================================
[2026-07-28 17:07:26] [INFO    ] [__main__] WBGT Monitor starting up
[2026-07-28 17:07:26] [INFO    ] [__main__] Database initialised
[2026-07-28 17:07:26] [INFO    ] [__main__] [READING] zone=Fabrication-Shop | timestamp=2026-07-23T15:00:00
[2026-07-28 17:07:26] [DEBUG   ] [__main__] [READING] raw={"timestamp": "2026-07-23T15:00:00", "factory": "SAIL", "zone": "Fabrication-Shop", "temperature_unit": "celsius", "temperature": 31.9, "humidity": 59.2, "globe_temperature": 33.8, "wet_bulb_temperatu
[2026-07-28 17:07:26] [DEBUG   ] [__main__] [VALIDATE] zone=Fabrication-Shop | condition=ALL_DATA | missing=[] | flags=[]
[2026-07-28 17:07:26] [INFO    ] [__main__] [CALC] zone=Fabrication-Shop | ta=31.9 | rh=59.2 | tg=33.8 | tnwb=25.7 | wbgt=28.13
[2026-07-28 17:07:26] [DEBUG   ] [__main__] [CALC] data_quality={'ta': 'sensor', 'rh': 'sensor', 'tg': 'sensor', 'tnwb': 'sensor', 'wbgt': 'calculated'}
[2026-07-28 17:07:26] [INFO    ] [__main__] [CLASSIFY] zone=Fabrication-Shop | wbgt=28.13 | risk=CAUTION | action=Increase water breaks
[2026-07-28 17:07:26] [INFO    ] [__main__] [DB] zone=Fabrication-Shop | db_id=21 | saved OK
[2026-07-28 17:07:26] [INFO    ] [__main__] Pipeline completed OK | db_id=21
[2026-07-28 17:07:27] [INFO    ] [root] ============================================================
[2026-07-28 17:07:27] [INFO    ] [root] WBGT Monitor logging started
[2026-07-28 17:07:27] [INFO    ] [root] Log file : C:\Users\Varsh\Desktop\AGEIS\logs\wbgt_monitor_20260728.log
[2026-07-28 17:07:27] [INFO    ] [root] ============================================================
[2026-07-28 17:07:27] [INFO    ] [__main__] WBGT Monitor starting up
[2026-07-28 17:07:27] [INFO    ] [__main__] Database initialised
[2026-07-28 17:07:27] [INFO    ] [__main__] [READING] zone=Loading-Dock | timestamp=2026-07-23T16:00:00
[2026-07-28 17:07:27] [DEBUG   ] [__main__] [READING] raw={"timestamp": "2026-07-23T16:00:00", "factory": "Ganesh Alloys", "zone": "Loading-Dock", "temperature_unit": "celsius", "temperature": 25.5, "humidity": 57.6, "globe_temperature": 27.3, "wet_bulb_temp
[2026-07-28 17:07:27] [DEBUG   ] [__main__] [VALIDATE] zone=Loading-Dock | condition=ALL_DATA | missing=[] | flags=[]
[2026-07-28 17:07:27] [INFO    ] [__main__] [CALC] zone=Loading-Dock | ta=25.5 | rh=57.6 | tg=27.3 | tnwb=19.3 | wbgt=21.7
[2026-07-28 17:07:27] [DEBUG   ] [__main__] [CALC] data_quality={'ta': 'sensor', 'rh': 'sensor', 'tg': 'sensor', 'tnwb': 'sensor', 'wbgt': 'calculated'}
[2026-07-28 17:07:27] [INFO    ] [__main__] [CLASSIFY] zone=Loading-Dock | wbgt=21.7 | risk=SAFE | action=Normal work, no restrictions
[2026-07-28 17:07:27] [INFO    ] [__main__] [DB] zone=Loading-Dock | db_id=22 | saved OK
[2026-07-28 17:07:27] [INFO    ] [__main__] Pipeline completed OK | db_id=22
[2026-07-28 17:07:27] [INFO    ] [root] ============================================================
[2026-07-28 17:07:27] [INFO    ] [root] WBGT Monitor logging started
[2026-07-28 17:07:27] [INFO    ] [root] Log file : C:\Users\Varsh\Desktop\AGEIS\logs\wbgt_monitor_20260728.log
[2026-07-28 17:07:27] [INFO    ] [root] ============================================================
[2026-07-28 17:07:27] [INFO    ] [__main__] WBGT Monitor starting up
[2026-07-28 17:07:27] [INFO    ] [__main__] Database initialised
[2026-07-28 17:07:27] [INFO    ] [__main__] [READING] zone=Rolling-Mill | timestamp=2026-07-23T17:00:00
[2026-07-28 17:07:27] [DEBUG   ] [__main__] [READING] raw={"timestamp": "2026-07-23T17:00:00", "factory": "Ganesh Alloys", "zone": "Rolling-Mill", "temperature_unit": "celsius", "temperature": 35.9, "humidity": 56.0, "globe_temperature": 43.2, "wet_bulb_temp
[2026-07-28 17:07:27] [DEBUG   ] [__main__] [VALIDATE] zone=Rolling-Mill | condition=ALL_DATA | missing=[] | flags=[]
[2026-07-28 17:07:27] [INFO    ] [__main__] [CALC] zone=Rolling-Mill | ta=35.9 | rh=56.0 | tg=43.2 | tnwb=41.1 | wbgt=41.73
[2026-07-28 17:07:27] [DEBUG   ] [__main__] [CALC] data_quality={'ta': 'sensor', 'rh': 'sensor', 'tg': 'sensor', 'tnwb': 'sensor', 'wbgt': 'calculated'}
[2026-07-28 17:07:27] [INFO    ] [__main__] [CLASSIFY] zone=Rolling-Mill | wbgt=41.73 | risk=DANGER | action=Halt heavy work, mandatory rest, evacuate
[2026-07-28 17:07:27] [WARNING ] [__main__] [DANGER ALERT] zone=Rolling-Mill | wbgt=41.73 | Halt heavy work, mandatory rest, evacuate
[2026-07-28 17:07:27] [INFO    ] [__main__] [DB] zone=Rolling-Mill | db_id=23 | saved OK
[2026-07-28 17:07:27] [INFO    ] [__main__] Pipeline completed OK | db_id=23
[2026-07-28 17:07:28] [INFO    ] [root] ============================================================
[2026-07-28 17:07:28] [INFO    ] [root] WBGT Monitor logging started
[2026-07-28 17:07:28] [INFO    ] [root] Log file : C:\Users\Varsh\Desktop\AGEIS\logs\wbgt_monitor_20260728.log
[2026-07-28 17:07:28] [INFO    ] [root] ============================================================
[2026-07-28 17:07:28] [INFO    ] [__main__] WBGT Monitor starting up
[2026-07-28 17:07:28] [INFO    ] [__main__] Database initialised
[2026-07-28 17:07:28] [INFO    ] [__main__] [READING] zone=Continuous-Casting | timestamp=2026-07-23T18:00:00
[2026-07-28 17:07:28] [DEBUG   ] [__main__] [READING] raw={"timestamp": "2026-07-23T18:00:00", "factory": "Tata Steel", "zone": "Continuous-Casting", "temperature_unit": "celsius", "temperature": 31.9, "humidity": 52.8, "globe_temperature": 0, "wet_bulb_temp
[2026-07-28 17:07:28] [DEBUG   ] [__main__] [VALIDATE] zone=Continuous-Casting | condition=MISSING_TG | missing=['globe_temperature'] | flags=[]
[2026-07-28 17:07:28] [INFO    ] [__main__] [CALC] zone=Continuous-Casting | ta=31.9 | rh=52.8 | tg=36.9 | tnwb=24.1 | wbgt=27.94
[2026-07-28 17:07:28] [DEBUG   ] [__main__] [CALC] data_quality={'ta': 'sensor', 'rh': 'sensor', 'tg': 'estimated', 'tnwb': 'sensor', 'wbgt': 'calculated'}
[2026-07-28 17:07:28] [INFO    ] [__main__] [CLASSIFY] zone=Continuous-Casting | wbgt=27.94 | risk=CAUTION | action=Increase water breaks
[2026-07-28 17:07:28] [INFO    ] [__main__] [DB] zone=Continuous-Casting | db_id=24 | saved OK
[2026-07-28 17:07:28] [INFO    ] [__main__] Pipeline completed OK | db_id=24
[2026-07-28 17:07:28] [INFO    ] [root] ============================================================
[2026-07-28 17:07:28] [INFO    ] [root] WBGT Monitor logging started
[2026-07-28 17:07:28] [INFO    ] [root] Log file : C:\Users\Varsh\Desktop\AGEIS\logs\wbgt_monitor_20260728.log
[2026-07-28 17:07:28] [INFO    ] [root] ============================================================
[2026-07-28 17:07:28] [INFO    ] [__main__] WBGT Monitor starting up
[2026-07-28 17:07:28] [INFO    ] [__main__] Database initialised
[2026-07-28 17:07:28] [INFO    ] [__main__] [READING] zone=Warehouse | timestamp=2026-07-23T19:00:00
[2026-07-28 17:07:28] [DEBUG   ] [__main__] [READING] raw={"timestamp": "2026-07-23T19:00:00", "factory": "SAIL", "zone": "Warehouse", "temperature_unit": "celsius", "temperature": 39.0, "humidity": 61.4, "globe_temperature": 46.0, "wet_bulb_temperature": 32
[2026-07-28 17:07:28] [DEBUG   ] [__main__] [VALIDATE] zone=Warehouse | condition=ALL_DATA | missing=[] | flags=[]
[2026-07-28 17:07:28] [INFO    ] [__main__] [CALC] zone=Warehouse | ta=39.0 | rh=61.4 | tg=46.0 | tnwb=32.3 | wbgt=36.41
[2026-07-28 17:07:28] [DEBUG   ] [__main__] [CALC] data_quality={'ta': 'sensor', 'rh': 'sensor', 'tg': 'sensor', 'tnwb': 'sensor', 'wbgt': 'calculated'}
[2026-07-28 17:07:28] [INFO    ] [__main__] [CLASSIFY] zone=Warehouse | wbgt=36.41 | risk=DANGER | action=Halt heavy work, mandatory rest, evacuate
[2026-07-28 17:07:28] [WARNING ] [__main__] [DANGER ALERT] zone=Warehouse | wbgt=36.41 | Halt heavy work, mandatory rest, evacuate
[2026-07-28 17:07:28] [INFO    ] [__main__] [DB] zone=Warehouse | db_id=25 | saved OK
[2026-07-28 17:07:28] [INFO    ] [__main__] Pipeline completed OK | db_id=25
[2026-07-28 17:07:29] [INFO    ] [root] ============================================================
[2026-07-28 17:07:29] [INFO    ] [root] WBGT Monitor logging started
[2026-07-28 17:07:29] [INFO    ] [root] Log file : C:\Users\Varsh\Desktop\AGEIS\logs\wbgt_monitor_20260728.log
[2026-07-28 17:07:29] [INFO    ] [root] ============================================================
[2026-07-28 17:07:29] [INFO    ] [__main__] WBGT Monitor starting up
[2026-07-28 17:07:29] [INFO    ] [__main__] Database initialised
[2026-07-28 17:07:29] [INFO    ] [__main__] [READING] zone=Furnace-1 | timestamp=2026-07-23T20:00:00
[2026-07-28 17:07:29] [DEBUG   ] [__main__] [READING] raw={"timestamp": "2026-07-23T20:00:00", "factory": "Tata Steel", "zone": "Furnace-1", "temperature_unit": "celsius", "temperature": 40.6, "humidity": 41.8, "globe_temperature": 58.0, "wet_bulb_temperatur
[2026-07-28 17:07:29] [DEBUG   ] [__main__] [VALIDATE] zone=Furnace-1 | condition=ALL_DATA | missing=[] | flags=[]
[2026-07-28 17:07:29] [INFO    ] [__main__] [CALC] zone=Furnace-1 | ta=40.6 | rh=41.8 | tg=58.0 | tnwb=29.8 | wbgt=38.26
[2026-07-28 17:07:29] [DEBUG   ] [__main__] [CALC] data_quality={'ta': 'sensor', 'rh': 'sensor', 'tg': 'sensor', 'tnwb': 'sensor', 'wbgt': 'calculated'}
[2026-07-28 17:07:29] [INFO    ] [__main__] [CLASSIFY] zone=Furnace-1 | wbgt=38.26 | risk=DANGER | action=Halt heavy work, mandatory rest, evacuate
[2026-07-28 17:07:29] [WARNING ] [__main__] [DANGER ALERT] zone=Furnace-1 | wbgt=38.26 | Halt heavy work, mandatory rest, evacuate
[2026-07-28 17:07:29] [INFO    ] [__main__] [DB] zone=Furnace-1 | db_id=26 | saved OK
[2026-07-28 17:07:29] [INFO    ] [__main__] Pipeline completed OK | db_id=26
[2026-07-28 17:07:30] [INFO    ] [root] ============================================================
[2026-07-28 17:07:30] [INFO    ] [root] WBGT Monitor logging started
[2026-07-28 17:07:30] [INFO    ] [root] Log file : C:\Users\Varsh\Desktop\AGEIS\logs\wbgt_monitor_20260728.log
[2026-07-28 17:07:30] [INFO    ] [root] ============================================================
[2026-07-28 17:07:30] [INFO    ] [__main__] WBGT Monitor starting up
[2026-07-28 17:07:30] [INFO    ] [__main__] Database initialised
[2026-07-28 17:07:30] [INFO    ] [__main__] [READING] zone=Annealing-Line | timestamp=2026-07-23T21:00:00
[2026-07-28 17:07:30] [DEBUG   ] [__main__] [READING] raw={"timestamp": "2026-07-23T21:00:00", "factory": "Ganesh Alloys", "zone": "Annealing-Line", "temperature_unit": "celsius", "temperature": 29.2, "humidity": 56.5, "globe_temperature": 34.3, "wet_bulb_te
[2026-07-28 17:07:30] [DEBUG   ] [__main__] [VALIDATE] zone=Annealing-Line | condition=ALL_DATA | missing=[] | flags=[]
[2026-07-28 17:07:30] [INFO    ] [__main__] [CALC] zone=Annealing-Line | ta=29.2 | rh=56.5 | tg=34.3 | tnwb=22.4 | wbgt=25.97
[2026-07-28 17:07:30] [DEBUG   ] [__main__] [CALC] data_quality={'ta': 'sensor', 'rh': 'sensor', 'tg': 'sensor', 'tnwb': 'sensor', 'wbgt': 'calculated'}
[2026-07-28 17:07:30] [INFO    ] [__main__] [CLASSIFY] zone=Annealing-Line | wbgt=25.97 | risk=SAFE | action=Normal work, no restrictions
[2026-07-28 17:07:30] [INFO    ] [__main__] [DB] zone=Annealing-Line | db_id=27 | saved OK
[2026-07-28 17:07:30] [INFO    ] [__main__] Pipeline completed OK | db_id=27
[2026-07-28 17:07:30] [INFO    ] [root] ============================================================
[2026-07-28 17:07:30] [INFO    ] [root] WBGT Monitor logging started
[2026-07-28 17:07:30] [INFO    ] [root] Log file : C:\Users\Varsh\Desktop\AGEIS\logs\wbgt_monitor_20260728.log
[2026-07-28 17:07:30] [INFO    ] [root] ============================================================
[2026-07-28 17:07:30] [INFO    ] [__main__] WBGT Monitor starting up
[2026-07-28 17:07:30] [INFO    ] [__main__] Database initialised
[2026-07-28 17:07:30] [INFO    ] [__main__] [READING] zone=Ladle-Metallurgy | timestamp=2026-07-23T22:00:00
[2026-07-28 17:07:30] [DEBUG   ] [__main__] [READING] raw={"timestamp": "2026-07-23T22:00:00", "factory": "Tata Steel", "zone": "Ladle-Metallurgy", "temperature_unit": "celsius", "temperature": 31.0, "humidity": 37.7, "globe_temperature": 47.6, "wet_bulb_tem
[2026-07-28 17:07:30] [DEBUG   ] [__main__] [VALIDATE] zone=Ladle-Metallurgy | condition=ALL_DATA | missing=[] | flags=[]
[2026-07-28 17:07:30] [INFO    ] [__main__] [CALC] zone=Ladle-Metallurgy | ta=31.0 | rh=37.7 | tg=47.6 | tnwb=20.4 | wbgt=28.56
[2026-07-28 17:07:30] [DEBUG   ] [__main__] [CALC] data_quality={'ta': 'sensor', 'rh': 'sensor', 'tg': 'sensor', 'tnwb': 'sensor', 'wbgt': 'calculated'}
[2026-07-28 17:07:30] [INFO    ] [__main__] [CLASSIFY] zone=Ladle-Metallurgy | wbgt=28.56 | risk=CAUTION | action=Increase water breaks
[2026-07-28 17:07:30] [INFO    ] [__main__] [DB] zone=Ladle-Metallurgy | db_id=28 | saved OK
[2026-07-28 17:07:30] [INFO    ] [__main__] Pipeline completed OK | db_id=28
[2026-07-28 17:07:31] [INFO    ] [root] ============================================================
[2026-07-28 17:07:31] [INFO    ] [root] WBGT Monitor logging started
[2026-07-28 17:07:31] [INFO    ] [root] Log file : C:\Users\Varsh\Desktop\AGEIS\logs\wbgt_monitor_20260728.log
[2026-07-28 17:07:31] [INFO    ] [root] ============================================================
[2026-07-28 17:07:31] [INFO    ] [__main__] WBGT Monitor starting up
[2026-07-28 17:07:31] [INFO    ] [__main__] Database initialised
[2026-07-28 17:07:31] [INFO    ] [__main__] [READING] zone=Continuous-Casting | timestamp=2026-07-23T23:00:00
[2026-07-28 17:07:31] [DEBUG   ] [__main__] [READING] raw={"timestamp": "2026-07-23T23:00:00", "factory": "Vedanta", "zone": "Continuous-Casting", "temperature_unit": "celsius", "temperature": 28.7, "humidity": 47.6, "globe_temperature": 0, "wet_bulb_tempera
[2026-07-28 17:07:31] [DEBUG   ] [__main__] [VALIDATE] zone=Continuous-Casting | condition=MISSING_TG | missing=['globe_temperature'] | flags=[]
[2026-07-28 17:07:31] [INFO    ] [__main__] [CALC] zone=Continuous-Casting | ta=28.7 | rh=47.6 | tg=33.7 | tnwb=21.2 | wbgt=24.95
[2026-07-28 17:07:31] [DEBUG   ] [__main__] [CALC] data_quality={'ta': 'sensor', 'rh': 'sensor', 'tg': 'estimated', 'tnwb': 'sensor', 'wbgt': 'calculated'}
[2026-07-28 17:07:31] [INFO    ] [__main__] [CLASSIFY] zone=Continuous-Casting | wbgt=24.95 | risk=SAFE | action=Normal work, no restrictions
[2026-07-28 17:07:31] [INFO    ] [__main__] [DB] zone=Continuous-Casting | db_id=29 | saved OK
[2026-07-28 17:07:31] [INFO    ] [__main__] Pipeline completed OK | db_id=29
[2026-07-28 17:07:31] [INFO    ] [root] ============================================================
[2026-07-28 17:07:31] [INFO    ] [root] WBGT Monitor logging started
[2026-07-28 17:07:31] [INFO    ] [root] Log file : C:\Users\Varsh\Desktop\AGEIS\logs\wbgt_monitor_20260728.log
[2026-07-28 17:07:31] [INFO    ] [root] ============================================================
[2026-07-28 17:07:31] [INFO    ] [__main__] WBGT Monitor starting up
[2026-07-28 17:07:31] [INFO    ] [__main__] Database initialised
[2026-07-28 17:07:31] [INFO    ] [__main__] [READING] zone=Ladle-Metallurgy | timestamp=2026-07-24T00:00:00
[2026-07-28 17:07:31] [DEBUG   ] [__main__] [READING] raw={"timestamp": "2026-07-24T00:00:00", "factory": "JSW Steel", "zone": "Ladle-Metallurgy", "temperature_unit": "celsius", "temperature": 33.4, "humidity": 0, "globe_temperature": 0, "wet_bulb_temperatur
[2026-07-28 17:07:31] [DEBUG   ] [__main__] [VALIDATE] zone=Ladle-Metallurgy | condition=MISSING_RH | missing=['humidity', 'globe_temperature'] | flags=[]
[2026-07-28 17:07:31] [ERROR   ] [__main__] [CALC ERROR] zone=Ladle-Metallurgy | timestamp=2026-07-24T00:00:00 | error=WEATHER_API_BASE_URL is not configured.
[2026-07-28 17:07:31] [WARNING ] [__main__] Pipeline completed with fault: Calculation error: WEATHER_API_BASE_URL is not configured.
[2026-07-28 17:07:32] [INFO    ] [root] ============================================================
[2026-07-28 17:07:32] [INFO    ] [root] WBGT Monitor logging started
[2026-07-28 17:07:32] [INFO    ] [root] Log file : C:\Users\Varsh\Desktop\AGEIS\logs\wbgt_monitor_20260728.log
[2026-07-28 17:07:32] [INFO    ] [root] ============================================================
[2026-07-28 17:07:32] [INFO    ] [__main__] WBGT Monitor starting up
[2026-07-28 17:07:32] [INFO    ] [__main__] Database initialised
[2026-07-28 17:07:32] [INFO    ] [__main__] [READING] zone=Fabrication-Shop | timestamp=2026-07-24T01:00:00
[2026-07-28 17:07:32] [DEBUG   ] [__main__] [READING] raw={"timestamp": "2026-07-24T01:00:00", "factory": "JSPL", "zone": "Fabrication-Shop", "temperature_unit": "celsius", "temperature": 20.9, "humidity": 0, "globe_temperature": 22.2, "wet_bulb_temperature"
[2026-07-28 17:07:32] [DEBUG   ] [__main__] [VALIDATE] zone=Fabrication-Shop | condition=MISSING_RH | missing=['humidity'] | flags=[]
[2026-07-28 17:07:32] [ERROR   ] [__main__] [CALC ERROR] zone=Fabrication-Shop | timestamp=2026-07-24T01:00:00 | error=WEATHER_API_BASE_URL is not configured.
[2026-07-28 17:07:32] [WARNING ] [__main__] Pipeline completed with fault: Calculation error: WEATHER_API_BASE_URL is not configured.
[2026-07-28 17:07:33] [INFO    ] [root] ============================================================
[2026-07-28 17:07:33] [INFO    ] [root] WBGT Monitor logging started
[2026-07-28 17:07:33] [INFO    ] [root] Log file : C:\Users\Varsh\Desktop\AGEIS\logs\wbgt_monitor_20260728.log
[2026-07-28 17:07:33] [INFO    ] [root] ============================================================
[2026-07-28 17:07:33] [INFO    ] [__main__] WBGT Monitor starting up
[2026-07-28 17:07:33] [INFO    ] [__main__] Database initialised
[2026-07-28 17:07:33] [INFO    ] [__main__] [READING] zone=EAF-Bay | timestamp=2026-07-24T02:00:00
[2026-07-28 17:07:33] [DEBUG   ] [__main__] [READING] raw={"timestamp": "2026-07-24T02:00:00", "factory": "SAIL", "zone": "EAF-Bay", "temperature_unit": "celsius", "temperature": 46.6, "humidity": 47.0, "globe_temperature": 0, "wet_bulb_temperature": 0}
[2026-07-28 17:07:33] [DEBUG   ] [__main__] [VALIDATE] zone=EAF-Bay | condition=MISSING_TG | missing=['globe_temperature'] | flags=[]
[2026-07-28 17:07:33] [INFO    ] [__main__] [CALC] zone=EAF-Bay | ta=46.6 | rh=47.0 | tg=51.6 | tnwb=35.8152 | wbgt=40.5506
[2026-07-28 17:07:33] [DEBUG   ] [__main__] [CALC] data_quality={'ta': 'sensor', 'rh': 'sensor', 'tg': 'estimated', 'tnwb': 'calculated', 'wbgt': 'calculated'}
[2026-07-28 17:07:33] [INFO    ] [__main__] [CLASSIFY] zone=EAF-Bay | wbgt=40.5506 | risk=DANGER | action=Halt heavy work, mandatory rest, evacuate
[2026-07-28 17:07:33] [WARNING ] [__main__] [DANGER ALERT] zone=EAF-Bay | wbgt=40.5506 | Halt heavy work, mandatory rest, evacuate
[2026-07-28 17:07:33] [INFO    ] [__main__] [DB] zone=EAF-Bay | db_id=30 | saved OK
[2026-07-28 17:07:33] [INFO    ] [__main__] Pipeline completed OK | db_id=30
[2026-07-28 17:07:33] [INFO    ] [root] ============================================================
[2026-07-28 17:07:33] [INFO    ] [root] WBGT Monitor logging started
[2026-07-28 17:07:33] [INFO    ] [root] Log file : C:\Users\Varsh\Desktop\AGEIS\logs\wbgt_monitor_20260728.log
[2026-07-28 17:07:33] [INFO    ] [root] ============================================================
[2026-07-28 17:07:33] [INFO    ] [__main__] WBGT Monitor starting up
[2026-07-28 17:07:33] [INFO    ] [__main__] Database initialised
[2026-07-28 17:07:33] [INFO    ] [__main__] [READING] zone=Furnace-2 | timestamp=2026-07-24T03:00:00
[2026-07-28 17:07:33] [DEBUG   ] [__main__] [READING] raw={"timestamp": "2026-07-24T03:00:00", "factory": "JSPL", "zone": "Furnace-2", "temperature_unit": "celsius", "temperature": 35.3, "humidity": 35.8, "globe_temperature": 49.5, "wet_bulb_temperature": 24
[2026-07-28 17:07:33] [DEBUG   ] [__main__] [VALIDATE] zone=Furnace-2 | condition=ALL_DATA | missing=[] | flags=[]
[2026-07-28 17:07:33] [INFO    ] [__main__] [CALC] zone=Furnace-2 | ta=35.3 | rh=35.8 | tg=49.5 | tnwb=24.2 | wbgt=31.79
[2026-07-28 17:07:33] [DEBUG   ] [__main__] [CALC] data_quality={'ta': 'sensor', 'rh': 'sensor', 'tg': 'sensor', 'tnwb': 'sensor', 'wbgt': 'calculated'}
[2026-07-28 17:07:33] [INFO    ] [__main__] [CLASSIFY] zone=Furnace-2 | wbgt=31.79 | risk=DANGER | action=Halt heavy work, mandatory rest, evacuate
[2026-07-28 17:07:33] [WARNING ] [__main__] [DANGER ALERT] zone=Furnace-2 | wbgt=31.79 | Halt heavy work, mandatory rest, evacuate
[2026-07-28 17:07:33] [INFO    ] [__main__] [DB] zone=Furnace-2 | db_id=31 | saved OK
[2026-07-28 17:07:33] [INFO    ] [__main__] Pipeline completed OK | db_id=31
[2026-07-28 17:07:34] [INFO    ] [root] ============================================================
[2026-07-28 17:07:34] [INFO    ] [root] WBGT Monitor logging started
[2026-07-28 17:07:34] [INFO    ] [root] Log file : C:\Users\Varsh\Desktop\AGEIS\logs\wbgt_monitor_20260728.log
[2026-07-28 17:07:34] [INFO    ] [root] ============================================================
[2026-07-28 17:07:34] [INFO    ] [__main__] WBGT Monitor starting up
[2026-07-28 17:07:34] [INFO    ] [__main__] Database initialised
[2026-07-28 17:07:34] [INFO    ] [__main__] [READING] zone=Rolling-Mill | timestamp=2026-07-24T04:00:00
[2026-07-28 17:07:34] [DEBUG   ] [__main__] [READING] raw={"timestamp": "2026-07-24T04:00:00", "factory": "JSW Steel", "zone": "Rolling-Mill", "temperature_unit": "celsius", "temperature": 38.3, "humidity": 45.7, "globe_temperature": 51.8, "wet_bulb_temperat
[2026-07-28 17:07:34] [DEBUG   ] [__main__] [VALIDATE] zone=Rolling-Mill | condition=ALL_DATA | missing=[] | flags=[]
[2026-07-28 17:07:34] [INFO    ] [__main__] [CALC] zone=Rolling-Mill | ta=38.3 | rh=45.7 | tg=51.8 | tnwb=28.7 | wbgt=35.63
[2026-07-28 17:07:34] [DEBUG   ] [__main__] [CALC] data_quality={'ta': 'sensor', 'rh': 'sensor', 'tg': 'sensor', 'tnwb': 'sensor', 'wbgt': 'calculated'}
[2026-07-28 17:07:34] [INFO    ] [__main__] [CLASSIFY] zone=Rolling-Mill | wbgt=35.63 | risk=DANGER | action=Halt heavy work, mandatory rest, evacuate
[2026-07-28 17:07:34] [WARNING ] [__main__] [DANGER ALERT] zone=Rolling-Mill | wbgt=35.63 | Halt heavy work, mandatory rest, evacuate
[2026-07-28 17:07:34] [INFO    ] [__main__] [DB] zone=Rolling-Mill | db_id=32 | saved OK
[2026-07-28 17:07:34] [INFO    ] [__main__] Pipeline completed OK | db_id=32
[2026-07-28 17:07:34] [INFO    ] [root] ============================================================
[2026-07-28 17:07:34] [INFO    ] [root] WBGT Monitor logging started
[2026-07-28 17:07:34] [INFO    ] [root] Log file : C:\Users\Varsh\Desktop\AGEIS\logs\wbgt_monitor_20260728.log
[2026-07-28 17:07:34] [INFO    ] [root] ============================================================
[2026-07-28 17:07:34] [INFO    ] [__main__] WBGT Monitor starting up
[2026-07-28 17:07:34] [INFO    ] [__main__] Database initialised
[2026-07-28 17:07:34] [INFO    ] [__main__] [READING] zone=Warehouse | timestamp=2026-07-24T05:00:00
[2026-07-28 17:07:34] [DEBUG   ] [__main__] [READING] raw={"timestamp": "2026-07-24T05:00:00", "factory": "Vedanta", "zone": "Warehouse", "temperature_unit": "celsius", "temperature": 25.1, "humidity": 49.2, "globe_temperature": 0, "wet_bulb_temperature": 0}
[2026-07-28 17:07:34] [DEBUG   ] [__main__] [VALIDATE] zone=Warehouse | condition=MISSING_TG | missing=['globe_temperature'] | flags=[]
[2026-07-28 17:07:34] [INFO    ] [__main__] [CALC] zone=Warehouse | ta=25.1 | rh=49.2 | tg=30.1 | tnwb=17.9594 | wbgt=21.6016
[2026-07-28 17:07:34] [DEBUG   ] [__main__] [CALC] data_quality={'ta': 'sensor', 'rh': 'sensor', 'tg': 'estimated', 'tnwb': 'calculated', 'wbgt': 'calculated'}
[2026-07-28 17:07:34] [INFO    ] [__main__] [CLASSIFY] zone=Warehouse | wbgt=21.6016 | risk=SAFE | action=Normal work, no restrictions
[2026-07-28 17:07:34] [INFO    ] [__main__] [DB] zone=Warehouse | db_id=33 | saved OK
[2026-07-28 17:07:34] [INFO    ] [__main__] Pipeline completed OK | db_id=33
[2026-07-28 17:07:35] [INFO    ] [root] ============================================================
[2026-07-28 17:07:35] [INFO    ] [root] WBGT Monitor logging started
[2026-07-28 17:07:35] [INFO    ] [root] Log file : C:\Users\Varsh\Desktop\AGEIS\logs\wbgt_monitor_20260728.log
[2026-07-28 17:07:35] [INFO    ] [root] ============================================================
[2026-07-28 17:07:35] [INFO    ] [__main__] WBGT Monitor starting up
[2026-07-28 17:07:35] [INFO    ] [__main__] Database initialised
[2026-07-28 17:07:35] [INFO    ] [__main__] [READING] zone=Furnace-1 | timestamp=2026-07-24T06:00:00
[2026-07-28 17:07:35] [DEBUG   ] [__main__] [READING] raw={"timestamp": "2026-07-24T06:00:00", "factory": "Shree Metal Works", "zone": "Furnace-1", "temperature_unit": "celsius", "temperature": 33.5, "humidity": 38.2, "globe_temperature": 50.4, "wet_bulb_tem
[2026-07-28 17:07:35] [DEBUG   ] [__main__] [VALIDATE] zone=Furnace-1 | condition=ALL_DATA | missing=[] | flags=[]
[2026-07-28 17:07:35] [INFO    ] [__main__] [CALC] zone=Furnace-1 | ta=33.5 | rh=38.2 | tg=50.4 | tnwb=22.9074 | wbgt=31.1552
[2026-07-28 17:07:35] [DEBUG   ] [__main__] [CALC] data_quality={'ta': 'sensor', 'rh': 'sensor', 'tg': 'sensor', 'tnwb': 'calculated', 'wbgt': 'calculated'}
[2026-07-28 17:07:35] [INFO    ] [__main__] [CLASSIFY] zone=Furnace-1 | wbgt=31.1552 | risk=DANGER | action=Halt heavy work, mandatory rest, evacuate
[2026-07-28 17:07:35] [WARNING ] [__main__] [DANGER ALERT] zone=Furnace-1 | wbgt=31.1552 | Halt heavy work, mandatory rest, evacuate
[2026-07-28 17:07:35] [INFO    ] [__main__] [DB] zone=Furnace-1 | db_id=34 | saved OK
[2026-07-28 17:07:35] [INFO    ] [__main__] Pipeline completed OK | db_id=34
[2026-07-28 17:07:35] [INFO    ] [root] ============================================================
[2026-07-28 17:07:35] [INFO    ] [root] WBGT Monitor logging started
[2026-07-28 17:07:35] [INFO    ] [root] Log file : C:\Users\Varsh\Desktop\AGEIS\logs\wbgt_monitor_20260728.log
[2026-07-28 17:07:35] [INFO    ] [root] ============================================================
[2026-07-28 17:07:35] [INFO    ] [__main__] WBGT Monitor starting up
[2026-07-28 17:07:35] [INFO    ] [__main__] Database initialised
[2026-07-28 17:07:35] [INFO    ] [__main__] [READING] zone=Loading-Dock | timestamp=2026-07-24T07:00:00
[2026-07-28 17:07:35] [DEBUG   ] [__main__] [READING] raw={"timestamp": "2026-07-24T07:00:00", "factory": "Ganesh Alloys", "zone": "Loading-Dock", "temperature_unit": "celsius", "temperature": 21.5, "humidity": 39.1, "globe_temperature": 22.3, "wet_bulb_temp
[2026-07-28 17:07:35] [DEBUG   ] [__main__] [VALIDATE] zone=Loading-Dock | condition=ALL_DATA | missing=[] | flags=[]
[2026-07-28 17:07:35] [INFO    ] [__main__] [CALC] zone=Loading-Dock | ta=21.5 | rh=39.1 | tg=22.3 | tnwb=13.4 | wbgt=16.07
[2026-07-28 17:07:35] [DEBUG   ] [__main__] [CALC] data_quality={'ta': 'sensor', 'rh': 'sensor', 'tg': 'sensor', 'tnwb': 'sensor', 'wbgt': 'calculated'}
[2026-07-28 17:07:35] [INFO    ] [__main__] [CLASSIFY] zone=Loading-Dock | wbgt=16.07 | risk=SAFE | action=Normal work, no restrictions
[2026-07-28 17:07:35] [INFO    ] [__main__] [DB] zone=Loading-Dock | db_id=35 | saved OK
[2026-07-28 17:07:35] [INFO    ] [__main__] Pipeline completed OK | db_id=35
[2026-07-28 17:07:36] [INFO    ] [root] ============================================================
[2026-07-28 17:07:36] [INFO    ] [root] WBGT Monitor logging started
[2026-07-28 17:07:36] [INFO    ] [root] Log file : C:\Users\Varsh\Desktop\AGEIS\logs\wbgt_monitor_20260728.log
[2026-07-28 17:07:36] [INFO    ] [root] ============================================================
[2026-07-28 17:07:36] [INFO    ] [__main__] WBGT Monitor starting up
[2026-07-28 17:07:36] [INFO    ] [__main__] Database initialised
[2026-07-28 17:07:36] [INFO    ] [__main__] [READING] zone=Annealing-Line | timestamp=2026-07-24T08:00:00
[2026-07-28 17:07:36] [DEBUG   ] [__main__] [READING] raw={"timestamp": "2026-07-24T08:00:00", "factory": "SAIL", "zone": "Annealing-Line", "temperature_unit": "celsius", "temperature": 29.1, "humidity": 63.3, "globe_temperature": 33.1, "wet_bulb_temperature
[2026-07-28 17:07:36] [DEBUG   ] [__main__] [VALIDATE] zone=Annealing-Line | condition=ALL_DATA | missing=[] | flags=[]
[2026-07-28 17:07:36] [INFO    ] [__main__] [CALC] zone=Annealing-Line | ta=29.1 | rh=63.3 | tg=33.1 | tnwb=23.4 | wbgt=26.31
[2026-07-28 17:07:36] [DEBUG   ] [__main__] [CALC] data_quality={'ta': 'sensor', 'rh': 'sensor', 'tg': 'sensor', 'tnwb': 'sensor', 'wbgt': 'calculated'}
[2026-07-28 17:07:36] [INFO    ] [__main__] [CLASSIFY] zone=Annealing-Line | wbgt=26.31 | risk=SAFE | action=Normal work, no restrictions
[2026-07-28 17:07:36] [INFO    ] [__main__] [DB] zone=Annealing-Line | db_id=36 | saved OK
[2026-07-28 17:07:36] [INFO    ] [__main__] Pipeline completed OK | db_id=36
[2026-07-28 17:07:36] [INFO    ] [root] ============================================================
[2026-07-28 17:07:36] [INFO    ] [root] WBGT Monitor logging started
[2026-07-28 17:07:36] [INFO    ] [root] Log file : C:\Users\Varsh\Desktop\AGEIS\logs\wbgt_monitor_20260728.log
[2026-07-28 17:07:36] [INFO    ] [root] ============================================================
[2026-07-28 17:07:36] [INFO    ] [__main__] WBGT Monitor starting up
[2026-07-28 17:07:36] [INFO    ] [__main__] Database initialised
[2026-07-28 17:07:36] [INFO    ] [__main__] [READING] zone=Loading-Dock | timestamp=2026-07-24T09:00:00
[2026-07-28 17:07:36] [DEBUG   ] [__main__] [READING] raw={"timestamp": "2026-07-24T09:00:00", "factory": "Vedanta", "zone": "Loading-Dock", "temperature_unit": "celsius", "temperature": 32.2, "humidity": 47.5, "globe_temperature": 0, "wet_bulb_temperature":
[2026-07-28 17:07:36] [DEBUG   ] [__main__] [VALIDATE] zone=Loading-Dock | condition=MISSING_TG | missing=['globe_temperature'] | flags=[]
[2026-07-28 17:07:36] [INFO    ] [__main__] [CALC] zone=Loading-Dock | ta=32.2 | rh=47.5 | tg=37.2 | tnwb=23.5 | wbgt=27.61
[2026-07-28 17:07:36] [DEBUG   ] [__main__] [CALC] data_quality={'ta': 'sensor', 'rh': 'sensor', 'tg': 'estimated', 'tnwb': 'sensor', 'wbgt': 'calculated'}
[2026-07-28 17:07:36] [INFO    ] [__main__] [CLASSIFY] zone=Loading-Dock | wbgt=27.61 | risk=CAUTION | action=Increase water breaks
[2026-07-28 17:07:37] [INFO    ] [__main__] [DB] zone=Loading-Dock | db_id=37 | saved OK
[2026-07-28 17:07:37] [INFO    ] [__main__] Pipeline completed OK | db_id=37
[2026-07-28 17:07:37] [INFO    ] [root] ============================================================
[2026-07-28 17:07:37] [INFO    ] [root] WBGT Monitor logging started
[2026-07-28 17:07:37] [INFO    ] [root] Log file : C:\Users\Varsh\Desktop\AGEIS\logs\wbgt_monitor_20260728.log
[2026-07-28 17:07:37] [INFO    ] [root] ============================================================
[2026-07-28 17:07:37] [INFO    ] [__main__] WBGT Monitor starting up
[2026-07-28 17:07:37] [INFO    ] [__main__] Database initialised
[2026-07-28 17:07:37] [INFO    ] [__main__] [READING] zone=Rolling-Mill | timestamp=2026-07-24T10:00:00
[2026-07-28 17:07:37] [DEBUG   ] [__main__] [READING] raw={"timestamp": "2026-07-24T10:00:00", "factory": "Vedanta", "zone": "Rolling-Mill", "temperature_unit": "celsius", "temperature": 31.2, "humidity": 57.0, "globe_temperature": 40.6, "wet_bulb_temperatur
[2026-07-28 17:07:37] [DEBUG   ] [__main__] [VALIDATE] zone=Rolling-Mill | condition=ALL_DATA | missing=[] | flags=[]
[2026-07-28 17:07:37] [INFO    ] [__main__] [CALC] zone=Rolling-Mill | ta=31.2 | rh=57.0 | tg=40.6 | tnwb=24.7 | wbgt=29.47
[2026-07-28 17:07:37] [DEBUG   ] [__main__] [CALC] data_quality={'ta': 'sensor', 'rh': 'sensor', 'tg': 'sensor', 'tnwb': 'sensor', 'wbgt': 'calculated'}
[2026-07-28 17:07:37] [INFO    ] [__main__] [CLASSIFY] zone=Rolling-Mill | wbgt=29.47 | risk=WARNING | action=Enforce work/rest cycles (50 min work, 10 min rest)
[2026-07-28 17:07:37] [WARNING ] [__main__] [WARNING ALERT] zone=Rolling-Mill | wbgt=29.47 | Enforce work/rest cycles (50 min work, 10 min rest)
[2026-07-28 17:07:37] [INFO    ] [__main__] [DB] zone=Rolling-Mill | db_id=38 | saved OK
[2026-07-28 17:07:37] [INFO    ] [__main__] Pipeline completed OK | db_id=38
[2026-07-28 17:07:38] [INFO    ] [root] ============================================================
[2026-07-28 17:07:38] [INFO    ] [root] WBGT Monitor logging started
[2026-07-28 17:07:38] [INFO    ] [root] Log file : C:\Users\Varsh\Desktop\AGEIS\logs\wbgt_monitor_20260728.log
[2026-07-28 17:07:38] [INFO    ] [root] ============================================================
[2026-07-28 17:07:38] [INFO    ] [__main__] WBGT Monitor starting up
[2026-07-28 17:07:38] [INFO    ] [__main__] Database initialised
[2026-07-28 17:07:38] [INFO    ] [__main__] [READING] zone=Furnace-1 | timestamp=2026-07-24T11:00:00
[2026-07-28 17:07:38] [DEBUG   ] [__main__] [READING] raw={"timestamp": "2026-07-24T11:00:00", "factory": "Ganesh Alloys", "zone": "Furnace-1", "temperature_unit": "celsius", "temperature": 36.9, "humidity": 35.8, "globe_temperature": 0, "wet_bulb_temperatur
[2026-07-28 17:07:38] [DEBUG   ] [__main__] [VALIDATE] zone=Furnace-1 | condition=MISSING_TG | missing=['globe_temperature'] | flags=[]
[2026-07-28 17:07:38] [INFO    ] [__main__] [CALC] zone=Furnace-1 | ta=36.9 | rh=35.8 | tg=41.9 | tnwb=25.0633 | wbgt=30.1143
[2026-07-28 17:07:38] [DEBUG   ] [__main__] [CALC] data_quality={'ta': 'sensor', 'rh': 'sensor', 'tg': 'estimated', 'tnwb': 'calculated', 'wbgt': 'calculated'}
[2026-07-28 17:07:38] [INFO    ] [__main__] [CLASSIFY] zone=Furnace-1 | wbgt=30.1143 | risk=WARNING | action=Enforce work/rest cycles (50 min work, 10 min rest)
[2026-07-28 17:07:38] [WARNING ] [__main__] [WARNING ALERT] zone=Furnace-1 | wbgt=30.1143 | Enforce work/rest cycles (50 min work, 10 min rest)
[2026-07-28 17:07:38] [INFO    ] [__main__] [DB] zone=Furnace-1 | db_id=39 | saved OK
[2026-07-28 17:07:38] [INFO    ] [__main__] Pipeline completed OK | db_id=39
[2026-07-28 17:07:38] [INFO    ] [root] ============================================================
[2026-07-28 17:07:38] [INFO    ] [root] WBGT Monitor logging started
[2026-07-28 17:07:38] [INFO    ] [root] Log file : C:\Users\Varsh\Desktop\AGEIS\logs\wbgt_monitor_20260728.log
[2026-07-28 17:07:38] [INFO    ] [root] ============================================================
[2026-07-28 17:07:38] [INFO    ] [__main__] WBGT Monitor starting up
[2026-07-28 17:07:38] [INFO    ] [__main__] Database initialised
[2026-07-28 17:07:38] [INFO    ] [__main__] [READING] zone=EAF-Bay | timestamp=2026-07-24T12:00:00
[2026-07-28 17:07:38] [DEBUG   ] [__main__] [READING] raw={"timestamp": "2026-07-24T12:00:00", "factory": "JSPL", "zone": "EAF-Bay", "temperature_unit": "celsius", "temperature": 44.1, "humidity": 27.3, "globe_temperature": 60.9, "wet_bulb_temperature": 28.4
[2026-07-28 17:07:38] [DEBUG   ] [__main__] [VALIDATE] zone=EAF-Bay | condition=ALL_DATA | missing=[] | flags=[]
[2026-07-28 17:07:38] [INFO    ] [__main__] [CALC] zone=EAF-Bay | ta=44.1 | rh=27.3 | tg=60.9 | tnwb=28.4 | wbgt=38.15
[2026-07-28 17:07:38] [DEBUG   ] [__main__] [CALC] data_quality={'ta': 'sensor', 'rh': 'sensor', 'tg': 'sensor', 'tnwb': 'sensor', 'wbgt': 'calculated'}
[2026-07-28 17:07:38] [INFO    ] [__main__] [CLASSIFY] zone=EAF-Bay | wbgt=38.15 | risk=DANGER | action=Halt heavy work, mandatory rest, evacuate
[2026-07-28 17:07:38] [WARNING ] [__main__] [DANGER ALERT] zone=EAF-Bay | wbgt=38.15 | Halt heavy work, mandatory rest, evacuate
[2026-07-28 17:07:38] [INFO    ] [__main__] [DB] zone=EAF-Bay | db_id=40 | saved OK
[2026-07-28 17:07:38] [INFO    ] [__main__] Pipeline completed OK | db_id=40
[2026-07-28 17:07:39] [INFO    ] [root] ============================================================
[2026-07-28 17:07:39] [INFO    ] [root] WBGT Monitor logging started
[2026-07-28 17:07:39] [INFO    ] [root] Log file : C:\Users\Varsh\Desktop\AGEIS\logs\wbgt_monitor_20260728.log
[2026-07-28 17:07:39] [INFO    ] [root] ============================================================
[2026-07-28 17:07:39] [INFO    ] [__main__] WBGT Monitor starting up
[2026-07-28 17:07:39] [INFO    ] [__main__] Database initialised
[2026-07-28 17:07:39] [INFO    ] [__main__] [READING] zone=Continuous-Casting | timestamp=2026-07-24T13:00:00
[2026-07-28 17:07:39] [DEBUG   ] [__main__] [READING] raw={"timestamp": "2026-07-24T13:00:00", "factory": "Tata Steel", "zone": "Continuous-Casting", "temperature_unit": "celsius", "temperature": 38.3, "humidity": 52.8, "globe_temperature": 53.9, "wet_bulb_t
[2026-07-28 17:07:39] [DEBUG   ] [__main__] [VALIDATE] zone=Continuous-Casting | condition=ALL_DATA | missing=[] | flags=[]
[2026-07-28 17:07:39] [INFO    ] [__main__] [CALC] zone=Continuous-Casting | ta=38.3 | rh=52.8 | tg=53.9 | tnwb=29.8 | wbgt=37.03
[2026-07-28 17:07:39] [DEBUG   ] [__main__] [CALC] data_quality={'ta': 'sensor', 'rh': 'sensor', 'tg': 'sensor', 'tnwb': 'sensor', 'wbgt': 'calculated'}
[2026-07-28 17:07:39] [INFO    ] [__main__] [CLASSIFY] zone=Continuous-Casting | wbgt=37.03 | risk=DANGER | action=Halt heavy work, mandatory rest, evacuate
[2026-07-28 17:07:39] [WARNING ] [__main__] [DANGER ALERT] zone=Continuous-Casting | wbgt=37.03 | Halt heavy work, mandatory rest, evacuate
[2026-07-28 17:07:39] [INFO    ] [__main__] [DB] zone=Continuous-Casting | db_id=41 | saved OK
[2026-07-28 17:07:39] [INFO    ] [__main__] Pipeline completed OK | db_id=41
[2026-07-28 17:07:40] [INFO    ] [root] ============================================================
[2026-07-28 17:07:40] [INFO    ] [root] WBGT Monitor logging started
[2026-07-28 17:07:40] [INFO    ] [root] Log file : C:\Users\Varsh\Desktop\AGEIS\logs\wbgt_monitor_20260728.log
[2026-07-28 17:07:40] [INFO    ] [root] ============================================================
[2026-07-28 17:07:40] [INFO    ] [__main__] WBGT Monitor starting up
[2026-07-28 17:07:40] [INFO    ] [__main__] Database initialised
[2026-07-28 17:07:40] [INFO    ] [__main__] [READING] zone=Fabrication-Shop | timestamp=2026-07-24T14:00:00
[2026-07-28 17:07:40] [DEBUG   ] [__main__] [READING] raw={"timestamp": "2026-07-24T14:00:00", "factory": "JSPL", "zone": "Fabrication-Shop", "temperature_unit": "celsius", "temperature": 28.6, "humidity": 67.9, "globe_temperature": 30.3, "wet_bulb_temperatu
[2026-07-28 17:07:40] [DEBUG   ] [__main__] [VALIDATE] zone=Fabrication-Shop | condition=ALL_DATA | missing=[] | flags=[]
[2026-07-28 17:07:40] [INFO    ] [__main__] [CALC] zone=Fabrication-Shop | ta=28.6 | rh=67.9 | tg=30.3 | tnwb=24.4 | wbgt=26.17
[2026-07-28 17:07:40] [DEBUG   ] [__main__] [CALC] data_quality={'ta': 'sensor', 'rh': 'sensor', 'tg': 'sensor', 'tnwb': 'sensor', 'wbgt': 'calculated'}
[2026-07-28 17:07:40] [INFO    ] [__main__] [CLASSIFY] zone=Fabrication-Shop | wbgt=26.17 | risk=SAFE | action=Normal work, no restrictions
[2026-07-28 17:07:40] [INFO    ] [__main__] [DB] zone=Fabrication-Shop | db_id=42 | saved OK
[2026-07-28 17:07:40] [INFO    ] [__main__] Pipeline completed OK | db_id=42
[2026-07-28 17:07:40] [INFO    ] [root] ============================================================
[2026-07-28 17:07:40] [INFO    ] [root] WBGT Monitor logging started
[2026-07-28 17:07:40] [INFO    ] [root] Log file : C:\Users\Varsh\Desktop\AGEIS\logs\wbgt_monitor_20260728.log
[2026-07-28 17:07:40] [INFO    ] [root] ============================================================
[2026-07-28 17:07:40] [INFO    ] [__main__] WBGT Monitor starting up
[2026-07-28 17:07:40] [INFO    ] [__main__] Database initialised
[2026-07-28 17:07:40] [INFO    ] [__main__] [READING] zone=Ladle-Metallurgy | timestamp=2026-07-24T15:00:00
[2026-07-28 17:07:40] [DEBUG   ] [__main__] [READING] raw={"timestamp": "2026-07-24T15:00:00", "factory": "Ganesh Alloys", "zone": "Ladle-Metallurgy", "temperature_unit": "celsius", "temperature": 36.0, "humidity": 347.5, "globe_temperature": 50.2, "wet_bulb
[2026-07-28 17:07:40] [DEBUG   ] [__main__] [VALIDATE] zone=Ladle-Metallurgy | condition=None | missing=[] | flags=[]
[2026-07-28 17:07:40] [WARNING ] [__main__] [FAULT] zone=Ladle-Metallurgy | timestamp=2026-07-24T15:00:00 | reason=SENSOR_FAULT: humidity=347.5 is out of valid range 0–100 %.
[2026-07-28 17:07:40] [WARNING ] [__main__] Pipeline completed with fault: SENSOR_FAULT: humidity=347.5 is out of valid range 0–100 %.
[2026-07-28 17:07:41] [INFO    ] [root] ============================================================
[2026-07-28 17:07:41] [INFO    ] [root] WBGT Monitor logging started
[2026-07-28 17:07:41] [INFO    ] [root] Log file : C:\Users\Varsh\Desktop\AGEIS\logs\wbgt_monitor_20260728.log
[2026-07-28 17:07:41] [INFO    ] [root] ============================================================
[2026-07-28 17:07:41] [INFO    ] [__main__] WBGT Monitor starting up
[2026-07-28 17:07:41] [INFO    ] [__main__] Database initialised
[2026-07-28 17:07:41] [INFO    ] [__main__] [READING] zone=Warehouse | timestamp=2026-07-24T16:00:00
[2026-07-28 17:07:41] [DEBUG   ] [__main__] [READING] raw={"timestamp": "2026-07-24T16:00:00", "factory": "Vedanta", "zone": "Warehouse", "temperature_unit": "celsius", "temperature": 29.2, "humidity": 56.3, "globe_temperature": 30.4, "wet_bulb_temperature":
[2026-07-28 17:07:41] [DEBUG   ] [__main__] [VALIDATE] zone=Warehouse | condition=ALL_DATA | missing=[] | flags=[]
[2026-07-28 17:07:41] [INFO    ] [__main__] [CALC] zone=Warehouse | ta=29.2 | rh=56.3 | tg=30.4 | tnwb=22.6727 | wbgt=24.9909
[2026-07-28 17:07:41] [DEBUG   ] [__main__] [CALC] data_quality={'ta': 'sensor', 'rh': 'sensor', 'tg': 'sensor', 'tnwb': 'calculated', 'wbgt': 'calculated'}
[2026-07-28 17:07:41] [INFO    ] [__main__] [CLASSIFY] zone=Warehouse | wbgt=24.9909 | risk=SAFE | action=Normal work, no restrictions
[2026-07-28 17:07:41] [INFO    ] [__main__] [DB] zone=Warehouse | db_id=43 | saved OK
[2026-07-28 17:07:41] [INFO    ] [__main__] Pipeline completed OK | db_id=43
[2026-07-28 17:07:42] [INFO    ] [root] ============================================================
[2026-07-28 17:07:42] [INFO    ] [root] WBGT Monitor logging started
[2026-07-28 17:07:42] [INFO    ] [root] Log file : C:\Users\Varsh\Desktop\AGEIS\logs\wbgt_monitor_20260728.log
[2026-07-28 17:07:42] [INFO    ] [root] ============================================================
[2026-07-28 17:07:42] [INFO    ] [__main__] WBGT Monitor starting up
[2026-07-28 17:07:42] [INFO    ] [__main__] Database initialised
[2026-07-28 17:07:42] [INFO    ] [__main__] [READING] zone=Furnace-2 | timestamp=2026-07-24T17:00:00
[2026-07-28 17:07:42] [DEBUG   ] [__main__] [READING] raw={"timestamp": "2026-07-24T17:00:00", "factory": "Tata Steel", "zone": "Furnace-2", "temperature_unit": "celsius", "temperature": 42.1, "humidity": 0, "globe_temperature": 58.4, "wet_bulb_temperature":
[2026-07-28 17:07:42] [DEBUG   ] [__main__] [VALIDATE] zone=Furnace-2 | condition=MISSING_RH | missing=['humidity'] | flags=[]
[2026-07-28 17:07:42] [ERROR   ] [__main__] [CALC ERROR] zone=Furnace-2 | timestamp=2026-07-24T17:00:00 | error=WEATHER_API_BASE_URL is not configured.
[2026-07-28 17:07:42] [WARNING ] [__main__] Pipeline completed with fault: Calculation error: WEATHER_API_BASE_URL is not configured.
[2026-07-28 17:07:42] [INFO    ] [root] ============================================================
[2026-07-28 17:07:42] [INFO    ] [root] WBGT Monitor logging started
[2026-07-28 17:07:42] [INFO    ] [root] Log file : C:\Users\Varsh\Desktop\AGEIS\logs\wbgt_monitor_20260728.log
[2026-07-28 17:07:42] [INFO    ] [root] ============================================================
[2026-07-28 17:07:42] [INFO    ] [__main__] WBGT Monitor starting up
[2026-07-28 17:07:42] [INFO    ] [__main__] Database initialised
[2026-07-28 17:07:42] [INFO    ] [__main__] [READING] zone=Annealing-Line | timestamp=2026-07-24T18:00:00
[2026-07-28 17:07:42] [DEBUG   ] [__main__] [READING] raw={"timestamp": "2026-07-24T18:00:00", "factory": "SAIL", "zone": "Annealing-Line", "temperature_unit": "celsius", "temperature": 31.1, "humidity": 0, "globe_temperature": 36.2, "wet_bulb_temperature": 
[2026-07-28 17:07:42] [DEBUG   ] [__main__] [VALIDATE] zone=Annealing-Line | condition=MISSING_RH | missing=['humidity'] | flags=[]
[2026-07-28 17:07:42] [ERROR   ] [__main__] [CALC ERROR] zone=Annealing-Line | timestamp=2026-07-24T18:00:00 | error=WEATHER_API_BASE_URL is not configured.
[2026-07-28 17:07:42] [WARNING ] [__main__] Pipeline completed with fault: Calculation error: WEATHER_API_BASE_URL is not configured.
[2026-07-28 17:07:43] [INFO    ] [root] ============================================================
[2026-07-28 17:07:43] [INFO    ] [root] WBGT Monitor logging started
[2026-07-28 17:07:43] [INFO    ] [root] Log file : C:\Users\Varsh\Desktop\AGEIS\logs\wbgt_monitor_20260728.log
[2026-07-28 17:07:43] [INFO    ] [root] ============================================================
[2026-07-28 17:07:43] [INFO    ] [__main__] WBGT Monitor starting up
[2026-07-28 17:07:43] [INFO    ] [__main__] Database initialised
[2026-07-28 17:07:43] [INFO    ] [__main__] [READING] zone=Rolling-Mill | timestamp=2026-07-24T19:00:00
[2026-07-28 17:07:43] [DEBUG   ] [__main__] [READING] raw={"timestamp": "2026-07-24T19:00:00", "factory": "SAIL", "zone": "Rolling-Mill", "temperature_unit": "celsius", "temperature": 29.3, "humidity": 44.0, "globe_temperature": 0, "wet_bulb_temperature": 0}
[2026-07-28 17:07:43] [DEBUG   ] [__main__] [VALIDATE] zone=Rolling-Mill | condition=MISSING_TG | missing=['globe_temperature'] | flags=[]
[2026-07-28 17:07:43] [INFO    ] [__main__] [CALC] zone=Rolling-Mill | ta=29.3 | rh=44.0 | tg=34.3 | tnwb=20.6275 | wbgt=24.7293
[2026-07-28 17:07:43] [DEBUG   ] [__main__] [CALC] data_quality={'ta': 'sensor', 'rh': 'sensor', 'tg': 'estimated', 'tnwb': 'calculated', 'wbgt': 'calculated'}
[2026-07-28 17:07:43] [INFO    ] [__main__] [CLASSIFY] zone=Rolling-Mill | wbgt=24.7293 | risk=SAFE | action=Normal work, no restrictions
[2026-07-28 17:07:43] [INFO    ] [__main__] [DB] zone=Rolling-Mill | db_id=44 | saved OK
[2026-07-28 17:07:43] [INFO    ] [__main__] Pipeline completed OK | db_id=44
[2026-07-28 17:07:44] [INFO    ] [root] ============================================================
[2026-07-28 17:07:44] [INFO    ] [root] WBGT Monitor logging started
[2026-07-28 17:07:44] [INFO    ] [root] Log file : C:\Users\Varsh\Desktop\AGEIS\logs\wbgt_monitor_20260728.log
[2026-07-28 17:07:44] [INFO    ] [root] ============================================================
[2026-07-28 17:07:44] [INFO    ] [__main__] WBGT Monitor starting up
[2026-07-28 17:07:44] [INFO    ] [__main__] Database initialised
[2026-07-28 17:07:44] [INFO    ] [__main__] [READING] zone=Furnace-2 | timestamp=2026-07-24T20:00:00
[2026-07-28 17:07:44] [DEBUG   ] [__main__] [READING] raw={"timestamp": "2026-07-24T20:00:00", "factory": "JSW Steel", "zone": "Furnace-2", "temperature_unit": "celsius", "temperature": 36.4, "humidity": 110.8, "globe_temperature": 52.7, "wet_bulb_temperatur
[2026-07-28 17:07:44] [DEBUG   ] [__main__] [VALIDATE] zone=Furnace-2 | condition=None | missing=[] | flags=[]
[2026-07-28 17:07:44] [WARNING ] [__main__] [FAULT] zone=Furnace-2 | timestamp=2026-07-24T20:00:00 | reason=SENSOR_FAULT: humidity=110.8 is out of valid range 0–100 %.
[2026-07-28 17:07:44] [WARNING ] [__main__] Pipeline completed with fault: SENSOR_FAULT: humidity=110.8 is out of valid range 0–100 %.
[2026-07-28 17:07:44] [INFO    ] [root] ============================================================
[2026-07-28 17:07:44] [INFO    ] [root] WBGT Monitor logging started
[2026-07-28 17:07:44] [INFO    ] [root] Log file : C:\Users\Varsh\Desktop\AGEIS\logs\wbgt_monitor_20260728.log
[2026-07-28 17:07:44] [INFO    ] [root] ============================================================
[2026-07-28 17:07:44] [INFO    ] [__main__] WBGT Monitor starting up
[2026-07-28 17:07:45] [INFO    ] [__main__] Database initialised
[2026-07-28 17:07:45] [INFO    ] [__main__] [READING] zone=Annealing-Line | timestamp=2026-07-24T21:00:00
[2026-07-28 17:07:45] [DEBUG   ] [__main__] [READING] raw={"timestamp": "2026-07-24T21:00:00", "factory": "JSW Steel", "zone": "Annealing-Line", "temperature_unit": "celsius", "temperature": 26.6, "humidity": 0, "globe_temperature": 32.5, "wet_bulb_temperatu
[2026-07-28 17:07:45] [DEBUG   ] [__main__] [VALIDATE] zone=Annealing-Line | condition=MISSING_RH | missing=['humidity'] | flags=[]
[2026-07-28 17:07:45] [ERROR   ] [__main__] [CALC ERROR] zone=Annealing-Line | timestamp=2026-07-24T21:00:00 | error=WEATHER_API_BASE_URL is not configured.
[2026-07-28 17:07:45] [WARNING ] [__main__] Pipeline completed with fault: Calculation error: WEATHER_API_BASE_URL is not configured.
[2026-07-28 17:07:45] [INFO    ] [root] ============================================================
[2026-07-28 17:07:45] [INFO    ] [root] WBGT Monitor logging started
[2026-07-28 17:07:45] [INFO    ] [root] Log file : C:\Users\Varsh\Desktop\AGEIS\logs\wbgt_monitor_20260728.log
[2026-07-28 17:07:45] [INFO    ] [root] ============================================================
[2026-07-28 17:07:45] [INFO    ] [__main__] WBGT Monitor starting up
[2026-07-28 17:07:45] [INFO    ] [__main__] Database initialised
[2026-07-28 17:07:45] [INFO    ] [__main__] [READING] zone=Continuous-Casting | timestamp=2026-07-24T22:00:00
[2026-07-28 17:07:45] [DEBUG   ] [__main__] [READING] raw={"timestamp": "2026-07-24T22:00:00", "factory": "SAIL", "zone": "Continuous-Casting", "temperature_unit": "celsius", "temperature": 30.7, "humidity": 60.4, "globe_temperature": 45.8, "wet_bulb_tempera
[2026-07-28 17:07:45] [DEBUG   ] [__main__] [VALIDATE] zone=Continuous-Casting | condition=ALL_DATA | missing=[] | flags=[]
[2026-07-28 17:07:45] [INFO    ] [__main__] [CALC] zone=Continuous-Casting | ta=30.7 | rh=60.4 | tg=45.8 | tnwb=24.7 | wbgt=31.03
[2026-07-28 17:07:45] [DEBUG   ] [__main__] [CALC] data_quality={'ta': 'sensor', 'rh': 'sensor', 'tg': 'sensor', 'tnwb': 'sensor', 'wbgt': 'calculated'}
[2026-07-28 17:07:45] [INFO    ] [__main__] [CLASSIFY] zone=Continuous-Casting | wbgt=31.03 | risk=WARNING | action=Enforce work/rest cycles (50 min work, 10 min rest)
[2026-07-28 17:07:45] [WARNING ] [__main__] [WARNING ALERT] zone=Continuous-Casting | wbgt=31.03 | Enforce work/rest cycles (50 min work, 10 min rest)
[2026-07-28 17:07:45] [INFO    ] [__main__] [DB] zone=Continuous-Casting | db_id=45 | saved OK
[2026-07-28 17:07:45] [INFO    ] [__main__] Pipeline completed OK | db_id=45
[2026-07-28 17:07:46] [INFO    ] [root] ============================================================
[2026-07-28 17:07:46] [INFO    ] [root] WBGT Monitor logging started
[2026-07-28 17:07:46] [INFO    ] [root] Log file : C:\Users\Varsh\Desktop\AGEIS\logs\wbgt_monitor_20260728.log
[2026-07-28 17:07:46] [INFO    ] [root] ============================================================
[2026-07-28 17:07:46] [INFO    ] [__main__] WBGT Monitor starting up
[2026-07-28 17:07:46] [INFO    ] [__main__] Database initialised
[2026-07-28 17:07:46] [INFO    ] [__main__] [READING] zone=Fabrication-Shop | timestamp=2026-07-24T23:00:00
[2026-07-28 17:07:46] [DEBUG   ] [__main__] [READING] raw={"timestamp": "2026-07-24T23:00:00", "factory": "JSPL", "zone": "Fabrication-Shop", "temperature_unit": "celsius", "temperature": 24.9, "humidity": 62.3, "globe_temperature": 28.4, "wet_bulb_temperatu
[2026-07-28 17:07:46] [DEBUG   ] [__main__] [VALIDATE] zone=Fabrication-Shop | condition=ALL_DATA | missing=[] | flags=[]
[2026-07-28 17:07:46] [INFO    ] [__main__] [CALC] zone=Fabrication-Shop | ta=24.9 | rh=62.3 | tg=28.4 | tnwb=19.8 | wbgt=22.38
[2026-07-28 17:07:46] [DEBUG   ] [__main__] [CALC] data_quality={'ta': 'sensor', 'rh': 'sensor', 'tg': 'sensor', 'tnwb': 'sensor', 'wbgt': 'calculated'}
[2026-07-28 17:07:46] [INFO    ] [__main__] [CLASSIFY] zone=Fabrication-Shop | wbgt=22.38 | risk=SAFE | action=Normal work, no restrictions
[2026-07-28 17:07:46] [INFO    ] [__main__] [DB] zone=Fabrication-Shop | db_id=46 | saved OK
[2026-07-28 17:07:46] [INFO    ] [__main__] Pipeline completed OK | db_id=46
[2026-07-28 17:07:46] [INFO    ] [root] ============================================================
[2026-07-28 17:07:46] [INFO    ] [root] WBGT Monitor logging started
[2026-07-28 17:07:46] [INFO    ] [root] Log file : C:\Users\Varsh\Desktop\AGEIS\logs\wbgt_monitor_20260728.log
[2026-07-28 17:07:46] [INFO    ] [root] ============================================================
[2026-07-28 17:07:46] [INFO    ] [__main__] WBGT Monitor starting up
[2026-07-28 17:07:46] [INFO    ] [__main__] Database initialised
[2026-07-28 17:07:46] [INFO    ] [__main__] [READING] zone=Ladle-Metallurgy | timestamp=2026-07-25T00:00:00
[2026-07-28 17:07:46] [DEBUG   ] [__main__] [READING] raw={"timestamp": "2026-07-25T00:00:00", "factory": "JSPL", "zone": "Ladle-Metallurgy", "temperature_unit": "celsius", "temperature": 28.8, "humidity": 60.1, "globe_temperature": 41.6, "wet_bulb_temperatu
[2026-07-28 17:07:46] [DEBUG   ] [__main__] [VALIDATE] zone=Ladle-Metallurgy | condition=ALL_DATA | missing=[] | flags=[]
[2026-07-28 17:07:46] [INFO    ] [__main__] [CALC] zone=Ladle-Metallurgy | ta=28.8 | rh=60.1 | tg=41.6 | tnwb=22.9 | wbgt=28.51
[2026-07-28 17:07:46] [DEBUG   ] [__main__] [CALC] data_quality={'ta': 'sensor', 'rh': 'sensor', 'tg': 'sensor', 'tnwb': 'sensor', 'wbgt': 'calculated'}
[2026-07-28 17:07:46] [INFO    ] [__main__] [CLASSIFY] zone=Ladle-Metallurgy | wbgt=28.51 | risk=CAUTION | action=Increase water breaks
[2026-07-28 17:07:46] [INFO    ] [__main__] [DB] zone=Ladle-Metallurgy | db_id=47 | saved OK
[2026-07-28 17:07:46] [INFO    ] [__main__] Pipeline completed OK | db_id=47
[2026-07-28 17:07:47] [INFO    ] [root] ============================================================
[2026-07-28 17:07:47] [INFO    ] [root] WBGT Monitor logging started
[2026-07-28 17:07:47] [INFO    ] [root] Log file : C:\Users\Varsh\Desktop\AGEIS\logs\wbgt_monitor_20260728.log
[2026-07-28 17:07:47] [INFO    ] [root] ============================================================
[2026-07-28 17:07:47] [INFO    ] [__main__] WBGT Monitor starting up
[2026-07-28 17:07:47] [INFO    ] [__main__] Database initialised
[2026-07-28 17:07:47] [INFO    ] [__main__] [READING] zone=Loading-Dock | timestamp=2026-07-25T01:00:00
[2026-07-28 17:07:47] [DEBUG   ] [__main__] [READING] raw={"timestamp": "2026-07-25T01:00:00", "factory": "Vedanta", "zone": "Loading-Dock", "temperature_unit": "celsius", "temperature": 23.2, "humidity": 0, "globe_temperature": 26.2, "wet_bulb_temperature":
[2026-07-28 17:07:47] [DEBUG   ] [__main__] [VALIDATE] zone=Loading-Dock | condition=MISSING_RH | missing=['humidity'] | flags=[]
[2026-07-28 17:07:47] [ERROR   ] [__main__] [CALC ERROR] zone=Loading-Dock | timestamp=2026-07-25T01:00:00 | error=WEATHER_API_BASE_URL is not configured.
[2026-07-28 17:07:47] [WARNING ] [__main__] Pipeline completed with fault: Calculation error: WEATHER_API_BASE_URL is not configured.
[2026-07-28 17:07:48] [INFO    ] [root] ============================================================
[2026-07-28 17:07:48] [INFO    ] [root] WBGT Monitor logging started
[2026-07-28 17:07:48] [INFO    ] [root] Log file : C:\Users\Varsh\Desktop\AGEIS\logs\wbgt_monitor_20260728.log
[2026-07-28 17:07:48] [INFO    ] [root] ============================================================
[2026-07-28 17:07:48] [INFO    ] [__main__] WBGT Monitor starting up
[2026-07-28 17:07:48] [INFO    ] [__main__] Database initialised
[2026-07-28 17:07:48] [INFO    ] [__main__] [READING] zone=EAF-Bay | timestamp=2026-07-25T02:00:00
[2026-07-28 17:07:48] [DEBUG   ] [__main__] [READING] raw={"timestamp": "2026-07-25T02:00:00", "factory": "JSW Steel", "zone": "EAF-Bay", "temperature_unit": "celsius", "temperature": 38.5, "humidity": 0, "globe_temperature": 0, "wet_bulb_temperature": 26.3}
[2026-07-28 17:07:48] [DEBUG   ] [__main__] [VALIDATE] zone=EAF-Bay | condition=MISSING_RH | missing=['humidity', 'globe_temperature'] | flags=[]
[2026-07-28 17:07:48] [ERROR   ] [__main__] [CALC ERROR] zone=EAF-Bay | timestamp=2026-07-25T02:00:00 | error=WEATHER_API_BASE_URL is not configured.
[2026-07-28 17:07:48] [WARNING ] [__main__] Pipeline completed with fault: Calculation error: WEATHER_API_BASE_URL is not configured.
[2026-07-28 17:07:48] [INFO    ] [root] ============================================================
[2026-07-28 17:07:48] [INFO    ] [root] WBGT Monitor logging started
[2026-07-28 17:07:48] [INFO    ] [root] Log file : C:\Users\Varsh\Desktop\AGEIS\logs\wbgt_monitor_20260728.log
[2026-07-28 17:07:48] [INFO    ] [root] ============================================================
[2026-07-28 17:07:48] [INFO    ] [__main__] WBGT Monitor starting up
[2026-07-28 17:07:48] [INFO    ] [__main__] Database initialised
[2026-07-28 17:07:48] [INFO    ] [__main__] [READING] zone=Furnace-1 | timestamp=2026-07-25T03:00:00
[2026-07-28 17:07:48] [DEBUG   ] [__main__] [READING] raw={"timestamp": "2026-07-25T03:00:00", "factory": "Shree Metal Works", "zone": "Furnace-1", "temperature_unit": "celsius", "temperature": 36.3, "humidity": 43.1, "globe_temperature": 0, "wet_bulb_temper
[2026-07-28 17:07:48] [DEBUG   ] [__main__] [VALIDATE] zone=Furnace-1 | condition=MISSING_TG | missing=['globe_temperature'] | flags=[]
[2026-07-28 17:07:48] [INFO    ] [__main__] [CALC] zone=Furnace-1 | ta=36.3 | rh=43.1 | tg=41.3 | tnwb=26.0 | wbgt=30.59
[2026-07-28 17:07:48] [DEBUG   ] [__main__] [CALC] data_quality={'ta': 'sensor', 'rh': 'sensor', 'tg': 'estimated', 'tnwb': 'sensor', 'wbgt': 'calculated'}
[2026-07-28 17:07:48] [INFO    ] [__main__] [CLASSIFY] zone=Furnace-1 | wbgt=30.59 | risk=WARNING | action=Enforce work/rest cycles (50 min work, 10 min rest)
[2026-07-28 17:07:48] [WARNING ] [__main__] [WARNING ALERT] zone=Furnace-1 | wbgt=30.59 | Enforce work/rest cycles (50 min work, 10 min rest)
[2026-07-28 17:07:48] [INFO    ] [__main__] [DB] zone=Furnace-1 | db_id=48 | saved OK
[2026-07-28 17:07:48] [INFO    ] [__main__] Pipeline completed OK | db_id=48
[2026-07-28 17:07:49] [INFO    ] [root] ============================================================
[2026-07-28 17:07:49] [INFO    ] [root] WBGT Monitor logging started
[2026-07-28 17:07:49] [INFO    ] [root] Log file : C:\Users\Varsh\Desktop\AGEIS\logs\wbgt_monitor_20260728.log
[2026-07-28 17:07:49] [INFO    ] [root] ============================================================
[2026-07-28 17:07:49] [INFO    ] [__main__] WBGT Monitor starting up
[2026-07-28 17:07:49] [INFO    ] [__main__] Database initialised
[2026-07-28 17:07:49] [INFO    ] [__main__] [READING] zone=Warehouse | timestamp=2026-07-25T04:00:00
[2026-07-28 17:07:49] [DEBUG   ] [__main__] [READING] raw={"timestamp": "2026-07-25T04:00:00", "factory": "Ganesh Alloys", "zone": "Warehouse", "temperature_unit": "celsius", "temperature": 19.6, "humidity": 62.0, "globe_temperature": 14.5, "wet_bulb_tempera
[2026-07-28 17:07:49] [DEBUG   ] [__main__] [VALIDATE] zone=Warehouse | condition=None | missing=[] | flags=[]
[2026-07-28 17:07:49] [WARNING ] [__main__] [FAULT] zone=Warehouse | timestamp=2026-07-25T04:00:00 | reason=SENSOR_FAULT: globe_temperature=14.5 is less than temperature=19.6.
[2026-07-28 17:07:49] [WARNING ] [__main__] Pipeline completed with fault: SENSOR_FAULT: globe_temperature=14.5 is less than temperature=19.6.
[2026-07-28 17:07:49] [INFO    ] [root] ============================================================
[2026-07-28 17:07:49] [INFO    ] [root] WBGT Monitor logging started
[2026-07-28 17:07:49] [INFO    ] [root] Log file : C:\Users\Varsh\Desktop\AGEIS\logs\wbgt_monitor_20260728.log
[2026-07-28 17:07:49] [INFO    ] [root] ============================================================
[2026-07-28 17:07:49] [INFO    ] [__main__] WBGT Monitor starting up
[2026-07-28 17:07:49] [INFO    ] [__main__] Database initialised
[2026-07-28 17:07:49] [INFO    ] [__main__] [READING] zone=Continuous-Casting | timestamp=2026-07-25T05:00:00
[2026-07-28 17:07:49] [DEBUG   ] [__main__] [READING] raw={"timestamp": "2026-07-25T05:00:00", "factory": "SAIL", "zone": "Continuous-Casting", "temperature_unit": "celsius", "temperature": 29.2, "humidity": 54.1, "globe_temperature": 40.9, "wet_bulb_tempera
[2026-07-28 17:07:49] [DEBUG   ] [__main__] [VALIDATE] zone=Continuous-Casting | condition=ALL_DATA | missing=[] | flags=[]
[2026-07-28 17:07:49] [INFO    ] [__main__] [CALC] zone=Continuous-Casting | ta=29.2 | rh=54.1 | tg=40.9 | tnwb=22.3067 | wbgt=27.8847
[2026-07-28 17:07:49] [DEBUG   ] [__main__] [CALC] data_quality={'ta': 'sensor', 'rh': 'sensor', 'tg': 'sensor', 'tnwb': 'calculated', 'wbgt': 'calculated'}
[2026-07-28 17:07:49] [INFO    ] [__main__] [CLASSIFY] zone=Continuous-Casting | wbgt=27.8847 | risk=CAUTION | action=Increase water breaks
[2026-07-28 17:07:50] [INFO    ] [__main__] [DB] zone=Continuous-Casting | db_id=49 | saved OK
[2026-07-28 17:07:50] [INFO    ] [__main__] Pipeline completed OK | db_id=49
[2026-07-28 17:07:50] [INFO    ] [root] ============================================================
[2026-07-28 17:07:50] [INFO    ] [root] WBGT Monitor logging started
[2026-07-28 17:07:50] [INFO    ] [root] Log file : C:\Users\Varsh\Desktop\AGEIS\logs\wbgt_monitor_20260728.log
[2026-07-28 17:07:50] [INFO    ] [root] ============================================================
[2026-07-28 17:07:50] [INFO    ] [__main__] WBGT Monitor starting up
[2026-07-28 17:07:50] [INFO    ] [__main__] Database initialised
[2026-07-28 17:07:50] [INFO    ] [__main__] [READING] zone=Rolling-Mill | timestamp=2026-07-25T06:00:00
[2026-07-28 17:07:50] [DEBUG   ] [__main__] [READING] raw={"timestamp": "2026-07-25T06:00:00", "factory": "Ganesh Alloys", "zone": "Rolling-Mill", "temperature_unit": "celsius", "temperature": 29.0, "humidity": 55.1, "globe_temperature": 38.1, "wet_bulb_temp
[2026-07-28 17:07:50] [DEBUG   ] [__main__] [VALIDATE] zone=Rolling-Mill | condition=ALL_DATA | missing=[] | flags=[]
[2026-07-28 17:07:50] [INFO    ] [__main__] [CALC] zone=Rolling-Mill | ta=29.0 | rh=55.1 | tg=38.1 | tnwb=22.8 | wbgt=27.39
[2026-07-28 17:07:50] [DEBUG   ] [__main__] [CALC] data_quality={'ta': 'sensor', 'rh': 'sensor', 'tg': 'sensor', 'tnwb': 'sensor', 'wbgt': 'calculated'}
[2026-07-28 17:07:50] [INFO    ] [__main__] [CLASSIFY] zone=Rolling-Mill | wbgt=27.39 | risk=CAUTION | action=Increase water breaks
[2026-07-28 17:07:50] [INFO    ] [__main__] [DB] zone=Rolling-Mill | db_id=50 | saved OK
[2026-07-28 17:07:50] [INFO    ] [__main__] Pipeline completed OK | db_id=50
[2026-07-28 17:07:51] [INFO    ] [root] ============================================================
[2026-07-28 17:07:51] [INFO    ] [root] WBGT Monitor logging started
[2026-07-28 17:07:51] [INFO    ] [root] Log file : C:\Users\Varsh\Desktop\AGEIS\logs\wbgt_monitor_20260728.log
[2026-07-28 17:07:51] [INFO    ] [root] ============================================================
[2026-07-28 17:07:51] [INFO    ] [__main__] WBGT Monitor starting up
[2026-07-28 17:07:51] [INFO    ] [__main__] Database initialised
[2026-07-28 17:07:51] [INFO    ] [__main__] [READING] zone=Furnace-1 | timestamp=2026-07-25T07:00:00
[2026-07-28 17:07:51] [DEBUG   ] [__main__] [READING] raw={"timestamp": "2026-07-25T07:00:00", "factory": "JSW Steel", "zone": "Furnace-1", "temperature_unit": "celsius", "temperature": 39.7, "humidity": 43.2, "globe_temperature": 57.1, "wet_bulb_temperature
[2026-07-28 17:07:51] [DEBUG   ] [__main__] [VALIDATE] zone=Furnace-1 | condition=ALL_DATA | missing=[] | flags=[]
[2026-07-28 17:07:51] [INFO    ] [__main__] [CALC] zone=Furnace-1 | ta=39.7 | rh=43.2 | tg=57.1 | tnwb=28.8 | wbgt=37.29
[2026-07-28 17:07:51] [DEBUG   ] [__main__] [CALC] data_quality={'ta': 'sensor', 'rh': 'sensor', 'tg': 'sensor', 'tnwb': 'sensor', 'wbgt': 'calculated'}
[2026-07-28 17:07:51] [INFO    ] [__main__] [CLASSIFY] zone=Furnace-1 | wbgt=37.29 | risk=DANGER | action=Halt heavy work, mandatory rest, evacuate
[2026-07-28 17:07:51] [WARNING ] [__main__] [DANGER ALERT] zone=Furnace-1 | wbgt=37.29 | Halt heavy work, mandatory rest, evacuate
[2026-07-28 17:07:51] [INFO    ] [__main__] [DB] zone=Furnace-1 | db_id=51 | saved OK
[2026-07-28 17:07:51] [INFO    ] [__main__] Pipeline completed OK | db_id=51
[2026-07-28 17:07:52] [INFO    ] [root] ============================================================
[2026-07-28 17:07:52] [INFO    ] [root] WBGT Monitor logging started
[2026-07-28 17:07:52] [INFO    ] [root] Log file : C:\Users\Varsh\Desktop\AGEIS\logs\wbgt_monitor_20260728.log
[2026-07-28 17:07:52] [INFO    ] [root] ============================================================
[2026-07-28 17:07:52] [INFO    ] [__main__] WBGT Monitor starting up
[2026-07-28 17:07:52] [INFO    ] [__main__] Database initialised
[2026-07-28 17:07:52] [INFO    ] [__main__] [READING] zone=Loading-Dock | timestamp=2026-07-25T08:00:00
[2026-07-28 17:07:52] [DEBUG   ] [__main__] [READING] raw={"timestamp": "2026-07-25T08:00:00", "factory": "JSPL", "zone": "Loading-Dock", "temperature_unit": "celsius", "temperature": 27.1, "humidity": 71.2, "globe_temperature": 0, "wet_bulb_temperature": 22
[2026-07-28 17:07:52] [DEBUG   ] [__main__] [VALIDATE] zone=Loading-Dock | condition=MISSING_TG | missing=['globe_temperature'] | flags=[]
[2026-07-28 17:07:52] [INFO    ] [__main__] [CALC] zone=Loading-Dock | ta=27.1 | rh=71.2 | tg=32.1 | tnwb=22.9 | wbgt=25.66
[2026-07-28 17:07:52] [DEBUG   ] [__main__] [CALC] data_quality={'ta': 'sensor', 'rh': 'sensor', 'tg': 'estimated', 'tnwb': 'sensor', 'wbgt': 'calculated'}
[2026-07-28 17:07:52] [INFO    ] [__main__] [CLASSIFY] zone=Loading-Dock | wbgt=25.66 | risk=SAFE | action=Normal work, no restrictions
[2026-07-28 17:07:52] [INFO    ] [__main__] [DB] zone=Loading-Dock | db_id=52 | saved OK
[2026-07-28 17:07:52] [INFO    ] [__main__] Pipeline completed OK | db_id=52
[2026-07-28 17:07:52] [INFO    ] [root] ============================================================
[2026-07-28 17:07:52] [INFO    ] [root] WBGT Monitor logging started
[2026-07-28 17:07:52] [INFO    ] [root] Log file : C:\Users\Varsh\Desktop\AGEIS\logs\wbgt_monitor_20260728.log
[2026-07-28 17:07:52] [INFO    ] [root] ============================================================
[2026-07-28 17:07:52] [INFO    ] [__main__] WBGT Monitor starting up
[2026-07-28 17:07:52] [INFO    ] [__main__] Database initialised
[2026-07-28 17:07:52] [INFO    ] [__main__] [READING] zone=Warehouse | timestamp=2026-07-25T09:00:00
[2026-07-28 17:07:52] [DEBUG   ] [__main__] [READING] raw={"timestamp": "2026-07-25T09:00:00", "factory": "Ganesh Alloys", "zone": "Warehouse", "temperature_unit": "celsius", "temperature": 27.1, "humidity": 60.4, "globe_temperature": 27.5, "wet_bulb_tempera
[2026-07-28 17:07:52] [DEBUG   ] [__main__] [VALIDATE] zone=Warehouse | condition=ALL_DATA | missing=[] | flags=[]
[2026-07-28 17:07:52] [INFO    ] [__main__] [CALC] zone=Warehouse | ta=27.1 | rh=60.4 | tg=27.5 | tnwb=21.4512 | wbgt=23.2658
[2026-07-28 17:07:52] [DEBUG   ] [__main__] [CALC] data_quality={'ta': 'sensor', 'rh': 'sensor', 'tg': 'sensor', 'tnwb': 'calculated', 'wbgt': 'calculated'}
[2026-07-28 17:07:52] [INFO    ] [__main__] [CLASSIFY] zone=Warehouse | wbgt=23.2658 | risk=SAFE | action=Normal work, no restrictions
[2026-07-28 17:07:52] [INFO    ] [__main__] [DB] zone=Warehouse | db_id=53 | saved OK
[2026-07-28 17:07:52] [INFO    ] [__main__] Pipeline completed OK | db_id=53
[2026-07-28 17:07:53] [INFO    ] [root] ============================================================
[2026-07-28 17:07:53] [INFO    ] [root] WBGT Monitor logging started
[2026-07-28 17:07:53] [INFO    ] [root] Log file : C:\Users\Varsh\Desktop\AGEIS\logs\wbgt_monitor_20260728.log
[2026-07-28 17:07:53] [INFO    ] [root] ============================================================
[2026-07-28 17:07:53] [INFO    ] [__main__] WBGT Monitor starting up
[2026-07-28 17:07:53] [INFO    ] [__main__] Database initialised
[2026-07-28 17:07:53] [INFO    ] [__main__] [READING] zone=Ladle-Metallurgy | timestamp=2026-07-25T10:00:00
[2026-07-28 17:07:53] [DEBUG   ] [__main__] [READING] raw={"timestamp": "2026-07-25T10:00:00", "factory": "Ganesh Alloys", "zone": "Ladle-Metallurgy", "temperature_unit": "celsius", "temperature": 34.2, "humidity": 33.8, "globe_temperature": 46.2, "wet_bulb_
[2026-07-28 17:07:53] [DEBUG   ] [__main__] [VALIDATE] zone=Ladle-Metallurgy | condition=ALL_DATA | missing=[] | flags=[]
[2026-07-28 17:07:53] [INFO    ] [__main__] [CALC] zone=Ladle-Metallurgy | ta=34.2 | rh=33.8 | tg=46.2 | tnwb=22.4 | wbgt=29.54
[2026-07-28 17:07:53] [DEBUG   ] [__main__] [CALC] data_quality={'ta': 'sensor', 'rh': 'sensor', 'tg': 'sensor', 'tnwb': 'sensor', 'wbgt': 'calculated'}
[2026-07-28 17:07:53] [INFO    ] [__main__] [CLASSIFY] zone=Ladle-Metallurgy | wbgt=29.54 | risk=WARNING | action=Enforce work/rest cycles (50 min work, 10 min rest)
[2026-07-28 17:07:53] [WARNING ] [__main__] [WARNING ALERT] zone=Ladle-Metallurgy | wbgt=29.54 | Enforce work/rest cycles (50 min work, 10 min rest)
[2026-07-28 17:07:53] [INFO    ] [__main__] [DB] zone=Ladle-Metallurgy | db_id=54 | saved OK
[2026-07-28 17:07:53] [INFO    ] [__main__] Pipeline completed OK | db_id=54
[2026-07-28 17:07:54] [INFO    ] [root] ============================================================
[2026-07-28 17:07:54] [INFO    ] [root] WBGT Monitor logging started
[2026-07-28 17:07:54] [INFO    ] [root] Log file : C:\Users\Varsh\Desktop\AGEIS\logs\wbgt_monitor_20260728.log
[2026-07-28 17:07:54] [INFO    ] [root] ============================================================
[2026-07-28 17:07:54] [INFO    ] [__main__] WBGT Monitor starting up
[2026-07-28 17:07:54] [INFO    ] [__main__] Database initialised
[2026-07-28 17:07:54] [INFO    ] [__main__] [READING] zone=Furnace-2 | timestamp=2026-07-25T11:00:00
[2026-07-28 17:07:54] [DEBUG   ] [__main__] [READING] raw={"timestamp": "2026-07-25T11:00:00", "factory": "SAIL", "zone": "Furnace-2", "temperature_unit": "celsius", "temperature": 41.3, "humidity": 32.9, "globe_temperature": 57.9, "wet_bulb_temperature": 28
[2026-07-28 17:07:54] [DEBUG   ] [__main__] [VALIDATE] zone=Furnace-2 | condition=ALL_DATA | missing=[] | flags=[]
[2026-07-28 17:07:54] [INFO    ] [__main__] [CALC] zone=Furnace-2 | ta=41.3 | rh=32.9 | tg=57.9 | tnwb=28.2 | wbgt=37.11
[2026-07-28 17:07:54] [DEBUG   ] [__main__] [CALC] data_quality={'ta': 'sensor', 'rh': 'sensor', 'tg': 'sensor', 'tnwb': 'sensor', 'wbgt': 'calculated'}
[2026-07-28 17:07:54] [INFO    ] [__main__] [CLASSIFY] zone=Furnace-2 | wbgt=37.11 | risk=DANGER | action=Halt heavy work, mandatory rest, evacuate
[2026-07-28 17:07:54] [WARNING ] [__main__] [DANGER ALERT] zone=Furnace-2 | wbgt=37.11 | Halt heavy work, mandatory rest, evacuate
[2026-07-28 17:07:54] [INFO    ] [__main__] [DB] zone=Furnace-2 | db_id=55 | saved OK
[2026-07-28 17:07:54] [INFO    ] [__main__] Pipeline completed OK | db_id=55
[2026-07-28 17:07:54] [INFO    ] [root] ============================================================
[2026-07-28 17:07:54] [INFO    ] [root] WBGT Monitor logging started
[2026-07-28 17:07:54] [INFO    ] [root] Log file : C:\Users\Varsh\Desktop\AGEIS\logs\wbgt_monitor_20260728.log
[2026-07-28 17:07:54] [INFO    ] [root] ============================================================
[2026-07-28 17:07:54] [INFO    ] [__main__] WBGT Monitor starting up
[2026-07-28 17:07:54] [INFO    ] [__main__] Database initialised
[2026-07-28 17:07:54] [INFO    ] [__main__] [READING] zone=EAF-Bay | timestamp=2026-07-25T12:00:00
[2026-07-28 17:07:54] [DEBUG   ] [__main__] [READING] raw={"timestamp": "2026-07-25T12:00:00", "factory": "SAIL", "zone": "EAF-Bay", "temperature_unit": "celsius", "temperature": 43.9, "humidity": 46.0, "globe_temperature": 0, "wet_bulb_temperature": 0}
[2026-07-28 17:07:54] [DEBUG   ] [__main__] [VALIDATE] zone=EAF-Bay | condition=MISSING_TG | missing=['globe_temperature'] | flags=[]
[2026-07-28 17:07:54] [INFO    ] [__main__] [CALC] zone=EAF-Bay | ta=43.9 | rh=46.0 | tg=48.9 | tnwb=33.2846 | wbgt=37.9692
[2026-07-28 17:07:54] [DEBUG   ] [__main__] [CALC] data_quality={'ta': 'sensor', 'rh': 'sensor', 'tg': 'estimated', 'tnwb': 'calculated', 'wbgt': 'calculated'}
[2026-07-28 17:07:54] [INFO    ] [__main__] [CLASSIFY] zone=EAF-Bay | wbgt=37.9692 | risk=DANGER | action=Halt heavy work, mandatory rest, evacuate
[2026-07-28 17:07:54] [WARNING ] [__main__] [DANGER ALERT] zone=EAF-Bay | wbgt=37.9692 | Halt heavy work, mandatory rest, evacuate
[2026-07-28 17:07:54] [INFO    ] [__main__] [DB] zone=EAF-Bay | db_id=56 | saved OK
[2026-07-28 17:07:54] [INFO    ] [__main__] Pipeline completed OK | db_id=56
[2026-07-28 17:07:55] [INFO    ] [root] ============================================================
[2026-07-28 17:07:55] [INFO    ] [root] WBGT Monitor logging started
[2026-07-28 17:07:55] [INFO    ] [root] Log file : C:\Users\Varsh\Desktop\AGEIS\logs\wbgt_monitor_20260728.log
[2026-07-28 17:07:55] [INFO    ] [root] ============================================================
[2026-07-28 17:07:55] [INFO    ] [__main__] WBGT Monitor starting up
[2026-07-28 17:07:55] [INFO    ] [__main__] Database initialised
[2026-07-28 17:07:55] [INFO    ] [__main__] [READING] zone=Annealing-Line | timestamp=2026-07-25T13:00:00
[2026-07-28 17:07:55] [DEBUG   ] [__main__] [READING] raw={"timestamp": "2026-07-25T13:00:00", "factory": "Shree Metal Works", "zone": "Annealing-Line", "temperature_unit": "celsius", "temperature": 36.5, "humidity": 48.8, "globe_temperature": 41.3, "wet_bul
[2026-07-28 17:07:55] [DEBUG   ] [__main__] [VALIDATE] zone=Annealing-Line | condition=ALL_DATA | missing=[] | flags=[]
[2026-07-28 17:07:55] [INFO    ] [__main__] [CALC] zone=Annealing-Line | ta=36.5 | rh=48.8 | tg=41.3 | tnwb=27.5 | wbgt=31.64
[2026-07-28 17:07:55] [DEBUG   ] [__main__] [CALC] data_quality={'ta': 'sensor', 'rh': 'sensor', 'tg': 'sensor', 'tnwb': 'sensor', 'wbgt': 'calculated'}
[2026-07-28 17:07:55] [INFO    ] [__main__] [CLASSIFY] zone=Annealing-Line | wbgt=31.64 | risk=DANGER | action=Halt heavy work, mandatory rest, evacuate
[2026-07-28 17:07:55] [WARNING ] [__main__] [DANGER ALERT] zone=Annealing-Line | wbgt=31.64 | Halt heavy work, mandatory rest, evacuate
[2026-07-28 17:07:55] [INFO    ] [__main__] [DB] zone=Annealing-Line | db_id=57 | saved OK
[2026-07-28 17:07:55] [INFO    ] [__main__] Pipeline completed OK | db_id=57
[2026-07-28 17:07:55] [INFO    ] [root] ============================================================
[2026-07-28 17:07:55] [INFO    ] [root] WBGT Monitor logging started
[2026-07-28 17:07:55] [INFO    ] [root] Log file : C:\Users\Varsh\Desktop\AGEIS\logs\wbgt_monitor_20260728.log
[2026-07-28 17:07:55] [INFO    ] [root] ============================================================
[2026-07-28 17:07:55] [INFO    ] [__main__] WBGT Monitor starting up
[2026-07-28 17:07:55] [INFO    ] [__main__] Database initialised
[2026-07-28 17:07:55] [INFO    ] [__main__] [READING] zone=Fabrication-Shop | timestamp=2026-07-25T14:00:00
[2026-07-28 17:07:55] [DEBUG   ] [__main__] [READING] raw={"timestamp": "2026-07-25T14:00:00", "factory": "Vedanta", "zone": "Fabrication-Shop", "temperature_unit": "celsius", "temperature": 32.9, "humidity": 61.0, "globe_temperature": 34.9, "wet_bulb_temper
[2026-07-28 17:07:55] [DEBUG   ] [__main__] [VALIDATE] zone=Fabrication-Shop | condition=ALL_DATA | missing=[] | flags=[]
[2026-07-28 17:07:55] [INFO    ] [__main__] [CALC] zone=Fabrication-Shop | ta=32.9 | rh=61.0 | tg=34.9 | tnwb=26.5 | wbgt=29.02
[2026-07-28 17:07:55] [DEBUG   ] [__main__] [CALC] data_quality={'ta': 'sensor', 'rh': 'sensor', 'tg': 'sensor', 'tnwb': 'sensor', 'wbgt': 'calculated'}
[2026-07-28 17:07:55] [INFO    ] [__main__] [CLASSIFY] zone=Fabrication-Shop | wbgt=29.02 | risk=CAUTION | action=Increase water breaks
[2026-07-28 17:07:55] [INFO    ] [__main__] [DB] zone=Fabrication-Shop | db_id=58 | saved OK
[2026-07-28 17:07:55] [INFO    ] [__main__] Pipeline completed OK | db_id=58
[2026-07-28 17:07:56] [INFO    ] [root] ============================================================
[2026-07-28 17:07:56] [INFO    ] [root] WBGT Monitor logging started
[2026-07-28 17:07:56] [INFO    ] [root] Log file : C:\Users\Varsh\Desktop\AGEIS\logs\wbgt_monitor_20260728.log
[2026-07-28 17:07:56] [INFO    ] [root] ============================================================
[2026-07-28 17:07:56] [INFO    ] [__main__] WBGT Monitor starting up
[2026-07-28 17:07:56] [INFO    ] [__main__] Database initialised
[2026-07-28 17:07:56] [INFO    ] [__main__] [READING] zone=EAF-Bay | timestamp=2026-07-25T15:00:00
[2026-07-28 17:07:56] [DEBUG   ] [__main__] [READING] raw={"timestamp": "2026-07-25T15:00:00", "factory": "Ganesh Alloys", "zone": "EAF-Bay", "temperature_unit": "celsius", "temperature": 45.4, "humidity": 42.5, "globe_temperature": 64.9, "wet_bulb_temperatu
[2026-07-28 17:07:56] [DEBUG   ] [__main__] [VALIDATE] zone=EAF-Bay | condition=ALL_DATA | missing=[] | flags=[]
[2026-07-28 17:07:56] [INFO    ] [__main__] [CALC] zone=EAF-Bay | ta=45.4 | rh=42.5 | tg=64.9 | tnwb=33.6422 | wbgt=43.0195
[2026-07-28 17:07:56] [DEBUG   ] [__main__] [CALC] data_quality={'ta': 'sensor', 'rh': 'sensor', 'tg': 'sensor', 'tnwb': 'calculated', 'wbgt': 'calculated'}
[2026-07-28 17:07:56] [INFO    ] [__main__] [CLASSIFY] zone=EAF-Bay | wbgt=43.0195 | risk=DANGER | action=Halt heavy work, mandatory rest, evacuate
[2026-07-28 17:07:56] [WARNING ] [__main__] [DANGER ALERT] zone=EAF-Bay | wbgt=43.0195 | Halt heavy work, mandatory rest, evacuate
[2026-07-28 17:07:56] [INFO    ] [__main__] [DB] zone=EAF-Bay | db_id=59 | saved OK
[2026-07-28 17:07:56] [INFO    ] [__main__] Pipeline completed OK | db_id=59
[2026-07-28 17:07:57] [INFO    ] [root] ============================================================
[2026-07-28 17:07:57] [INFO    ] [root] WBGT Monitor logging started
[2026-07-28 17:07:57] [INFO    ] [root] Log file : C:\Users\Varsh\Desktop\AGEIS\logs\wbgt_monitor_20260728.log
[2026-07-28 17:07:57] [INFO    ] [root] ============================================================
[2026-07-28 17:07:57] [INFO    ] [__main__] WBGT Monitor starting up
[2026-07-28 17:07:57] [INFO    ] [__main__] Database initialised
[2026-07-28 17:07:57] [INFO    ] [__main__] [READING] zone=Furnace-2 | timestamp=2026-07-25T16:00:00
[2026-07-28 17:07:57] [DEBUG   ] [__main__] [READING] raw={"timestamp": "2026-07-25T16:00:00", "factory": "Tata Steel", "zone": "Furnace-2", "temperature_unit": "celsius", "temperature": 37.2, "humidity": 0, "globe_temperature": 0, "wet_bulb_temperature": 24
[2026-07-28 17:07:57] [DEBUG   ] [__main__] [VALIDATE] zone=Furnace-2 | condition=MISSING_RH | missing=['humidity', 'globe_temperature'] | flags=[]
[2026-07-28 17:07:57] [ERROR   ] [__main__] [CALC ERROR] zone=Furnace-2 | timestamp=2026-07-25T16:00:00 | error=WEATHER_API_BASE_URL is not configured.
[2026-07-28 17:07:57] [WARNING ] [__main__] Pipeline completed with fault: Calculation error: WEATHER_API_BASE_URL is not configured.
[2026-07-28 17:07:57] [INFO    ] [root] ============================================================
[2026-07-28 17:07:57] [INFO    ] [root] WBGT Monitor logging started
[2026-07-28 17:07:57] [INFO    ] [root] Log file : C:\Users\Varsh\Desktop\AGEIS\logs\wbgt_monitor_20260728.log
[2026-07-28 17:07:57] [INFO    ] [root] ============================================================
[2026-07-28 17:07:57] [INFO    ] [__main__] WBGT Monitor starting up
[2026-07-28 17:07:57] [INFO    ] [__main__] Database initialised
[2026-07-28 17:07:57] [INFO    ] [__main__] [READING] zone=Rolling-Mill | timestamp=2026-07-25T17:00:00
[2026-07-28 17:07:57] [DEBUG   ] [__main__] [READING] raw={"timestamp": "2026-07-25T17:00:00", "factory": "Ganesh Alloys", "zone": "Rolling-Mill", "temperature_unit": "celsius", "temperature": 37.8, "humidity": 62.3, "globe_temperature": 44.8, "wet_bulb_temp
[2026-07-28 17:07:57] [DEBUG   ] [__main__] [VALIDATE] zone=Rolling-Mill | condition=ALL_DATA | missing=[] | flags=[]
[2026-07-28 17:07:57] [INFO    ] [__main__] [CALC] zone=Rolling-Mill | ta=37.8 | rh=62.3 | tg=44.8 | tnwb=31.7 | wbgt=35.63
[2026-07-28 17:07:57] [DEBUG   ] [__main__] [CALC] data_quality={'ta': 'sensor', 'rh': 'sensor', 'tg': 'sensor', 'tnwb': 'sensor', 'wbgt': 'calculated'}
[2026-07-28 17:07:57] [INFO    ] [__main__] [CLASSIFY] zone=Rolling-Mill | wbgt=35.63 | risk=DANGER | action=Halt heavy work, mandatory rest, evacuate
[2026-07-28 17:07:57] [WARNING ] [__main__] [DANGER ALERT] zone=Rolling-Mill | wbgt=35.63 | Halt heavy work, mandatory rest, evacuate
[2026-07-28 17:07:57] [INFO    ] [__main__] [DB] zone=Rolling-Mill | db_id=60 | saved OK
[2026-07-28 17:07:57] [INFO    ] [__main__] Pipeline completed OK | db_id=60
[2026-07-28 17:07:58] [INFO    ] [root] ============================================================
[2026-07-28 17:07:58] [INFO    ] [root] WBGT Monitor logging started
[2026-07-28 17:07:58] [INFO    ] [root] Log file : C:\Users\Varsh\Desktop\AGEIS\logs\wbgt_monitor_20260728.log
[2026-07-28 17:07:58] [INFO    ] [root] ============================================================
[2026-07-28 17:07:58] [INFO    ] [__main__] WBGT Monitor starting up
[2026-07-28 17:07:58] [INFO    ] [__main__] Database initialised
[2026-07-28 17:07:58] [INFO    ] [__main__] [READING] zone=Furnace-1 | timestamp=2026-07-25T18:00:00
[2026-07-28 17:07:58] [DEBUG   ] [__main__] [READING] raw={"timestamp": "2026-07-25T18:00:00", "factory": "Shree Metal Works", "zone": "Furnace-1", "temperature_unit": "celsius", "temperature": 43.0, "humidity": 48.4, "globe_temperature": 61.0, "wet_bulb_tem
[2026-07-28 17:07:58] [DEBUG   ] [__main__] [VALIDATE] zone=Furnace-1 | condition=ALL_DATA | missing=[] | flags=[]
[2026-07-28 17:07:58] [INFO    ] [__main__] [CALC] zone=Furnace-1 | ta=43.0 | rh=48.4 | tg=61.0 | tnwb=33.1 | wbgt=41.47
[2026-07-28 17:07:58] [DEBUG   ] [__main__] [CALC] data_quality={'ta': 'sensor', 'rh': 'sensor', 'tg': 'sensor', 'tnwb': 'sensor', 'wbgt': 'calculated'}
[2026-07-28 17:07:58] [INFO    ] [__main__] [CLASSIFY] zone=Furnace-1 | wbgt=41.47 | risk=DANGER | action=Halt heavy work, mandatory rest, evacuate
[2026-07-28 17:07:58] [WARNING ] [__main__] [DANGER ALERT] zone=Furnace-1 | wbgt=41.47 | Halt heavy work, mandatory rest, evacuate
[2026-07-28 17:07:58] [INFO    ] [__main__] [DB] zone=Furnace-1 | db_id=61 | saved OK
[2026-07-28 17:07:58] [INFO    ] [__main__] Pipeline completed OK | db_id=61
[2026-07-28 17:07:59] [INFO    ] [root] ============================================================
[2026-07-28 17:07:59] [INFO    ] [root] WBGT Monitor logging started
[2026-07-28 17:07:59] [INFO    ] [root] Log file : C:\Users\Varsh\Desktop\AGEIS\logs\wbgt_monitor_20260728.log
[2026-07-28 17:07:59] [INFO    ] [root] ============================================================
[2026-07-28 17:07:59] [INFO    ] [__main__] WBGT Monitor starting up
[2026-07-28 17:07:59] [INFO    ] [__main__] Database initialised
[2026-07-28 17:07:59] [INFO    ] [__main__] [READING] zone=Warehouse | timestamp=2026-07-25T19:00:00
[2026-07-28 17:07:59] [DEBUG   ] [__main__] [READING] raw={"timestamp": "2026-07-25T19:00:00", "factory": "Shree Metal Works", "zone": "Warehouse", "temperature_unit": "celsius", "temperature": 27.4, "humidity": 0, "globe_temperature": 0, "wet_bulb_temperatu
[2026-07-28 17:07:59] [DEBUG   ] [__main__] [VALIDATE] zone=Warehouse | condition=MISSING_RH | missing=['humidity', 'globe_temperature'] | flags=[]
[2026-07-28 17:07:59] [ERROR   ] [__main__] [CALC ERROR] zone=Warehouse | timestamp=2026-07-25T19:00:00 | error=WEATHER_API_BASE_URL is not configured.
[2026-07-28 17:07:59] [WARNING ] [__main__] Pipeline completed with fault: Calculation error: WEATHER_API_BASE_URL is not configured.
[2026-07-28 17:07:59] [INFO    ] [root] ============================================================
[2026-07-28 17:07:59] [INFO    ] [root] WBGT Monitor logging started
[2026-07-28 17:07:59] [INFO    ] [root] Log file : C:\Users\Varsh\Desktop\AGEIS\logs\wbgt_monitor_20260728.log
[2026-07-28 17:07:59] [INFO    ] [root] ============================================================
[2026-07-28 17:07:59] [INFO    ] [__main__] WBGT Monitor starting up
[2026-07-28 17:07:59] [INFO    ] [__main__] Database initialised
[2026-07-28 17:07:59] [INFO    ] [__main__] [READING] zone=Ladle-Metallurgy | timestamp=2026-07-25T20:00:00
[2026-07-28 17:07:59] [DEBUG   ] [__main__] [READING] raw={"timestamp": "2026-07-25T20:00:00", "factory": "Shree Metal Works", "zone": "Ladle-Metallurgy", "temperature_unit": "celsius", "temperature": 33.0, "humidity": 42.0, "globe_temperature": 46.8, "wet_b
[2026-07-28 17:07:59] [DEBUG   ] [__main__] [VALIDATE] zone=Ladle-Metallurgy | condition=ALL_DATA | missing=[] | flags=[]
[2026-07-28 17:07:59] [INFO    ] [__main__] [CALC] zone=Ladle-Metallurgy | ta=33.0 | rh=42.0 | tg=46.8 | tnwb=23.1 | wbgt=30.21
[2026-07-28 17:07:59] [DEBUG   ] [__main__] [CALC] data_quality={'ta': 'sensor', 'rh': 'sensor', 'tg': 'sensor', 'tnwb': 'sensor', 'wbgt': 'calculated'}
[2026-07-28 17:07:59] [INFO    ] [__main__] [CLASSIFY] zone=Ladle-Metallurgy | wbgt=30.21 | risk=WARNING | action=Enforce work/rest cycles (50 min work, 10 min rest)
[2026-07-28 17:07:59] [WARNING ] [__main__] [WARNING ALERT] zone=Ladle-Metallurgy | wbgt=30.21 | Enforce work/rest cycles (50 min work, 10 min rest)
[2026-07-28 17:07:59] [INFO    ] [__main__] [DB] zone=Ladle-Metallurgy | db_id=62 | saved OK
[2026-07-28 17:07:59] [INFO    ] [__main__] Pipeline completed OK | db_id=62
[2026-07-28 17:08:00] [INFO    ] [root] ============================================================
[2026-07-28 17:08:00] [INFO    ] [root] WBGT Monitor logging started
[2026-07-28 17:08:00] [INFO    ] [root] Log file : C:\Users\Varsh\Desktop\AGEIS\logs\wbgt_monitor_20260728.log
[2026-07-28 17:08:00] [INFO    ] [root] ============================================================
[2026-07-28 17:08:00] [INFO    ] [__main__] WBGT Monitor starting up
[2026-07-28 17:08:00] [INFO    ] [__main__] Database initialised
[2026-07-28 17:08:00] [INFO    ] [__main__] [READING] zone=Fabrication-Shop | timestamp=2026-07-25T21:00:00
[2026-07-28 17:08:00] [DEBUG   ] [__main__] [READING] raw={"timestamp": "2026-07-25T21:00:00", "factory": "JSW Steel", "zone": "Fabrication-Shop", "temperature_unit": "celsius", "temperature": 24.1, "humidity": 57.4, "globe_temperature": 0, "wet_bulb_tempera
[2026-07-28 17:08:00] [DEBUG   ] [__main__] [VALIDATE] zone=Fabrication-Shop | condition=MISSING_TG | missing=['globe_temperature'] | flags=[]
[2026-07-28 17:08:00] [INFO    ] [__main__] [CALC] zone=Fabrication-Shop | ta=24.1 | rh=57.4 | tg=29.1 | tnwb=18.4 | wbgt=21.61
[2026-07-28 17:08:00] [DEBUG   ] [__main__] [CALC] data_quality={'ta': 'sensor', 'rh': 'sensor', 'tg': 'estimated', 'tnwb': 'sensor', 'wbgt': 'calculated'}
[2026-07-28 17:08:00] [INFO    ] [__main__] [CLASSIFY] zone=Fabrication-Shop | wbgt=21.61 | risk=SAFE | action=Normal work, no restrictions
[2026-07-28 17:08:00] [INFO    ] [__main__] [DB] zone=Fabrication-Shop | db_id=63 | saved OK
[2026-07-28 17:08:00] [INFO    ] [__main__] Pipeline completed OK | db_id=63
[2026-07-28 17:08:01] [INFO    ] [root] ============================================================
[2026-07-28 17:08:01] [INFO    ] [root] WBGT Monitor logging started
[2026-07-28 17:08:01] [INFO    ] [root] Log file : C:\Users\Varsh\Desktop\AGEIS\logs\wbgt_monitor_20260728.log
[2026-07-28 17:08:01] [INFO    ] [root] ============================================================
[2026-07-28 17:08:01] [INFO    ] [__main__] WBGT Monitor starting up
[2026-07-28 17:08:01] [INFO    ] [__main__] Database initialised
[2026-07-28 17:08:01] [INFO    ] [__main__] [READING] zone=Annealing-Line | timestamp=2026-07-25T22:00:00
[2026-07-28 17:08:01] [DEBUG   ] [__main__] [READING] raw={"timestamp": "2026-07-25T22:00:00", "factory": "Shree Metal Works", "zone": "Annealing-Line", "temperature_unit": "celsius", "temperature": 24.3, "humidity": 0, "globe_temperature": 0, "wet_bulb_temp
[2026-07-28 17:08:01] [DEBUG   ] [__main__] [VALIDATE] zone=Annealing-Line | condition=MISSING_RH | missing=['humidity', 'globe_temperature'] | flags=[]
[2026-07-28 17:08:01] [ERROR   ] [__main__] [CALC ERROR] zone=Annealing-Line | timestamp=2026-07-25T22:00:00 | error=WEATHER_API_BASE_URL is not configured.
[2026-07-28 17:08:01] [WARNING ] [__main__] Pipeline completed with fault: Calculation error: WEATHER_API_BASE_URL is not configured.
[2026-07-28 17:08:01] [INFO    ] [root] ============================================================
[2026-07-28 17:08:01] [INFO    ] [root] WBGT Monitor logging started
[2026-07-28 17:08:01] [INFO    ] [root] Log file : C:\Users\Varsh\Desktop\AGEIS\logs\wbgt_monitor_20260728.log
[2026-07-28 17:08:01] [INFO    ] [root] ============================================================
[2026-07-28 17:08:01] [INFO    ] [__main__] WBGT Monitor starting up
[2026-07-28 17:08:01] [INFO    ] [__main__] Database initialised
[2026-07-28 17:08:01] [INFO    ] [__main__] [READING] zone=Loading-Dock | timestamp=2026-07-25T23:00:00
[2026-07-28 17:08:01] [DEBUG   ] [__main__] [READING] raw={"timestamp": "2026-07-25T23:00:00", "factory": "Vedanta", "zone": "Loading-Dock", "temperature_unit": "celsius", "temperature": 31.7, "humidity": 50.1, "globe_temperature": 35.3, "wet_bulb_temperatur
[2026-07-28 17:08:01] [DEBUG   ] [__main__] [VALIDATE] zone=Loading-Dock | condition=ALL_DATA | missing=[] | flags=[]
[2026-07-28 17:08:01] [INFO    ] [__main__] [CALC] zone=Loading-Dock | ta=31.7 | rh=50.1 | tg=35.3 | tnwb=23.4 | wbgt=26.97
[2026-07-28 17:08:01] [DEBUG   ] [__main__] [CALC] data_quality={'ta': 'sensor', 'rh': 'sensor', 'tg': 'sensor', 'tnwb': 'sensor', 'wbgt': 'calculated'}
[2026-07-28 17:08:01] [INFO    ] [__main__] [CLASSIFY] zone=Loading-Dock | wbgt=26.97 | risk=CAUTION | action=Increase water breaks
[2026-07-28 17:08:02] [INFO    ] [__main__] [DB] zone=Loading-Dock | db_id=64 | saved OK
[2026-07-28 17:08:02] [INFO    ] [__main__] Pipeline completed OK | db_id=64
[2026-07-28 17:08:02] [INFO    ] [root] ============================================================
[2026-07-28 17:08:02] [INFO    ] [root] WBGT Monitor logging started
[2026-07-28 17:08:02] [INFO    ] [root] Log file : C:\Users\Varsh\Desktop\AGEIS\logs\wbgt_monitor_20260728.log
[2026-07-28 17:08:02] [INFO    ] [root] ============================================================
[2026-07-28 17:08:02] [INFO    ] [__main__] WBGT Monitor starting up
[2026-07-28 17:08:02] [INFO    ] [__main__] Database initialised
[2026-07-28 17:08:02] [INFO    ] [__main__] [READING] zone=Continuous-Casting | timestamp=2026-07-26T00:00:00
[2026-07-28 17:08:02] [DEBUG   ] [__main__] [READING] raw={"timestamp": "2026-07-26T00:00:00", "factory": "JSW Steel", "zone": "Continuous-Casting", "temperature_unit": "celsius", "temperature": 31.2, "humidity": 55.3, "globe_temperature": 45.6, "wet_bulb_te
[2026-07-28 17:08:02] [DEBUG   ] [__main__] [VALIDATE] zone=Continuous-Casting | condition=ALL_DATA | missing=[] | flags=[]
[2026-07-28 17:08:02] [INFO    ] [__main__] [CALC] zone=Continuous-Casting | ta=31.2 | rh=55.3 | tg=45.6 | tnwb=24.4 | wbgt=30.76
[2026-07-28 17:08:02] [DEBUG   ] [__main__] [CALC] data_quality={'ta': 'sensor', 'rh': 'sensor', 'tg': 'sensor', 'tnwb': 'sensor', 'wbgt': 'calculated'}
[2026-07-28 17:08:02] [INFO    ] [__main__] [CLASSIFY] zone=Continuous-Casting | wbgt=30.76 | risk=WARNING | action=Enforce work/rest cycles (50 min work, 10 min rest)
[2026-07-28 17:08:02] [WARNING ] [__main__] [WARNING ALERT] zone=Continuous-Casting | wbgt=30.76 | Enforce work/rest cycles (50 min work, 10 min rest)
[2026-07-28 17:08:02] [INFO    ] [__main__] [DB] zone=Continuous-Casting | db_id=65 | saved OK
[2026-07-28 17:08:02] [INFO    ] [__main__] Pipeline completed OK | db_id=65
[2026-07-28 17:08:03] [INFO    ] [root] ============================================================
[2026-07-28 17:08:03] [INFO    ] [root] WBGT Monitor logging started
[2026-07-28 17:08:03] [INFO    ] [root] Log file : C:\Users\Varsh\Desktop\AGEIS\logs\wbgt_monitor_20260728.log
[2026-07-28 17:08:03] [INFO    ] [root] ============================================================
[2026-07-28 17:08:03] [INFO    ] [__main__] WBGT Monitor starting up
[2026-07-28 17:08:03] [INFO    ] [__main__] Database initialised
[2026-07-28 17:08:03] [INFO    ] [__main__] [READING] zone=Fabrication-Shop | timestamp=2026-07-26T01:00:00
[2026-07-28 17:08:03] [DEBUG   ] [__main__] [READING] raw={"timestamp": "2026-07-26T01:00:00", "factory": "Tata Steel", "zone": "Fabrication-Shop", "temperature_unit": "celsius", "temperature": 24.7, "humidity": 0, "globe_temperature": 25.7, "wet_bulb_temper
[2026-07-28 17:08:03] [DEBUG   ] [__main__] [VALIDATE] zone=Fabrication-Shop | condition=MISSING_RH | missing=['humidity'] | flags=[]
[2026-07-28 17:08:03] [ERROR   ] [__main__] [CALC ERROR] zone=Fabrication-Shop | timestamp=2026-07-26T01:00:00 | error=WEATHER_API_BASE_URL is not configured.
[2026-07-28 17:08:03] [WARNING ] [__main__] Pipeline completed with fault: Calculation error: WEATHER_API_BASE_URL is not configured.
[2026-07-28 17:08:03] [INFO    ] [root] ============================================================
[2026-07-28 17:08:03] [INFO    ] [root] WBGT Monitor logging started
[2026-07-28 17:08:03] [INFO    ] [root] Log file : C:\Users\Varsh\Desktop\AGEIS\logs\wbgt_monitor_20260728.log
[2026-07-28 17:08:03] [INFO    ] [root] ============================================================
[2026-07-28 17:08:03] [INFO    ] [__main__] WBGT Monitor starting up
[2026-07-28 17:08:03] [INFO    ] [__main__] Database initialised
[2026-07-28 17:08:03] [INFO    ] [__main__] [READING] zone=Warehouse | timestamp=2026-07-26T02:00:00
[2026-07-28 17:08:03] [DEBUG   ] [__main__] [READING] raw={"timestamp": "2026-07-26T02:00:00", "factory": "Tata Steel", "zone": "Warehouse", "temperature_unit": "celsius", "temperature": 19.1, "humidity": 47.0, "globe_temperature": 20.3, "wet_bulb_temperatur
[2026-07-28 17:08:03] [DEBUG   ] [__main__] [VALIDATE] zone=Warehouse | condition=ALL_DATA | missing=[] | flags=[]
[2026-07-28 17:08:03] [INFO    ] [__main__] [CALC] zone=Warehouse | ta=19.1 | rh=47.0 | tg=20.3 | tnwb=12.6 | wbgt=14.91
[2026-07-28 17:08:03] [DEBUG   ] [__main__] [CALC] data_quality={'ta': 'sensor', 'rh': 'sensor', 'tg': 'sensor', 'tnwb': 'sensor', 'wbgt': 'calculated'}
[2026-07-28 17:08:03] [INFO    ] [__main__] [CLASSIFY] zone=Warehouse | wbgt=14.91 | risk=SAFE | action=Normal work, no restrictions
[2026-07-28 17:08:03] [INFO    ] [__main__] [DB] zone=Warehouse | db_id=66 | saved OK
[2026-07-28 17:08:03] [INFO    ] [__main__] Pipeline completed OK | db_id=66
[2026-07-28 17:08:04] [INFO    ] [root] ============================================================
[2026-07-28 17:08:04] [INFO    ] [root] WBGT Monitor logging started
[2026-07-28 17:08:04] [INFO    ] [root] Log file : C:\Users\Varsh\Desktop\AGEIS\logs\wbgt_monitor_20260728.log
[2026-07-28 17:08:04] [INFO    ] [root] ============================================================
[2026-07-28 17:08:04] [INFO    ] [__main__] WBGT Monitor starting up
[2026-07-28 17:08:04] [INFO    ] [__main__] Database initialised
[2026-07-28 17:08:04] [INFO    ] [__main__] [READING] zone=Furnace-1 | timestamp=2026-07-26T03:00:00
[2026-07-28 17:08:04] [DEBUG   ] [__main__] [READING] raw={"timestamp": "2026-07-26T03:00:00", "factory": "Tata Steel", "zone": "Furnace-1", "temperature_unit": "celsius", "temperature": 36.3, "humidity": 53.5, "globe_temperature": 54.5, "wet_bulb_temperatur
[2026-07-28 17:08:04] [DEBUG   ] [__main__] [VALIDATE] zone=Furnace-1 | condition=ALL_DATA | missing=[] | flags=[]
[2026-07-28 17:08:04] [INFO    ] [__main__] [CALC] zone=Furnace-1 | ta=36.3 | rh=53.5 | tg=54.5 | tnwb=28.0 | wbgt=35.95
[2026-07-28 17:08:04] [DEBUG   ] [__main__] [CALC] data_quality={'ta': 'sensor', 'rh': 'sensor', 'tg': 'sensor', 'tnwb': 'sensor', 'wbgt': 'calculated'}
[2026-07-28 17:08:04] [INFO    ] [__main__] [CLASSIFY] zone=Furnace-1 | wbgt=35.95 | risk=DANGER | action=Halt heavy work, mandatory rest, evacuate
[2026-07-28 17:08:04] [WARNING ] [__main__] [DANGER ALERT] zone=Furnace-1 | wbgt=35.95 | Halt heavy work, mandatory rest, evacuate
[2026-07-28 17:08:04] [INFO    ] [__main__] [DB] zone=Furnace-1 | db_id=67 | saved OK
[2026-07-28 17:08:04] [INFO    ] [__main__] Pipeline completed OK | db_id=67
[2026-07-28 17:08:04] [INFO    ] [root] ============================================================
[2026-07-28 17:08:04] [INFO    ] [root] WBGT Monitor logging started
[2026-07-28 17:08:04] [INFO    ] [root] Log file : C:\Users\Varsh\Desktop\AGEIS\logs\wbgt_monitor_20260728.log
[2026-07-28 17:08:04] [INFO    ] [root] ============================================================
[2026-07-28 17:08:04] [INFO    ] [__main__] WBGT Monitor starting up
[2026-07-28 17:08:04] [INFO    ] [__main__] Database initialised
[2026-07-28 17:08:04] [INFO    ] [__main__] [READING] zone=EAF-Bay | timestamp=2026-07-26T04:00:00
[2026-07-28 17:08:04] [DEBUG   ] [__main__] [READING] raw={"timestamp": "2026-07-26T04:00:00", "factory": "SAIL", "zone": "EAF-Bay", "temperature_unit": "celsius", "temperature": 33.7, "humidity": 41.7, "globe_temperature": 51.0, "wet_bulb_temperature": 0}
[2026-07-28 17:08:04] [DEBUG   ] [__main__] [VALIDATE] zone=EAF-Bay | condition=ALL_DATA | missing=[] | flags=[]
[2026-07-28 17:08:04] [INFO    ] [__main__] [CALC] zone=EAF-Bay | ta=33.7 | rh=41.7 | tg=51.0 | tnwb=23.8168 | wbgt=31.9718
[2026-07-28 17:08:04] [DEBUG   ] [__main__] [CALC] data_quality={'ta': 'sensor', 'rh': 'sensor', 'tg': 'sensor', 'tnwb': 'calculated', 'wbgt': 'calculated'}
[2026-07-28 17:08:04] [INFO    ] [__main__] [CLASSIFY] zone=EAF-Bay | wbgt=31.9718 | risk=DANGER | action=Halt heavy work, mandatory rest, evacuate
[2026-07-28 17:08:04] [WARNING ] [__main__] [DANGER ALERT] zone=EAF-Bay | wbgt=31.9718 | Halt heavy work, mandatory rest, evacuate
[2026-07-28 17:08:04] [INFO    ] [__main__] [DB] zone=EAF-Bay | db_id=68 | saved OK
[2026-07-28 17:08:04] [INFO    ] [__main__] Pipeline completed OK | db_id=68
[2026-07-28 17:08:05] [INFO    ] [root] ============================================================
[2026-07-28 17:08:05] [INFO    ] [root] WBGT Monitor logging started
[2026-07-28 17:08:05] [INFO    ] [root] Log file : C:\Users\Varsh\Desktop\AGEIS\logs\wbgt_monitor_20260728.log
[2026-07-28 17:08:05] [INFO    ] [root] ============================================================
[2026-07-28 17:08:05] [INFO    ] [__main__] WBGT Monitor starting up
[2026-07-28 17:08:05] [INFO    ] [__main__] Database initialised
[2026-07-28 17:08:05] [INFO    ] [__main__] [READING] zone=Furnace-2 | timestamp=2026-07-26T05:00:00
[2026-07-28 17:08:05] [DEBUG   ] [__main__] [READING] raw={"timestamp": "2026-07-26T05:00:00", "factory": "Vedanta", "zone": "Furnace-2", "temperature_unit": "celsius", "temperature": 35.3, "humidity": 38.7, "globe_temperature": 52.0, "wet_bulb_temperature":
[2026-07-28 17:08:05] [DEBUG   ] [__main__] [VALIDATE] zone=Furnace-2 | condition=ALL_DATA | missing=[] | flags=[]
[2026-07-28 17:08:05] [INFO    ] [__main__] [CALC] zone=Furnace-2 | ta=35.3 | rh=38.7 | tg=52.0 | tnwb=24.467 | wbgt=32.7269
[2026-07-28 17:08:05] [DEBUG   ] [__main__] [CALC] data_quality={'ta': 'sensor', 'rh': 'sensor', 'tg': 'sensor', 'tnwb': 'calculated', 'wbgt': 'calculated'}
[2026-07-28 17:08:05] [INFO    ] [__main__] [CLASSIFY] zone=Furnace-2 | wbgt=32.7269 | risk=DANGER | action=Halt heavy work, mandatory rest, evacuate
[2026-07-28 17:08:05] [WARNING ] [__main__] [DANGER ALERT] zone=Furnace-2 | wbgt=32.7269 | Halt heavy work, mandatory rest, evacuate
[2026-07-28 17:08:05] [INFO    ] [__main__] [DB] zone=Furnace-2 | db_id=69 | saved OK
[2026-07-28 17:08:05] [INFO    ] [__main__] Pipeline completed OK | db_id=69
[2026-07-28 17:08:06] [INFO    ] [root] ============================================================
[2026-07-28 17:08:06] [INFO    ] [root] WBGT Monitor logging started
[2026-07-28 17:08:06] [INFO    ] [root] Log file : C:\Users\Varsh\Desktop\AGEIS\logs\wbgt_monitor_20260728.log
[2026-07-28 17:08:06] [INFO    ] [root] ============================================================
[2026-07-28 17:08:06] [INFO    ] [__main__] WBGT Monitor starting up
[2026-07-28 17:08:06] [INFO    ] [__main__] Database initialised
[2026-07-28 17:08:06] [INFO    ] [__main__] [READING] zone=Ladle-Metallurgy | timestamp=2026-07-26T06:00:00
[2026-07-28 17:08:06] [DEBUG   ] [__main__] [READING] raw={"timestamp": "2026-07-26T06:00:00", "factory": "Shree Metal Works", "zone": "Ladle-Metallurgy", "temperature_unit": "celsius", "temperature": 34.8, "humidity": 48.2, "globe_temperature": 49.7, "wet_b
[2026-07-28 17:08:06] [DEBUG   ] [__main__] [VALIDATE] zone=Ladle-Metallurgy | condition=ALL_DATA | missing=[] | flags=[]
[2026-07-28 17:08:06] [INFO    ] [__main__] [CALC] zone=Ladle-Metallurgy | ta=34.8 | rh=48.2 | tg=49.7 | tnwb=25.9 | wbgt=33.04
[2026-07-28 17:08:06] [DEBUG   ] [__main__] [CALC] data_quality={'ta': 'sensor', 'rh': 'sensor', 'tg': 'sensor', 'tnwb': 'sensor', 'wbgt': 'calculated'}
[2026-07-28 17:08:06] [INFO    ] [__main__] [CLASSIFY] zone=Ladle-Metallurgy | wbgt=33.04 | risk=DANGER | action=Halt heavy work, mandatory rest, evacuate
[2026-07-28 17:08:06] [WARNING ] [__main__] [DANGER ALERT] zone=Ladle-Metallurgy | wbgt=33.04 | Halt heavy work, mandatory rest, evacuate
[2026-07-28 17:08:06] [INFO    ] [__main__] [DB] zone=Ladle-Metallurgy | db_id=70 | saved OK
[2026-07-28 17:08:06] [INFO    ] [__main__] Pipeline completed OK | db_id=70
[2026-07-28 17:08:06] [INFO    ] [root] ============================================================
[2026-07-28 17:08:06] [INFO    ] [root] WBGT Monitor logging started
[2026-07-28 17:08:06] [INFO    ] [root] Log file : C:\Users\Varsh\Desktop\AGEIS\logs\wbgt_monitor_20260728.log
[2026-07-28 17:08:06] [INFO    ] [root] ============================================================
[2026-07-28 17:08:06] [INFO    ] [__main__] WBGT Monitor starting up
[2026-07-28 17:08:06] [INFO    ] [__main__] Database initialised
[2026-07-28 17:08:06] [INFO    ] [__main__] [READING] zone=Annealing-Line | timestamp=2026-07-26T07:00:00
[2026-07-28 17:08:06] [DEBUG   ] [__main__] [READING] raw={"timestamp": "2026-07-26T07:00:00", "factory": "JSPL", "zone": "Annealing-Line", "temperature_unit": "celsius", "temperature": 26.4, "humidity": 0, "globe_temperature": 28.9, "wet_bulb_temperature": 
[2026-07-28 17:08:06] [DEBUG   ] [__main__] [VALIDATE] zone=Annealing-Line | condition=MISSING_RH | missing=['humidity'] | flags=[]
[2026-07-28 17:08:06] [ERROR   ] [__main__] [CALC ERROR] zone=Annealing-Line | timestamp=2026-07-26T07:00:00 | error=WEATHER_API_BASE_URL is not configured.
[2026-07-28 17:08:06] [WARNING ] [__main__] Pipeline completed with fault: Calculation error: WEATHER_API_BASE_URL is not configured.
[2026-07-28 17:08:07] [INFO    ] [root] ============================================================
[2026-07-28 17:08:07] [INFO    ] [root] WBGT Monitor logging started
[2026-07-28 17:08:07] [INFO    ] [root] Log file : C:\Users\Varsh\Desktop\AGEIS\logs\wbgt_monitor_20260728.log
[2026-07-28 17:08:07] [INFO    ] [root] ============================================================
[2026-07-28 17:08:07] [INFO    ] [__main__] WBGT Monitor starting up
[2026-07-28 17:08:07] [INFO    ] [__main__] Database initialised
[2026-07-28 17:08:07] [INFO    ] [__main__] [READING] zone=Continuous-Casting | timestamp=2026-07-26T08:00:00
[2026-07-28 17:08:07] [DEBUG   ] [__main__] [READING] raw={"timestamp": "2026-07-26T08:00:00", "factory": "Vedanta", "zone": "Continuous-Casting", "temperature_unit": "celsius", "temperature": 35.9, "humidity": 47.5, "globe_temperature": 50.4, "wet_bulb_temp
[2026-07-28 17:08:07] [DEBUG   ] [__main__] [VALIDATE] zone=Continuous-Casting | condition=ALL_DATA | missing=[] | flags=[]
[2026-07-28 17:08:07] [INFO    ] [__main__] [CALC] zone=Continuous-Casting | ta=35.9 | rh=47.5 | tg=50.4 | tnwb=27.2 | wbgt=34.16
[2026-07-28 17:08:07] [DEBUG   ] [__main__] [CALC] data_quality={'ta': 'sensor', 'rh': 'sensor', 'tg': 'sensor', 'tnwb': 'sensor', 'wbgt': 'calculated'}
[2026-07-28 17:08:07] [INFO    ] [__main__] [CLASSIFY] zone=Continuous-Casting | wbgt=34.16 | risk=DANGER | action=Halt heavy work, mandatory rest, evacuate
[2026-07-28 17:08:07] [WARNING ] [__main__] [DANGER ALERT] zone=Continuous-Casting | wbgt=34.16 | Halt heavy work, mandatory rest, evacuate
[2026-07-28 17:08:07] [INFO    ] [__main__] [DB] zone=Continuous-Casting | db_id=71 | saved OK
[2026-07-28 17:08:07] [INFO    ] [__main__] Pipeline completed OK | db_id=71
[2026-07-28 17:08:08] [INFO    ] [root] ============================================================
[2026-07-28 17:08:08] [INFO    ] [root] WBGT Monitor logging started
[2026-07-28 17:08:08] [INFO    ] [root] Log file : C:\Users\Varsh\Desktop\AGEIS\logs\wbgt_monitor_20260728.log
[2026-07-28 17:08:08] [INFO    ] [root] ============================================================
[2026-07-28 17:08:08] [INFO    ] [__main__] WBGT Monitor starting up
[2026-07-28 17:08:08] [INFO    ] [__main__] Database initialised
[2026-07-28 17:08:08] [INFO    ] [__main__] [READING] zone=Loading-Dock | timestamp=2026-07-26T09:00:00
[2026-07-28 17:08:08] [DEBUG   ] [__main__] [READING] raw={"timestamp": "2026-07-26T09:00:00", "factory": "JSPL", "zone": "Loading-Dock", "temperature_unit": "celsius", "temperature": 31.3, "humidity": 44.0, "globe_temperature": 31.9, "wet_bulb_temperature":
[2026-07-28 17:08:08] [DEBUG   ] [__main__] [VALIDATE] zone=Loading-Dock | condition=ALL_DATA | missing=[] | flags=[]
[2026-07-28 17:08:08] [INFO    ] [__main__] [CALC] zone=Loading-Dock | ta=31.3 | rh=44.0 | tg=31.9 | tnwb=22.6 | wbgt=25.39
[2026-07-28 17:08:08] [DEBUG   ] [__main__] [CALC] data_quality={'ta': 'sensor', 'rh': 'sensor', 'tg': 'sensor', 'tnwb': 'sensor', 'wbgt': 'calculated'}
[2026-07-28 17:08:08] [INFO    ] [__main__] [CLASSIFY] zone=Loading-Dock | wbgt=25.39 | risk=SAFE | action=Normal work, no restrictions
[2026-07-28 17:08:08] [INFO    ] [__main__] [DB] zone=Loading-Dock | db_id=72 | saved OK
[2026-07-28 17:08:08] [INFO    ] [__main__] Pipeline completed OK | db_id=72
[2026-07-28 17:08:08] [INFO    ] [root] ============================================================
[2026-07-28 17:08:08] [INFO    ] [root] WBGT Monitor logging started
[2026-07-28 17:08:08] [INFO    ] [root] Log file : C:\Users\Varsh\Desktop\AGEIS\logs\wbgt_monitor_20260728.log
[2026-07-28 17:08:08] [INFO    ] [root] ============================================================
[2026-07-28 17:08:08] [INFO    ] [__main__] WBGT Monitor starting up
[2026-07-28 17:08:08] [INFO    ] [__main__] Database initialised
[2026-07-28 17:08:08] [INFO    ] [__main__] [READING] zone=Rolling-Mill | timestamp=2026-07-26T10:00:00
[2026-07-28 17:08:08] [DEBUG   ] [__main__] [READING] raw={"timestamp": "2026-07-26T10:00:00", "factory": "JSW Steel", "zone": "Rolling-Mill", "temperature_unit": "celsius", "temperature": 31.7, "humidity": 44.6, "globe_temperature": 41.3, "wet_bulb_temperat
[2026-07-28 17:08:08] [DEBUG   ] [__main__] [VALIDATE] zone=Rolling-Mill | condition=ALL_DATA | missing=[] | flags=[]
[2026-07-28 17:08:08] [INFO    ] [__main__] [CALC] zone=Rolling-Mill | ta=31.7 | rh=44.6 | tg=41.3 | tnwb=22.7 | wbgt=28.28
[2026-07-28 17:08:08] [DEBUG   ] [__main__] [CALC] data_quality={'ta': 'sensor', 'rh': 'sensor', 'tg': 'sensor', 'tnwb': 'sensor', 'wbgt': 'calculated'}
[2026-07-28 17:08:08] [INFO    ] [__main__] [CLASSIFY] zone=Rolling-Mill | wbgt=28.28 | risk=CAUTION | action=Increase water breaks
[2026-07-28 17:08:08] [INFO    ] [__main__] [DB] zone=Rolling-Mill | db_id=73 | saved OK
[2026-07-28 17:08:08] [INFO    ] [__main__] Pipeline completed OK | db_id=73
[2026-07-28 17:08:09] [INFO    ] [root] ============================================================
[2026-07-28 17:08:09] [INFO    ] [root] WBGT Monitor logging started
[2026-07-28 17:08:09] [INFO    ] [root] Log file : C:\Users\Varsh\Desktop\AGEIS\logs\wbgt_monitor_20260728.log
[2026-07-28 17:08:09] [INFO    ] [root] ============================================================
[2026-07-28 17:08:09] [INFO    ] [__main__] WBGT Monitor starting up
[2026-07-28 17:08:09] [INFO    ] [__main__] Database initialised
[2026-07-28 17:08:09] [INFO    ] [__main__] [READING] zone=Fabrication-Shop | timestamp=2026-07-26T11:00:00
[2026-07-28 17:08:09] [DEBUG   ] [__main__] [READING] raw={"timestamp": "2026-07-26T11:00:00", "factory": "Shree Metal Works", "zone": "Fabrication-Shop", "temperature_unit": "celsius", "temperature": 31.2, "humidity": 0, "globe_temperature": 32.2, "wet_bulb
[2026-07-28 17:08:09] [DEBUG   ] [__main__] [VALIDATE] zone=Fabrication-Shop | condition=MISSING_RH | missing=['humidity'] | flags=[]
[2026-07-28 17:08:09] [ERROR   ] [__main__] [CALC ERROR] zone=Fabrication-Shop | timestamp=2026-07-26T11:00:00 | error=WEATHER_API_BASE_URL is not configured.
[2026-07-28 17:08:09] [WARNING ] [__main__] Pipeline completed with fault: Calculation error: WEATHER_API_BASE_URL is not configured.
[2026-07-28 17:08:09] [INFO    ] [root] ============================================================
[2026-07-28 17:08:09] [INFO    ] [root] WBGT Monitor logging started
[2026-07-28 17:08:09] [INFO    ] [root] Log file : C:\Users\Varsh\Desktop\AGEIS\logs\wbgt_monitor_20260728.log
[2026-07-28 17:08:09] [INFO    ] [root] ============================================================
[2026-07-28 17:08:09] [INFO    ] [__main__] WBGT Monitor starting up
[2026-07-28 17:08:09] [INFO    ] [__main__] Database initialised
[2026-07-28 17:08:09] [INFO    ] [__main__] [READING] zone=Warehouse | timestamp=2026-07-26T12:00:00
[2026-07-28 17:08:09] [DEBUG   ] [__main__] [READING] raw={"timestamp": "2026-07-26T12:00:00", "factory": "JSW Steel", "zone": "Warehouse", "temperature_unit": "celsius", "temperature": 28.2, "humidity": 45.1, "globe_temperature": 29.8, "wet_bulb_temperature
[2026-07-28 17:08:09] [DEBUG   ] [__main__] [VALIDATE] zone=Warehouse | condition=ALL_DATA | missing=[] | flags=[]
[2026-07-28 17:08:09] [INFO    ] [__main__] [CALC] zone=Warehouse | ta=28.2 | rh=45.1 | tg=29.8 | tnwb=19.8 | wbgt=22.8
[2026-07-28 17:08:09] [DEBUG   ] [__main__] [CALC] data_quality={'ta': 'sensor', 'rh': 'sensor', 'tg': 'sensor', 'tnwb': 'sensor', 'wbgt': 'calculated'}
[2026-07-28 17:08:09] [INFO    ] [__main__] [CLASSIFY] zone=Warehouse | wbgt=22.8 | risk=SAFE | action=Normal work, no restrictions
[2026-07-28 17:08:09] [INFO    ] [__main__] [DB] zone=Warehouse | db_id=74 | saved OK
[2026-07-28 17:08:09] [INFO    ] [__main__] Pipeline completed OK | db_id=74
[2026-07-28 17:08:10] [INFO    ] [root] ============================================================
[2026-07-28 17:08:10] [INFO    ] [root] WBGT Monitor logging started
[2026-07-28 17:08:10] [INFO    ] [root] Log file : C:\Users\Varsh\Desktop\AGEIS\logs\wbgt_monitor_20260728.log
[2026-07-28 17:08:10] [INFO    ] [root] ============================================================
[2026-07-28 17:08:10] [INFO    ] [__main__] WBGT Monitor starting up
[2026-07-28 17:08:10] [INFO    ] [__main__] Database initialised
[2026-07-28 17:08:10] [INFO    ] [__main__] [READING] zone=Rolling-Mill | timestamp=2026-07-26T13:00:00
[2026-07-28 17:08:10] [DEBUG   ] [__main__] [READING] raw={"timestamp": "2026-07-26T13:00:00", "factory": "Vedanta", "zone": "Rolling-Mill", "temperature_unit": "celsius", "temperature": 32.9, "humidity": 0, "globe_temperature": 40.6, "wet_bulb_temperature":
[2026-07-28 17:08:10] [DEBUG   ] [__main__] [VALIDATE] zone=Rolling-Mill | condition=MISSING_RH | missing=['humidity'] | flags=[]
[2026-07-28 17:08:10] [ERROR   ] [__main__] [CALC ERROR] zone=Rolling-Mill | timestamp=2026-07-26T13:00:00 | error=WEATHER_API_BASE_URL is not configured.
[2026-07-28 17:08:10] [WARNING ] [__main__] Pipeline completed with fault: Calculation error: WEATHER_API_BASE_URL is not configured.
[2026-07-28 17:08:11] [INFO    ] [root] ============================================================
[2026-07-28 17:08:11] [INFO    ] [root] WBGT Monitor logging started
[2026-07-28 17:08:11] [INFO    ] [root] Log file : C:\Users\Varsh\Desktop\AGEIS\logs\wbgt_monitor_20260728.log
[2026-07-28 17:08:11] [INFO    ] [root] ============================================================
[2026-07-28 17:08:11] [INFO    ] [__main__] WBGT Monitor starting up
[2026-07-28 17:08:11] [INFO    ] [__main__] Database initialised
[2026-07-28 17:08:11] [INFO    ] [__main__] [READING] zone=Furnace-2 | timestamp=2026-07-26T14:00:00
[2026-07-28 17:08:11] [DEBUG   ] [__main__] [READING] raw={"timestamp": "2026-07-26T14:00:00", "factory": "Tata Steel", "zone": "Furnace-2", "temperature_unit": "celsius", "temperature": 39.3, "humidity": 33.6, "globe_temperature": 53.9, "wet_bulb_temperatur
[2026-07-28 17:08:11] [DEBUG   ] [__main__] [VALIDATE] zone=Furnace-2 | condition=ALL_DATA | missing=[] | flags=[]
[2026-07-28 17:08:11] [INFO    ] [__main__] [CALC] zone=Furnace-2 | ta=39.3 | rh=33.6 | tg=53.9 | tnwb=26.1 | wbgt=34.44
[2026-07-28 17:08:11] [DEBUG   ] [__main__] [CALC] data_quality={'ta': 'sensor', 'rh': 'sensor', 'tg': 'sensor', 'tnwb': 'sensor', 'wbgt': 'calculated'}
[2026-07-28 17:08:11] [INFO    ] [__main__] [CLASSIFY] zone=Furnace-2 | wbgt=34.44 | risk=DANGER | action=Halt heavy work, mandatory rest, evacuate
[2026-07-28 17:08:11] [WARNING ] [__main__] [DANGER ALERT] zone=Furnace-2 | wbgt=34.44 | Halt heavy work, mandatory rest, evacuate
[2026-07-28 17:08:11] [INFO    ] [__main__] [DB] zone=Furnace-2 | db_id=75 | saved OK
[2026-07-28 17:08:11] [INFO    ] [__main__] Pipeline completed OK | db_id=75
[2026-07-28 17:08:11] [INFO    ] [root] ============================================================
[2026-07-28 17:08:11] [INFO    ] [root] WBGT Monitor logging started
[2026-07-28 17:08:11] [INFO    ] [root] Log file : C:\Users\Varsh\Desktop\AGEIS\logs\wbgt_monitor_20260728.log
[2026-07-28 17:08:11] [INFO    ] [root] ============================================================
[2026-07-28 17:08:11] [INFO    ] [__main__] WBGT Monitor starting up
[2026-07-28 17:08:11] [INFO    ] [__main__] Database initialised
[2026-07-28 17:08:11] [INFO    ] [__main__] [READING] zone=Loading-Dock | timestamp=2026-07-26T15:00:00
[2026-07-28 17:08:11] [DEBUG   ] [__main__] [READING] raw={"timestamp": "2026-07-26T15:00:00", "factory": "Shree Metal Works", "zone": "Loading-Dock", "temperature_unit": "celsius", "temperature": 29.7, "humidity": 46.8, "globe_temperature": 32.0, "wet_bulb_
[2026-07-28 17:08:11] [DEBUG   ] [__main__] [VALIDATE] zone=Loading-Dock | condition=ALL_DATA | missing=[] | flags=[]
[2026-07-28 17:08:11] [INFO    ] [__main__] [CALC] zone=Loading-Dock | ta=29.7 | rh=46.8 | tg=32.0 | tnwb=21.4 | wbgt=24.58
[2026-07-28 17:08:11] [DEBUG   ] [__main__] [CALC] data_quality={'ta': 'sensor', 'rh': 'sensor', 'tg': 'sensor', 'tnwb': 'sensor', 'wbgt': 'calculated'}
[2026-07-28 17:08:11] [INFO    ] [__main__] [CLASSIFY] zone=Loading-Dock | wbgt=24.58 | risk=SAFE | action=Normal work, no restrictions
[2026-07-28 17:08:11] [INFO    ] [__main__] [DB] zone=Loading-Dock | db_id=76 | saved OK
[2026-07-28 17:08:11] [INFO    ] [__main__] Pipeline completed OK | db_id=76
[2026-07-28 17:08:12] [INFO    ] [root] ============================================================
[2026-07-28 17:08:12] [INFO    ] [root] WBGT Monitor logging started
[2026-07-28 17:08:12] [INFO    ] [root] Log file : C:\Users\Varsh\Desktop\AGEIS\logs\wbgt_monitor_20260728.log
[2026-07-28 17:08:12] [INFO    ] [root] ============================================================
[2026-07-28 17:08:12] [INFO    ] [__main__] WBGT Monitor starting up
[2026-07-28 17:08:12] [INFO    ] [__main__] Database initialised
[2026-07-28 17:08:12] [INFO    ] [__main__] [READING] zone=Annealing-Line | timestamp=2026-07-26T16:00:00
[2026-07-28 17:08:12] [DEBUG   ] [__main__] [READING] raw={"timestamp": "2026-07-26T16:00:00", "factory": "JSPL", "zone": "Annealing-Line", "temperature_unit": "celsius", "temperature": 33.5, "humidity": 46.6, "globe_temperature": 36.2, "wet_bulb_temperature
[2026-07-28 17:08:12] [DEBUG   ] [__main__] [VALIDATE] zone=Annealing-Line | condition=ALL_DATA | missing=[] | flags=[]
[2026-07-28 17:08:12] [INFO    ] [__main__] [CALC] zone=Annealing-Line | ta=33.5 | rh=46.6 | tg=36.2 | tnwb=24.6456 | wbgt=28.1119
[2026-07-28 17:08:12] [DEBUG   ] [__main__] [CALC] data_quality={'ta': 'sensor', 'rh': 'sensor', 'tg': 'sensor', 'tnwb': 'calculated', 'wbgt': 'calculated'}
[2026-07-28 17:08:12] [INFO    ] [__main__] [CLASSIFY] zone=Annealing-Line | wbgt=28.1119 | risk=CAUTION | action=Increase water breaks
[2026-07-28 17:08:12] [INFO    ] [__main__] [DB] zone=Annealing-Line | db_id=77 | saved OK
[2026-07-28 17:08:12] [INFO    ] [__main__] Pipeline completed OK | db_id=77
[2026-07-28 17:08:13] [INFO    ] [root] ============================================================
[2026-07-28 17:08:13] [INFO    ] [root] WBGT Monitor logging started
[2026-07-28 17:08:13] [INFO    ] [root] Log file : C:\Users\Varsh\Desktop\AGEIS\logs\wbgt_monitor_20260728.log
[2026-07-28 17:08:13] [INFO    ] [root] ============================================================
[2026-07-28 17:08:13] [INFO    ] [__main__] WBGT Monitor starting up
[2026-07-28 17:08:13] [INFO    ] [__main__] Database initialised
[2026-07-28 17:08:13] [INFO    ] [__main__] [READING] zone=Ladle-Metallurgy | timestamp=2026-07-26T17:00:00
[2026-07-28 17:08:13] [DEBUG   ] [__main__] [READING] raw={"timestamp": "2026-07-26T17:00:00", "factory": "JSPL", "zone": "Ladle-Metallurgy", "temperature_unit": "celsius", "temperature": 36.4, "humidity": 48.6, "globe_temperature": 50.4, "wet_bulb_temperatu
[2026-07-28 17:08:13] [DEBUG   ] [__main__] [VALIDATE] zone=Ladle-Metallurgy | condition=ALL_DATA | missing=[] | flags=[]
[2026-07-28 17:08:13] [INFO    ] [__main__] [CALC] zone=Ladle-Metallurgy | ta=36.4 | rh=48.6 | tg=50.4 | tnwb=27.4 | wbgt=34.3
[2026-07-28 17:08:13] [DEBUG   ] [__main__] [CALC] data_quality={'ta': 'sensor', 'rh': 'sensor', 'tg': 'sensor', 'tnwb': 'sensor', 'wbgt': 'calculated'}
[2026-07-28 17:08:13] [INFO    ] [__main__] [CLASSIFY] zone=Ladle-Metallurgy | wbgt=34.3 | risk=DANGER | action=Halt heavy work, mandatory rest, evacuate
[2026-07-28 17:08:13] [WARNING ] [__main__] [DANGER ALERT] zone=Ladle-Metallurgy | wbgt=34.3 | Halt heavy work, mandatory rest, evacuate
[2026-07-28 17:08:13] [INFO    ] [__main__] [DB] zone=Ladle-Metallurgy | db_id=78 | saved OK
[2026-07-28 17:08:13] [INFO    ] [__main__] Pipeline completed OK | db_id=78
[2026-07-28 17:08:13] [INFO    ] [root] ============================================================
[2026-07-28 17:08:13] [INFO    ] [root] WBGT Monitor logging started
[2026-07-28 17:08:13] [INFO    ] [root] Log file : C:\Users\Varsh\Desktop\AGEIS\logs\wbgt_monitor_20260728.log
[2026-07-28 17:08:13] [INFO    ] [root] ============================================================
[2026-07-28 17:08:13] [INFO    ] [__main__] WBGT Monitor starting up
[2026-07-28 17:08:13] [INFO    ] [__main__] Database initialised
[2026-07-28 17:08:13] [INFO    ] [__main__] [READING] zone=Furnace-1 | timestamp=2026-07-26T18:00:00
[2026-07-28 17:08:13] [DEBUG   ] [__main__] [READING] raw={"timestamp": "2026-07-26T18:00:00", "factory": "Tata Steel", "zone": "Furnace-1", "temperature_unit": "celsius", "temperature": 68.5, "humidity": 35.6, "globe_temperature": 54.8, "wet_bulb_temperatur
[2026-07-28 17:08:13] [DEBUG   ] [__main__] [VALIDATE] zone=Furnace-1 | condition=None | missing=[] | flags=[]
[2026-07-28 17:08:13] [WARNING ] [__main__] [FAULT] zone=Furnace-1 | timestamp=2026-07-26T18:00:00 | reason=SENSOR_FAULT: temperature=68.5 is out of valid range 0–60 °C.
[2026-07-28 17:08:13] [WARNING ] [__main__] Pipeline completed with fault: SENSOR_FAULT: temperature=68.5 is out of valid range 0–60 °C.
[2026-07-28 17:08:14] [INFO    ] [root] ============================================================
[2026-07-28 17:08:14] [INFO    ] [root] WBGT Monitor logging started
[2026-07-28 17:08:14] [INFO    ] [root] Log file : C:\Users\Varsh\Desktop\AGEIS\logs\wbgt_monitor_20260728.log
[2026-07-28 17:08:14] [INFO    ] [root] ============================================================
[2026-07-28 17:08:14] [INFO    ] [__main__] WBGT Monitor starting up
[2026-07-28 17:08:14] [INFO    ] [__main__] Database initialised
[2026-07-28 17:08:14] [INFO    ] [__main__] [READING] zone=EAF-Bay | timestamp=2026-07-26T19:00:00
[2026-07-28 17:08:14] [DEBUG   ] [__main__] [READING] raw={"timestamp": "2026-07-26T19:00:00", "factory": "JSPL", "zone": "EAF-Bay", "temperature_unit": "celsius", "temperature": 37.9, "humidity": 40.0, "globe_temperature": 0, "wet_bulb_temperature": 27.2}
[2026-07-28 17:08:14] [DEBUG   ] [__main__] [VALIDATE] zone=EAF-Bay | condition=MISSING_TG | missing=['globe_temperature'] | flags=[]
[2026-07-28 17:08:14] [INFO    ] [__main__] [CALC] zone=EAF-Bay | ta=37.9 | rh=40.0 | tg=42.9 | tnwb=27.2 | wbgt=31.91
[2026-07-28 17:08:14] [DEBUG   ] [__main__] [CALC] data_quality={'ta': 'sensor', 'rh': 'sensor', 'tg': 'estimated', 'tnwb': 'sensor', 'wbgt': 'calculated'}
[2026-07-28 17:08:14] [INFO    ] [__main__] [CLASSIFY] zone=EAF-Bay | wbgt=31.91 | risk=DANGER | action=Halt heavy work, mandatory rest, evacuate
[2026-07-28 17:08:14] [WARNING ] [__main__] [DANGER ALERT] zone=EAF-Bay | wbgt=31.91 | Halt heavy work, mandatory rest, evacuate
[2026-07-28 17:08:14] [INFO    ] [__main__] [DB] zone=EAF-Bay | db_id=79 | saved OK
[2026-07-28 17:08:14] [INFO    ] [__main__] Pipeline completed OK | db_id=79
[2026-07-28 17:08:15] [INFO    ] [root] ============================================================
[2026-07-28 17:08:15] [INFO    ] [root] WBGT Monitor logging started
[2026-07-28 17:08:15] [INFO    ] [root] Log file : C:\Users\Varsh\Desktop\AGEIS\logs\wbgt_monitor_20260728.log
[2026-07-28 17:08:15] [INFO    ] [root] ============================================================
[2026-07-28 17:08:15] [INFO    ] [__main__] WBGT Monitor starting up
[2026-07-28 17:08:15] [INFO    ] [__main__] Database initialised
[2026-07-28 17:08:15] [INFO    ] [__main__] [READING] zone=Continuous-Casting | timestamp=2026-07-26T20:00:00
[2026-07-28 17:08:15] [DEBUG   ] [__main__] [READING] raw={"timestamp": "2026-07-26T20:00:00", "factory": "Ganesh Alloys", "zone": "Continuous-Casting", "temperature_unit": "celsius", "temperature": 30.8, "humidity": 0, "globe_temperature": 0, "wet_bulb_temp
[2026-07-28 17:08:15] [DEBUG   ] [__main__] [VALIDATE] zone=Continuous-Casting | condition=MISSING_RH | missing=['humidity', 'globe_temperature'] | flags=[]
[2026-07-28 17:08:15] [ERROR   ] [__main__] [CALC ERROR] zone=Continuous-Casting | timestamp=2026-07-26T20:00:00 | error=WEATHER_API_BASE_URL is not configured.
[2026-07-28 17:08:15] [WARNING ] [__main__] Pipeline completed with fault: Calculation error: WEATHER_API_BASE_URL is not configured.
[2026-07-28 17:08:15] [INFO    ] [root] ============================================================
[2026-07-28 17:08:15] [INFO    ] [root] WBGT Monitor logging started
[2026-07-28 17:08:15] [INFO    ] [root] Log file : C:\Users\Varsh\Desktop\AGEIS\logs\wbgt_monitor_20260728.log
[2026-07-28 17:08:15] [INFO    ] [root] ============================================================
[2026-07-28 17:08:15] [INFO    ] [__main__] WBGT Monitor starting up
[2026-07-28 17:08:15] [INFO    ] [__main__] Database initialised
[2026-07-28 17:08:15] [INFO    ] [__main__] [READING] zone=Warehouse | timestamp=2026-07-26T21:00:00
[2026-07-28 17:08:15] [DEBUG   ] [__main__] [READING] raw={"timestamp": "2026-07-26T21:00:00", "factory": "SAIL", "zone": "Warehouse", "temperature_unit": "celsius", "temperature": 25.6, "humidity": 0, "globe_temperature": 26.6, "wet_bulb_temperature": 18.5}
[2026-07-28 17:08:15] [DEBUG   ] [__main__] [VALIDATE] zone=Warehouse | condition=MISSING_RH | missing=['humidity'] | flags=[]
[2026-07-28 17:08:15] [ERROR   ] [__main__] [CALC ERROR] zone=Warehouse | timestamp=2026-07-26T21:00:00 | error=WEATHER_API_BASE_URL is not configured.
[2026-07-28 17:08:15] [WARNING ] [__main__] Pipeline completed with fault: Calculation error: WEATHER_API_BASE_URL is not configured.
[2026-07-28 17:08:16] [INFO    ] [root] ============================================================
[2026-07-28 17:08:16] [INFO    ] [root] WBGT Monitor logging started
[2026-07-28 17:08:16] [INFO    ] [root] Log file : C:\Users\Varsh\Desktop\AGEIS\logs\wbgt_monitor_20260728.log
[2026-07-28 17:08:16] [INFO    ] [root] ============================================================
[2026-07-28 17:08:16] [INFO    ] [__main__] WBGT Monitor starting up
[2026-07-28 17:08:16] [INFO    ] [__main__] Database initialised
[2026-07-28 17:08:16] [INFO    ] [__main__] [READING] zone=Annealing-Line | timestamp=2026-07-26T22:00:00
[2026-07-28 17:08:16] [DEBUG   ] [__main__] [READING] raw={"timestamp": "2026-07-26T22:00:00", "factory": "SAIL", "zone": "Annealing-Line", "temperature_unit": "celsius", "temperature": 25.2, "humidity": 58.8, "globe_temperature": 28.2, "wet_bulb_temperature
[2026-07-28 17:08:16] [DEBUG   ] [__main__] [VALIDATE] zone=Annealing-Line | condition=ALL_DATA | missing=[] | flags=[]
[2026-07-28 17:08:16] [INFO    ] [__main__] [CALC] zone=Annealing-Line | ta=25.2 | rh=58.8 | tg=28.2 | tnwb=19.4 | wbgt=22.04
[2026-07-28 17:08:16] [DEBUG   ] [__main__] [CALC] data_quality={'ta': 'sensor', 'rh': 'sensor', 'tg': 'sensor', 'tnwb': 'sensor', 'wbgt': 'calculated'}
[2026-07-28 17:08:16] [INFO    ] [__main__] [CLASSIFY] zone=Annealing-Line | wbgt=22.04 | risk=SAFE | action=Normal work, no restrictions
[2026-07-28 17:08:16] [INFO    ] [__main__] [DB] zone=Annealing-Line | db_id=80 | saved OK
[2026-07-28 17:08:16] [INFO    ] [__main__] Pipeline completed OK | db_id=80
[2026-07-28 17:08:16] [INFO    ] [root] ============================================================
[2026-07-28 17:08:16] [INFO    ] [root] WBGT Monitor logging started
[2026-07-28 17:08:16] [INFO    ] [root] Log file : C:\Users\Varsh\Desktop\AGEIS\logs\wbgt_monitor_20260728.log
[2026-07-28 17:08:16] [INFO    ] [root] ============================================================
[2026-07-28 17:08:16] [INFO    ] [__main__] WBGT Monitor starting up
[2026-07-28 17:08:16] [INFO    ] [__main__] Database initialised
[2026-07-28 17:08:16] [INFO    ] [__main__] [READING] zone=Ladle-Metallurgy | timestamp=2026-07-26T23:00:00
[2026-07-28 17:08:16] [DEBUG   ] [__main__] [READING] raw={"timestamp": "2026-07-26T23:00:00", "factory": "Vedanta", "zone": "Ladle-Metallurgy", "temperature_unit": "celsius", "temperature": 32.2, "humidity": 47.6, "globe_temperature": 47.4, "wet_bulb_temper
[2026-07-28 17:08:16] [DEBUG   ] [__main__] [VALIDATE] zone=Ladle-Metallurgy | condition=ALL_DATA | missing=[] | flags=[]
[2026-07-28 17:08:16] [INFO    ] [__main__] [CALC] zone=Ladle-Metallurgy | ta=32.2 | rh=47.6 | tg=47.4 | tnwb=23.9 | wbgt=30.95
[2026-07-28 17:08:16] [DEBUG   ] [__main__] [CALC] data_quality={'ta': 'sensor', 'rh': 'sensor', 'tg': 'sensor', 'tnwb': 'sensor', 'wbgt': 'calculated'}
[2026-07-28 17:08:16] [INFO    ] [__main__] [CLASSIFY] zone=Ladle-Metallurgy | wbgt=30.95 | risk=WARNING | action=Enforce work/rest cycles (50 min work, 10 min rest)
[2026-07-28 17:08:16] [WARNING ] [__main__] [WARNING ALERT] zone=Ladle-Metallurgy | wbgt=30.95 | Enforce work/rest cycles (50 min work, 10 min rest)
[2026-07-28 17:08:16] [INFO    ] [__main__] [DB] zone=Ladle-Metallurgy | db_id=81 | saved OK
[2026-07-28 17:08:16] [INFO    ] [__main__] Pipeline completed OK | db_id=81
[2026-07-28 17:08:17] [INFO    ] [root] ============================================================
[2026-07-28 17:08:17] [INFO    ] [root] WBGT Monitor logging started
[2026-07-28 17:08:17] [INFO    ] [root] Log file : C:\Users\Varsh\Desktop\AGEIS\logs\wbgt_monitor_20260728.log
[2026-07-28 17:08:17] [INFO    ] [root] ============================================================
[2026-07-28 17:08:17] [INFO    ] [__main__] WBGT Monitor starting up
[2026-07-28 17:08:17] [INFO    ] [__main__] Database initialised
[2026-07-28 17:08:17] [INFO    ] [__main__] [READING] zone=Continuous-Casting | timestamp=2026-07-27T00:00:00
[2026-07-28 17:08:17] [DEBUG   ] [__main__] [READING] raw={"timestamp": "2026-07-27T00:00:00", "factory": "JSPL", "zone": "Continuous-Casting", "temperature_unit": "celsius", "temperature": 27.0, "humidity": 0, "globe_temperature": 42.3, "wet_bulb_temperatur
[2026-07-28 17:08:17] [DEBUG   ] [__main__] [VALIDATE] zone=Continuous-Casting | condition=MISSING_RH | missing=['humidity'] | flags=[]
[2026-07-28 17:08:17] [ERROR   ] [__main__] [CALC ERROR] zone=Continuous-Casting | timestamp=2026-07-27T00:00:00 | error=WEATHER_API_BASE_URL is not configured.
[2026-07-28 17:08:17] [WARNING ] [__main__] Pipeline completed with fault: Calculation error: WEATHER_API_BASE_URL is not configured.
[2026-07-28 17:08:18] [INFO    ] [root] ============================================================
[2026-07-28 17:08:18] [INFO    ] [root] WBGT Monitor logging started
[2026-07-28 17:08:18] [INFO    ] [root] Log file : C:\Users\Varsh\Desktop\AGEIS\logs\wbgt_monitor_20260728.log
[2026-07-28 17:08:18] [INFO    ] [root] ============================================================
[2026-07-28 17:08:18] [INFO    ] [__main__] WBGT Monitor starting up
[2026-07-28 17:08:18] [INFO    ] [__main__] Database initialised
[2026-07-28 17:08:18] [INFO    ] [__main__] [READING] zone=Rolling-Mill | timestamp=2026-07-27T01:00:00
[2026-07-28 17:08:18] [DEBUG   ] [__main__] [READING] raw={"timestamp": "2026-07-27T01:00:00", "factory": "JSPL", "zone": "Rolling-Mill", "temperature_unit": "celsius", "temperature": 25.8, "humidity": 46.2, "globe_temperature": 32.3, "wet_bulb_temperature":
[2026-07-28 17:08:18] [DEBUG   ] [__main__] [VALIDATE] zone=Rolling-Mill | condition=ALL_DATA | missing=[] | flags=[]
[2026-07-28 17:08:18] [INFO    ] [__main__] [CALC] zone=Rolling-Mill | ta=25.8 | rh=46.2 | tg=32.3 | tnwb=18.2 | wbgt=22.43
[2026-07-28 17:08:18] [DEBUG   ] [__main__] [CALC] data_quality={'ta': 'sensor', 'rh': 'sensor', 'tg': 'sensor', 'tnwb': 'sensor', 'wbgt': 'calculated'}
[2026-07-28 17:08:18] [INFO    ] [__main__] [CLASSIFY] zone=Rolling-Mill | wbgt=22.43 | risk=SAFE | action=Normal work, no restrictions
[2026-07-28 17:08:18] [INFO    ] [__main__] [DB] zone=Rolling-Mill | db_id=82 | saved OK
[2026-07-28 17:08:18] [INFO    ] [__main__] Pipeline completed OK | db_id=82
[2026-07-28 17:08:18] [INFO    ] [root] ============================================================
[2026-07-28 17:08:18] [INFO    ] [root] WBGT Monitor logging started
[2026-07-28 17:08:18] [INFO    ] [root] Log file : C:\Users\Varsh\Desktop\AGEIS\logs\wbgt_monitor_20260728.log
[2026-07-28 17:08:18] [INFO    ] [root] ============================================================
[2026-07-28 17:08:18] [INFO    ] [__main__] WBGT Monitor starting up
[2026-07-28 17:08:18] [INFO    ] [__main__] Database initialised
[2026-07-28 17:08:18] [INFO    ] [__main__] [READING] zone=Fabrication-Shop | timestamp=2026-07-27T02:00:00
[2026-07-28 17:08:18] [DEBUG   ] [__main__] [READING] raw={"timestamp": "2026-07-27T02:00:00", "factory": "Tata Steel", "zone": "Fabrication-Shop", "temperature_unit": "celsius", "temperature": 23.5, "humidity": 64.1, "globe_temperature": 25.6, "wet_bulb_tem
[2026-07-28 17:08:18] [DEBUG   ] [__main__] [VALIDATE] zone=Fabrication-Shop | condition=ALL_DATA | missing=[] | flags=[]
[2026-07-28 17:08:18] [INFO    ] [__main__] [CALC] zone=Fabrication-Shop | ta=23.5 | rh=64.1 | tg=25.6 | tnwb=18.6 | wbgt=20.7
[2026-07-28 17:08:18] [DEBUG   ] [__main__] [CALC] data_quality={'ta': 'sensor', 'rh': 'sensor', 'tg': 'sensor', 'tnwb': 'sensor', 'wbgt': 'calculated'}
[2026-07-28 17:08:18] [INFO    ] [__main__] [CLASSIFY] zone=Fabrication-Shop | wbgt=20.7 | risk=SAFE | action=Normal work, no restrictions
[2026-07-28 17:08:18] [INFO    ] [__main__] [DB] zone=Fabrication-Shop | db_id=83 | saved OK
[2026-07-28 17:08:18] [INFO    ] [__main__] Pipeline completed OK | db_id=83
[2026-07-28 17:08:19] [INFO    ] [root] ============================================================
[2026-07-28 17:08:19] [INFO    ] [root] WBGT Monitor logging started
[2026-07-28 17:08:19] [INFO    ] [root] Log file : C:\Users\Varsh\Desktop\AGEIS\logs\wbgt_monitor_20260728.log
[2026-07-28 17:08:19] [INFO    ] [root] ============================================================
[2026-07-28 17:08:19] [INFO    ] [__main__] WBGT Monitor starting up
[2026-07-28 17:08:19] [INFO    ] [__main__] Database initialised
[2026-07-28 17:08:19] [INFO    ] [__main__] [READING] zone=Furnace-1 | timestamp=2026-07-27T03:00:00
[2026-07-28 17:08:19] [DEBUG   ] [__main__] [READING] raw={"timestamp": "2026-07-27T03:00:00", "factory": "Tata Steel", "zone": "Furnace-1", "temperature_unit": "celsius", "temperature": 36.9, "humidity": 39.5, "globe_temperature": 52.3, "wet_bulb_temperatur
[2026-07-28 17:08:19] [DEBUG   ] [__main__] [VALIDATE] zone=Furnace-1 | condition=ALL_DATA | missing=[] | flags=[]
[2026-07-28 17:08:19] [INFO    ] [__main__] [CALC] zone=Furnace-1 | ta=36.9 | rh=39.5 | tg=52.3 | tnwb=25.9433 | wbgt=33.8503
[2026-07-28 17:08:19] [DEBUG   ] [__main__] [CALC] data_quality={'ta': 'sensor', 'rh': 'sensor', 'tg': 'sensor', 'tnwb': 'calculated', 'wbgt': 'calculated'}
[2026-07-28 17:08:19] [INFO    ] [__main__] [CLASSIFY] zone=Furnace-1 | wbgt=33.8503 | risk=DANGER | action=Halt heavy work, mandatory rest, evacuate
[2026-07-28 17:08:19] [WARNING ] [__main__] [DANGER ALERT] zone=Furnace-1 | wbgt=33.8503 | Halt heavy work, mandatory rest, evacuate
[2026-07-28 17:08:19] [INFO    ] [__main__] [DB] zone=Furnace-1 | db_id=84 | saved OK
[2026-07-28 17:08:19] [INFO    ] [__main__] Pipeline completed OK | db_id=84
[2026-07-28 17:08:19] [INFO    ] [root] ============================================================
[2026-07-28 17:08:19] [INFO    ] [root] WBGT Monitor logging started
[2026-07-28 17:08:19] [INFO    ] [root] Log file : C:\Users\Varsh\Desktop\AGEIS\logs\wbgt_monitor_20260728.log
[2026-07-28 17:08:19] [INFO    ] [root] ============================================================
[2026-07-28 17:08:19] [INFO    ] [__main__] WBGT Monitor starting up
[2026-07-28 17:08:19] [INFO    ] [__main__] Database initialised
[2026-07-28 17:08:19] [INFO    ] [__main__] [READING] zone=Loading-Dock | timestamp=2026-07-27T04:00:00
[2026-07-28 17:08:19] [DEBUG   ] [__main__] [READING] raw={"timestamp": "2026-07-27T04:00:00", "factory": "Ganesh Alloys", "zone": "Loading-Dock", "temperature_unit": "celsius", "temperature": 28.5, "humidity": 72.3, "globe_temperature": 30.0, "wet_bulb_temp
[2026-07-28 17:08:19] [DEBUG   ] [__main__] [VALIDATE] zone=Loading-Dock | condition=ALL_DATA | missing=[] | flags=[]
[2026-07-28 17:08:19] [INFO    ] [__main__] [CALC] zone=Loading-Dock | ta=28.5 | rh=72.3 | tg=30.0 | tnwb=24.5457 | wbgt=26.182
[2026-07-28 17:08:19] [DEBUG   ] [__main__] [CALC] data_quality={'ta': 'sensor', 'rh': 'sensor', 'tg': 'sensor', 'tnwb': 'calculated', 'wbgt': 'calculated'}
[2026-07-28 17:08:19] [INFO    ] [__main__] [CLASSIFY] zone=Loading-Dock | wbgt=26.182 | risk=SAFE | action=Normal work, no restrictions
[2026-07-28 17:08:19] [INFO    ] [__main__] [DB] zone=Loading-Dock | db_id=85 | saved OK
[2026-07-28 17:08:19] [INFO    ] [__main__] Pipeline completed OK | db_id=85
[2026-07-28 17:08:20] [INFO    ] [root] ============================================================
[2026-07-28 17:08:20] [INFO    ] [root] WBGT Monitor logging started
[2026-07-28 17:08:20] [INFO    ] [root] Log file : C:\Users\Varsh\Desktop\AGEIS\logs\wbgt_monitor_20260728.log
[2026-07-28 17:08:20] [INFO    ] [root] ============================================================
[2026-07-28 17:08:20] [INFO    ] [__main__] WBGT Monitor starting up
[2026-07-28 17:08:20] [INFO    ] [__main__] Database initialised
[2026-07-28 17:08:20] [INFO    ] [__main__] [READING] zone=EAF-Bay | timestamp=2026-07-27T05:00:00
[2026-07-28 17:08:20] [DEBUG   ] [__main__] [READING] raw={"timestamp": "2026-07-27T05:00:00", "factory": "Ganesh Alloys", "zone": "EAF-Bay", "temperature_unit": "celsius", "temperature": 50.0, "humidity": 47.9, "globe_temperature": 77.3, "wet_bulb_temperatu
[2026-07-28 17:08:20] [DEBUG   ] [__main__] [VALIDATE] zone=EAF-Bay | condition=ALL_DATA | missing=[] | flags=[]
[2026-07-28 17:08:20] [INFO    ] [__main__] [CALC] zone=EAF-Bay | ta=50.0 | rh=47.9 | tg=77.3 | tnwb=38.7 | wbgt=50.28
[2026-07-28 17:08:20] [DEBUG   ] [__main__] [CALC] data_quality={'ta': 'sensor', 'rh': 'sensor', 'tg': 'sensor', 'tnwb': 'sensor', 'wbgt': 'calculated'}
[2026-07-28 17:08:20] [INFO    ] [__main__] [CLASSIFY] zone=EAF-Bay | wbgt=50.28 | risk=DANGER | action=Halt heavy work, mandatory rest, evacuate
[2026-07-28 17:08:20] [WARNING ] [__main__] [DANGER ALERT] zone=EAF-Bay | wbgt=50.28 | Halt heavy work, mandatory rest, evacuate
[2026-07-28 17:08:20] [INFO    ] [__main__] [DB] zone=EAF-Bay | db_id=86 | saved OK
[2026-07-28 17:08:20] [INFO    ] [__main__] Pipeline completed OK | db_id=86
[2026-07-28 17:08:21] [INFO    ] [root] ============================================================
[2026-07-28 17:08:21] [INFO    ] [root] WBGT Monitor logging started
[2026-07-28 17:08:21] [INFO    ] [root] Log file : C:\Users\Varsh\Desktop\AGEIS\logs\wbgt_monitor_20260728.log
[2026-07-28 17:08:21] [INFO    ] [root] ============================================================
[2026-07-28 17:08:21] [INFO    ] [__main__] WBGT Monitor starting up
[2026-07-28 17:08:21] [INFO    ] [__main__] Database initialised
[2026-07-28 17:08:21] [INFO    ] [__main__] [READING] zone=Furnace-2 | timestamp=2026-07-27T06:00:00
[2026-07-28 17:08:21] [DEBUG   ] [__main__] [READING] raw={"timestamp": "2026-07-27T06:00:00", "factory": "Vedanta", "zone": "Furnace-2", "temperature_unit": "celsius", "temperature": 35.9, "humidity": 0, "globe_temperature": 51.4, "wet_bulb_temperature": 27
[2026-07-28 17:08:21] [DEBUG   ] [__main__] [VALIDATE] zone=Furnace-2 | condition=MISSING_RH | missing=['humidity'] | flags=[]
[2026-07-28 17:08:21] [ERROR   ] [__main__] [CALC ERROR] zone=Furnace-2 | timestamp=2026-07-27T06:00:00 | error=WEATHER_API_BASE_URL is not configured.
[2026-07-28 17:08:21] [WARNING ] [__main__] Pipeline completed with fault: Calculation error: WEATHER_API_BASE_URL is not configured.
[2026-07-28 17:08:21] [INFO    ] [root] ============================================================
[2026-07-28 17:08:21] [INFO    ] [root] WBGT Monitor logging started
[2026-07-28 17:08:21] [INFO    ] [root] Log file : C:\Users\Varsh\Desktop\AGEIS\logs\wbgt_monitor_20260728.log
[2026-07-28 17:08:21] [INFO    ] [root] ============================================================
[2026-07-28 17:08:21] [INFO    ] [__main__] WBGT Monitor starting up
[2026-07-28 17:08:21] [INFO    ] [__main__] Database initialised
[2026-07-28 17:08:21] [INFO    ] [__main__] [READING] zone=Annealing-Line | timestamp=2026-07-27T07:00:00
[2026-07-28 17:08:21] [DEBUG   ] [__main__] [READING] raw={"timestamp": "2026-07-27T07:00:00", "factory": "Shree Metal Works", "zone": "Annealing-Line", "temperature_unit": "celsius", "temperature": 30.6, "humidity": 0, "globe_temperature": 0, "wet_bulb_temp
[2026-07-28 17:08:21] [DEBUG   ] [__main__] [VALIDATE] zone=Annealing-Line | condition=MISSING_RH | missing=['humidity', 'globe_temperature'] | flags=[]
[2026-07-28 17:08:21] [ERROR   ] [__main__] [CALC ERROR] zone=Annealing-Line | timestamp=2026-07-27T07:00:00 | error=WEATHER_API_BASE_URL is not configured.
[2026-07-28 17:08:21] [WARNING ] [__main__] Pipeline completed with fault: Calculation error: WEATHER_API_BASE_URL is not configured.
[2026-07-28 17:08:22] [INFO    ] [root] ============================================================
[2026-07-28 17:08:22] [INFO    ] [root] WBGT Monitor logging started
[2026-07-28 17:08:22] [INFO    ] [root] Log file : C:\Users\Varsh\Desktop\AGEIS\logs\wbgt_monitor_20260728.log
[2026-07-28 17:08:22] [INFO    ] [root] ============================================================
[2026-07-28 17:08:22] [INFO    ] [__main__] WBGT Monitor starting up
[2026-07-28 17:08:22] [INFO    ] [__main__] Database initialised
[2026-07-28 17:08:22] [INFO    ] [__main__] [READING] zone=Warehouse | timestamp=2026-07-27T08:00:00
[2026-07-28 17:08:22] [DEBUG   ] [__main__] [READING] raw={"timestamp": "2026-07-27T08:00:00", "factory": "JSPL", "zone": "Warehouse", "temperature_unit": "celsius", "temperature": 27.5, "humidity": 53.7, "globe_temperature": 28.0, "wet_bulb_temperature": 20
[2026-07-28 17:08:22] [DEBUG   ] [__main__] [VALIDATE] zone=Warehouse | condition=ALL_DATA | missing=[] | flags=[]
[2026-07-28 17:08:22] [INFO    ] [__main__] [CALC] zone=Warehouse | ta=27.5 | rh=53.7 | tg=28.0 | tnwb=20.5 | wbgt=22.75
[2026-07-28 17:08:22] [DEBUG   ] [__main__] [CALC] data_quality={'ta': 'sensor', 'rh': 'sensor', 'tg': 'sensor', 'tnwb': 'sensor', 'wbgt': 'calculated'}
[2026-07-28 17:08:22] [INFO    ] [__main__] [CLASSIFY] zone=Warehouse | wbgt=22.75 | risk=SAFE | action=Normal work, no restrictions
[2026-07-28 17:08:22] [INFO    ] [__main__] [DB] zone=Warehouse | db_id=87 | saved OK
[2026-07-28 17:08:22] [INFO    ] [__main__] Pipeline completed OK | db_id=87
[2026-07-28 17:08:23] [INFO    ] [root] ============================================================
[2026-07-28 17:08:23] [INFO    ] [root] WBGT Monitor logging started
[2026-07-28 17:08:23] [INFO    ] [root] Log file : C:\Users\Varsh\Desktop\AGEIS\logs\wbgt_monitor_20260728.log
[2026-07-28 17:08:23] [INFO    ] [root] ============================================================
[2026-07-28 17:08:23] [INFO    ] [__main__] WBGT Monitor starting up
[2026-07-28 17:08:23] [INFO    ] [__main__] Database initialised
[2026-07-28 17:08:23] [INFO    ] [__main__] [READING] zone=Fabrication-Shop | timestamp=2026-07-27T09:00:00
[2026-07-28 17:08:23] [DEBUG   ] [__main__] [READING] raw={"timestamp": "2026-07-27T09:00:00", "factory": "Shree Metal Works", "zone": "Fabrication-Shop", "temperature_unit": "celsius", "temperature": 29.0, "humidity": 53.7, "globe_temperature": 30.7, "wet_b
[2026-07-28 17:08:23] [DEBUG   ] [__main__] [VALIDATE] zone=Fabrication-Shop | condition=ALL_DATA | missing=[] | flags=[]
[2026-07-28 17:08:23] [INFO    ] [__main__] [CALC] zone=Fabrication-Shop | ta=29.0 | rh=53.7 | tg=30.7 | tnwb=22.3 | wbgt=24.82
[2026-07-28 17:08:23] [DEBUG   ] [__main__] [CALC] data_quality={'ta': 'sensor', 'rh': 'sensor', 'tg': 'sensor', 'tnwb': 'sensor', 'wbgt': 'calculated'}
[2026-07-28 17:08:23] [INFO    ] [__main__] [CLASSIFY] zone=Fabrication-Shop | wbgt=24.82 | risk=SAFE | action=Normal work, no restrictions
[2026-07-28 17:08:23] [INFO    ] [__main__] [DB] zone=Fabrication-Shop | db_id=88 | saved OK
[2026-07-28 17:08:23] [INFO    ] [__main__] Pipeline completed OK | db_id=88
[2026-07-28 17:08:23] [INFO    ] [root] ============================================================
[2026-07-28 17:08:23] [INFO    ] [root] WBGT Monitor logging started
[2026-07-28 17:08:23] [INFO    ] [root] Log file : C:\Users\Varsh\Desktop\AGEIS\logs\wbgt_monitor_20260728.log
[2026-07-28 17:08:23] [INFO    ] [root] ============================================================
[2026-07-28 17:08:23] [INFO    ] [__main__] WBGT Monitor starting up
[2026-07-28 17:08:23] [INFO    ] [__main__] Database initialised
[2026-07-28 17:08:23] [INFO    ] [__main__] [READING] zone=Loading-Dock | timestamp=2026-07-27T10:00:00
[2026-07-28 17:08:23] [DEBUG   ] [__main__] [READING] raw={"timestamp": "2026-07-27T10:00:00", "factory": "JSW Steel", "zone": "Loading-Dock", "temperature_unit": "celsius", "temperature": 36.0, "humidity": 42.7, "globe_temperature": 38.0, "wet_bulb_temperat
[2026-07-28 17:08:23] [DEBUG   ] [__main__] [VALIDATE] zone=Loading-Dock | condition=ALL_DATA | missing=[] | flags=[]
[2026-07-28 17:08:23] [INFO    ] [__main__] [CALC] zone=Loading-Dock | ta=36.0 | rh=42.7 | tg=38.0 | tnwb=26.2 | wbgt=29.74
[2026-07-28 17:08:23] [DEBUG   ] [__main__] [CALC] data_quality={'ta': 'sensor', 'rh': 'sensor', 'tg': 'sensor', 'tnwb': 'sensor', 'wbgt': 'calculated'}
[2026-07-28 17:08:23] [INFO    ] [__main__] [CLASSIFY] zone=Loading-Dock | wbgt=29.74 | risk=WARNING | action=Enforce work/rest cycles (50 min work, 10 min rest)
[2026-07-28 17:08:23] [WARNING ] [__main__] [WARNING ALERT] zone=Loading-Dock | wbgt=29.74 | Enforce work/rest cycles (50 min work, 10 min rest)
[2026-07-28 17:08:23] [INFO    ] [__main__] [DB] zone=Loading-Dock | db_id=89 | saved OK
[2026-07-28 17:08:23] [INFO    ] [__main__] Pipeline completed OK | db_id=89
[2026-07-28 17:08:24] [INFO    ] [root] ============================================================
[2026-07-28 17:08:24] [INFO    ] [root] WBGT Monitor logging started
[2026-07-28 17:08:24] [INFO    ] [root] Log file : C:\Users\Varsh\Desktop\AGEIS\logs\wbgt_monitor_20260728.log
[2026-07-28 17:08:24] [INFO    ] [root] ============================================================
[2026-07-28 17:08:24] [INFO    ] [__main__] WBGT Monitor starting up
[2026-07-28 17:08:24] [INFO    ] [__main__] Database initialised
[2026-07-28 17:08:24] [INFO    ] [__main__] [READING] zone=Continuous-Casting | timestamp=2026-07-27T11:00:00
[2026-07-28 17:08:24] [DEBUG   ] [__main__] [READING] raw={"timestamp": "2026-07-27T11:00:00", "factory": "JSW Steel", "zone": "Continuous-Casting", "temperature_unit": "celsius", "temperature": 33.3, "humidity": 0, "globe_temperature": 48.0, "wet_bulb_tempe
[2026-07-28 17:08:24] [DEBUG   ] [__main__] [VALIDATE] zone=Continuous-Casting | condition=MISSING_RH | missing=['humidity'] | flags=[]
[2026-07-28 17:08:24] [ERROR   ] [__main__] [CALC ERROR] zone=Continuous-Casting | timestamp=2026-07-27T11:00:00 | error=WEATHER_API_BASE_URL is not configured.
[2026-07-28 17:08:24] [WARNING ] [__main__] Pipeline completed with fault: Calculation error: WEATHER_API_BASE_URL is not configured.
[2026-07-28 17:08:24] [INFO    ] [root] ============================================================
[2026-07-28 17:08:24] [INFO    ] [root] WBGT Monitor logging started
[2026-07-28 17:08:24] [INFO    ] [root] Log file : C:\Users\Varsh\Desktop\AGEIS\logs\wbgt_monitor_20260728.log
[2026-07-28 17:08:24] [INFO    ] [root] ============================================================
[2026-07-28 17:08:24] [INFO    ] [__main__] WBGT Monitor starting up
[2026-07-28 17:08:24] [INFO    ] [__main__] Database initialised
[2026-07-28 17:08:24] [INFO    ] [__main__] [READING] zone=EAF-Bay | timestamp=2026-07-27T12:00:00
[2026-07-28 17:08:24] [DEBUG   ] [__main__] [READING] raw={"timestamp": "2026-07-27T12:00:00", "factory": "Shree Metal Works", "zone": "EAF-Bay", "temperature_unit": "celsius", "temperature": 39.9, "humidity": 31.2, "globe_temperature": 59.1, "wet_bulb_tempe
[2026-07-28 17:08:24] [DEBUG   ] [__main__] [VALIDATE] zone=EAF-Bay | condition=ALL_DATA | missing=[] | flags=[]
[2026-07-28 17:08:24] [INFO    ] [__main__] [CALC] zone=EAF-Bay | ta=39.9 | rh=31.2 | tg=59.1 | tnwb=26.7 | wbgt=36.42
[2026-07-28 17:08:24] [DEBUG   ] [__main__] [CALC] data_quality={'ta': 'sensor', 'rh': 'sensor', 'tg': 'sensor', 'tnwb': 'sensor', 'wbgt': 'calculated'}
[2026-07-28 17:08:24] [INFO    ] [__main__] [CLASSIFY] zone=EAF-Bay | wbgt=36.42 | risk=DANGER | action=Halt heavy work, mandatory rest, evacuate
[2026-07-28 17:08:24] [WARNING ] [__main__] [DANGER ALERT] zone=EAF-Bay | wbgt=36.42 | Halt heavy work, mandatory rest, evacuate
[2026-07-28 17:08:25] [INFO    ] [__main__] [DB] zone=EAF-Bay | db_id=90 | saved OK
[2026-07-28 17:08:25] [INFO    ] [__main__] Pipeline completed OK | db_id=90
[2026-07-28 17:08:25] [INFO    ] [root] ============================================================
[2026-07-28 17:08:25] [INFO    ] [root] WBGT Monitor logging started
[2026-07-28 17:08:25] [INFO    ] [root] Log file : C:\Users\Varsh\Desktop\AGEIS\logs\wbgt_monitor_20260728.log
[2026-07-28 17:08:25] [INFO    ] [root] ============================================================
[2026-07-28 17:08:25] [INFO    ] [__main__] WBGT Monitor starting up
[2026-07-28 17:08:25] [INFO    ] [__main__] Database initialised
[2026-07-28 17:08:25] [INFO    ] [__main__] [READING] zone=Rolling-Mill | timestamp=2026-07-27T13:00:00
[2026-07-28 17:08:25] [DEBUG   ] [__main__] [READING] raw={"timestamp": "2026-07-27T13:00:00", "factory": "Vedanta", "zone": "Rolling-Mill", "temperature_unit": "celsius", "temperature": 36.2, "humidity": 41.0, "globe_temperature": 0, "wet_bulb_temperature":
[2026-07-28 17:08:25] [DEBUG   ] [__main__] [VALIDATE] zone=Rolling-Mill | condition=MISSING_TG | missing=['globe_temperature'] | flags=[]
[2026-07-28 17:08:25] [INFO    ] [__main__] [CALC] zone=Rolling-Mill | ta=36.2 | rh=41.0 | tg=41.2 | tnwb=25.6 | wbgt=30.28
[2026-07-28 17:08:25] [DEBUG   ] [__main__] [CALC] data_quality={'ta': 'sensor', 'rh': 'sensor', 'tg': 'estimated', 'tnwb': 'sensor', 'wbgt': 'calculated'}
[2026-07-28 17:08:25] [INFO    ] [__main__] [CLASSIFY] zone=Rolling-Mill | wbgt=30.28 | risk=WARNING | action=Enforce work/rest cycles (50 min work, 10 min rest)
[2026-07-28 17:08:25] [WARNING ] [__main__] [WARNING ALERT] zone=Rolling-Mill | wbgt=30.28 | Enforce work/rest cycles (50 min work, 10 min rest)
[2026-07-28 17:08:25] [INFO    ] [__main__] [DB] zone=Rolling-Mill | db_id=91 | saved OK
[2026-07-28 17:08:25] [INFO    ] [__main__] Pipeline completed OK | db_id=91
[2026-07-28 17:08:26] [INFO    ] [root] ============================================================
[2026-07-28 17:08:26] [INFO    ] [root] WBGT Monitor logging started
[2026-07-28 17:08:26] [INFO    ] [root] Log file : C:\Users\Varsh\Desktop\AGEIS\logs\wbgt_monitor_20260728.log
[2026-07-28 17:08:26] [INFO    ] [root] ============================================================
[2026-07-28 17:08:26] [INFO    ] [__main__] WBGT Monitor starting up
[2026-07-28 17:08:26] [INFO    ] [__main__] Database initialised
[2026-07-28 17:08:26] [INFO    ] [__main__] [READING] zone=Ladle-Metallurgy | timestamp=2026-07-27T14:00:00
[2026-07-28 17:08:26] [DEBUG   ] [__main__] [READING] raw={"timestamp": "2026-07-27T14:00:00", "factory": "Ganesh Alloys", "zone": "Ladle-Metallurgy", "temperature_unit": "celsius", "temperature": 36.4, "humidity": 36.3, "globe_temperature": 52.2, "wet_bulb_
[2026-07-28 17:08:26] [DEBUG   ] [__main__] [VALIDATE] zone=Ladle-Metallurgy | condition=ALL_DATA | missing=[] | flags=[]
[2026-07-28 17:08:26] [INFO    ] [__main__] [CALC] zone=Ladle-Metallurgy | ta=36.4 | rh=36.3 | tg=52.2 | tnwb=24.6 | wbgt=32.88
[2026-07-28 17:08:26] [DEBUG   ] [__main__] [CALC] data_quality={'ta': 'sensor', 'rh': 'sensor', 'tg': 'sensor', 'tnwb': 'sensor', 'wbgt': 'calculated'}
[2026-07-28 17:08:26] [INFO    ] [__main__] [CLASSIFY] zone=Ladle-Metallurgy | wbgt=32.88 | risk=DANGER | action=Halt heavy work, mandatory rest, evacuate
[2026-07-28 17:08:26] [WARNING ] [__main__] [DANGER ALERT] zone=Ladle-Metallurgy | wbgt=32.88 | Halt heavy work, mandatory rest, evacuate
[2026-07-28 17:08:26] [INFO    ] [__main__] [DB] zone=Ladle-Metallurgy | db_id=92 | saved OK
[2026-07-28 17:08:26] [INFO    ] [__main__] Pipeline completed OK | db_id=92
[2026-07-28 17:08:26] [INFO    ] [root] ============================================================
[2026-07-28 17:08:26] [INFO    ] [root] WBGT Monitor logging started
[2026-07-28 17:08:26] [INFO    ] [root] Log file : C:\Users\Varsh\Desktop\AGEIS\logs\wbgt_monitor_20260728.log
[2026-07-28 17:08:26] [INFO    ] [root] ============================================================
[2026-07-28 17:08:26] [INFO    ] [__main__] WBGT Monitor starting up
[2026-07-28 17:08:26] [INFO    ] [__main__] Database initialised
[2026-07-28 17:08:26] [INFO    ] [__main__] [READING] zone=Furnace-1 | timestamp=2026-07-27T15:00:00
[2026-07-28 17:08:26] [DEBUG   ] [__main__] [READING] raw={"timestamp": "2026-07-27T15:00:00", "factory": "Shree Metal Works", "zone": "Furnace-1", "temperature_unit": "celsius", "temperature": 40.3, "humidity": 46.4, "globe_temperature": 58.5, "wet_bulb_tem
[2026-07-28 17:08:26] [DEBUG   ] [__main__] [VALIDATE] zone=Furnace-1 | condition=ALL_DATA | missing=[] | flags=[]
[2026-07-28 17:08:26] [INFO    ] [__main__] [CALC] zone=Furnace-1 | ta=40.3 | rh=46.4 | tg=58.5 | tnwb=30.6 | wbgt=38.97
[2026-07-28 17:08:26] [DEBUG   ] [__main__] [CALC] data_quality={'ta': 'sensor', 'rh': 'sensor', 'tg': 'sensor', 'tnwb': 'sensor', 'wbgt': 'calculated'}
[2026-07-28 17:08:26] [INFO    ] [__main__] [CLASSIFY] zone=Furnace-1 | wbgt=38.97 | risk=DANGER | action=Halt heavy work, mandatory rest, evacuate
[2026-07-28 17:08:26] [WARNING ] [__main__] [DANGER ALERT] zone=Furnace-1 | wbgt=38.97 | Halt heavy work, mandatory rest, evacuate
[2026-07-28 17:08:26] [INFO    ] [__main__] [DB] zone=Furnace-1 | db_id=93 | saved OK
[2026-07-28 17:08:26] [INFO    ] [__main__] Pipeline completed OK | db_id=93
[2026-07-28 17:08:27] [INFO    ] [root] ============================================================
[2026-07-28 17:08:27] [INFO    ] [root] WBGT Monitor logging started
[2026-07-28 17:08:27] [INFO    ] [root] Log file : C:\Users\Varsh\Desktop\AGEIS\logs\wbgt_monitor_20260728.log
[2026-07-28 17:08:27] [INFO    ] [root] ============================================================
[2026-07-28 17:08:27] [INFO    ] [__main__] WBGT Monitor starting up
[2026-07-28 17:08:27] [INFO    ] [__main__] Database initialised
[2026-07-28 17:08:27] [INFO    ] [__main__] [READING] zone=EAF-Bay | timestamp=2026-07-27T16:00:00
[2026-07-28 17:08:27] [DEBUG   ] [__main__] [READING] raw={"timestamp": "2026-07-27T16:00:00", "factory": "JSPL", "zone": "EAF-Bay", "temperature_unit": "celsius", "temperature": 44.8, "humidity": 86.9, "globe_temperature": 70.1, "wet_bulb_temperature": 42.5
[2026-07-28 17:08:27] [DEBUG   ] [__main__] [VALIDATE] zone=EAF-Bay | condition=ALL_DATA | missing=[] | flags=[]
[2026-07-28 17:08:27] [INFO    ] [__main__] [CALC] zone=EAF-Bay | ta=44.8 | rh=86.9 | tg=70.1 | tnwb=42.5 | wbgt=50.78
[2026-07-28 17:08:27] [DEBUG   ] [__main__] [CALC] data_quality={'ta': 'sensor', 'rh': 'sensor', 'tg': 'sensor', 'tnwb': 'sensor', 'wbgt': 'calculated'}
[2026-07-28 17:08:27] [INFO    ] [__main__] [CLASSIFY] zone=EAF-Bay | wbgt=50.78 | risk=DANGER | action=Halt heavy work, mandatory rest, evacuate
[2026-07-28 17:08:27] [WARNING ] [__main__] [DANGER ALERT] zone=EAF-Bay | wbgt=50.78 | Halt heavy work, mandatory rest, evacuate
[2026-07-28 17:08:27] [INFO    ] [__main__] [DB] zone=EAF-Bay | db_id=94 | saved OK
[2026-07-28 17:08:27] [INFO    ] [__main__] Pipeline completed OK | db_id=94
[2026-07-28 17:08:28] [INFO    ] [root] ============================================================
[2026-07-28 17:08:28] [INFO    ] [root] WBGT Monitor logging started
[2026-07-28 17:08:28] [INFO    ] [root] Log file : C:\Users\Varsh\Desktop\AGEIS\logs\wbgt_monitor_20260728.log
[2026-07-28 17:08:28] [INFO    ] [root] ============================================================
[2026-07-28 17:08:28] [INFO    ] [__main__] WBGT Monitor starting up
[2026-07-28 17:08:28] [INFO    ] [__main__] Database initialised
[2026-07-28 17:08:28] [INFO    ] [__main__] [READING] zone=Furnace-2 | timestamp=2026-07-27T17:00:00
[2026-07-28 17:08:28] [DEBUG   ] [__main__] [READING] raw={"timestamp": "2026-07-27T17:00:00", "factory": "Shree Metal Works", "zone": "Furnace-2", "temperature_unit": "celsius", "temperature": 45.6, "humidity": 87.2, "globe_temperature": 68.4, "wet_bulb_tem
[2026-07-28 17:08:28] [DEBUG   ] [__main__] [VALIDATE] zone=Furnace-2 | condition=ALL_DATA | missing=[] | flags=[]
[2026-07-28 17:08:28] [INFO    ] [__main__] [CALC] zone=Furnace-2 | ta=45.6 | rh=87.2 | tg=68.4 | tnwb=43.2 | wbgt=50.76
[2026-07-28 17:08:28] [DEBUG   ] [__main__] [CALC] data_quality={'ta': 'sensor', 'rh': 'sensor', 'tg': 'sensor', 'tnwb': 'sensor', 'wbgt': 'calculated'}
[2026-07-28 17:08:28] [INFO    ] [__main__] [CLASSIFY] zone=Furnace-2 | wbgt=50.76 | risk=DANGER | action=Halt heavy work, mandatory rest, evacuate
[2026-07-28 17:08:28] [WARNING ] [__main__] [DANGER ALERT] zone=Furnace-2 | wbgt=50.76 | Halt heavy work, mandatory rest, evacuate
[2026-07-28 17:08:28] [INFO    ] [__main__] [DB] zone=Furnace-2 | db_id=95 | saved OK
[2026-07-28 17:08:28] [INFO    ] [__main__] Pipeline completed OK | db_id=95
[2026-07-28 17:08:28] [INFO    ] [root] ============================================================
[2026-07-28 17:08:28] [INFO    ] [root] WBGT Monitor logging started
[2026-07-28 17:08:28] [INFO    ] [root] Log file : C:\Users\Varsh\Desktop\AGEIS\logs\wbgt_monitor_20260728.log
[2026-07-28 17:08:28] [INFO    ] [root] ============================================================
[2026-07-28 17:08:28] [INFO    ] [__main__] WBGT Monitor starting up
[2026-07-28 17:08:28] [INFO    ] [__main__] Database initialised
[2026-07-28 17:08:28] [INFO    ] [__main__] [READING] zone=Furnace-1 | timestamp=2026-07-27T18:00:00
[2026-07-28 17:08:28] [DEBUG   ] [__main__] [READING] raw={"timestamp": "2026-07-27T18:00:00", "factory": "JSPL", "zone": "Furnace-1", "temperature_unit": "celsius", "temperature": 45.1, "humidity": 87.9, "globe_temperature": 65.4, "wet_bulb_temperature": 43
[2026-07-28 17:08:28] [DEBUG   ] [__main__] [VALIDATE] zone=Furnace-1 | condition=ALL_DATA | missing=[] | flags=[]
[2026-07-28 17:08:28] [INFO    ] [__main__] [CALC] zone=Furnace-1 | ta=45.1 | rh=87.9 | tg=65.4 | tnwb=43.3 | wbgt=49.93
[2026-07-28 17:08:28] [DEBUG   ] [__main__] [CALC] data_quality={'ta': 'sensor', 'rh': 'sensor', 'tg': 'sensor', 'tnwb': 'sensor', 'wbgt': 'calculated'}
[2026-07-28 17:08:28] [INFO    ] [__main__] [CLASSIFY] zone=Furnace-1 | wbgt=49.93 | risk=DANGER | action=Halt heavy work, mandatory rest, evacuate
[2026-07-28 17:08:28] [WARNING ] [__main__] [DANGER ALERT] zone=Furnace-1 | wbgt=49.93 | Halt heavy work, mandatory rest, evacuate
[2026-07-28 17:08:28] [INFO    ] [__main__] [DB] zone=Furnace-1 | db_id=96 | saved OK
[2026-07-28 17:08:28] [INFO    ] [__main__] Pipeline completed OK | db_id=96
[2026-07-28 17:08:29] [INFO    ] [root] ============================================================
[2026-07-28 17:08:29] [INFO    ] [root] WBGT Monitor logging started
[2026-07-28 17:08:29] [INFO    ] [root] Log file : C:\Users\Varsh\Desktop\AGEIS\logs\wbgt_monitor_20260728.log
[2026-07-28 17:08:29] [INFO    ] [root] ============================================================
[2026-07-28 17:08:29] [INFO    ] [__main__] WBGT Monitor starting up
[2026-07-28 17:08:29] [INFO    ] [__main__] Database initialised
[2026-07-28 17:08:29] [INFO    ] [__main__] [READING] zone=Furnace-1 | timestamp=2026-07-27T19:00:00
[2026-07-28 17:08:29] [DEBUG   ] [__main__] [READING] raw={"timestamp": "2026-07-27T19:00:00", "factory": "SAIL", "zone": "Furnace-1", "temperature_unit": "celsius", "temperature": 47.2, "humidity": 81.6, "globe_temperature": 69.6, "wet_bulb_temperature": 43
[2026-07-28 17:08:29] [DEBUG   ] [__main__] [VALIDATE] zone=Furnace-1 | condition=ALL_DATA | missing=[] | flags=[]
[2026-07-28 17:08:29] [INFO    ] [__main__] [CALC] zone=Furnace-1 | ta=47.2 | rh=81.6 | tg=69.6 | tnwb=43.9 | wbgt=51.61
[2026-07-28 17:08:29] [DEBUG   ] [__main__] [CALC] data_quality={'ta': 'sensor', 'rh': 'sensor', 'tg': 'sensor', 'tnwb': 'sensor', 'wbgt': 'calculated'}
[2026-07-28 17:08:29] [INFO    ] [__main__] [CLASSIFY] zone=Furnace-1 | wbgt=51.61 | risk=DANGER | action=Halt heavy work, mandatory rest, evacuate
[2026-07-28 17:08:29] [WARNING ] [__main__] [DANGER ALERT] zone=Furnace-1 | wbgt=51.61 | Halt heavy work, mandatory rest, evacuate
[2026-07-28 17:08:29] [INFO    ] [__main__] [DB] zone=Furnace-1 | db_id=97 | saved OK
[2026-07-28 17:08:29] [INFO    ] [__main__] Pipeline completed OK | db_id=97
[2026-07-28 17:08:29] [INFO    ] [root] ============================================================
[2026-07-28 17:08:29] [INFO    ] [root] WBGT Monitor logging started
[2026-07-28 17:08:29] [INFO    ] [root] Log file : C:\Users\Varsh\Desktop\AGEIS\logs\wbgt_monitor_20260728.log
[2026-07-28 17:08:29] [INFO    ] [root] ============================================================
[2026-07-28 17:08:29] [INFO    ] [__main__] WBGT Monitor starting up
[2026-07-28 17:08:29] [INFO    ] [__main__] Database initialised
[2026-07-28 17:08:29] [INFO    ] [__main__] [READING] zone=Loading-Dock | timestamp=2026-07-27T20:00:00
[2026-07-28 17:08:29] [DEBUG   ] [__main__] [READING] raw={"timestamp": "2026-07-27T20:00:00", "factory": "Vedanta", "zone": "Loading-Dock", "temperature_unit": "celsius", "temperature": 19.9, "humidity": 22.4, "globe_temperature": 19.9, "wet_bulb_temperatur
[2026-07-28 17:08:29] [DEBUG   ] [__main__] [VALIDATE] zone=Loading-Dock | condition=ALL_DATA | missing=[] | flags=[]
[2026-07-28 17:08:29] [INFO    ] [__main__] [CALC] zone=Loading-Dock | ta=19.9 | rh=22.4 | tg=19.9 | tnwb=9.7 | wbgt=12.76
[2026-07-28 17:08:29] [DEBUG   ] [__main__] [CALC] data_quality={'ta': 'sensor', 'rh': 'sensor', 'tg': 'sensor', 'tnwb': 'sensor', 'wbgt': 'calculated'}
[2026-07-28 17:08:29] [INFO    ] [__main__] [CLASSIFY] zone=Loading-Dock | wbgt=12.76 | risk=SAFE | action=Normal work, no restrictions
[2026-07-28 17:08:29] [INFO    ] [__main__] [DB] zone=Loading-Dock | db_id=98 | saved OK
[2026-07-28 17:08:29] [INFO    ] [__main__] Pipeline completed OK | db_id=98
[2026-07-28 17:08:30] [INFO    ] [root] ============================================================
[2026-07-28 17:08:30] [INFO    ] [root] WBGT Monitor logging started
[2026-07-28 17:08:30] [INFO    ] [root] Log file : C:\Users\Varsh\Desktop\AGEIS\logs\wbgt_monitor_20260728.log
[2026-07-28 17:08:30] [INFO    ] [root] ============================================================
[2026-07-28 17:08:30] [INFO    ] [__main__] WBGT Monitor starting up
[2026-07-28 17:08:30] [INFO    ] [__main__] Database initialised
[2026-07-28 17:08:30] [INFO    ] [__main__] [READING] zone=Loading-Dock | timestamp=2026-07-27T21:00:00
[2026-07-28 17:08:30] [DEBUG   ] [__main__] [READING] raw={"timestamp": "2026-07-27T21:00:00", "factory": "Ganesh Alloys", "zone": "Loading-Dock", "temperature_unit": "celsius", "temperature": 19.2, "humidity": 25.9, "globe_temperature": 18.4, "wet_bulb_temp
[2026-07-28 17:08:30] [DEBUG   ] [__main__] [VALIDATE] zone=Loading-Dock | condition=None | missing=[] | flags=[]
[2026-07-28 17:08:30] [WARNING ] [__main__] [FAULT] zone=Loading-Dock | timestamp=2026-07-27T21:00:00 | reason=SENSOR_FAULT: globe_temperature=18.4 is less than temperature=19.2.
[2026-07-28 17:08:30] [WARNING ] [__main__] Pipeline completed with fault: SENSOR_FAULT: globe_temperature=18.4 is less than temperature=19.2.
[2026-07-28 17:08:31] [INFO    ] [root] ============================================================
[2026-07-28 17:08:31] [INFO    ] [root] WBGT Monitor logging started
[2026-07-28 17:08:31] [INFO    ] [root] Log file : C:\Users\Varsh\Desktop\AGEIS\logs\wbgt_monitor_20260728.log
[2026-07-28 17:08:31] [INFO    ] [root] ============================================================
[2026-07-28 17:08:31] [INFO    ] [__main__] WBGT Monitor starting up
[2026-07-28 17:08:31] [INFO    ] [__main__] Database initialised
[2026-07-28 17:08:31] [INFO    ] [__main__] [READING] zone=Warehouse | timestamp=2026-07-27T22:00:00
[2026-07-28 17:08:31] [DEBUG   ] [__main__] [READING] raw={"timestamp": "2026-07-27T22:00:00", "factory": "JSPL", "zone": "Warehouse", "temperature_unit": "celsius", "temperature": 18.2, "humidity": 19.8, "globe_temperature": 17.3, "wet_bulb_temperature": 7.
[2026-07-28 17:08:31] [DEBUG   ] [__main__] [VALIDATE] zone=Warehouse | condition=None | missing=[] | flags=[]
[2026-07-28 17:08:31] [WARNING ] [__main__] [FAULT] zone=Warehouse | timestamp=2026-07-27T22:00:00 | reason=SENSOR_FAULT: globe_temperature=17.3 is less than temperature=18.2.
[2026-07-28 17:08:31] [WARNING ] [__main__] Pipeline completed with fault: SENSOR_FAULT: globe_temperature=17.3 is less than temperature=18.2.
[2026-07-28 17:08:31] [INFO    ] [root] ============================================================
[2026-07-28 17:08:31] [INFO    ] [root] WBGT Monitor logging started
[2026-07-28 17:08:31] [INFO    ] [root] Log file : C:\Users\Varsh\Desktop\AGEIS\logs\wbgt_monitor_20260728.log
[2026-07-28 17:08:31] [INFO    ] [root] ============================================================
[2026-07-28 17:08:31] [INFO    ] [__main__] WBGT Monitor starting up
[2026-07-28 17:08:31] [INFO    ] [__main__] Database initialised
[2026-07-28 17:08:31] [INFO    ] [__main__] [READING] zone=Loading-Dock | timestamp=2026-07-27T23:00:00
[2026-07-28 17:08:31] [DEBUG   ] [__main__] [READING] raw={"timestamp": "2026-07-27T23:00:00", "factory": "JSW Steel", "zone": "Loading-Dock", "temperature_unit": "celsius", "temperature": 18.4, "humidity": 21.4, "globe_temperature": 18.8, "wet_bulb_temperat
[2026-07-28 17:08:31] [DEBUG   ] [__main__] [VALIDATE] zone=Loading-Dock | condition=ALL_DATA | missing=[] | flags=[]
[2026-07-28 17:08:31] [INFO    ] [__main__] [CALC] zone=Loading-Dock | ta=18.4 | rh=21.4 | tg=18.8 | tnwb=8.2 | wbgt=11.38
[2026-07-28 17:08:31] [DEBUG   ] [__main__] [CALC] data_quality={'ta': 'sensor', 'rh': 'sensor', 'tg': 'sensor', 'tnwb': 'sensor', 'wbgt': 'calculated'}
[2026-07-28 17:08:31] [INFO    ] [__main__] [CLASSIFY] zone=Loading-Dock | wbgt=11.38 | risk=SAFE | action=Normal work, no restrictions
[2026-07-28 17:08:31] [INFO    ] [__main__] [DB] zone=Loading-Dock | db_id=99 | saved OK
[2026-07-28 17:08:31] [INFO    ] [__main__] Pipeline completed OK | db_id=99
[2026-07-28 17:20:43] [INFO    ] [root] ============================================================
[2026-07-28 17:20:43] [INFO    ] [root] WBGT Monitor logging started
[2026-07-28 17:20:43] [INFO    ] [root] Log file : C:\Users\Varsh\Desktop\AGEIS\logs\wbgt_monitor_20260728.log
[2026-07-28 17:20:43] [INFO    ] [root] ============================================================
[2026-07-28 17:20:43] [INFO    ] [__main__] WBGT Monitor starting up
[2026-07-28 17:20:43] [INFO    ] [__main__] Database initialised
[2026-07-28 17:20:43] [INFO    ] [__main__] [READING] zone=Furnace-1 | timestamp=2026-07-22T06:00:00
[2026-07-28 17:20:43] [DEBUG   ] [__main__] [READING] raw={"timestamp": "2026-07-22T06:00:00", "factory": "Shree Metal Works", "zone": "Furnace-1", "temperature_unit": "celsius", "temperature": 37.0, "humidity": 47.5, "globe_temperature": 52.7, "wet_bulb_tem
[2026-07-28 17:20:43] [DEBUG   ] [__main__] [VALIDATE] zone=Furnace-1 | condition=ALL_DATA | missing=[] | flags=[]
[2026-07-28 17:20:43] [INFO    ] [__main__] [CALC] zone=Furnace-1 | ta=37.0 | rh=47.5 | tg=52.7 | tnwb=28.0 | wbgt=35.41
[2026-07-28 17:20:43] [DEBUG   ] [__main__] [CALC] data_quality={'ta': 'sensor', 'rh': 'sensor', 'tg': 'sensor', 'tnwb': 'sensor', 'wbgt': 'calculated'}
[2026-07-28 17:20:43] [INFO    ] [__main__] [CLASSIFY] zone=Furnace-1 | wbgt=35.41 | risk=DANGER | action=Halt heavy work, mandatory rest, evacuate
[2026-07-28 17:20:43] [WARNING ] [__main__] [DANGER ALERT] zone=Furnace-1 | wbgt=35.41 | Halt heavy work, mandatory rest, evacuate
[2026-07-28 17:20:43] [INFO    ] [__main__] [DB] zone=Furnace-1 | db_id=100 | saved OK
[2026-07-28 17:20:43] [INFO    ] [__main__] Pipeline completed OK | db_id=100
[2026-07-28 17:20:43] [INFO    ] [root] ============================================================
[2026-07-28 17:20:43] [INFO    ] [root] WBGT Monitor logging started
[2026-07-28 17:20:43] [INFO    ] [root] Log file : C:\Users\Varsh\Desktop\AGEIS\logs\wbgt_monitor_20260728.log
[2026-07-28 17:20:43] [INFO    ] [root] ============================================================
[2026-07-28 17:20:43] [INFO    ] [__main__] WBGT Monitor starting up
[2026-07-28 17:20:43] [INFO    ] [__main__] Database initialised
[2026-07-28 17:20:43] [INFO    ] [__main__] [READING] zone=Fabrication-Shop | timestamp=2026-07-22T07:00:00
[2026-07-28 17:20:43] [DEBUG   ] [__main__] [READING] raw={"timestamp": "2026-07-22T07:00:00", "factory": "Tata Steel", "zone": "Fabrication-Shop", "temperature_unit": "celsius", "temperature": 24.4, "humidity": 54.1, "globe_temperature": 25.7, "wet_bulb_tem
[2026-07-28 17:20:43] [DEBUG   ] [__main__] [VALIDATE] zone=Fabrication-Shop | condition=ALL_DATA | missing=[] | flags=[]
[2026-07-28 17:20:43] [INFO    ] [__main__] [CALC] zone=Fabrication-Shop | ta=24.4 | rh=54.1 | tg=25.7 | tnwb=17.7 | wbgt=20.1
[2026-07-28 17:20:43] [DEBUG   ] [__main__] [CALC] data_quality={'ta': 'sensor', 'rh': 'sensor', 'tg': 'sensor', 'tnwb': 'sensor', 'wbgt': 'calculated'}
[2026-07-28 17:20:43] [INFO    ] [__main__] [CLASSIFY] zone=Fabrication-Shop | wbgt=20.1 | risk=SAFE | action=Normal work, no restrictions
[2026-07-28 17:20:43] [INFO    ] [__main__] [DB] zone=Fabrication-Shop | db_id=101 | saved OK
[2026-07-28 17:20:43] [INFO    ] [__main__] Pipeline completed OK | db_id=101
[2026-07-28 17:20:44] [INFO    ] [root] ============================================================
[2026-07-28 17:20:44] [INFO    ] [root] WBGT Monitor logging started
[2026-07-28 17:20:44] [INFO    ] [root] Log file : C:\Users\Varsh\Desktop\AGEIS\logs\wbgt_monitor_20260728.log
[2026-07-28 17:20:44] [INFO    ] [root] ============================================================
[2026-07-28 17:20:44] [INFO    ] [__main__] WBGT Monitor starting up
[2026-07-28 17:20:44] [INFO    ] [__main__] Database initialised
[2026-07-28 17:20:44] [INFO    ] [__main__] [READING] zone=EAF-Bay | timestamp=2026-07-22T08:00:00
[2026-07-28 17:20:44] [DEBUG   ] [__main__] [READING] raw={"timestamp": "2026-07-22T08:00:00", "factory": "JSW Steel", "zone": "EAF-Bay", "temperature_unit": "celsius", "temperature": 42.5, "humidity": 47.0, "globe_temperature": 63.9, "wet_bulb_temperature":
[2026-07-28 17:20:44] [DEBUG   ] [__main__] [VALIDATE] zone=EAF-Bay | condition=ALL_DATA | missing=[] | flags=[]
[2026-07-28 17:20:44] [INFO    ] [__main__] [CALC] zone=EAF-Bay | ta=42.5 | rh=47.0 | tg=63.9 | tnwb=32.6 | wbgt=41.99
[2026-07-28 17:20:44] [DEBUG   ] [__main__] [CALC] data_quality={'ta': 'sensor', 'rh': 'sensor', 'tg': 'sensor', 'tnwb': 'sensor', 'wbgt': 'calculated'}
[2026-07-28 17:20:44] [INFO    ] [__main__] [CLASSIFY] zone=EAF-Bay | wbgt=41.99 | risk=DANGER | action=Halt heavy work, mandatory rest, evacuate
[2026-07-28 17:20:44] [WARNING ] [__main__] [DANGER ALERT] zone=EAF-Bay | wbgt=41.99 | Halt heavy work, mandatory rest, evacuate
[2026-07-28 17:20:44] [INFO    ] [__main__] [DB] zone=EAF-Bay | db_id=102 | saved OK
[2026-07-28 17:20:44] [INFO    ] [__main__] Pipeline completed OK | db_id=102
[2026-07-28 17:20:45] [INFO    ] [root] ============================================================
[2026-07-28 17:20:45] [INFO    ] [root] WBGT Monitor logging started
[2026-07-28 17:20:45] [INFO    ] [root] Log file : C:\Users\Varsh\Desktop\AGEIS\logs\wbgt_monitor_20260728.log
[2026-07-28 17:20:45] [INFO    ] [root] ============================================================
[2026-07-28 17:20:45] [INFO    ] [__main__] WBGT Monitor starting up
[2026-07-28 17:20:45] [INFO    ] [__main__] Database initialised
[2026-07-28 17:20:45] [INFO    ] [__main__] [READING] zone=Loading-Dock | timestamp=2026-07-22T09:00:00
[2026-07-28 17:20:45] [DEBUG   ] [__main__] [READING] raw={"timestamp": "2026-07-22T09:00:00", "factory": "Tata Steel", "zone": "Loading-Dock", "temperature_unit": "celsius", "temperature": 35.0, "humidity": 68.5, "globe_temperature": 37.5, "wet_bulb_tempera
[2026-07-28 17:20:45] [DEBUG   ] [__main__] [VALIDATE] zone=Loading-Dock | condition=ALL_DATA | missing=[] | flags=[]
[2026-07-28 17:20:45] [INFO    ] [__main__] [CALC] zone=Loading-Dock | ta=35.0 | rh=68.5 | tg=37.5 | tnwb=29.6 | wbgt=31.97
[2026-07-28 17:20:45] [DEBUG   ] [__main__] [CALC] data_quality={'ta': 'sensor', 'rh': 'sensor', 'tg': 'sensor', 'tnwb': 'sensor', 'wbgt': 'calculated'}
[2026-07-28 17:20:45] [INFO    ] [__main__] [CLASSIFY] zone=Loading-Dock | wbgt=31.97 | risk=DANGER | action=Halt heavy work, mandatory rest, evacuate
[2026-07-28 17:20:45] [WARNING ] [__main__] [DANGER ALERT] zone=Loading-Dock | wbgt=31.97 | Halt heavy work, mandatory rest, evacuate
[2026-07-28 17:20:45] [INFO    ] [__main__] [DB] zone=Loading-Dock | db_id=103 | saved OK
[2026-07-28 17:20:45] [INFO    ] [__main__] Pipeline completed OK | db_id=103
[2026-07-28 17:20:45] [INFO    ] [root] ============================================================
[2026-07-28 17:20:45] [INFO    ] [root] WBGT Monitor logging started
[2026-07-28 17:20:45] [INFO    ] [root] Log file : C:\Users\Varsh\Desktop\AGEIS\logs\wbgt_monitor_20260728.log
[2026-07-28 17:20:45] [INFO    ] [root] ============================================================
[2026-07-28 17:20:45] [INFO    ] [__main__] WBGT Monitor starting up
[2026-07-28 17:20:45] [INFO    ] [__main__] Database initialised
[2026-07-28 17:20:45] [INFO    ] [__main__] [READING] zone=Rolling-Mill | timestamp=2026-07-22T10:00:00
[2026-07-28 17:20:45] [DEBUG   ] [__main__] [READING] raw={"timestamp": "2026-07-22T10:00:00", "factory": "Shree Metal Works", "zone": "Rolling-Mill", "temperature_unit": "celsius", "temperature": 32.7, "humidity": 0, "globe_temperature": 41.0, "wet_bulb_tem
[2026-07-28 17:20:45] [DEBUG   ] [__main__] [VALIDATE] zone=Rolling-Mill | condition=MISSING_RH | missing=['humidity'] | flags=[]
[2026-07-28 17:20:45] [ERROR   ] [__main__] [CALC ERROR] zone=Rolling-Mill | timestamp=2026-07-22T10:00:00 | error=WEATHER_API_BASE_URL is not configured.
[2026-07-28 17:20:45] [WARNING ] [__main__] Pipeline completed with fault: Calculation error: WEATHER_API_BASE_URL is not configured.
[2026-07-28 17:20:46] [INFO    ] [root] ============================================================
[2026-07-28 17:20:46] [INFO    ] [root] WBGT Monitor logging started
[2026-07-28 17:20:46] [INFO    ] [root] Log file : C:\Users\Varsh\Desktop\AGEIS\logs\wbgt_monitor_20260728.log
[2026-07-28 17:20:46] [INFO    ] [root] ============================================================
[2026-07-28 17:20:46] [INFO    ] [__main__] WBGT Monitor starting up
[2026-07-28 17:20:46] [INFO    ] [__main__] Database initialised
[2026-07-28 17:20:46] [INFO    ] [__main__] [READING] zone=Continuous-Casting | timestamp=2026-07-22T11:00:00
[2026-07-28 17:20:46] [DEBUG   ] [__main__] [READING] raw={"timestamp": "2026-07-22T11:00:00", "factory": "Shree Metal Works", "zone": "Continuous-Casting", "temperature_unit": "celsius", "temperature": 49.4, "humidity": 53.3, "globe_temperature": 67.5, "wet
[2026-07-28 17:20:46] [DEBUG   ] [__main__] [VALIDATE] zone=Continuous-Casting | condition=ALL_DATA | missing=[] | flags=[]
[2026-07-28 17:20:46] [INFO    ] [__main__] [CALC] zone=Continuous-Casting | ta=49.4 | rh=53.3 | tg=67.5 | tnwb=40.0 | wbgt=48.25
[2026-07-28 17:20:46] [DEBUG   ] [__main__] [CALC] data_quality={'ta': 'sensor', 'rh': 'sensor', 'tg': 'sensor', 'tnwb': 'sensor', 'wbgt': 'calculated'}
[2026-07-28 17:20:46] [INFO    ] [__main__] [CLASSIFY] zone=Continuous-Casting | wbgt=48.25 | risk=DANGER | action=Halt heavy work, mandatory rest, evacuate
[2026-07-28 17:20:46] [WARNING ] [__main__] [DANGER ALERT] zone=Continuous-Casting | wbgt=48.25 | Halt heavy work, mandatory rest, evacuate
[2026-07-28 17:20:46] [INFO    ] [__main__] [DB] zone=Continuous-Casting | db_id=104 | saved OK
[2026-07-28 17:20:46] [INFO    ] [__main__] Pipeline completed OK | db_id=104
[2026-07-28 17:20:46] [INFO    ] [root] ============================================================
[2026-07-28 17:20:46] [INFO    ] [root] WBGT Monitor logging started
[2026-07-28 17:20:46] [INFO    ] [root] Log file : C:\Users\Varsh\Desktop\AGEIS\logs\wbgt_monitor_20260728.log
[2026-07-28 17:20:46] [INFO    ] [root] ============================================================
[2026-07-28 17:20:46] [INFO    ] [__main__] WBGT Monitor starting up
[2026-07-28 17:20:46] [INFO    ] [__main__] Database initialised
[2026-07-28 17:20:46] [INFO    ] [__main__] [READING] zone=Warehouse | timestamp=2026-07-22T12:00:00
[2026-07-28 17:20:46] [DEBUG   ] [__main__] [READING] raw={"timestamp": "2026-07-22T12:00:00", "factory": "SAIL", "zone": "Warehouse", "temperature_unit": "celsius", "temperature": 71.3, "humidity": 48.5, "globe_temperature": 0, "wet_bulb_temperature": 0}
[2026-07-28 17:20:46] [DEBUG   ] [__main__] [VALIDATE] zone=Warehouse | condition=None | missing=[] | flags=[]
[2026-07-28 17:20:46] [WARNING ] [__main__] [FAULT] zone=Warehouse | timestamp=2026-07-22T12:00:00 | reason=SENSOR_FAULT: temperature=71.3 is out of valid range 0–60 °C.
[2026-07-28 17:20:46] [WARNING ] [__main__] Pipeline completed with fault: SENSOR_FAULT: temperature=71.3 is out of valid range 0–60 °C.
[2026-07-28 17:20:47] [INFO    ] [root] ============================================================
[2026-07-28 17:20:47] [INFO    ] [root] WBGT Monitor logging started
[2026-07-28 17:20:47] [INFO    ] [root] Log file : C:\Users\Varsh\Desktop\AGEIS\logs\wbgt_monitor_20260728.log
[2026-07-28 17:20:47] [INFO    ] [root] ============================================================
[2026-07-28 17:20:47] [INFO    ] [__main__] WBGT Monitor starting up
[2026-07-28 17:20:47] [INFO    ] [__main__] Database initialised
[2026-07-28 17:20:47] [INFO    ] [__main__] [READING] zone=Ladle-Metallurgy | timestamp=2026-07-22T13:00:00
[2026-07-28 17:20:47] [DEBUG   ] [__main__] [READING] raw={"timestamp": "2026-07-22T13:00:00", "factory": "Tata Steel", "zone": "Ladle-Metallurgy", "temperature_unit": "celsius", "temperature": 47.4, "humidity": 50.7, "globe_temperature": 65.9, "wet_bulb_tem
[2026-07-28 17:20:47] [DEBUG   ] [__main__] [VALIDATE] zone=Ladle-Metallurgy | condition=ALL_DATA | missing=[] | flags=[]
[2026-07-28 17:20:47] [INFO    ] [__main__] [CALC] zone=Ladle-Metallurgy | ta=47.4 | rh=50.7 | tg=65.9 | tnwb=37.4299 | wbgt=45.9709
[2026-07-28 17:20:47] [DEBUG   ] [__main__] [CALC] data_quality={'ta': 'sensor', 'rh': 'sensor', 'tg': 'sensor', 'tnwb': 'calculated', 'wbgt': 'calculated'}
[2026-07-28 17:20:47] [INFO    ] [__main__] [CLASSIFY] zone=Ladle-Metallurgy | wbgt=45.9709 | risk=DANGER | action=Halt heavy work, mandatory rest, evacuate
[2026-07-28 17:20:47] [WARNING ] [__main__] [DANGER ALERT] zone=Ladle-Metallurgy | wbgt=45.9709 | Halt heavy work, mandatory rest, evacuate
[2026-07-28 17:20:47] [INFO    ] [__main__] [DB] zone=Ladle-Metallurgy | db_id=105 | saved OK
[2026-07-28 17:20:47] [INFO    ] [__main__] Pipeline completed OK | db_id=105
[2026-07-28 17:20:48] [INFO    ] [root] ============================================================
[2026-07-28 17:20:48] [INFO    ] [root] WBGT Monitor logging started
[2026-07-28 17:20:48] [INFO    ] [root] Log file : C:\Users\Varsh\Desktop\AGEIS\logs\wbgt_monitor_20260728.log
[2026-07-28 17:20:48] [INFO    ] [root] ============================================================
[2026-07-28 17:20:48] [INFO    ] [__main__] WBGT Monitor starting up
[2026-07-28 17:20:48] [INFO    ] [__main__] Database initialised
[2026-07-28 17:20:48] [INFO    ] [__main__] [READING] zone=Furnace-2 | timestamp=2026-07-22T14:00:00
[2026-07-28 17:20:48] [DEBUG   ] [__main__] [READING] raw={"timestamp": "2026-07-22T14:00:00", "factory": "Ganesh Alloys", "zone": "Furnace-2", "temperature_unit": "celsius", "temperature": 59.6, "humidity": 111.3, "globe_temperature": 79.8, "wet_bulb_temper
[2026-07-28 17:20:48] [DEBUG   ] [__main__] [VALIDATE] zone=Furnace-2 | condition=None | missing=[] | flags=[]
[2026-07-28 17:20:48] [WARNING ] [__main__] [FAULT] zone=Furnace-2 | timestamp=2026-07-22T14:00:00 | reason=SENSOR_FAULT: humidity=111.3 is out of valid range 0–100 %.
[2026-07-28 17:20:48] [WARNING ] [__main__] Pipeline completed with fault: SENSOR_FAULT: humidity=111.3 is out of valid range 0–100 %.
[2026-07-28 17:20:48] [INFO    ] [root] ============================================================
[2026-07-28 17:20:48] [INFO    ] [root] WBGT Monitor logging started
[2026-07-28 17:20:48] [INFO    ] [root] Log file : C:\Users\Varsh\Desktop\AGEIS\logs\wbgt_monitor_20260728.log
[2026-07-28 17:20:48] [INFO    ] [root] ============================================================
[2026-07-28 17:20:48] [INFO    ] [__main__] WBGT Monitor starting up
[2026-07-28 17:20:48] [INFO    ] [__main__] Database initialised
[2026-07-28 17:20:48] [INFO    ] [__main__] [READING] zone=Furnace-1 | timestamp=2026-07-22T15:00:00
[2026-07-28 17:20:48] [DEBUG   ] [__main__] [READING] raw={"timestamp": "2026-07-22T15:00:00", "factory": "Vedanta", "zone": "Furnace-1", "temperature_unit": "celsius", "temperature": 56.8, "humidity": 0, "globe_temperature": 0, "wet_bulb_temperature": 45.6}
[2026-07-28 17:20:48] [DEBUG   ] [__main__] [VALIDATE] zone=Furnace-1 | condition=MISSING_RH | missing=['humidity', 'globe_temperature'] | flags=[]
[2026-07-28 17:20:48] [ERROR   ] [__main__] [CALC ERROR] zone=Furnace-1 | timestamp=2026-07-22T15:00:00 | error=WEATHER_API_BASE_URL is not configured.
[2026-07-28 17:20:48] [WARNING ] [__main__] Pipeline completed with fault: Calculation error: WEATHER_API_BASE_URL is not configured.
[2026-07-28 17:20:49] [INFO    ] [root] ============================================================
[2026-07-28 17:20:49] [INFO    ] [root] WBGT Monitor logging started
[2026-07-28 17:20:49] [INFO    ] [root] Log file : C:\Users\Varsh\Desktop\AGEIS\logs\wbgt_monitor_20260728.log
[2026-07-28 17:20:49] [INFO    ] [root] ============================================================
[2026-07-28 17:20:49] [INFO    ] [__main__] WBGT Monitor starting up
[2026-07-28 17:20:49] [INFO    ] [__main__] Database initialised
[2026-07-28 17:20:49] [INFO    ] [__main__] [READING] zone=Annealing-Line | timestamp=2026-07-22T16:00:00
[2026-07-28 17:20:49] [DEBUG   ] [__main__] [READING] raw={"timestamp": "2026-07-22T16:00:00", "factory": "JSW Steel", "zone": "Annealing-Line", "temperature_unit": "celsius", "temperature": 34.9, "humidity": 49.5, "globe_temperature": 40.8, "wet_bulb_temper
[2026-07-28 17:20:49] [DEBUG   ] [__main__] [VALIDATE] zone=Annealing-Line | condition=ALL_DATA | missing=[] | flags=[]
[2026-07-28 17:20:49] [INFO    ] [__main__] [CALC] zone=Annealing-Line | ta=34.9 | rh=49.5 | tg=40.8 | tnwb=26.4107 | wbgt=30.7275
[2026-07-28 17:20:49] [DEBUG   ] [__main__] [CALC] data_quality={'ta': 'sensor', 'rh': 'sensor', 'tg': 'sensor', 'tnwb': 'calculated', 'wbgt': 'calculated'}
[2026-07-28 17:20:49] [INFO    ] [__main__] [CLASSIFY] zone=Annealing-Line | wbgt=30.7275 | risk=WARNING | action=Enforce work/rest cycles (50 min work, 10 min rest)
[2026-07-28 17:20:49] [WARNING ] [__main__] [WARNING ALERT] zone=Annealing-Line | wbgt=30.7275 | Enforce work/rest cycles (50 min work, 10 min rest)
[2026-07-28 17:20:49] [INFO    ] [__main__] [DB] zone=Annealing-Line | db_id=106 | saved OK
[2026-07-28 17:20:49] [INFO    ] [__main__] Pipeline completed OK | db_id=106
[2026-07-28 17:20:49] [INFO    ] [root] ============================================================
[2026-07-28 17:20:49] [INFO    ] [root] WBGT Monitor logging started
[2026-07-28 17:20:49] [INFO    ] [root] Log file : C:\Users\Varsh\Desktop\AGEIS\logs\wbgt_monitor_20260728.log
[2026-07-28 17:20:49] [INFO    ] [root] ============================================================
[2026-07-28 17:20:49] [INFO    ] [__main__] WBGT Monitor starting up
[2026-07-28 17:20:49] [INFO    ] [__main__] Database initialised
[2026-07-28 17:20:49] [INFO    ] [__main__] [READING] zone=Continuous-Casting | timestamp=2026-07-22T17:00:00
[2026-07-28 17:20:49] [DEBUG   ] [__main__] [READING] raw={"timestamp": "2026-07-22T17:00:00", "factory": "SAIL", "zone": "Continuous-Casting", "temperature_unit": "celsius", "temperature": 39.8, "humidity": 0, "globe_temperature": 0, "wet_bulb_temperature":
[2026-07-28 17:20:49] [DEBUG   ] [__main__] [VALIDATE] zone=Continuous-Casting | condition=MISSING_RH | missing=['humidity', 'globe_temperature'] | flags=[]
[2026-07-28 17:20:49] [ERROR   ] [__main__] [CALC ERROR] zone=Continuous-Casting | timestamp=2026-07-22T17:00:00 | error=WEATHER_API_BASE_URL is not configured.
[2026-07-28 17:20:49] [WARNING ] [__main__] Pipeline completed with fault: Calculation error: WEATHER_API_BASE_URL is not configured.
[2026-07-28 17:20:50] [INFO    ] [root] ============================================================
[2026-07-28 17:20:50] [INFO    ] [root] WBGT Monitor logging started
[2026-07-28 17:20:50] [INFO    ] [root] Log file : C:\Users\Varsh\Desktop\AGEIS\logs\wbgt_monitor_20260728.log
[2026-07-28 17:20:50] [INFO    ] [root] ============================================================
[2026-07-28 17:20:50] [INFO    ] [__main__] WBGT Monitor starting up
[2026-07-28 17:20:50] [INFO    ] [__main__] Database initialised
[2026-07-28 17:20:50] [INFO    ] [__main__] [READING] zone=Loading-Dock | timestamp=2026-07-22T18:00:00
[2026-07-28 17:20:50] [DEBUG   ] [__main__] [READING] raw={"timestamp": "2026-07-22T18:00:00", "factory": "Tata Steel", "zone": "Loading-Dock", "temperature_unit": "celsius", "temperature": 27.1, "humidity": 0, "globe_temperature": 0, "wet_bulb_temperature":
[2026-07-28 17:20:50] [DEBUG   ] [__main__] [VALIDATE] zone=Loading-Dock | condition=MISSING_RH | missing=['humidity', 'globe_temperature'] | flags=[]
[2026-07-28 17:20:50] [ERROR   ] [__main__] [CALC ERROR] zone=Loading-Dock | timestamp=2026-07-22T18:00:00 | error=WEATHER_API_BASE_URL is not configured.
[2026-07-28 17:20:50] [WARNING ] [__main__] Pipeline completed with fault: Calculation error: WEATHER_API_BASE_URL is not configured.
[2026-07-28 17:20:51] [INFO    ] [root] ============================================================
[2026-07-28 17:20:51] [INFO    ] [root] WBGT Monitor logging started
[2026-07-28 17:20:51] [INFO    ] [root] Log file : C:\Users\Varsh\Desktop\AGEIS\logs\wbgt_monitor_20260728.log
[2026-07-28 17:20:51] [INFO    ] [root] ============================================================
[2026-07-28 17:20:51] [INFO    ] [__main__] WBGT Monitor starting up
[2026-07-28 17:20:51] [INFO    ] [__main__] Database initialised
[2026-07-28 17:20:51] [INFO    ] [__main__] [READING] zone=Furnace-2 | timestamp=2026-07-22T19:00:00
[2026-07-28 17:20:51] [DEBUG   ] [__main__] [READING] raw={"timestamp": "2026-07-22T19:00:00", "factory": "Vedanta", "zone": "Furnace-2", "temperature_unit": "celsius", "temperature": 36.4, "humidity": 0, "globe_temperature": 53.2, "wet_bulb_temperature": 0}
[2026-07-28 17:20:51] [DEBUG   ] [__main__] [VALIDATE] zone=Furnace-2 | condition=MISSING_RH | missing=['humidity'] | flags=[]
[2026-07-28 17:20:51] [ERROR   ] [__main__] [CALC ERROR] zone=Furnace-2 | timestamp=2026-07-22T19:00:00 | error=WEATHER_API_BASE_URL is not configured.
[2026-07-28 17:20:51] [WARNING ] [__main__] Pipeline completed with fault: Calculation error: WEATHER_API_BASE_URL is not configured.
[2026-07-28 17:20:51] [INFO    ] [root] ============================================================
[2026-07-28 17:20:51] [INFO    ] [root] WBGT Monitor logging started
[2026-07-28 17:20:51] [INFO    ] [root] Log file : C:\Users\Varsh\Desktop\AGEIS\logs\wbgt_monitor_20260728.log
[2026-07-28 17:20:51] [INFO    ] [root] ============================================================
[2026-07-28 17:20:51] [INFO    ] [__main__] WBGT Monitor starting up
[2026-07-28 17:20:51] [INFO    ] [__main__] Database initialised
[2026-07-28 17:20:51] [INFO    ] [__main__] [READING] zone=Furnace-1 | timestamp=2026-07-22T20:00:00
[2026-07-28 17:20:51] [DEBUG   ] [__main__] [READING] raw={"timestamp": "2026-07-22T20:00:00", "factory": "JSW Steel", "zone": "Furnace-1", "temperature_unit": "celsius", "temperature": 39.0, "humidity": 0, "globe_temperature": 57.5, "wet_bulb_temperature": 
[2026-07-28 17:20:51] [DEBUG   ] [__main__] [VALIDATE] zone=Furnace-1 | condition=MISSING_RH | missing=['humidity'] | flags=[]
[2026-07-28 17:20:51] [ERROR   ] [__main__] [CALC ERROR] zone=Furnace-1 | timestamp=2026-07-22T20:00:00 | error=WEATHER_API_BASE_URL is not configured.
[2026-07-28 17:20:51] [WARNING ] [__main__] Pipeline completed with fault: Calculation error: WEATHER_API_BASE_URL is not configured.
[2026-07-28 17:20:52] [INFO    ] [root] ============================================================
[2026-07-28 17:20:52] [INFO    ] [root] WBGT Monitor logging started
[2026-07-28 17:20:52] [INFO    ] [root] Log file : C:\Users\Varsh\Desktop\AGEIS\logs\wbgt_monitor_20260728.log
[2026-07-28 17:20:52] [INFO    ] [root] ============================================================
[2026-07-28 17:20:52] [INFO    ] [__main__] WBGT Monitor starting up
[2026-07-28 17:20:52] [INFO    ] [__main__] Database initialised
[2026-07-28 17:20:52] [INFO    ] [__main__] [READING] zone=Warehouse | timestamp=2026-07-22T21:00:00
[2026-07-28 17:20:52] [DEBUG   ] [__main__] [READING] raw={"timestamp": "2026-07-22T21:00:00", "factory": "Tata Steel", "zone": "Warehouse", "temperature_unit": "celsius", "temperature": 22.9, "humidity": 0, "globe_temperature": 23.9, "wet_bulb_temperature":
[2026-07-28 17:20:52] [DEBUG   ] [__main__] [VALIDATE] zone=Warehouse | condition=MISSING_RH | missing=['humidity'] | flags=[]
[2026-07-28 17:20:52] [ERROR   ] [__main__] [CALC ERROR] zone=Warehouse | timestamp=2026-07-22T21:00:00 | error=WEATHER_API_BASE_URL is not configured.
[2026-07-28 17:20:52] [WARNING ] [__main__] Pipeline completed with fault: Calculation error: WEATHER_API_BASE_URL is not configured.
[2026-07-28 17:20:52] [INFO    ] [root] ============================================================
[2026-07-28 17:20:52] [INFO    ] [root] WBGT Monitor logging started
[2026-07-28 17:20:52] [INFO    ] [root] Log file : C:\Users\Varsh\Desktop\AGEIS\logs\wbgt_monitor_20260728.log
[2026-07-28 17:20:52] [INFO    ] [root] ============================================================
[2026-07-28 17:20:52] [INFO    ] [__main__] WBGT Monitor starting up
[2026-07-28 17:20:53] [INFO    ] [__main__] Database initialised
[2026-07-28 17:20:53] [INFO    ] [__main__] [READING] zone=EAF-Bay | timestamp=2026-07-22T22:00:00
[2026-07-28 17:20:53] [DEBUG   ] [__main__] [READING] raw={"timestamp": "2026-07-22T22:00:00", "factory": "Shree Metal Works", "zone": "EAF-Bay", "temperature_unit": "celsius", "temperature": 41.4, "humidity": 51.4, "globe_temperature": 58.4, "wet_bulb_tempe
[2026-07-28 17:20:53] [DEBUG   ] [__main__] [VALIDATE] zone=EAF-Bay | condition=ALL_DATA | missing=[] | flags=[]
[2026-07-28 17:20:53] [INFO    ] [__main__] [CALC] zone=EAF-Bay | ta=41.4 | rh=51.4 | tg=58.4 | tnwb=32.1 | wbgt=39.99
[2026-07-28 17:20:53] [DEBUG   ] [__main__] [CALC] data_quality={'ta': 'sensor', 'rh': 'sensor', 'tg': 'sensor', 'tnwb': 'sensor', 'wbgt': 'calculated'}
[2026-07-28 17:20:53] [INFO    ] [__main__] [CLASSIFY] zone=EAF-Bay | wbgt=39.99 | risk=DANGER | action=Halt heavy work, mandatory rest, evacuate
[2026-07-28 17:20:53] [WARNING ] [__main__] [DANGER ALERT] zone=EAF-Bay | wbgt=39.99 | Halt heavy work, mandatory rest, evacuate
[2026-07-28 17:20:53] [INFO    ] [__main__] [DB] zone=EAF-Bay | db_id=107 | saved OK
[2026-07-28 17:20:53] [INFO    ] [__main__] Pipeline completed OK | db_id=107
[2026-07-28 17:20:53] [INFO    ] [root] ============================================================
[2026-07-28 17:20:53] [INFO    ] [root] WBGT Monitor logging started
[2026-07-28 17:20:53] [INFO    ] [root] Log file : C:\Users\Varsh\Desktop\AGEIS\logs\wbgt_monitor_20260728.log
[2026-07-28 17:20:53] [INFO    ] [root] ============================================================
[2026-07-28 17:20:53] [INFO    ] [__main__] WBGT Monitor starting up
[2026-07-28 17:20:53] [INFO    ] [__main__] Database initialised
[2026-07-28 17:20:53] [INFO    ] [__main__] [READING] zone=Fabrication-Shop | timestamp=2026-07-22T23:00:00
[2026-07-28 17:20:53] [DEBUG   ] [__main__] [READING] raw={"timestamp": "2026-07-22T23:00:00", "factory": "JSW Steel", "zone": "Fabrication-Shop", "temperature_unit": "celsius", "temperature": 20.6, "humidity": 71.1, "globe_temperature": 22.6, "wet_bulb_temp
[2026-07-28 17:20:53] [DEBUG   ] [__main__] [VALIDATE] zone=Fabrication-Shop | condition=ALL_DATA | missing=[] | flags=[]
[2026-07-28 17:20:53] [INFO    ] [__main__] [CALC] zone=Fabrication-Shop | ta=20.6 | rh=71.1 | tg=22.6 | tnwb=16.9792 | wbgt=18.6655
[2026-07-28 17:20:53] [DEBUG   ] [__main__] [CALC] data_quality={'ta': 'sensor', 'rh': 'sensor', 'tg': 'sensor', 'tnwb': 'calculated', 'wbgt': 'calculated'}
[2026-07-28 17:20:53] [INFO    ] [__main__] [CLASSIFY] zone=Fabrication-Shop | wbgt=18.6655 | risk=SAFE | action=Normal work, no restrictions
[2026-07-28 17:20:53] [INFO    ] [__main__] [DB] zone=Fabrication-Shop | db_id=108 | saved OK
[2026-07-28 17:20:53] [INFO    ] [__main__] Pipeline completed OK | db_id=108
[2026-07-28 17:20:54] [INFO    ] [root] ============================================================
[2026-07-28 17:20:54] [INFO    ] [root] WBGT Monitor logging started
[2026-07-28 17:20:54] [INFO    ] [root] Log file : C:\Users\Varsh\Desktop\AGEIS\logs\wbgt_monitor_20260728.log
[2026-07-28 17:20:54] [INFO    ] [root] ============================================================
[2026-07-28 17:20:54] [INFO    ] [__main__] WBGT Monitor starting up
[2026-07-28 17:20:54] [INFO    ] [__main__] Database initialised
[2026-07-28 17:20:54] [INFO    ] [__main__] [READING] zone=Annealing-Line | timestamp=2026-07-23T00:00:00
[2026-07-28 17:20:54] [DEBUG   ] [__main__] [READING] raw={"timestamp": "2026-07-23T00:00:00", "factory": "Shree Metal Works", "zone": "Annealing-Line", "temperature_unit": "celsius", "temperature": 24.4, "humidity": 44.4, "globe_temperature": 27.2, "wet_bul
[2026-07-28 17:20:54] [DEBUG   ] [__main__] [VALIDATE] zone=Annealing-Line | condition=ALL_DATA | missing=[] | flags=[]
[2026-07-28 17:20:54] [INFO    ] [__main__] [CALC] zone=Annealing-Line | ta=24.4 | rh=44.4 | tg=27.2 | tnwb=16.2 | wbgt=19.5
[2026-07-28 17:20:54] [DEBUG   ] [__main__] [CALC] data_quality={'ta': 'sensor', 'rh': 'sensor', 'tg': 'sensor', 'tnwb': 'sensor', 'wbgt': 'calculated'}
[2026-07-28 17:20:54] [INFO    ] [__main__] [CLASSIFY] zone=Annealing-Line | wbgt=19.5 | risk=SAFE | action=Normal work, no restrictions
[2026-07-28 17:20:54] [INFO    ] [__main__] [DB] zone=Annealing-Line | db_id=109 | saved OK
[2026-07-28 17:20:54] [INFO    ] [__main__] Pipeline completed OK | db_id=109
[2026-07-28 17:20:55] [INFO    ] [root] ============================================================
[2026-07-28 17:20:55] [INFO    ] [root] WBGT Monitor logging started
[2026-07-28 17:20:55] [INFO    ] [root] Log file : C:\Users\Varsh\Desktop\AGEIS\logs\wbgt_monitor_20260728.log
[2026-07-28 17:20:55] [INFO    ] [root] ============================================================
[2026-07-28 17:20:55] [INFO    ] [__main__] WBGT Monitor starting up
[2026-07-28 17:20:55] [INFO    ] [__main__] Database initialised
[2026-07-28 17:20:55] [INFO    ] [__main__] [READING] zone=Ladle-Metallurgy | timestamp=2026-07-23T01:00:00
[2026-07-28 17:20:55] [DEBUG   ] [__main__] [READING] raw={"timestamp": "2026-07-23T01:00:00", "factory": "Ganesh Alloys", "zone": "Ladle-Metallurgy", "temperature_unit": "celsius", "temperature": 30.0, "humidity": 0, "globe_temperature": 43.1, "wet_bulb_tem
[2026-07-28 17:20:55] [DEBUG   ] [__main__] [VALIDATE] zone=Ladle-Metallurgy | condition=MISSING_RH | missing=['humidity'] | flags=[]
[2026-07-28 17:20:55] [ERROR   ] [__main__] [CALC ERROR] zone=Ladle-Metallurgy | timestamp=2026-07-23T01:00:00 | error=WEATHER_API_BASE_URL is not configured.
[2026-07-28 17:20:55] [WARNING ] [__main__] Pipeline completed with fault: Calculation error: WEATHER_API_BASE_URL is not configured.
[2026-07-28 17:20:55] [INFO    ] [root] ============================================================
[2026-07-28 17:20:55] [INFO    ] [root] WBGT Monitor logging started
[2026-07-28 17:20:55] [INFO    ] [root] Log file : C:\Users\Varsh\Desktop\AGEIS\logs\wbgt_monitor_20260728.log
[2026-07-28 17:20:55] [INFO    ] [root] ============================================================
[2026-07-28 17:20:55] [INFO    ] [__main__] WBGT Monitor starting up
[2026-07-28 17:20:55] [INFO    ] [__main__] Database initialised
[2026-07-28 17:20:55] [INFO    ] [__main__] [READING] zone=Rolling-Mill | timestamp=2026-07-23T02:00:00
[2026-07-28 17:20:55] [DEBUG   ] [__main__] [READING] raw={"timestamp": "2026-07-23T02:00:00", "factory": "Shree Metal Works", "zone": "Rolling-Mill", "temperature_unit": "celsius", "temperature": 27.3, "humidity": 57.4, "globe_temperature": 35.0, "wet_bulb_
[2026-07-28 17:20:55] [DEBUG   ] [__main__] [VALIDATE] zone=Rolling-Mill | condition=ALL_DATA | missing=[] | flags=[]
[2026-07-28 17:20:55] [INFO    ] [__main__] [CALC] zone=Rolling-Mill | ta=27.3 | rh=57.4 | tg=35.0 | tnwb=20.7 | wbgt=24.99
[2026-07-28 17:20:55] [DEBUG   ] [__main__] [CALC] data_quality={'ta': 'sensor', 'rh': 'sensor', 'tg': 'sensor', 'tnwb': 'sensor', 'wbgt': 'calculated'}
[2026-07-28 17:20:55] [INFO    ] [__main__] [CLASSIFY] zone=Rolling-Mill | wbgt=24.99 | risk=SAFE | action=Normal work, no restrictions
[2026-07-28 17:20:55] [INFO    ] [__main__] [DB] zone=Rolling-Mill | db_id=110 | saved OK
[2026-07-28 17:20:55] [INFO    ] [__main__] Pipeline completed OK | db_id=110
[2026-07-28 17:20:56] [INFO    ] [root] ============================================================
[2026-07-28 17:20:56] [INFO    ] [root] WBGT Monitor logging started
[2026-07-28 17:20:56] [INFO    ] [root] Log file : C:\Users\Varsh\Desktop\AGEIS\logs\wbgt_monitor_20260728.log
[2026-07-28 17:20:56] [INFO    ] [root] ============================================================
[2026-07-28 17:20:56] [INFO    ] [__main__] WBGT Monitor starting up
[2026-07-28 17:20:56] [INFO    ] [__main__] Database initialised
[2026-07-28 17:20:56] [INFO    ] [__main__] [READING] zone=Annealing-Line | timestamp=2026-07-23T03:00:00
[2026-07-28 17:20:56] [DEBUG   ] [__main__] [READING] raw={"timestamp": "2026-07-23T03:00:00", "factory": "Vedanta", "zone": "Annealing-Line", "temperature_unit": "celsius", "temperature": 26.8, "humidity": 51.0, "globe_temperature": 33.2, "wet_bulb_temperat
[2026-07-28 17:20:56] [DEBUG   ] [__main__] [VALIDATE] zone=Annealing-Line | condition=ALL_DATA | missing=[] | flags=[]
[2026-07-28 17:20:56] [INFO    ] [__main__] [CALC] zone=Annealing-Line | ta=26.8 | rh=51.0 | tg=33.2 | tnwb=19.6 | wbgt=23.68
[2026-07-28 17:20:56] [DEBUG   ] [__main__] [CALC] data_quality={'ta': 'sensor', 'rh': 'sensor', 'tg': 'sensor', 'tnwb': 'sensor', 'wbgt': 'calculated'}
[2026-07-28 17:20:56] [INFO    ] [__main__] [CLASSIFY] zone=Annealing-Line | wbgt=23.68 | risk=SAFE | action=Normal work, no restrictions
[2026-07-28 17:20:56] [INFO    ] [__main__] [DB] zone=Annealing-Line | db_id=111 | saved OK
[2026-07-28 17:20:56] [INFO    ] [__main__] Pipeline completed OK | db_id=111
[2026-07-28 17:20:56] [INFO    ] [root] ============================================================
[2026-07-28 17:20:56] [INFO    ] [root] WBGT Monitor logging started
[2026-07-28 17:20:56] [INFO    ] [root] Log file : C:\Users\Varsh\Desktop\AGEIS\logs\wbgt_monitor_20260728.log
[2026-07-28 17:20:56] [INFO    ] [root] ============================================================
[2026-07-28 17:20:56] [INFO    ] [__main__] WBGT Monitor starting up
[2026-07-28 17:20:56] [INFO    ] [__main__] Database initialised
[2026-07-28 17:20:56] [INFO    ] [__main__] [READING] zone=Fabrication-Shop | timestamp=2026-07-23T04:00:00
[2026-07-28 17:20:56] [DEBUG   ] [__main__] [READING] raw={"timestamp": "2026-07-23T04:00:00", "factory": "Ganesh Alloys", "zone": "Fabrication-Shop", "temperature_unit": "celsius", "temperature": 22.4, "humidity": 66.9, "globe_temperature": 16.9, "wet_bulb_
[2026-07-28 17:20:56] [DEBUG   ] [__main__] [VALIDATE] zone=Fabrication-Shop | condition=None | missing=[] | flags=[]
[2026-07-28 17:20:56] [WARNING ] [__main__] [FAULT] zone=Fabrication-Shop | timestamp=2026-07-23T04:00:00 | reason=SENSOR_FAULT: globe_temperature=16.9 is less than temperature=22.4.
[2026-07-28 17:20:56] [WARNING ] [__main__] Pipeline completed with fault: SENSOR_FAULT: globe_temperature=16.9 is less than temperature=22.4.
[2026-07-28 17:20:57] [INFO    ] [root] ============================================================
[2026-07-28 17:20:57] [INFO    ] [root] WBGT Monitor logging started
[2026-07-28 17:20:57] [INFO    ] [root] Log file : C:\Users\Varsh\Desktop\AGEIS\logs\wbgt_monitor_20260728.log
[2026-07-28 17:20:57] [INFO    ] [root] ============================================================
[2026-07-28 17:20:57] [INFO    ] [__main__] WBGT Monitor starting up
[2026-07-28 17:20:57] [INFO    ] [__main__] Database initialised
[2026-07-28 17:20:57] [INFO    ] [__main__] [READING] zone=Loading-Dock | timestamp=2026-07-23T05:00:00
[2026-07-28 17:20:57] [DEBUG   ] [__main__] [READING] raw={"timestamp": "2026-07-23T05:00:00", "factory": "JSPL", "zone": "Loading-Dock", "temperature_unit": "celsius", "temperature": 19.6, "humidity": 47.8, "globe_temperature": 21.5, "wet_bulb_temperature":
[2026-07-28 17:20:57] [DEBUG   ] [__main__] [VALIDATE] zone=Loading-Dock | condition=ALL_DATA | missing=[] | flags=[]
[2026-07-28 17:20:57] [INFO    ] [__main__] [CALC] zone=Loading-Dock | ta=19.6 | rh=47.8 | tg=21.5 | tnwb=13.2 | wbgt=15.69
[2026-07-28 17:20:57] [DEBUG   ] [__main__] [CALC] data_quality={'ta': 'sensor', 'rh': 'sensor', 'tg': 'sensor', 'tnwb': 'sensor', 'wbgt': 'calculated'}
[2026-07-28 17:20:57] [INFO    ] [__main__] [CLASSIFY] zone=Loading-Dock | wbgt=15.69 | risk=SAFE | action=Normal work, no restrictions
[2026-07-28 17:20:57] [INFO    ] [__main__] [DB] zone=Loading-Dock | db_id=112 | saved OK
[2026-07-28 17:20:57] [INFO    ] [__main__] Pipeline completed OK | db_id=112
[2026-07-28 17:20:58] [INFO    ] [root] ============================================================
[2026-07-28 17:20:58] [INFO    ] [root] WBGT Monitor logging started
[2026-07-28 17:20:58] [INFO    ] [root] Log file : C:\Users\Varsh\Desktop\AGEIS\logs\wbgt_monitor_20260728.log
[2026-07-28 17:20:58] [INFO    ] [root] ============================================================
[2026-07-28 17:20:58] [INFO    ] [__main__] WBGT Monitor starting up
[2026-07-28 17:20:58] [INFO    ] [__main__] Database initialised
[2026-07-28 17:20:58] [INFO    ] [__main__] [READING] zone=Furnace-1 | timestamp=2026-07-23T06:00:00
[2026-07-28 17:20:58] [DEBUG   ] [__main__] [READING] raw={"timestamp": "2026-07-23T06:00:00", "factory": "SAIL", "zone": "Furnace-1", "temperature_unit": "celsius", "temperature": 47.0, "humidity": 48.9, "globe_temperature": 69.2, "wet_bulb_temperature": 36
[2026-07-28 17:20:58] [DEBUG   ] [__main__] [VALIDATE] zone=Furnace-1 | condition=ALL_DATA | missing=[] | flags=[]
[2026-07-28 17:20:58] [INFO    ] [__main__] [CALC] zone=Furnace-1 | ta=47.0 | rh=48.9 | tg=69.2 | tnwb=36.3 | wbgt=46.17
[2026-07-28 17:20:58] [DEBUG   ] [__main__] [CALC] data_quality={'ta': 'sensor', 'rh': 'sensor', 'tg': 'sensor', 'tnwb': 'sensor', 'wbgt': 'calculated'}
[2026-07-28 17:20:58] [INFO    ] [__main__] [CLASSIFY] zone=Furnace-1 | wbgt=46.17 | risk=DANGER | action=Halt heavy work, mandatory rest, evacuate
[2026-07-28 17:20:58] [WARNING ] [__main__] [DANGER ALERT] zone=Furnace-1 | wbgt=46.17 | Halt heavy work, mandatory rest, evacuate
[2026-07-28 17:20:58] [INFO    ] [__main__] [DB] zone=Furnace-1 | db_id=113 | saved OK
[2026-07-28 17:20:58] [INFO    ] [__main__] Pipeline completed OK | db_id=113
[2026-07-28 17:20:58] [INFO    ] [root] ============================================================
[2026-07-28 17:20:58] [INFO    ] [root] WBGT Monitor logging started
[2026-07-28 17:20:58] [INFO    ] [root] Log file : C:\Users\Varsh\Desktop\AGEIS\logs\wbgt_monitor_20260728.log
[2026-07-28 17:20:58] [INFO    ] [root] ============================================================
[2026-07-28 17:20:58] [INFO    ] [__main__] WBGT Monitor starting up
[2026-07-28 17:20:58] [INFO    ] [__main__] Database initialised
[2026-07-28 17:20:58] [INFO    ] [__main__] [READING] zone=Warehouse | timestamp=2026-07-23T07:00:00
[2026-07-28 17:20:58] [DEBUG   ] [__main__] [READING] raw={"timestamp": "2026-07-23T07:00:00", "factory": "Shree Metal Works", "zone": "Warehouse", "temperature_unit": "celsius", "temperature": 23.0, "humidity": 70.0, "globe_temperature": 25.2, "wet_bulb_tem
[2026-07-28 17:20:58] [DEBUG   ] [__main__] [VALIDATE] zone=Warehouse | condition=ALL_DATA | missing=[] | flags=[]
[2026-07-28 17:20:58] [INFO    ] [__main__] [CALC] zone=Warehouse | ta=23.0 | rh=70.0 | tg=25.2 | tnwb=19.1 | wbgt=20.93
[2026-07-28 17:20:58] [DEBUG   ] [__main__] [CALC] data_quality={'ta': 'sensor', 'rh': 'sensor', 'tg': 'sensor', 'tnwb': 'sensor', 'wbgt': 'calculated'}
[2026-07-28 17:20:58] [INFO    ] [__main__] [CLASSIFY] zone=Warehouse | wbgt=20.93 | risk=SAFE | action=Normal work, no restrictions
[2026-07-28 17:20:58] [INFO    ] [__main__] [DB] zone=Warehouse | db_id=114 | saved OK
[2026-07-28 17:20:58] [INFO    ] [__main__] Pipeline completed OK | db_id=114
[2026-07-28 17:20:59] [INFO    ] [root] ============================================================
[2026-07-28 17:20:59] [INFO    ] [root] WBGT Monitor logging started
[2026-07-28 17:20:59] [INFO    ] [root] Log file : C:\Users\Varsh\Desktop\AGEIS\logs\wbgt_monitor_20260728.log
[2026-07-28 17:20:59] [INFO    ] [root] ============================================================
[2026-07-28 17:20:59] [INFO    ] [__main__] WBGT Monitor starting up
[2026-07-28 17:20:59] [INFO    ] [__main__] Database initialised
[2026-07-28 17:20:59] [INFO    ] [__main__] [READING] zone=Furnace-2 | timestamp=2026-07-23T08:00:00
[2026-07-28 17:20:59] [DEBUG   ] [__main__] [READING] raw={"timestamp": "2026-07-23T08:00:00", "factory": "Tata Steel", "zone": "Furnace-2", "temperature_unit": "celsius", "temperature": 33.1, "humidity": 122.8, "globe_temperature": 49.2, "wet_bulb_temperatu
[2026-07-28 17:20:59] [DEBUG   ] [__main__] [VALIDATE] zone=Furnace-2 | condition=None | missing=[] | flags=[]
[2026-07-28 17:20:59] [WARNING ] [__main__] [FAULT] zone=Furnace-2 | timestamp=2026-07-23T08:00:00 | reason=SENSOR_FAULT: humidity=122.8 is out of valid range 0–100 %.
[2026-07-28 17:20:59] [WARNING ] [__main__] Pipeline completed with fault: SENSOR_FAULT: humidity=122.8 is out of valid range 0–100 %.
[2026-07-28 17:20:59] [INFO    ] [root] ============================================================
[2026-07-28 17:20:59] [INFO    ] [root] WBGT Monitor logging started
[2026-07-28 17:20:59] [INFO    ] [root] Log file : C:\Users\Varsh\Desktop\AGEIS\logs\wbgt_monitor_20260728.log
[2026-07-28 17:20:59] [INFO    ] [root] ============================================================
[2026-07-28 17:20:59] [INFO    ] [__main__] WBGT Monitor starting up
[2026-07-28 17:20:59] [INFO    ] [__main__] Database initialised
[2026-07-28 17:20:59] [INFO    ] [__main__] [READING] zone=Continuous-Casting | timestamp=2026-07-23T09:00:00
[2026-07-28 17:20:59] [DEBUG   ] [__main__] [READING] raw={"timestamp": "2026-07-23T09:00:00", "factory": "Ganesh Alloys", "zone": "Continuous-Casting", "temperature_unit": "celsius", "temperature": 33.8, "humidity": 60.0, "globe_temperature": 49.3, "wet_bul
[2026-07-28 17:20:59] [DEBUG   ] [__main__] [VALIDATE] zone=Continuous-Casting | condition=ALL_DATA | missing=[] | flags=[]
[2026-07-28 17:20:59] [INFO    ] [__main__] [CALC] zone=Continuous-Casting | ta=33.8 | rh=60.0 | tg=49.3 | tnwb=27.8 | wbgt=34.25
[2026-07-28 17:20:59] [DEBUG   ] [__main__] [CALC] data_quality={'ta': 'sensor', 'rh': 'sensor', 'tg': 'sensor', 'tnwb': 'sensor', 'wbgt': 'calculated'}
[2026-07-28 17:20:59] [INFO    ] [__main__] [CLASSIFY] zone=Continuous-Casting | wbgt=34.25 | risk=DANGER | action=Halt heavy work, mandatory rest, evacuate
[2026-07-28 17:20:59] [WARNING ] [__main__] [DANGER ALERT] zone=Continuous-Casting | wbgt=34.25 | Halt heavy work, mandatory rest, evacuate
[2026-07-28 17:20:59] [INFO    ] [__main__] [DB] zone=Continuous-Casting | db_id=115 | saved OK
[2026-07-28 17:20:59] [INFO    ] [__main__] Pipeline completed OK | db_id=115
[2026-07-28 17:21:00] [INFO    ] [root] ============================================================
[2026-07-28 17:21:00] [INFO    ] [root] WBGT Monitor logging started
[2026-07-28 17:21:00] [INFO    ] [root] Log file : C:\Users\Varsh\Desktop\AGEIS\logs\wbgt_monitor_20260728.log
[2026-07-28 17:21:00] [INFO    ] [root] ============================================================
[2026-07-28 17:21:00] [INFO    ] [__main__] WBGT Monitor starting up
[2026-07-28 17:21:00] [INFO    ] [__main__] Database initialised
[2026-07-28 17:21:00] [INFO    ] [__main__] [READING] zone=Rolling-Mill | timestamp=2026-07-23T10:00:00
[2026-07-28 17:21:00] [DEBUG   ] [__main__] [READING] raw={"timestamp": "2026-07-23T10:00:00", "factory": "Shree Metal Works", "zone": "Rolling-Mill", "temperature_unit": "celsius", "temperature": 36.4, "humidity": 57.3, "globe_temperature": 34.2, "wet_bulb_
[2026-07-28 17:21:00] [DEBUG   ] [__main__] [VALIDATE] zone=Rolling-Mill | condition=None | missing=[] | flags=[]
[2026-07-28 17:21:00] [WARNING ] [__main__] [FAULT] zone=Rolling-Mill | timestamp=2026-07-23T10:00:00 | reason=SENSOR_FAULT: globe_temperature=34.2 is less than temperature=36.4.
[2026-07-28 17:21:00] [WARNING ] [__main__] Pipeline completed with fault: SENSOR_FAULT: globe_temperature=34.2 is less than temperature=36.4.
[2026-07-28 17:21:01] [INFO    ] [root] ============================================================
[2026-07-28 17:21:01] [INFO    ] [root] WBGT Monitor logging started
[2026-07-28 17:21:01] [INFO    ] [root] Log file : C:\Users\Varsh\Desktop\AGEIS\logs\wbgt_monitor_20260728.log
[2026-07-28 17:21:01] [INFO    ] [root] ============================================================
[2026-07-28 17:21:01] [INFO    ] [__main__] WBGT Monitor starting up
[2026-07-28 17:21:01] [INFO    ] [__main__] Database initialised
[2026-07-28 17:21:01] [INFO    ] [__main__] [READING] zone=Ladle-Metallurgy | timestamp=2026-07-23T11:00:00
[2026-07-28 17:21:01] [DEBUG   ] [__main__] [READING] raw={"timestamp": "2026-07-23T11:00:00", "factory": "SAIL", "zone": "Ladle-Metallurgy", "temperature_unit": "celsius", "temperature": 37.1, "humidity": 43.1, "globe_temperature": 49.6, "wet_bulb_temperatu
[2026-07-28 17:21:01] [DEBUG   ] [__main__] [VALIDATE] zone=Ladle-Metallurgy | condition=ALL_DATA | missing=[] | flags=[]
[2026-07-28 17:21:01] [INFO    ] [__main__] [CALC] zone=Ladle-Metallurgy | ta=37.1 | rh=43.1 | tg=49.6 | tnwb=26.7 | wbgt=33.57
[2026-07-28 17:21:01] [DEBUG   ] [__main__] [CALC] data_quality={'ta': 'sensor', 'rh': 'sensor', 'tg': 'sensor', 'tnwb': 'sensor', 'wbgt': 'calculated'}
[2026-07-28 17:21:01] [INFO    ] [__main__] [CLASSIFY] zone=Ladle-Metallurgy | wbgt=33.57 | risk=DANGER | action=Halt heavy work, mandatory rest, evacuate
[2026-07-28 17:21:01] [WARNING ] [__main__] [DANGER ALERT] zone=Ladle-Metallurgy | wbgt=33.57 | Halt heavy work, mandatory rest, evacuate
[2026-07-28 17:21:01] [INFO    ] [__main__] [DB] zone=Ladle-Metallurgy | db_id=116 | saved OK
[2026-07-28 17:21:01] [INFO    ] [__main__] Pipeline completed OK | db_id=116
[2026-07-28 17:21:01] [INFO    ] [root] ============================================================
[2026-07-28 17:21:01] [INFO    ] [root] WBGT Monitor logging started
[2026-07-28 17:21:01] [INFO    ] [root] Log file : C:\Users\Varsh\Desktop\AGEIS\logs\wbgt_monitor_20260728.log
[2026-07-28 17:21:01] [INFO    ] [root] ============================================================
[2026-07-28 17:21:01] [INFO    ] [__main__] WBGT Monitor starting up
[2026-07-28 17:21:01] [INFO    ] [__main__] Database initialised
[2026-07-28 17:21:01] [INFO    ] [__main__] [READING] zone=EAF-Bay | timestamp=2026-07-23T12:00:00
[2026-07-28 17:21:01] [DEBUG   ] [__main__] [READING] raw={"timestamp": "2026-07-23T12:00:00", "factory": "JSPL", "zone": "EAF-Bay", "temperature_unit": "celsius", "temperature": 41.3, "humidity": 28.4, "globe_temperature": 0, "wet_bulb_temperature": 26.5}
[2026-07-28 17:21:01] [DEBUG   ] [__main__] [VALIDATE] zone=EAF-Bay | condition=MISSING_TG | missing=['globe_temperature'] | flags=[]
[2026-07-28 17:21:01] [INFO    ] [__main__] [CALC] zone=EAF-Bay | ta=41.3 | rh=28.4 | tg=46.3 | tnwb=26.5 | wbgt=32.44
[2026-07-28 17:21:01] [DEBUG   ] [__main__] [CALC] data_quality={'ta': 'sensor', 'rh': 'sensor', 'tg': 'estimated', 'tnwb': 'sensor', 'wbgt': 'calculated'}
[2026-07-28 17:21:01] [INFO    ] [__main__] [CLASSIFY] zone=EAF-Bay | wbgt=32.44 | risk=DANGER | action=Halt heavy work, mandatory rest, evacuate
[2026-07-28 17:21:01] [WARNING ] [__main__] [DANGER ALERT] zone=EAF-Bay | wbgt=32.44 | Halt heavy work, mandatory rest, evacuate
[2026-07-28 17:21:01] [INFO    ] [__main__] [DB] zone=EAF-Bay | db_id=117 | saved OK
[2026-07-28 17:21:01] [INFO    ] [__main__] Pipeline completed OK | db_id=117
[2026-07-28 17:21:02] [INFO    ] [root] ============================================================
[2026-07-28 17:21:02] [INFO    ] [root] WBGT Monitor logging started
[2026-07-28 17:21:02] [INFO    ] [root] Log file : C:\Users\Varsh\Desktop\AGEIS\logs\wbgt_monitor_20260728.log
[2026-07-28 17:21:02] [INFO    ] [root] ============================================================
[2026-07-28 17:21:02] [INFO    ] [__main__] WBGT Monitor starting up
[2026-07-28 17:21:02] [INFO    ] [__main__] Database initialised
[2026-07-28 17:21:02] [INFO    ] [__main__] [READING] zone=Furnace-2 | timestamp=2026-07-23T13:00:00
[2026-07-28 17:21:02] [DEBUG   ] [__main__] [READING] raw={"timestamp": "2026-07-23T13:00:00", "factory": "Vedanta", "zone": "Furnace-2", "temperature_unit": "celsius", "temperature": 38.0, "humidity": 43.1, "globe_temperature": 56.3, "wet_bulb_temperature":
[2026-07-28 17:21:02] [DEBUG   ] [__main__] [VALIDATE] zone=Furnace-2 | condition=ALL_DATA | missing=[] | flags=[]
[2026-07-28 17:21:02] [INFO    ] [__main__] [CALC] zone=Furnace-2 | ta=38.0 | rh=43.1 | tg=56.3 | tnwb=27.9 | wbgt=36.42
[2026-07-28 17:21:02] [DEBUG   ] [__main__] [CALC] data_quality={'ta': 'sensor', 'rh': 'sensor', 'tg': 'sensor', 'tnwb': 'sensor', 'wbgt': 'calculated'}
[2026-07-28 17:21:02] [INFO    ] [__main__] [CLASSIFY] zone=Furnace-2 | wbgt=36.42 | risk=DANGER | action=Halt heavy work, mandatory rest, evacuate
[2026-07-28 17:21:02] [WARNING ] [__main__] [DANGER ALERT] zone=Furnace-2 | wbgt=36.42 | Halt heavy work, mandatory rest, evacuate
[2026-07-28 17:21:02] [INFO    ] [__main__] [DB] zone=Furnace-2 | db_id=118 | saved OK
[2026-07-28 17:21:02] [INFO    ] [__main__] Pipeline completed OK | db_id=118
[2026-07-28 17:21:02] [INFO    ] [root] ============================================================
[2026-07-28 17:21:02] [INFO    ] [root] WBGT Monitor logging started
[2026-07-28 17:21:02] [INFO    ] [root] Log file : C:\Users\Varsh\Desktop\AGEIS\logs\wbgt_monitor_20260728.log
[2026-07-28 17:21:02] [INFO    ] [root] ============================================================
[2026-07-28 17:21:02] [INFO    ] [__main__] WBGT Monitor starting up
[2026-07-28 17:21:02] [INFO    ] [__main__] Database initialised
[2026-07-28 17:21:02] [INFO    ] [__main__] [READING] zone=EAF-Bay | timestamp=2026-07-23T14:00:00
[2026-07-28 17:21:02] [DEBUG   ] [__main__] [READING] raw={"timestamp": "2026-07-23T14:00:00", "factory": "SAIL", "zone": "EAF-Bay", "temperature_unit": "celsius", "temperature": 40.4, "humidity": 35.2, "globe_temperature": 60.3, "wet_bulb_temperature": 27.5
[2026-07-28 17:21:02] [DEBUG   ] [__main__] [VALIDATE] zone=EAF-Bay | condition=ALL_DATA | missing=[] | flags=[]
[2026-07-28 17:21:02] [INFO    ] [__main__] [CALC] zone=EAF-Bay | ta=40.4 | rh=35.2 | tg=60.3 | tnwb=27.5 | wbgt=37.34
[2026-07-28 17:21:02] [DEBUG   ] [__main__] [CALC] data_quality={'ta': 'sensor', 'rh': 'sensor', 'tg': 'sensor', 'tnwb': 'sensor', 'wbgt': 'calculated'}
[2026-07-28 17:21:02] [INFO    ] [__main__] [CLASSIFY] zone=EAF-Bay | wbgt=37.34 | risk=DANGER | action=Halt heavy work, mandatory rest, evacuate
[2026-07-28 17:21:02] [WARNING ] [__main__] [DANGER ALERT] zone=EAF-Bay | wbgt=37.34 | Halt heavy work, mandatory rest, evacuate
[2026-07-28 17:21:02] [INFO    ] [__main__] [DB] zone=EAF-Bay | db_id=119 | saved OK
[2026-07-28 17:21:02] [INFO    ] [__main__] Pipeline completed OK | db_id=119
[2026-07-28 17:21:03] [INFO    ] [root] ============================================================
[2026-07-28 17:21:03] [INFO    ] [root] WBGT Monitor logging started
[2026-07-28 17:21:03] [INFO    ] [root] Log file : C:\Users\Varsh\Desktop\AGEIS\logs\wbgt_monitor_20260728.log
[2026-07-28 17:21:03] [INFO    ] [root] ============================================================
[2026-07-28 17:21:03] [INFO    ] [__main__] WBGT Monitor starting up
[2026-07-28 17:21:03] [INFO    ] [__main__] Database initialised
[2026-07-28 17:21:03] [INFO    ] [__main__] [READING] zone=Fabrication-Shop | timestamp=2026-07-23T15:00:00
[2026-07-28 17:21:03] [DEBUG   ] [__main__] [READING] raw={"timestamp": "2026-07-23T15:00:00", "factory": "SAIL", "zone": "Fabrication-Shop", "temperature_unit": "celsius", "temperature": 31.9, "humidity": 59.2, "globe_temperature": 33.8, "wet_bulb_temperatu
[2026-07-28 17:21:03] [DEBUG   ] [__main__] [VALIDATE] zone=Fabrication-Shop | condition=ALL_DATA | missing=[] | flags=[]
[2026-07-28 17:21:03] [INFO    ] [__main__] [CALC] zone=Fabrication-Shop | ta=31.9 | rh=59.2 | tg=33.8 | tnwb=25.7 | wbgt=28.13
[2026-07-28 17:21:03] [DEBUG   ] [__main__] [CALC] data_quality={'ta': 'sensor', 'rh': 'sensor', 'tg': 'sensor', 'tnwb': 'sensor', 'wbgt': 'calculated'}
[2026-07-28 17:21:03] [INFO    ] [__main__] [CLASSIFY] zone=Fabrication-Shop | wbgt=28.13 | risk=CAUTION | action=Increase water breaks
[2026-07-28 17:21:03] [INFO    ] [__main__] [DB] zone=Fabrication-Shop | db_id=120 | saved OK
[2026-07-28 17:21:03] [INFO    ] [__main__] Pipeline completed OK | db_id=120
[2026-07-28 17:21:03] [INFO    ] [root] ============================================================
[2026-07-28 17:21:03] [INFO    ] [root] WBGT Monitor logging started
[2026-07-28 17:21:03] [INFO    ] [root] Log file : C:\Users\Varsh\Desktop\AGEIS\logs\wbgt_monitor_20260728.log
[2026-07-28 17:21:03] [INFO    ] [root] ============================================================
[2026-07-28 17:21:03] [INFO    ] [__main__] WBGT Monitor starting up
[2026-07-28 17:21:03] [INFO    ] [__main__] Database initialised
[2026-07-28 17:21:03] [INFO    ] [__main__] [READING] zone=Loading-Dock | timestamp=2026-07-23T16:00:00
[2026-07-28 17:21:03] [DEBUG   ] [__main__] [READING] raw={"timestamp": "2026-07-23T16:00:00", "factory": "Ganesh Alloys", "zone": "Loading-Dock", "temperature_unit": "celsius", "temperature": 25.5, "humidity": 57.6, "globe_temperature": 27.3, "wet_bulb_temp
[2026-07-28 17:21:03] [DEBUG   ] [__main__] [VALIDATE] zone=Loading-Dock | condition=ALL_DATA | missing=[] | flags=[]
[2026-07-28 17:21:03] [INFO    ] [__main__] [CALC] zone=Loading-Dock | ta=25.5 | rh=57.6 | tg=27.3 | tnwb=19.3 | wbgt=21.7
[2026-07-28 17:21:03] [DEBUG   ] [__main__] [CALC] data_quality={'ta': 'sensor', 'rh': 'sensor', 'tg': 'sensor', 'tnwb': 'sensor', 'wbgt': 'calculated'}
[2026-07-28 17:21:03] [INFO    ] [__main__] [CLASSIFY] zone=Loading-Dock | wbgt=21.7 | risk=SAFE | action=Normal work, no restrictions
[2026-07-28 17:21:03] [INFO    ] [__main__] [DB] zone=Loading-Dock | db_id=121 | saved OK
[2026-07-28 17:21:03] [INFO    ] [__main__] Pipeline completed OK | db_id=121
[2026-07-28 17:21:04] [INFO    ] [root] ============================================================
[2026-07-28 17:21:04] [INFO    ] [root] WBGT Monitor logging started
[2026-07-28 17:21:04] [INFO    ] [root] Log file : C:\Users\Varsh\Desktop\AGEIS\logs\wbgt_monitor_20260728.log
[2026-07-28 17:21:04] [INFO    ] [root] ============================================================
[2026-07-28 17:21:04] [INFO    ] [__main__] WBGT Monitor starting up
[2026-07-28 17:21:04] [INFO    ] [__main__] Database initialised
[2026-07-28 17:21:04] [INFO    ] [__main__] [READING] zone=Rolling-Mill | timestamp=2026-07-23T17:00:00
[2026-07-28 17:21:04] [DEBUG   ] [__main__] [READING] raw={"timestamp": "2026-07-23T17:00:00", "factory": "Ganesh Alloys", "zone": "Rolling-Mill", "temperature_unit": "celsius", "temperature": 35.9, "humidity": 56.0, "globe_temperature": 43.2, "wet_bulb_temp
[2026-07-28 17:21:04] [DEBUG   ] [__main__] [VALIDATE] zone=Rolling-Mill | condition=ALL_DATA | missing=[] | flags=[]
[2026-07-28 17:21:04] [INFO    ] [__main__] [CALC] zone=Rolling-Mill | ta=35.9 | rh=56.0 | tg=43.2 | tnwb=41.1 | wbgt=41.73
[2026-07-28 17:21:04] [DEBUG   ] [__main__] [CALC] data_quality={'ta': 'sensor', 'rh': 'sensor', 'tg': 'sensor', 'tnwb': 'sensor', 'wbgt': 'calculated'}
[2026-07-28 17:21:04] [INFO    ] [__main__] [CLASSIFY] zone=Rolling-Mill | wbgt=41.73 | risk=DANGER | action=Halt heavy work, mandatory rest, evacuate
[2026-07-28 17:21:04] [WARNING ] [__main__] [DANGER ALERT] zone=Rolling-Mill | wbgt=41.73 | Halt heavy work, mandatory rest, evacuate
[2026-07-28 17:21:04] [INFO    ] [__main__] [DB] zone=Rolling-Mill | db_id=122 | saved OK
[2026-07-28 17:21:04] [INFO    ] [__main__] Pipeline completed OK | db_id=122
[2026-07-28 17:21:05] [INFO    ] [root] ============================================================
[2026-07-28 17:21:05] [INFO    ] [root] WBGT Monitor logging started
[2026-07-28 17:21:05] [INFO    ] [root] Log file : C:\Users\Varsh\Desktop\AGEIS\logs\wbgt_monitor_20260728.log
[2026-07-28 17:21:05] [INFO    ] [root] ============================================================
[2026-07-28 17:21:05] [INFO    ] [__main__] WBGT Monitor starting up
[2026-07-28 17:21:05] [INFO    ] [__main__] Database initialised
[2026-07-28 17:21:05] [INFO    ] [__main__] [READING] zone=Continuous-Casting | timestamp=2026-07-23T18:00:00
[2026-07-28 17:21:05] [DEBUG   ] [__main__] [READING] raw={"timestamp": "2026-07-23T18:00:00", "factory": "Tata Steel", "zone": "Continuous-Casting", "temperature_unit": "celsius", "temperature": 31.9, "humidity": 52.8, "globe_temperature": 0, "wet_bulb_temp
[2026-07-28 17:21:05] [DEBUG   ] [__main__] [VALIDATE] zone=Continuous-Casting | condition=MISSING_TG | missing=['globe_temperature'] | flags=[]
[2026-07-28 17:21:05] [INFO    ] [__main__] [CALC] zone=Continuous-Casting | ta=31.9 | rh=52.8 | tg=36.9 | tnwb=24.1 | wbgt=27.94
[2026-07-28 17:21:05] [DEBUG   ] [__main__] [CALC] data_quality={'ta': 'sensor', 'rh': 'sensor', 'tg': 'estimated', 'tnwb': 'sensor', 'wbgt': 'calculated'}
[2026-07-28 17:21:05] [INFO    ] [__main__] [CLASSIFY] zone=Continuous-Casting | wbgt=27.94 | risk=CAUTION | action=Increase water breaks
[2026-07-28 17:21:05] [INFO    ] [__main__] [DB] zone=Continuous-Casting | db_id=123 | saved OK
[2026-07-28 17:21:05] [INFO    ] [__main__] Pipeline completed OK | db_id=123
[2026-07-28 17:21:05] [INFO    ] [root] ============================================================
[2026-07-28 17:21:05] [INFO    ] [root] WBGT Monitor logging started
[2026-07-28 17:21:05] [INFO    ] [root] Log file : C:\Users\Varsh\Desktop\AGEIS\logs\wbgt_monitor_20260728.log
[2026-07-28 17:21:05] [INFO    ] [root] ============================================================
[2026-07-28 17:21:05] [INFO    ] [__main__] WBGT Monitor starting up
[2026-07-28 17:21:05] [INFO    ] [__main__] Database initialised
[2026-07-28 17:21:05] [INFO    ] [__main__] [READING] zone=Warehouse | timestamp=2026-07-23T19:00:00
[2026-07-28 17:21:05] [DEBUG   ] [__main__] [READING] raw={"timestamp": "2026-07-23T19:00:00", "factory": "SAIL", "zone": "Warehouse", "temperature_unit": "celsius", "temperature": 39.0, "humidity": 61.4, "globe_temperature": 46.0, "wet_bulb_temperature": 32
[2026-07-28 17:21:05] [DEBUG   ] [__main__] [VALIDATE] zone=Warehouse | condition=ALL_DATA | missing=[] | flags=[]
[2026-07-28 17:21:05] [INFO    ] [__main__] [CALC] zone=Warehouse | ta=39.0 | rh=61.4 | tg=46.0 | tnwb=32.3 | wbgt=36.41
[2026-07-28 17:21:05] [DEBUG   ] [__main__] [CALC] data_quality={'ta': 'sensor', 'rh': 'sensor', 'tg': 'sensor', 'tnwb': 'sensor', 'wbgt': 'calculated'}
[2026-07-28 17:21:05] [INFO    ] [__main__] [CLASSIFY] zone=Warehouse | wbgt=36.41 | risk=DANGER | action=Halt heavy work, mandatory rest, evacuate
[2026-07-28 17:21:05] [WARNING ] [__main__] [DANGER ALERT] zone=Warehouse | wbgt=36.41 | Halt heavy work, mandatory rest, evacuate
[2026-07-28 17:21:05] [INFO    ] [__main__] [DB] zone=Warehouse | db_id=124 | saved OK
[2026-07-28 17:21:05] [INFO    ] [__main__] Pipeline completed OK | db_id=124
[2026-07-28 17:21:06] [INFO    ] [root] ============================================================
[2026-07-28 17:21:06] [INFO    ] [root] WBGT Monitor logging started
[2026-07-28 17:21:06] [INFO    ] [root] Log file : C:\Users\Varsh\Desktop\AGEIS\logs\wbgt_monitor_20260728.log
[2026-07-28 17:21:06] [INFO    ] [root] ============================================================
[2026-07-28 17:21:06] [INFO    ] [__main__] WBGT Monitor starting up
[2026-07-28 17:21:06] [INFO    ] [__main__] Database initialised
[2026-07-28 17:21:06] [INFO    ] [__main__] [READING] zone=Furnace-1 | timestamp=2026-07-23T20:00:00
[2026-07-28 17:21:06] [DEBUG   ] [__main__] [READING] raw={"timestamp": "2026-07-23T20:00:00", "factory": "Tata Steel", "zone": "Furnace-1", "temperature_unit": "celsius", "temperature": 40.6, "humidity": 41.8, "globe_temperature": 58.0, "wet_bulb_temperatur
[2026-07-28 17:21:06] [DEBUG   ] [__main__] [VALIDATE] zone=Furnace-1 | condition=ALL_DATA | missing=[] | flags=[]
[2026-07-28 17:21:06] [INFO    ] [__main__] [CALC] zone=Furnace-1 | ta=40.6 | rh=41.8 | tg=58.0 | tnwb=29.8 | wbgt=38.26
[2026-07-28 17:21:06] [DEBUG   ] [__main__] [CALC] data_quality={'ta': 'sensor', 'rh': 'sensor', 'tg': 'sensor', 'tnwb': 'sensor', 'wbgt': 'calculated'}
[2026-07-28 17:21:06] [INFO    ] [__main__] [CLASSIFY] zone=Furnace-1 | wbgt=38.26 | risk=DANGER | action=Halt heavy work, mandatory rest, evacuate
[2026-07-28 17:21:06] [WARNING ] [__main__] [DANGER ALERT] zone=Furnace-1 | wbgt=38.26 | Halt heavy work, mandatory rest, evacuate
[2026-07-28 17:21:06] [INFO    ] [__main__] [DB] zone=Furnace-1 | db_id=125 | saved OK
[2026-07-28 17:21:06] [INFO    ] [__main__] Pipeline completed OK | db_id=125
[2026-07-28 17:21:07] [INFO    ] [root] ============================================================
[2026-07-28 17:21:07] [INFO    ] [root] WBGT Monitor logging started
[2026-07-28 17:21:07] [INFO    ] [root] Log file : C:\Users\Varsh\Desktop\AGEIS\logs\wbgt_monitor_20260728.log
[2026-07-28 17:21:07] [INFO    ] [root] ============================================================
[2026-07-28 17:21:07] [INFO    ] [__main__] WBGT Monitor starting up
[2026-07-28 17:21:07] [INFO    ] [__main__] Database initialised
[2026-07-28 17:21:07] [INFO    ] [__main__] [READING] zone=Annealing-Line | timestamp=2026-07-23T21:00:00
[2026-07-28 17:21:07] [DEBUG   ] [__main__] [READING] raw={"timestamp": "2026-07-23T21:00:00", "factory": "Ganesh Alloys", "zone": "Annealing-Line", "temperature_unit": "celsius", "temperature": 29.2, "humidity": 56.5, "globe_temperature": 34.3, "wet_bulb_te
[2026-07-28 17:21:07] [DEBUG   ] [__main__] [VALIDATE] zone=Annealing-Line | condition=ALL_DATA | missing=[] | flags=[]
[2026-07-28 17:21:07] [INFO    ] [__main__] [CALC] zone=Annealing-Line | ta=29.2 | rh=56.5 | tg=34.3 | tnwb=22.4 | wbgt=25.97
[2026-07-28 17:21:07] [DEBUG   ] [__main__] [CALC] data_quality={'ta': 'sensor', 'rh': 'sensor', 'tg': 'sensor', 'tnwb': 'sensor', 'wbgt': 'calculated'}
[2026-07-28 17:21:07] [INFO    ] [__main__] [CLASSIFY] zone=Annealing-Line | wbgt=25.97 | risk=SAFE | action=Normal work, no restrictions
[2026-07-28 17:21:07] [INFO    ] [__main__] [DB] zone=Annealing-Line | db_id=126 | saved OK
[2026-07-28 17:21:07] [INFO    ] [__main__] Pipeline completed OK | db_id=126
[2026-07-28 17:21:07] [INFO    ] [root] ============================================================
[2026-07-28 17:21:07] [INFO    ] [root] WBGT Monitor logging started
[2026-07-28 17:21:07] [INFO    ] [root] Log file : C:\Users\Varsh\Desktop\AGEIS\logs\wbgt_monitor_20260728.log
[2026-07-28 17:21:07] [INFO    ] [root] ============================================================
[2026-07-28 17:21:07] [INFO    ] [__main__] WBGT Monitor starting up
[2026-07-28 17:21:07] [INFO    ] [__main__] Database initialised
[2026-07-28 17:21:07] [INFO    ] [__main__] [READING] zone=Ladle-Metallurgy | timestamp=2026-07-23T22:00:00
[2026-07-28 17:21:07] [DEBUG   ] [__main__] [READING] raw={"timestamp": "2026-07-23T22:00:00", "factory": "Tata Steel", "zone": "Ladle-Metallurgy", "temperature_unit": "celsius", "temperature": 31.0, "humidity": 37.7, "globe_temperature": 47.6, "wet_bulb_tem
[2026-07-28 17:21:07] [DEBUG   ] [__main__] [VALIDATE] zone=Ladle-Metallurgy | condition=ALL_DATA | missing=[] | flags=[]
[2026-07-28 17:21:07] [INFO    ] [__main__] [CALC] zone=Ladle-Metallurgy | ta=31.0 | rh=37.7 | tg=47.6 | tnwb=20.4 | wbgt=28.56
[2026-07-28 17:21:07] [DEBUG   ] [__main__] [CALC] data_quality={'ta': 'sensor', 'rh': 'sensor', 'tg': 'sensor', 'tnwb': 'sensor', 'wbgt': 'calculated'}
[2026-07-28 17:21:07] [INFO    ] [__main__] [CLASSIFY] zone=Ladle-Metallurgy | wbgt=28.56 | risk=CAUTION | action=Increase water breaks
[2026-07-28 17:21:07] [INFO    ] [__main__] [DB] zone=Ladle-Metallurgy | db_id=127 | saved OK
[2026-07-28 17:21:07] [INFO    ] [__main__] Pipeline completed OK | db_id=127
[2026-07-28 17:21:08] [INFO    ] [root] ============================================================
[2026-07-28 17:21:08] [INFO    ] [root] WBGT Monitor logging started
[2026-07-28 17:21:08] [INFO    ] [root] Log file : C:\Users\Varsh\Desktop\AGEIS\logs\wbgt_monitor_20260728.log
[2026-07-28 17:21:08] [INFO    ] [root] ============================================================
[2026-07-28 17:21:08] [INFO    ] [__main__] WBGT Monitor starting up
[2026-07-28 17:21:08] [INFO    ] [__main__] Database initialised
[2026-07-28 17:21:08] [INFO    ] [__main__] [READING] zone=Continuous-Casting | timestamp=2026-07-23T23:00:00
[2026-07-28 17:21:08] [DEBUG   ] [__main__] [READING] raw={"timestamp": "2026-07-23T23:00:00", "factory": "Vedanta", "zone": "Continuous-Casting", "temperature_unit": "celsius", "temperature": 28.7, "humidity": 47.6, "globe_temperature": 0, "wet_bulb_tempera
[2026-07-28 17:21:08] [DEBUG   ] [__main__] [VALIDATE] zone=Continuous-Casting | condition=MISSING_TG | missing=['globe_temperature'] | flags=[]
[2026-07-28 17:21:08] [INFO    ] [__main__] [CALC] zone=Continuous-Casting | ta=28.7 | rh=47.6 | tg=33.7 | tnwb=21.2 | wbgt=24.95
[2026-07-28 17:21:08] [DEBUG   ] [__main__] [CALC] data_quality={'ta': 'sensor', 'rh': 'sensor', 'tg': 'estimated', 'tnwb': 'sensor', 'wbgt': 'calculated'}
[2026-07-28 17:21:08] [INFO    ] [__main__] [CLASSIFY] zone=Continuous-Casting | wbgt=24.95 | risk=SAFE | action=Normal work, no restrictions
[2026-07-28 17:21:08] [INFO    ] [__main__] [DB] zone=Continuous-Casting | db_id=128 | saved OK
[2026-07-28 17:21:08] [INFO    ] [__main__] Pipeline completed OK | db_id=128
[2026-07-28 17:21:09] [INFO    ] [root] ============================================================
[2026-07-28 17:21:09] [INFO    ] [root] WBGT Monitor logging started
[2026-07-28 17:21:09] [INFO    ] [root] Log file : C:\Users\Varsh\Desktop\AGEIS\logs\wbgt_monitor_20260728.log
[2026-07-28 17:21:09] [INFO    ] [root] ============================================================
[2026-07-28 17:21:09] [INFO    ] [__main__] WBGT Monitor starting up
[2026-07-28 17:21:09] [INFO    ] [__main__] Database initialised
[2026-07-28 17:21:09] [INFO    ] [__main__] [READING] zone=Ladle-Metallurgy | timestamp=2026-07-24T00:00:00
[2026-07-28 17:21:09] [DEBUG   ] [__main__] [READING] raw={"timestamp": "2026-07-24T00:00:00", "factory": "JSW Steel", "zone": "Ladle-Metallurgy", "temperature_unit": "celsius", "temperature": 33.4, "humidity": 0, "globe_temperature": 0, "wet_bulb_temperatur
[2026-07-28 17:21:09] [DEBUG   ] [__main__] [VALIDATE] zone=Ladle-Metallurgy | condition=MISSING_RH | missing=['humidity', 'globe_temperature'] | flags=[]
[2026-07-28 17:21:09] [ERROR   ] [__main__] [CALC ERROR] zone=Ladle-Metallurgy | timestamp=2026-07-24T00:00:00 | error=WEATHER_API_BASE_URL is not configured.
[2026-07-28 17:21:09] [WARNING ] [__main__] Pipeline completed with fault: Calculation error: WEATHER_API_BASE_URL is not configured.
[2026-07-28 17:21:09] [INFO    ] [root] ============================================================
[2026-07-28 17:21:09] [INFO    ] [root] WBGT Monitor logging started
[2026-07-28 17:21:09] [INFO    ] [root] Log file : C:\Users\Varsh\Desktop\AGEIS\logs\wbgt_monitor_20260728.log
[2026-07-28 17:21:09] [INFO    ] [root] ============================================================
[2026-07-28 17:21:09] [INFO    ] [__main__] WBGT Monitor starting up
[2026-07-28 17:21:09] [INFO    ] [__main__] Database initialised
[2026-07-28 17:21:09] [INFO    ] [__main__] [READING] zone=Fabrication-Shop | timestamp=2026-07-24T01:00:00
[2026-07-28 17:21:09] [DEBUG   ] [__main__] [READING] raw={"timestamp": "2026-07-24T01:00:00", "factory": "JSPL", "zone": "Fabrication-Shop", "temperature_unit": "celsius", "temperature": 20.9, "humidity": 0, "globe_temperature": 22.2, "wet_bulb_temperature"
[2026-07-28 17:21:09] [DEBUG   ] [__main__] [VALIDATE] zone=Fabrication-Shop | condition=MISSING_RH | missing=['humidity'] | flags=[]
[2026-07-28 17:21:09] [ERROR   ] [__main__] [CALC ERROR] zone=Fabrication-Shop | timestamp=2026-07-24T01:00:00 | error=WEATHER_API_BASE_URL is not configured.
[2026-07-28 17:21:09] [WARNING ] [__main__] Pipeline completed with fault: Calculation error: WEATHER_API_BASE_URL is not configured.
[2026-07-28 17:21:10] [INFO    ] [root] ============================================================
[2026-07-28 17:21:10] [INFO    ] [root] WBGT Monitor logging started
[2026-07-28 17:21:10] [INFO    ] [root] Log file : C:\Users\Varsh\Desktop\AGEIS\logs\wbgt_monitor_20260728.log
[2026-07-28 17:21:10] [INFO    ] [root] ============================================================
[2026-07-28 17:21:10] [INFO    ] [__main__] WBGT Monitor starting up
[2026-07-28 17:21:10] [INFO    ] [__main__] Database initialised
[2026-07-28 17:21:10] [INFO    ] [__main__] [READING] zone=EAF-Bay | timestamp=2026-07-24T02:00:00
[2026-07-28 17:21:10] [DEBUG   ] [__main__] [READING] raw={"timestamp": "2026-07-24T02:00:00", "factory": "SAIL", "zone": "EAF-Bay", "temperature_unit": "celsius", "temperature": 46.6, "humidity": 47.0, "globe_temperature": 0, "wet_bulb_temperature": 0}
[2026-07-28 17:21:10] [DEBUG   ] [__main__] [VALIDATE] zone=EAF-Bay | condition=MISSING_TG | missing=['globe_temperature'] | flags=[]
[2026-07-28 17:21:10] [INFO    ] [__main__] [CALC] zone=EAF-Bay | ta=46.6 | rh=47.0 | tg=51.6 | tnwb=35.8152 | wbgt=40.5506
[2026-07-28 17:21:10] [DEBUG   ] [__main__] [CALC] data_quality={'ta': 'sensor', 'rh': 'sensor', 'tg': 'estimated', 'tnwb': 'calculated', 'wbgt': 'calculated'}
[2026-07-28 17:21:10] [INFO    ] [__main__] [CLASSIFY] zone=EAF-Bay | wbgt=40.5506 | risk=DANGER | action=Halt heavy work, mandatory rest, evacuate
[2026-07-28 17:21:10] [WARNING ] [__main__] [DANGER ALERT] zone=EAF-Bay | wbgt=40.5506 | Halt heavy work, mandatory rest, evacuate
[2026-07-28 17:21:10] [INFO    ] [__main__] [DB] zone=EAF-Bay | db_id=129 | saved OK
[2026-07-28 17:21:10] [INFO    ] [__main__] Pipeline completed OK | db_id=129
[2026-07-28 17:21:10] [INFO    ] [root] ============================================================
[2026-07-28 17:21:10] [INFO    ] [root] WBGT Monitor logging started
[2026-07-28 17:21:10] [INFO    ] [root] Log file : C:\Users\Varsh\Desktop\AGEIS\logs\wbgt_monitor_20260728.log
[2026-07-28 17:21:10] [INFO    ] [root] ============================================================
[2026-07-28 17:21:10] [INFO    ] [__main__] WBGT Monitor starting up
[2026-07-28 17:21:10] [INFO    ] [__main__] Database initialised
[2026-07-28 17:21:10] [INFO    ] [__main__] [READING] zone=Furnace-2 | timestamp=2026-07-24T03:00:00
[2026-07-28 17:21:10] [DEBUG   ] [__main__] [READING] raw={"timestamp": "2026-07-24T03:00:00", "factory": "JSPL", "zone": "Furnace-2", "temperature_unit": "celsius", "temperature": 35.3, "humidity": 35.8, "globe_temperature": 49.5, "wet_bulb_temperature": 24
[2026-07-28 17:21:10] [DEBUG   ] [__main__] [VALIDATE] zone=Furnace-2 | condition=ALL_DATA | missing=[] | flags=[]
[2026-07-28 17:21:10] [INFO    ] [__main__] [CALC] zone=Furnace-2 | ta=35.3 | rh=35.8 | tg=49.5 | tnwb=24.2 | wbgt=31.79
[2026-07-28 17:21:10] [DEBUG   ] [__main__] [CALC] data_quality={'ta': 'sensor', 'rh': 'sensor', 'tg': 'sensor', 'tnwb': 'sensor', 'wbgt': 'calculated'}
[2026-07-28 17:21:10] [INFO    ] [__main__] [CLASSIFY] zone=Furnace-2 | wbgt=31.79 | risk=DANGER | action=Halt heavy work, mandatory rest, evacuate
[2026-07-28 17:21:10] [WARNING ] [__main__] [DANGER ALERT] zone=Furnace-2 | wbgt=31.79 | Halt heavy work, mandatory rest, evacuate
[2026-07-28 17:21:10] [INFO    ] [__main__] [DB] zone=Furnace-2 | db_id=130 | saved OK
[2026-07-28 17:21:10] [INFO    ] [__main__] Pipeline completed OK | db_id=130
[2026-07-28 17:21:11] [INFO    ] [root] ============================================================
[2026-07-28 17:21:11] [INFO    ] [root] WBGT Monitor logging started
[2026-07-28 17:21:11] [INFO    ] [root] Log file : C:\Users\Varsh\Desktop\AGEIS\logs\wbgt_monitor_20260728.log
[2026-07-28 17:21:11] [INFO    ] [root] ============================================================
[2026-07-28 17:21:11] [INFO    ] [__main__] WBGT Monitor starting up
[2026-07-28 17:21:11] [INFO    ] [__main__] Database initialised
[2026-07-28 17:21:11] [INFO    ] [__main__] [READING] zone=Rolling-Mill | timestamp=2026-07-24T04:00:00
[2026-07-28 17:21:11] [DEBUG   ] [__main__] [READING] raw={"timestamp": "2026-07-24T04:00:00", "factory": "JSW Steel", "zone": "Rolling-Mill", "temperature_unit": "celsius", "temperature": 38.3, "humidity": 45.7, "globe_temperature": 51.8, "wet_bulb_temperat
[2026-07-28 17:21:11] [DEBUG   ] [__main__] [VALIDATE] zone=Rolling-Mill | condition=ALL_DATA | missing=[] | flags=[]
[2026-07-28 17:21:11] [INFO    ] [__main__] [CALC] zone=Rolling-Mill | ta=38.3 | rh=45.7 | tg=51.8 | tnwb=28.7 | wbgt=35.63
[2026-07-28 17:21:11] [DEBUG   ] [__main__] [CALC] data_quality={'ta': 'sensor', 'rh': 'sensor', 'tg': 'sensor', 'tnwb': 'sensor', 'wbgt': 'calculated'}
[2026-07-28 17:21:11] [INFO    ] [__main__] [CLASSIFY] zone=Rolling-Mill | wbgt=35.63 | risk=DANGER | action=Halt heavy work, mandatory rest, evacuate
[2026-07-28 17:21:11] [WARNING ] [__main__] [DANGER ALERT] zone=Rolling-Mill | wbgt=35.63 | Halt heavy work, mandatory rest, evacuate
[2026-07-28 17:21:11] [INFO    ] [__main__] [DB] zone=Rolling-Mill | db_id=131 | saved OK
[2026-07-28 17:21:11] [INFO    ] [__main__] Pipeline completed OK | db_id=131
[2026-07-28 17:21:12] [INFO    ] [root] ============================================================
[2026-07-28 17:21:12] [INFO    ] [root] WBGT Monitor logging started
[2026-07-28 17:21:12] [INFO    ] [root] Log file : C:\Users\Varsh\Desktop\AGEIS\logs\wbgt_monitor_20260728.log
[2026-07-28 17:21:12] [INFO    ] [root] ============================================================
[2026-07-28 17:21:12] [INFO    ] [__main__] WBGT Monitor starting up
[2026-07-28 17:21:12] [INFO    ] [__main__] Database initialised
[2026-07-28 17:21:12] [INFO    ] [__main__] [READING] zone=Warehouse | timestamp=2026-07-24T05:00:00
[2026-07-28 17:21:12] [DEBUG   ] [__main__] [READING] raw={"timestamp": "2026-07-24T05:00:00", "factory": "Vedanta", "zone": "Warehouse", "temperature_unit": "celsius", "temperature": 25.1, "humidity": 49.2, "globe_temperature": 0, "wet_bulb_temperature": 0}
[2026-07-28 17:21:12] [DEBUG   ] [__main__] [VALIDATE] zone=Warehouse | condition=MISSING_TG | missing=['globe_temperature'] | flags=[]
[2026-07-28 17:21:12] [INFO    ] [__main__] [CALC] zone=Warehouse | ta=25.1 | rh=49.2 | tg=30.1 | tnwb=17.9594 | wbgt=21.6016
[2026-07-28 17:21:12] [DEBUG   ] [__main__] [CALC] data_quality={'ta': 'sensor', 'rh': 'sensor', 'tg': 'estimated', 'tnwb': 'calculated', 'wbgt': 'calculated'}
[2026-07-28 17:21:12] [INFO    ] [__main__] [CLASSIFY] zone=Warehouse | wbgt=21.6016 | risk=SAFE | action=Normal work, no restrictions
[2026-07-28 17:21:12] [INFO    ] [__main__] [DB] zone=Warehouse | db_id=132 | saved OK
[2026-07-28 17:21:12] [INFO    ] [__main__] Pipeline completed OK | db_id=132
[2026-07-28 17:21:12] [INFO    ] [root] ============================================================
[2026-07-28 17:21:12] [INFO    ] [root] WBGT Monitor logging started
[2026-07-28 17:21:12] [INFO    ] [root] Log file : C:\Users\Varsh\Desktop\AGEIS\logs\wbgt_monitor_20260728.log
[2026-07-28 17:21:12] [INFO    ] [root] ============================================================
[2026-07-28 17:21:12] [INFO    ] [__main__] WBGT Monitor starting up
[2026-07-28 17:21:12] [INFO    ] [__main__] Database initialised
[2026-07-28 17:21:12] [INFO    ] [__main__] [READING] zone=Furnace-1 | timestamp=2026-07-24T06:00:00
[2026-07-28 17:21:12] [DEBUG   ] [__main__] [READING] raw={"timestamp": "2026-07-24T06:00:00", "factory": "Shree Metal Works", "zone": "Furnace-1", "temperature_unit": "celsius", "temperature": 33.5, "humidity": 38.2, "globe_temperature": 50.4, "wet_bulb_tem
[2026-07-28 17:21:12] [DEBUG   ] [__main__] [VALIDATE] zone=Furnace-1 | condition=ALL_DATA | missing=[] | flags=[]
[2026-07-28 17:21:12] [INFO    ] [__main__] [CALC] zone=Furnace-1 | ta=33.5 | rh=38.2 | tg=50.4 | tnwb=22.9074 | wbgt=31.1552
[2026-07-28 17:21:12] [DEBUG   ] [__main__] [CALC] data_quality={'ta': 'sensor', 'rh': 'sensor', 'tg': 'sensor', 'tnwb': 'calculated', 'wbgt': 'calculated'}
[2026-07-28 17:21:12] [INFO    ] [__main__] [CLASSIFY] zone=Furnace-1 | wbgt=31.1552 | risk=DANGER | action=Halt heavy work, mandatory rest, evacuate
[2026-07-28 17:21:12] [WARNING ] [__main__] [DANGER ALERT] zone=Furnace-1 | wbgt=31.1552 | Halt heavy work, mandatory rest, evacuate
[2026-07-28 17:21:12] [INFO    ] [__main__] [DB] zone=Furnace-1 | db_id=133 | saved OK
[2026-07-28 17:21:12] [INFO    ] [__main__] Pipeline completed OK | db_id=133
[2026-07-28 17:21:13] [INFO    ] [root] ============================================================
[2026-07-28 17:21:13] [INFO    ] [root] WBGT Monitor logging started
[2026-07-28 17:21:13] [INFO    ] [root] Log file : C:\Users\Varsh\Desktop\AGEIS\logs\wbgt_monitor_20260728.log
[2026-07-28 17:21:13] [INFO    ] [root] ============================================================
[2026-07-28 17:21:13] [INFO    ] [__main__] WBGT Monitor starting up
[2026-07-28 17:21:13] [INFO    ] [__main__] Database initialised
[2026-07-28 17:21:13] [INFO    ] [__main__] [READING] zone=Loading-Dock | timestamp=2026-07-24T07:00:00
[2026-07-28 17:21:13] [DEBUG   ] [__main__] [READING] raw={"timestamp": "2026-07-24T07:00:00", "factory": "Ganesh Alloys", "zone": "Loading-Dock", "temperature_unit": "celsius", "temperature": 21.5, "humidity": 39.1, "globe_temperature": 22.3, "wet_bulb_temp
[2026-07-28 17:21:13] [DEBUG   ] [__main__] [VALIDATE] zone=Loading-Dock | condition=ALL_DATA | missing=[] | flags=[]
[2026-07-28 17:21:13] [INFO    ] [__main__] [CALC] zone=Loading-Dock | ta=21.5 | rh=39.1 | tg=22.3 | tnwb=13.4 | wbgt=16.07
[2026-07-28 17:21:13] [DEBUG   ] [__main__] [CALC] data_quality={'ta': 'sensor', 'rh': 'sensor', 'tg': 'sensor', 'tnwb': 'sensor', 'wbgt': 'calculated'}
[2026-07-28 17:21:13] [INFO    ] [__main__] [CLASSIFY] zone=Loading-Dock | wbgt=16.07 | risk=SAFE | action=Normal work, no restrictions
[2026-07-28 17:21:13] [INFO    ] [__main__] [DB] zone=Loading-Dock | db_id=134 | saved OK
[2026-07-28 17:21:13] [INFO    ] [__main__] Pipeline completed OK | db_id=134
[2026-07-28 17:21:14] [INFO    ] [root] ============================================================
[2026-07-28 17:21:14] [INFO    ] [root] WBGT Monitor logging started
[2026-07-28 17:21:14] [INFO    ] [root] Log file : C:\Users\Varsh\Desktop\AGEIS\logs\wbgt_monitor_20260728.log
[2026-07-28 17:21:14] [INFO    ] [root] ============================================================
[2026-07-28 17:21:14] [INFO    ] [__main__] WBGT Monitor starting up
[2026-07-28 17:21:14] [INFO    ] [__main__] Database initialised
[2026-07-28 17:21:14] [INFO    ] [__main__] [READING] zone=Annealing-Line | timestamp=2026-07-24T08:00:00
[2026-07-28 17:21:14] [DEBUG   ] [__main__] [READING] raw={"timestamp": "2026-07-24T08:00:00", "factory": "SAIL", "zone": "Annealing-Line", "temperature_unit": "celsius", "temperature": 29.1, "humidity": 63.3, "globe_temperature": 33.1, "wet_bulb_temperature
[2026-07-28 17:21:14] [DEBUG   ] [__main__] [VALIDATE] zone=Annealing-Line | condition=ALL_DATA | missing=[] | flags=[]
[2026-07-28 17:21:14] [INFO    ] [__main__] [CALC] zone=Annealing-Line | ta=29.1 | rh=63.3 | tg=33.1 | tnwb=23.4 | wbgt=26.31
[2026-07-28 17:21:14] [DEBUG   ] [__main__] [CALC] data_quality={'ta': 'sensor', 'rh': 'sensor', 'tg': 'sensor', 'tnwb': 'sensor', 'wbgt': 'calculated'}
[2026-07-28 17:21:14] [INFO    ] [__main__] [CLASSIFY] zone=Annealing-Line | wbgt=26.31 | risk=SAFE | action=Normal work, no restrictions
[2026-07-28 17:21:14] [INFO    ] [__main__] [DB] zone=Annealing-Line | db_id=135 | saved OK
[2026-07-28 17:21:14] [INFO    ] [__main__] Pipeline completed OK | db_id=135
[2026-07-28 17:21:15] [INFO    ] [root] ============================================================
[2026-07-28 17:21:15] [INFO    ] [root] WBGT Monitor logging started
[2026-07-28 17:21:15] [INFO    ] [root] Log file : C:\Users\Varsh\Desktop\AGEIS\logs\wbgt_monitor_20260728.log
[2026-07-28 17:21:15] [INFO    ] [root] ============================================================
[2026-07-28 17:21:15] [INFO    ] [__main__] WBGT Monitor starting up
[2026-07-28 17:21:15] [INFO    ] [__main__] Database initialised
[2026-07-28 17:21:15] [INFO    ] [__main__] [READING] zone=Loading-Dock | timestamp=2026-07-24T09:00:00
[2026-07-28 17:21:15] [DEBUG   ] [__main__] [READING] raw={"timestamp": "2026-07-24T09:00:00", "factory": "Vedanta", "zone": "Loading-Dock", "temperature_unit": "celsius", "temperature": 32.2, "humidity": 47.5, "globe_temperature": 0, "wet_bulb_temperature":
[2026-07-28 17:21:15] [DEBUG   ] [__main__] [VALIDATE] zone=Loading-Dock | condition=MISSING_TG | missing=['globe_temperature'] | flags=[]
[2026-07-28 17:21:15] [INFO    ] [__main__] [CALC] zone=Loading-Dock | ta=32.2 | rh=47.5 | tg=37.2 | tnwb=23.5 | wbgt=27.61
[2026-07-28 17:21:15] [DEBUG   ] [__main__] [CALC] data_quality={'ta': 'sensor', 'rh': 'sensor', 'tg': 'estimated', 'tnwb': 'sensor', 'wbgt': 'calculated'}
[2026-07-28 17:21:15] [INFO    ] [__main__] [CLASSIFY] zone=Loading-Dock | wbgt=27.61 | risk=CAUTION | action=Increase water breaks
[2026-07-28 17:21:15] [INFO    ] [__main__] [DB] zone=Loading-Dock | db_id=136 | saved OK
[2026-07-28 17:21:15] [INFO    ] [__main__] Pipeline completed OK | db_id=136
[2026-07-28 17:21:15] [INFO    ] [root] ============================================================
[2026-07-28 17:21:15] [INFO    ] [root] WBGT Monitor logging started
[2026-07-28 17:21:15] [INFO    ] [root] Log file : C:\Users\Varsh\Desktop\AGEIS\logs\wbgt_monitor_20260728.log
[2026-07-28 17:21:15] [INFO    ] [root] ============================================================
[2026-07-28 17:21:15] [INFO    ] [__main__] WBGT Monitor starting up
[2026-07-28 17:21:15] [INFO    ] [__main__] Database initialised
[2026-07-28 17:21:15] [INFO    ] [__main__] [READING] zone=Rolling-Mill | timestamp=2026-07-24T10:00:00
[2026-07-28 17:21:15] [DEBUG   ] [__main__] [READING] raw={"timestamp": "2026-07-24T10:00:00", "factory": "Vedanta", "zone": "Rolling-Mill", "temperature_unit": "celsius", "temperature": 31.2, "humidity": 57.0, "globe_temperature": 40.6, "wet_bulb_temperatur
[2026-07-28 17:21:15] [DEBUG   ] [__main__] [VALIDATE] zone=Rolling-Mill | condition=ALL_DATA | missing=[] | flags=[]
[2026-07-28 17:21:15] [INFO    ] [__main__] [CALC] zone=Rolling-Mill | ta=31.2 | rh=57.0 | tg=40.6 | tnwb=24.7 | wbgt=29.47
[2026-07-28 17:21:15] [DEBUG   ] [__main__] [CALC] data_quality={'ta': 'sensor', 'rh': 'sensor', 'tg': 'sensor', 'tnwb': 'sensor', 'wbgt': 'calculated'}
[2026-07-28 17:21:15] [INFO    ] [__main__] [CLASSIFY] zone=Rolling-Mill | wbgt=29.47 | risk=WARNING | action=Enforce work/rest cycles (50 min work, 10 min rest)
[2026-07-28 17:21:15] [WARNING ] [__main__] [WARNING ALERT] zone=Rolling-Mill | wbgt=29.47 | Enforce work/rest cycles (50 min work, 10 min rest)
[2026-07-28 17:21:15] [INFO    ] [__main__] [DB] zone=Rolling-Mill | db_id=137 | saved OK
[2026-07-28 17:21:15] [INFO    ] [__main__] Pipeline completed OK | db_id=137
[2026-07-28 17:21:16] [INFO    ] [root] ============================================================
[2026-07-28 17:21:16] [INFO    ] [root] WBGT Monitor logging started
[2026-07-28 17:21:16] [INFO    ] [root] Log file : C:\Users\Varsh\Desktop\AGEIS\logs\wbgt_monitor_20260728.log
[2026-07-28 17:21:16] [INFO    ] [root] ============================================================
[2026-07-28 17:21:16] [INFO    ] [__main__] WBGT Monitor starting up
[2026-07-28 17:21:16] [INFO    ] [__main__] Database initialised
[2026-07-28 17:21:16] [INFO    ] [__main__] [READING] zone=Furnace-1 | timestamp=2026-07-24T11:00:00
[2026-07-28 17:21:16] [DEBUG   ] [__main__] [READING] raw={"timestamp": "2026-07-24T11:00:00", "factory": "Ganesh Alloys", "zone": "Furnace-1", "temperature_unit": "celsius", "temperature": 36.9, "humidity": 35.8, "globe_temperature": 0, "wet_bulb_temperatur
[2026-07-28 17:21:16] [DEBUG   ] [__main__] [VALIDATE] zone=Furnace-1 | condition=MISSING_TG | missing=['globe_temperature'] | flags=[]
[2026-07-28 17:21:16] [INFO    ] [__main__] [CALC] zone=Furnace-1 | ta=36.9 | rh=35.8 | tg=41.9 | tnwb=25.0633 | wbgt=30.1143
[2026-07-28 17:21:16] [DEBUG   ] [__main__] [CALC] data_quality={'ta': 'sensor', 'rh': 'sensor', 'tg': 'estimated', 'tnwb': 'calculated', 'wbgt': 'calculated'}
[2026-07-28 17:21:16] [INFO    ] [__main__] [CLASSIFY] zone=Furnace-1 | wbgt=30.1143 | risk=WARNING | action=Enforce work/rest cycles (50 min work, 10 min rest)
[2026-07-28 17:21:16] [WARNING ] [__main__] [WARNING ALERT] zone=Furnace-1 | wbgt=30.1143 | Enforce work/rest cycles (50 min work, 10 min rest)
[2026-07-28 17:21:16] [INFO    ] [__main__] [DB] zone=Furnace-1 | db_id=138 | saved OK
[2026-07-28 17:21:16] [INFO    ] [__main__] Pipeline completed OK | db_id=138
[2026-07-28 17:21:16] [INFO    ] [root] ============================================================
[2026-07-28 17:21:16] [INFO    ] [root] WBGT Monitor logging started
[2026-07-28 17:21:16] [INFO    ] [root] Log file : C:\Users\Varsh\Desktop\AGEIS\logs\wbgt_monitor_20260728.log
[2026-07-28 17:21:16] [INFO    ] [root] ============================================================
[2026-07-28 17:21:16] [INFO    ] [__main__] WBGT Monitor starting up
[2026-07-28 17:21:16] [INFO    ] [__main__] Database initialised
[2026-07-28 17:21:16] [INFO    ] [__main__] [READING] zone=EAF-Bay | timestamp=2026-07-24T12:00:00
[2026-07-28 17:21:16] [DEBUG   ] [__main__] [READING] raw={"timestamp": "2026-07-24T12:00:00", "factory": "JSPL", "zone": "EAF-Bay", "temperature_unit": "celsius", "temperature": 44.1, "humidity": 27.3, "globe_temperature": 60.9, "wet_bulb_temperature": 28.4
[2026-07-28 17:21:16] [DEBUG   ] [__main__] [VALIDATE] zone=EAF-Bay | condition=ALL_DATA | missing=[] | flags=[]
[2026-07-28 17:21:16] [INFO    ] [__main__] [CALC] zone=EAF-Bay | ta=44.1 | rh=27.3 | tg=60.9 | tnwb=28.4 | wbgt=38.15
[2026-07-28 17:21:16] [DEBUG   ] [__main__] [CALC] data_quality={'ta': 'sensor', 'rh': 'sensor', 'tg': 'sensor', 'tnwb': 'sensor', 'wbgt': 'calculated'}
[2026-07-28 17:21:16] [INFO    ] [__main__] [CLASSIFY] zone=EAF-Bay | wbgt=38.15 | risk=DANGER | action=Halt heavy work, mandatory rest, evacuate
[2026-07-28 17:21:16] [WARNING ] [__main__] [DANGER ALERT] zone=EAF-Bay | wbgt=38.15 | Halt heavy work, mandatory rest, evacuate
[2026-07-28 17:21:17] [INFO    ] [__main__] [DB] zone=EAF-Bay | db_id=139 | saved OK
[2026-07-28 17:21:17] [INFO    ] [__main__] Pipeline completed OK | db_id=139
[2026-07-28 17:21:17] [INFO    ] [root] ============================================================
[2026-07-28 17:21:17] [INFO    ] [root] WBGT Monitor logging started
[2026-07-28 17:21:17] [INFO    ] [root] Log file : C:\Users\Varsh\Desktop\AGEIS\logs\wbgt_monitor_20260728.log
[2026-07-28 17:21:17] [INFO    ] [root] ============================================================
[2026-07-28 17:21:17] [INFO    ] [__main__] WBGT Monitor starting up
[2026-07-28 17:21:17] [INFO    ] [__main__] Database initialised
[2026-07-28 17:21:17] [INFO    ] [__main__] [READING] zone=Continuous-Casting | timestamp=2026-07-24T13:00:00
[2026-07-28 17:21:17] [DEBUG   ] [__main__] [READING] raw={"timestamp": "2026-07-24T13:00:00", "factory": "Tata Steel", "zone": "Continuous-Casting", "temperature_unit": "celsius", "temperature": 38.3, "humidity": 52.8, "globe_temperature": 53.9, "wet_bulb_t
[2026-07-28 17:21:17] [DEBUG   ] [__main__] [VALIDATE] zone=Continuous-Casting | condition=ALL_DATA | missing=[] | flags=[]
[2026-07-28 17:21:17] [INFO    ] [__main__] [CALC] zone=Continuous-Casting | ta=38.3 | rh=52.8 | tg=53.9 | tnwb=29.8 | wbgt=37.03
[2026-07-28 17:21:17] [DEBUG   ] [__main__] [CALC] data_quality={'ta': 'sensor', 'rh': 'sensor', 'tg': 'sensor', 'tnwb': 'sensor', 'wbgt': 'calculated'}
[2026-07-28 17:21:17] [INFO    ] [__main__] [CLASSIFY] zone=Continuous-Casting | wbgt=37.03 | risk=DANGER | action=Halt heavy work, mandatory rest, evacuate
[2026-07-28 17:21:17] [WARNING ] [__main__] [DANGER ALERT] zone=Continuous-Casting | wbgt=37.03 | Halt heavy work, mandatory rest, evacuate
[2026-07-28 17:21:17] [INFO    ] [__main__] [DB] zone=Continuous-Casting | db_id=140 | saved OK
[2026-07-28 17:21:17] [INFO    ] [__main__] Pipeline completed OK | db_id=140
[2026-07-28 17:21:18] [INFO    ] [root] ============================================================
[2026-07-28 17:21:18] [INFO    ] [root] WBGT Monitor logging started
[2026-07-28 17:21:18] [INFO    ] [root] Log file : C:\Users\Varsh\Desktop\AGEIS\logs\wbgt_monitor_20260728.log
[2026-07-28 17:21:18] [INFO    ] [root] ============================================================
[2026-07-28 17:21:18] [INFO    ] [__main__] WBGT Monitor starting up
[2026-07-28 17:21:18] [INFO    ] [__main__] Database initialised
[2026-07-28 17:21:18] [INFO    ] [__main__] [READING] zone=Fabrication-Shop | timestamp=2026-07-24T14:00:00
[2026-07-28 17:21:18] [DEBUG   ] [__main__] [READING] raw={"timestamp": "2026-07-24T14:00:00", "factory": "JSPL", "zone": "Fabrication-Shop", "temperature_unit": "celsius", "temperature": 28.6, "humidity": 67.9, "globe_temperature": 30.3, "wet_bulb_temperatu
[2026-07-28 17:21:18] [DEBUG   ] [__main__] [VALIDATE] zone=Fabrication-Shop | condition=ALL_DATA | missing=[] | flags=[]
[2026-07-28 17:21:18] [INFO    ] [__main__] [CALC] zone=Fabrication-Shop | ta=28.6 | rh=67.9 | tg=30.3 | tnwb=24.4 | wbgt=26.17
[2026-07-28 17:21:18] [DEBUG   ] [__main__] [CALC] data_quality={'ta': 'sensor', 'rh': 'sensor', 'tg': 'sensor', 'tnwb': 'sensor', 'wbgt': 'calculated'}
[2026-07-28 17:21:18] [INFO    ] [__main__] [CLASSIFY] zone=Fabrication-Shop | wbgt=26.17 | risk=SAFE | action=Normal work, no restrictions
[2026-07-28 17:21:18] [INFO    ] [__main__] [DB] zone=Fabrication-Shop | db_id=141 | saved OK
[2026-07-28 17:21:18] [INFO    ] [__main__] Pipeline completed OK | db_id=141
[2026-07-28 17:21:18] [INFO    ] [root] ============================================================
[2026-07-28 17:21:18] [INFO    ] [root] WBGT Monitor logging started
[2026-07-28 17:21:18] [INFO    ] [root] Log file : C:\Users\Varsh\Desktop\AGEIS\logs\wbgt_monitor_20260728.log
[2026-07-28 17:21:18] [INFO    ] [root] ============================================================
[2026-07-28 17:21:18] [INFO    ] [__main__] WBGT Monitor starting up
[2026-07-28 17:21:18] [INFO    ] [__main__] Database initialised
[2026-07-28 17:21:18] [INFO    ] [__main__] [READING] zone=Ladle-Metallurgy | timestamp=2026-07-24T15:00:00
[2026-07-28 17:21:18] [DEBUG   ] [__main__] [READING] raw={"timestamp": "2026-07-24T15:00:00", "factory": "Ganesh Alloys", "zone": "Ladle-Metallurgy", "temperature_unit": "celsius", "temperature": 36.0, "humidity": 347.5, "globe_temperature": 50.2, "wet_bulb
[2026-07-28 17:21:18] [DEBUG   ] [__main__] [VALIDATE] zone=Ladle-Metallurgy | condition=None | missing=[] | flags=[]
[2026-07-28 17:21:18] [WARNING ] [__main__] [FAULT] zone=Ladle-Metallurgy | timestamp=2026-07-24T15:00:00 | reason=SENSOR_FAULT: humidity=347.5 is out of valid range 0–100 %.
[2026-07-28 17:21:18] [WARNING ] [__main__] Pipeline completed with fault: SENSOR_FAULT: humidity=347.5 is out of valid range 0–100 %.
[2026-07-28 17:21:19] [INFO    ] [root] ============================================================
[2026-07-28 17:21:19] [INFO    ] [root] WBGT Monitor logging started
[2026-07-28 17:21:19] [INFO    ] [root] Log file : C:\Users\Varsh\Desktop\AGEIS\logs\wbgt_monitor_20260728.log
[2026-07-28 17:21:19] [INFO    ] [root] ============================================================
[2026-07-28 17:21:19] [INFO    ] [__main__] WBGT Monitor starting up
[2026-07-28 17:21:19] [INFO    ] [__main__] Database initialised
[2026-07-28 17:21:19] [INFO    ] [__main__] [READING] zone=Warehouse | timestamp=2026-07-24T16:00:00
[2026-07-28 17:21:19] [DEBUG   ] [__main__] [READING] raw={"timestamp": "2026-07-24T16:00:00", "factory": "Vedanta", "zone": "Warehouse", "temperature_unit": "celsius", "temperature": 29.2, "humidity": 56.3, "globe_temperature": 30.4, "wet_bulb_temperature":
[2026-07-28 17:21:19] [DEBUG   ] [__main__] [VALIDATE] zone=Warehouse | condition=ALL_DATA | missing=[] | flags=[]
[2026-07-28 17:21:19] [INFO    ] [__main__] [CALC] zone=Warehouse | ta=29.2 | rh=56.3 | tg=30.4 | tnwb=22.6727 | wbgt=24.9909
[2026-07-28 17:21:19] [DEBUG   ] [__main__] [CALC] data_quality={'ta': 'sensor', 'rh': 'sensor', 'tg': 'sensor', 'tnwb': 'calculated', 'wbgt': 'calculated'}
[2026-07-28 17:21:19] [INFO    ] [__main__] [CLASSIFY] zone=Warehouse | wbgt=24.9909 | risk=SAFE | action=Normal work, no restrictions
[2026-07-28 17:21:19] [INFO    ] [__main__] [DB] zone=Warehouse | db_id=142 | saved OK
[2026-07-28 17:21:19] [INFO    ] [__main__] Pipeline completed OK | db_id=142
[2026-07-28 17:21:20] [INFO    ] [root] ============================================================
[2026-07-28 17:21:20] [INFO    ] [root] WBGT Monitor logging started
[2026-07-28 17:21:20] [INFO    ] [root] Log file : C:\Users\Varsh\Desktop\AGEIS\logs\wbgt_monitor_20260728.log
[2026-07-28 17:21:20] [INFO    ] [root] ============================================================
[2026-07-28 17:21:20] [INFO    ] [__main__] WBGT Monitor starting up
[2026-07-28 17:21:20] [INFO    ] [__main__] Database initialised
[2026-07-28 17:21:20] [INFO    ] [__main__] [READING] zone=Furnace-2 | timestamp=2026-07-24T17:00:00
[2026-07-28 17:21:20] [DEBUG   ] [__main__] [READING] raw={"timestamp": "2026-07-24T17:00:00", "factory": "Tata Steel", "zone": "Furnace-2", "temperature_unit": "celsius", "temperature": 42.1, "humidity": 0, "globe_temperature": 58.4, "wet_bulb_temperature":
[2026-07-28 17:21:20] [DEBUG   ] [__main__] [VALIDATE] zone=Furnace-2 | condition=MISSING_RH | missing=['humidity'] | flags=[]
[2026-07-28 17:21:20] [ERROR   ] [__main__] [CALC ERROR] zone=Furnace-2 | timestamp=2026-07-24T17:00:00 | error=WEATHER_API_BASE_URL is not configured.
[2026-07-28 17:21:20] [WARNING ] [__main__] Pipeline completed with fault: Calculation error: WEATHER_API_BASE_URL is not configured.
[2026-07-28 17:21:20] [INFO    ] [root] ============================================================
[2026-07-28 17:21:20] [INFO    ] [root] WBGT Monitor logging started
[2026-07-28 17:21:20] [INFO    ] [root] Log file : C:\Users\Varsh\Desktop\AGEIS\logs\wbgt_monitor_20260728.log
[2026-07-28 17:21:20] [INFO    ] [root] ============================================================
[2026-07-28 17:21:20] [INFO    ] [__main__] WBGT Monitor starting up
[2026-07-28 17:21:20] [INFO    ] [__main__] Database initialised
[2026-07-28 17:21:20] [INFO    ] [__main__] [READING] zone=Annealing-Line | timestamp=2026-07-24T18:00:00
[2026-07-28 17:21:20] [DEBUG   ] [__main__] [READING] raw={"timestamp": "2026-07-24T18:00:00", "factory": "SAIL", "zone": "Annealing-Line", "temperature_unit": "celsius", "temperature": 31.1, "humidity": 0, "globe_temperature": 36.2, "wet_bulb_temperature": 
[2026-07-28 17:21:20] [DEBUG   ] [__main__] [VALIDATE] zone=Annealing-Line | condition=MISSING_RH | missing=['humidity'] | flags=[]
[2026-07-28 17:21:20] [ERROR   ] [__main__] [CALC ERROR] zone=Annealing-Line | timestamp=2026-07-24T18:00:00 | error=WEATHER_API_BASE_URL is not configured.
[2026-07-28 17:21:20] [WARNING ] [__main__] Pipeline completed with fault: Calculation error: WEATHER_API_BASE_URL is not configured.
[2026-07-28 17:21:21] [INFO    ] [root] ============================================================
[2026-07-28 17:21:21] [INFO    ] [root] WBGT Monitor logging started
[2026-07-28 17:21:21] [INFO    ] [root] Log file : C:\Users\Varsh\Desktop\AGEIS\logs\wbgt_monitor_20260728.log
[2026-07-28 17:21:21] [INFO    ] [root] ============================================================
[2026-07-28 17:21:21] [INFO    ] [__main__] WBGT Monitor starting up
[2026-07-28 17:21:21] [INFO    ] [__main__] Database initialised
[2026-07-28 17:21:21] [INFO    ] [__main__] [READING] zone=Rolling-Mill | timestamp=2026-07-24T19:00:00
[2026-07-28 17:21:21] [DEBUG   ] [__main__] [READING] raw={"timestamp": "2026-07-24T19:00:00", "factory": "SAIL", "zone": "Rolling-Mill", "temperature_unit": "celsius", "temperature": 29.3, "humidity": 44.0, "globe_temperature": 0, "wet_bulb_temperature": 0}
[2026-07-28 17:21:21] [DEBUG   ] [__main__] [VALIDATE] zone=Rolling-Mill | condition=MISSING_TG | missing=['globe_temperature'] | flags=[]
[2026-07-28 17:21:21] [INFO    ] [__main__] [CALC] zone=Rolling-Mill | ta=29.3 | rh=44.0 | tg=34.3 | tnwb=20.6275 | wbgt=24.7293
[2026-07-28 17:21:21] [DEBUG   ] [__main__] [CALC] data_quality={'ta': 'sensor', 'rh': 'sensor', 'tg': 'estimated', 'tnwb': 'calculated', 'wbgt': 'calculated'}
[2026-07-28 17:21:21] [INFO    ] [__main__] [CLASSIFY] zone=Rolling-Mill | wbgt=24.7293 | risk=SAFE | action=Normal work, no restrictions
[2026-07-28 17:21:21] [INFO    ] [__main__] [DB] zone=Rolling-Mill | db_id=143 | saved OK
[2026-07-28 17:21:21] [INFO    ] [__main__] Pipeline completed OK | db_id=143
[2026-07-28 17:21:22] [INFO    ] [root] ============================================================
[2026-07-28 17:21:22] [INFO    ] [root] WBGT Monitor logging started
[2026-07-28 17:21:22] [INFO    ] [root] Log file : C:\Users\Varsh\Desktop\AGEIS\logs\wbgt_monitor_20260728.log
[2026-07-28 17:21:22] [INFO    ] [root] ============================================================
[2026-07-28 17:21:22] [INFO    ] [__main__] WBGT Monitor starting up
[2026-07-28 17:21:22] [INFO    ] [__main__] Database initialised
[2026-07-28 17:21:22] [INFO    ] [__main__] [READING] zone=Furnace-2 | timestamp=2026-07-24T20:00:00
[2026-07-28 17:21:22] [DEBUG   ] [__main__] [READING] raw={"timestamp": "2026-07-24T20:00:00", "factory": "JSW Steel", "zone": "Furnace-2", "temperature_unit": "celsius", "temperature": 36.4, "humidity": 110.8, "globe_temperature": 52.7, "wet_bulb_temperatur
[2026-07-28 17:21:22] [DEBUG   ] [__main__] [VALIDATE] zone=Furnace-2 | condition=None | missing=[] | flags=[]
[2026-07-28 17:21:22] [WARNING ] [__main__] [FAULT] zone=Furnace-2 | timestamp=2026-07-24T20:00:00 | reason=SENSOR_FAULT: humidity=110.8 is out of valid range 0–100 %.
[2026-07-28 17:21:22] [WARNING ] [__main__] Pipeline completed with fault: SENSOR_FAULT: humidity=110.8 is out of valid range 0–100 %.
[2026-07-28 17:21:22] [INFO    ] [root] ============================================================
[2026-07-28 17:21:22] [INFO    ] [root] WBGT Monitor logging started
[2026-07-28 17:21:22] [INFO    ] [root] Log file : C:\Users\Varsh\Desktop\AGEIS\logs\wbgt_monitor_20260728.log
[2026-07-28 17:21:22] [INFO    ] [root] ============================================================
[2026-07-28 17:21:22] [INFO    ] [__main__] WBGT Monitor starting up
[2026-07-28 17:21:22] [INFO    ] [__main__] Database initialised
[2026-07-28 17:21:22] [INFO    ] [__main__] [READING] zone=Annealing-Line | timestamp=2026-07-24T21:00:00
[2026-07-28 17:21:22] [DEBUG   ] [__main__] [READING] raw={"timestamp": "2026-07-24T21:00:00", "factory": "JSW Steel", "zone": "Annealing-Line", "temperature_unit": "celsius", "temperature": 26.6, "humidity": 0, "globe_temperature": 32.5, "wet_bulb_temperatu
[2026-07-28 17:21:22] [DEBUG   ] [__main__] [VALIDATE] zone=Annealing-Line | condition=MISSING_RH | missing=['humidity'] | flags=[]
[2026-07-28 17:21:22] [ERROR   ] [__main__] [CALC ERROR] zone=Annealing-Line | timestamp=2026-07-24T21:00:00 | error=WEATHER_API_BASE_URL is not configured.
[2026-07-28 17:21:22] [WARNING ] [__main__] Pipeline completed with fault: Calculation error: WEATHER_API_BASE_URL is not configured.
[2026-07-28 17:21:23] [INFO    ] [root] ============================================================
[2026-07-28 17:21:23] [INFO    ] [root] WBGT Monitor logging started
[2026-07-28 17:21:23] [INFO    ] [root] Log file : C:\Users\Varsh\Desktop\AGEIS\logs\wbgt_monitor_20260728.log
[2026-07-28 17:21:23] [INFO    ] [root] ============================================================
[2026-07-28 17:21:23] [INFO    ] [__main__] WBGT Monitor starting up
[2026-07-28 17:21:23] [INFO    ] [__main__] Database initialised
[2026-07-28 17:21:23] [INFO    ] [__main__] [READING] zone=Continuous-Casting | timestamp=2026-07-24T22:00:00
[2026-07-28 17:21:23] [DEBUG   ] [__main__] [READING] raw={"timestamp": "2026-07-24T22:00:00", "factory": "SAIL", "zone": "Continuous-Casting", "temperature_unit": "celsius", "temperature": 30.7, "humidity": 60.4, "globe_temperature": 45.8, "wet_bulb_tempera
[2026-07-28 17:21:23] [DEBUG   ] [__main__] [VALIDATE] zone=Continuous-Casting | condition=ALL_DATA | missing=[] | flags=[]
[2026-07-28 17:21:23] [INFO    ] [__main__] [CALC] zone=Continuous-Casting | ta=30.7 | rh=60.4 | tg=45.8 | tnwb=24.7 | wbgt=31.03
[2026-07-28 17:21:23] [DEBUG   ] [__main__] [CALC] data_quality={'ta': 'sensor', 'rh': 'sensor', 'tg': 'sensor', 'tnwb': 'sensor', 'wbgt': 'calculated'}
[2026-07-28 17:21:23] [INFO    ] [__main__] [CLASSIFY] zone=Continuous-Casting | wbgt=31.03 | risk=WARNING | action=Enforce work/rest cycles (50 min work, 10 min rest)
[2026-07-28 17:21:23] [WARNING ] [__main__] [WARNING ALERT] zone=Continuous-Casting | wbgt=31.03 | Enforce work/rest cycles (50 min work, 10 min rest)
[2026-07-28 17:21:23] [INFO    ] [__main__] [DB] zone=Continuous-Casting | db_id=144 | saved OK
[2026-07-28 17:21:23] [INFO    ] [__main__] Pipeline completed OK | db_id=144
[2026-07-28 17:21:24] [INFO    ] [root] ============================================================
[2026-07-28 17:21:24] [INFO    ] [root] WBGT Monitor logging started
[2026-07-28 17:21:24] [INFO    ] [root] Log file : C:\Users\Varsh\Desktop\AGEIS\logs\wbgt_monitor_20260728.log
[2026-07-28 17:21:24] [INFO    ] [root] ============================================================
[2026-07-28 17:21:24] [INFO    ] [__main__] WBGT Monitor starting up
[2026-07-28 17:21:24] [INFO    ] [__main__] Database initialised
[2026-07-28 17:21:24] [INFO    ] [__main__] [READING] zone=Fabrication-Shop | timestamp=2026-07-24T23:00:00
[2026-07-28 17:21:24] [DEBUG   ] [__main__] [READING] raw={"timestamp": "2026-07-24T23:00:00", "factory": "JSPL", "zone": "Fabrication-Shop", "temperature_unit": "celsius", "temperature": 24.9, "humidity": 62.3, "globe_temperature": 28.4, "wet_bulb_temperatu
[2026-07-28 17:21:24] [DEBUG   ] [__main__] [VALIDATE] zone=Fabrication-Shop | condition=ALL_DATA | missing=[] | flags=[]
[2026-07-28 17:21:24] [INFO    ] [__main__] [CALC] zone=Fabrication-Shop | ta=24.9 | rh=62.3 | tg=28.4 | tnwb=19.8 | wbgt=22.38
[2026-07-28 17:21:24] [DEBUG   ] [__main__] [CALC] data_quality={'ta': 'sensor', 'rh': 'sensor', 'tg': 'sensor', 'tnwb': 'sensor', 'wbgt': 'calculated'}
[2026-07-28 17:21:24] [INFO    ] [__main__] [CLASSIFY] zone=Fabrication-Shop | wbgt=22.38 | risk=SAFE | action=Normal work, no restrictions
[2026-07-28 17:21:24] [INFO    ] [__main__] [DB] zone=Fabrication-Shop | db_id=145 | saved OK
[2026-07-28 17:21:24] [INFO    ] [__main__] Pipeline completed OK | db_id=145
[2026-07-28 17:21:24] [INFO    ] [root] ============================================================
[2026-07-28 17:21:24] [INFO    ] [root] WBGT Monitor logging started
[2026-07-28 17:21:24] [INFO    ] [root] Log file : C:\Users\Varsh\Desktop\AGEIS\logs\wbgt_monitor_20260728.log
[2026-07-28 17:21:24] [INFO    ] [root] ============================================================
[2026-07-28 17:21:24] [INFO    ] [__main__] WBGT Monitor starting up
[2026-07-28 17:21:24] [INFO    ] [__main__] Database initialised
[2026-07-28 17:21:24] [INFO    ] [__main__] [READING] zone=Ladle-Metallurgy | timestamp=2026-07-25T00:00:00
[2026-07-28 17:21:24] [DEBUG   ] [__main__] [READING] raw={"timestamp": "2026-07-25T00:00:00", "factory": "JSPL", "zone": "Ladle-Metallurgy", "temperature_unit": "celsius", "temperature": 28.8, "humidity": 60.1, "globe_temperature": 41.6, "wet_bulb_temperatu
[2026-07-28 17:21:24] [DEBUG   ] [__main__] [VALIDATE] zone=Ladle-Metallurgy | condition=ALL_DATA | missing=[] | flags=[]
[2026-07-28 17:21:24] [INFO    ] [__main__] [CALC] zone=Ladle-Metallurgy | ta=28.8 | rh=60.1 | tg=41.6 | tnwb=22.9 | wbgt=28.51
[2026-07-28 17:21:24] [DEBUG   ] [__main__] [CALC] data_quality={'ta': 'sensor', 'rh': 'sensor', 'tg': 'sensor', 'tnwb': 'sensor', 'wbgt': 'calculated'}
[2026-07-28 17:21:24] [INFO    ] [__main__] [CLASSIFY] zone=Ladle-Metallurgy | wbgt=28.51 | risk=CAUTION | action=Increase water breaks
[2026-07-28 17:21:24] [INFO    ] [__main__] [DB] zone=Ladle-Metallurgy | db_id=146 | saved OK
[2026-07-28 17:21:24] [INFO    ] [__main__] Pipeline completed OK | db_id=146
[2026-07-28 17:21:25] [INFO    ] [root] ============================================================
[2026-07-28 17:21:25] [INFO    ] [root] WBGT Monitor logging started
[2026-07-28 17:21:25] [INFO    ] [root] Log file : C:\Users\Varsh\Desktop\AGEIS\logs\wbgt_monitor_20260728.log
[2026-07-28 17:21:25] [INFO    ] [root] ============================================================
[2026-07-28 17:21:25] [INFO    ] [__main__] WBGT Monitor starting up
[2026-07-28 17:21:25] [INFO    ] [__main__] Database initialised
[2026-07-28 17:21:25] [INFO    ] [__main__] [READING] zone=Loading-Dock | timestamp=2026-07-25T01:00:00
[2026-07-28 17:21:25] [DEBUG   ] [__main__] [READING] raw={"timestamp": "2026-07-25T01:00:00", "factory": "Vedanta", "zone": "Loading-Dock", "temperature_unit": "celsius", "temperature": 23.2, "humidity": 0, "globe_temperature": 26.2, "wet_bulb_temperature":
[2026-07-28 17:21:25] [DEBUG   ] [__main__] [VALIDATE] zone=Loading-Dock | condition=MISSING_RH | missing=['humidity'] | flags=[]
[2026-07-28 17:21:25] [ERROR   ] [__main__] [CALC ERROR] zone=Loading-Dock | timestamp=2026-07-25T01:00:00 | error=WEATHER_API_BASE_URL is not configured.
[2026-07-28 17:21:25] [WARNING ] [__main__] Pipeline completed with fault: Calculation error: WEATHER_API_BASE_URL is not configured.
[2026-07-28 17:21:25] [INFO    ] [root] ============================================================
[2026-07-28 17:21:25] [INFO    ] [root] WBGT Monitor logging started
[2026-07-28 17:21:25] [INFO    ] [root] Log file : C:\Users\Varsh\Desktop\AGEIS\logs\wbgt_monitor_20260728.log
[2026-07-28 17:21:25] [INFO    ] [root] ============================================================
[2026-07-28 17:21:25] [INFO    ] [__main__] WBGT Monitor starting up
[2026-07-28 17:21:26] [INFO    ] [__main__] Database initialised
[2026-07-28 17:21:26] [INFO    ] [__main__] [READING] zone=EAF-Bay | timestamp=2026-07-25T02:00:00
[2026-07-28 17:21:26] [DEBUG   ] [__main__] [READING] raw={"timestamp": "2026-07-25T02:00:00", "factory": "JSW Steel", "zone": "EAF-Bay", "temperature_unit": "celsius", "temperature": 38.5, "humidity": 0, "globe_temperature": 0, "wet_bulb_temperature": 26.3}
[2026-07-28 17:21:26] [DEBUG   ] [__main__] [VALIDATE] zone=EAF-Bay | condition=MISSING_RH | missing=['humidity', 'globe_temperature'] | flags=[]
[2026-07-28 17:21:26] [ERROR   ] [__main__] [CALC ERROR] zone=EAF-Bay | timestamp=2026-07-25T02:00:00 | error=WEATHER_API_BASE_URL is not configured.
[2026-07-28 17:21:26] [WARNING ] [__main__] Pipeline completed with fault: Calculation error: WEATHER_API_BASE_URL is not configured.
[2026-07-28 17:21:26] [INFO    ] [root] ============================================================
[2026-07-28 17:21:26] [INFO    ] [root] WBGT Monitor logging started
[2026-07-28 17:21:26] [INFO    ] [root] Log file : C:\Users\Varsh\Desktop\AGEIS\logs\wbgt_monitor_20260728.log
[2026-07-28 17:21:26] [INFO    ] [root] ============================================================
[2026-07-28 17:21:26] [INFO    ] [__main__] WBGT Monitor starting up
[2026-07-28 17:21:26] [INFO    ] [__main__] Database initialised
[2026-07-28 17:21:26] [INFO    ] [__main__] [READING] zone=Furnace-1 | timestamp=2026-07-25T03:00:00
[2026-07-28 17:21:26] [DEBUG   ] [__main__] [READING] raw={"timestamp": "2026-07-25T03:00:00", "factory": "Shree Metal Works", "zone": "Furnace-1", "temperature_unit": "celsius", "temperature": 36.3, "humidity": 43.1, "globe_temperature": 0, "wet_bulb_temper
[2026-07-28 17:21:26] [DEBUG   ] [__main__] [VALIDATE] zone=Furnace-1 | condition=MISSING_TG | missing=['globe_temperature'] | flags=[]
[2026-07-28 17:21:26] [INFO    ] [__main__] [CALC] zone=Furnace-1 | ta=36.3 | rh=43.1 | tg=41.3 | tnwb=26.0 | wbgt=30.59
[2026-07-28 17:21:26] [DEBUG   ] [__main__] [CALC] data_quality={'ta': 'sensor', 'rh': 'sensor', 'tg': 'estimated', 'tnwb': 'sensor', 'wbgt': 'calculated'}
[2026-07-28 17:21:26] [INFO    ] [__main__] [CLASSIFY] zone=Furnace-1 | wbgt=30.59 | risk=WARNING | action=Enforce work/rest cycles (50 min work, 10 min rest)
[2026-07-28 17:21:26] [WARNING ] [__main__] [WARNING ALERT] zone=Furnace-1 | wbgt=30.59 | Enforce work/rest cycles (50 min work, 10 min rest)
[2026-07-28 17:21:26] [INFO    ] [__main__] [DB] zone=Furnace-1 | db_id=147 | saved OK
[2026-07-28 17:21:26] [INFO    ] [__main__] Pipeline completed OK | db_id=147
[2026-07-28 17:21:27] [INFO    ] [root] ============================================================
[2026-07-28 17:21:27] [INFO    ] [root] WBGT Monitor logging started
[2026-07-28 17:21:27] [INFO    ] [root] Log file : C:\Users\Varsh\Desktop\AGEIS\logs\wbgt_monitor_20260728.log
[2026-07-28 17:21:27] [INFO    ] [root] ============================================================
[2026-07-28 17:21:27] [INFO    ] [__main__] WBGT Monitor starting up
[2026-07-28 17:21:27] [INFO    ] [__main__] Database initialised
[2026-07-28 17:21:27] [INFO    ] [__main__] [READING] zone=Warehouse | timestamp=2026-07-25T04:00:00
[2026-07-28 17:21:27] [DEBUG   ] [__main__] [READING] raw={"timestamp": "2026-07-25T04:00:00", "factory": "Ganesh Alloys", "zone": "Warehouse", "temperature_unit": "celsius", "temperature": 19.6, "humidity": 62.0, "globe_temperature": 14.5, "wet_bulb_tempera
[2026-07-28 17:21:27] [DEBUG   ] [__main__] [VALIDATE] zone=Warehouse | condition=None | missing=[] | flags=[]
[2026-07-28 17:21:27] [WARNING ] [__main__] [FAULT] zone=Warehouse | timestamp=2026-07-25T04:00:00 | reason=SENSOR_FAULT: globe_temperature=14.5 is less than temperature=19.6.
[2026-07-28 17:21:27] [WARNING ] [__main__] Pipeline completed with fault: SENSOR_FAULT: globe_temperature=14.5 is less than temperature=19.6.
[2026-07-28 17:21:27] [INFO    ] [root] ============================================================
[2026-07-28 17:21:27] [INFO    ] [root] WBGT Monitor logging started
[2026-07-28 17:21:27] [INFO    ] [root] Log file : C:\Users\Varsh\Desktop\AGEIS\logs\wbgt_monitor_20260728.log
[2026-07-28 17:21:27] [INFO    ] [root] ============================================================
[2026-07-28 17:21:27] [INFO    ] [__main__] WBGT Monitor starting up
[2026-07-28 17:21:27] [INFO    ] [__main__] Database initialised
[2026-07-28 17:21:27] [INFO    ] [__main__] [READING] zone=Continuous-Casting | timestamp=2026-07-25T05:00:00
[2026-07-28 17:21:27] [DEBUG   ] [__main__] [READING] raw={"timestamp": "2026-07-25T05:00:00", "factory": "SAIL", "zone": "Continuous-Casting", "temperature_unit": "celsius", "temperature": 29.2, "humidity": 54.1, "globe_temperature": 40.9, "wet_bulb_tempera
[2026-07-28 17:21:27] [DEBUG   ] [__main__] [VALIDATE] zone=Continuous-Casting | condition=ALL_DATA | missing=[] | flags=[]
[2026-07-28 17:21:27] [INFO    ] [__main__] [CALC] zone=Continuous-Casting | ta=29.2 | rh=54.1 | tg=40.9 | tnwb=22.3067 | wbgt=27.8847
[2026-07-28 17:21:27] [DEBUG   ] [__main__] [CALC] data_quality={'ta': 'sensor', 'rh': 'sensor', 'tg': 'sensor', 'tnwb': 'calculated', 'wbgt': 'calculated'}
[2026-07-28 17:21:27] [INFO    ] [__main__] [CLASSIFY] zone=Continuous-Casting | wbgt=27.8847 | risk=CAUTION | action=Increase water breaks
[2026-07-28 17:21:27] [INFO    ] [__main__] [DB] zone=Continuous-Casting | db_id=148 | saved OK
[2026-07-28 17:21:27] [INFO    ] [__main__] Pipeline completed OK | db_id=148
[2026-07-28 17:21:28] [INFO    ] [root] ============================================================
[2026-07-28 17:21:28] [INFO    ] [root] WBGT Monitor logging started
[2026-07-28 17:21:28] [INFO    ] [root] Log file : C:\Users\Varsh\Desktop\AGEIS\logs\wbgt_monitor_20260728.log
[2026-07-28 17:21:28] [INFO    ] [root] ============================================================
[2026-07-28 17:21:28] [INFO    ] [__main__] WBGT Monitor starting up
[2026-07-28 17:21:28] [INFO    ] [__main__] Database initialised
[2026-07-28 17:21:28] [INFO    ] [__main__] [READING] zone=Rolling-Mill | timestamp=2026-07-25T06:00:00
[2026-07-28 17:21:28] [DEBUG   ] [__main__] [READING] raw={"timestamp": "2026-07-25T06:00:00", "factory": "Ganesh Alloys", "zone": "Rolling-Mill", "temperature_unit": "celsius", "temperature": 29.0, "humidity": 55.1, "globe_temperature": 38.1, "wet_bulb_temp
[2026-07-28 17:21:28] [DEBUG   ] [__main__] [VALIDATE] zone=Rolling-Mill | condition=ALL_DATA | missing=[] | flags=[]
[2026-07-28 17:21:28] [INFO    ] [__main__] [CALC] zone=Rolling-Mill | ta=29.0 | rh=55.1 | tg=38.1 | tnwb=22.8 | wbgt=27.39
[2026-07-28 17:21:28] [DEBUG   ] [__main__] [CALC] data_quality={'ta': 'sensor', 'rh': 'sensor', 'tg': 'sensor', 'tnwb': 'sensor', 'wbgt': 'calculated'}
[2026-07-28 17:21:28] [INFO    ] [__main__] [CLASSIFY] zone=Rolling-Mill | wbgt=27.39 | risk=CAUTION | action=Increase water breaks
[2026-07-28 17:21:28] [INFO    ] [__main__] [DB] zone=Rolling-Mill | db_id=149 | saved OK
[2026-07-28 17:21:28] [INFO    ] [__main__] Pipeline completed OK | db_id=149
[2026-07-28 17:21:29] [INFO    ] [root] ============================================================
[2026-07-28 17:21:29] [INFO    ] [root] WBGT Monitor logging started
[2026-07-28 17:21:29] [INFO    ] [root] Log file : C:\Users\Varsh\Desktop\AGEIS\logs\wbgt_monitor_20260728.log
[2026-07-28 17:21:29] [INFO    ] [root] ============================================================
[2026-07-28 17:21:29] [INFO    ] [__main__] WBGT Monitor starting up
[2026-07-28 17:21:29] [INFO    ] [__main__] Database initialised
[2026-07-28 17:21:29] [INFO    ] [__main__] [READING] zone=Furnace-1 | timestamp=2026-07-25T07:00:00
[2026-07-28 17:21:29] [DEBUG   ] [__main__] [READING] raw={"timestamp": "2026-07-25T07:00:00", "factory": "JSW Steel", "zone": "Furnace-1", "temperature_unit": "celsius", "temperature": 39.7, "humidity": 43.2, "globe_temperature": 57.1, "wet_bulb_temperature
[2026-07-28 17:21:29] [DEBUG   ] [__main__] [VALIDATE] zone=Furnace-1 | condition=ALL_DATA | missing=[] | flags=[]
[2026-07-28 17:21:29] [INFO    ] [__main__] [CALC] zone=Furnace-1 | ta=39.7 | rh=43.2 | tg=57.1 | tnwb=28.8 | wbgt=37.29
[2026-07-28 17:21:29] [DEBUG   ] [__main__] [CALC] data_quality={'ta': 'sensor', 'rh': 'sensor', 'tg': 'sensor', 'tnwb': 'sensor', 'wbgt': 'calculated'}
[2026-07-28 17:21:29] [INFO    ] [__main__] [CLASSIFY] zone=Furnace-1 | wbgt=37.29 | risk=DANGER | action=Halt heavy work, mandatory rest, evacuate
[2026-07-28 17:21:29] [WARNING ] [__main__] [DANGER ALERT] zone=Furnace-1 | wbgt=37.29 | Halt heavy work, mandatory rest, evacuate
[2026-07-28 17:21:29] [INFO    ] [__main__] [DB] zone=Furnace-1 | db_id=150 | saved OK
[2026-07-28 17:21:29] [INFO    ] [__main__] Pipeline completed OK | db_id=150
[2026-07-28 17:21:30] [INFO    ] [root] ============================================================
[2026-07-28 17:21:30] [INFO    ] [root] WBGT Monitor logging started
[2026-07-28 17:21:30] [INFO    ] [root] Log file : C:\Users\Varsh\Desktop\AGEIS\logs\wbgt_monitor_20260728.log
[2026-07-28 17:21:30] [INFO    ] [root] ============================================================
[2026-07-28 17:21:30] [INFO    ] [__main__] WBGT Monitor starting up
[2026-07-28 17:21:30] [INFO    ] [__main__] Database initialised
[2026-07-28 17:21:30] [INFO    ] [__main__] [READING] zone=Loading-Dock | timestamp=2026-07-25T08:00:00
[2026-07-28 17:21:30] [DEBUG   ] [__main__] [READING] raw={"timestamp": "2026-07-25T08:00:00", "factory": "JSPL", "zone": "Loading-Dock", "temperature_unit": "celsius", "temperature": 27.1, "humidity": 71.2, "globe_temperature": 0, "wet_bulb_temperature": 22
[2026-07-28 17:21:30] [DEBUG   ] [__main__] [VALIDATE] zone=Loading-Dock | condition=MISSING_TG | missing=['globe_temperature'] | flags=[]
[2026-07-28 17:21:30] [INFO    ] [__main__] [CALC] zone=Loading-Dock | ta=27.1 | rh=71.2 | tg=32.1 | tnwb=22.9 | wbgt=25.66
[2026-07-28 17:21:30] [DEBUG   ] [__main__] [CALC] data_quality={'ta': 'sensor', 'rh': 'sensor', 'tg': 'estimated', 'tnwb': 'sensor', 'wbgt': 'calculated'}
[2026-07-28 17:21:30] [INFO    ] [__main__] [CLASSIFY] zone=Loading-Dock | wbgt=25.66 | risk=SAFE | action=Normal work, no restrictions
[2026-07-28 17:21:30] [INFO    ] [__main__] [DB] zone=Loading-Dock | db_id=151 | saved OK
[2026-07-28 17:21:30] [INFO    ] [__main__] Pipeline completed OK | db_id=151
[2026-07-28 17:21:30] [INFO    ] [root] ============================================================
[2026-07-28 17:21:30] [INFO    ] [root] WBGT Monitor logging started
[2026-07-28 17:21:30] [INFO    ] [root] Log file : C:\Users\Varsh\Desktop\AGEIS\logs\wbgt_monitor_20260728.log
[2026-07-28 17:21:30] [INFO    ] [root] ============================================================
[2026-07-28 17:21:30] [INFO    ] [__main__] WBGT Monitor starting up
[2026-07-28 17:21:30] [INFO    ] [__main__] Database initialised
[2026-07-28 17:21:30] [INFO    ] [__main__] [READING] zone=Warehouse | timestamp=2026-07-25T09:00:00
[2026-07-28 17:21:30] [DEBUG   ] [__main__] [READING] raw={"timestamp": "2026-07-25T09:00:00", "factory": "Ganesh Alloys", "zone": "Warehouse", "temperature_unit": "celsius", "temperature": 27.1, "humidity": 60.4, "globe_temperature": 27.5, "wet_bulb_tempera
[2026-07-28 17:21:30] [DEBUG   ] [__main__] [VALIDATE] zone=Warehouse | condition=ALL_DATA | missing=[] | flags=[]
[2026-07-28 17:21:30] [INFO    ] [__main__] [CALC] zone=Warehouse | ta=27.1 | rh=60.4 | tg=27.5 | tnwb=21.4512 | wbgt=23.2658
[2026-07-28 17:21:30] [DEBUG   ] [__main__] [CALC] data_quality={'ta': 'sensor', 'rh': 'sensor', 'tg': 'sensor', 'tnwb': 'calculated', 'wbgt': 'calculated'}
[2026-07-28 17:21:30] [INFO    ] [__main__] [CLASSIFY] zone=Warehouse | wbgt=23.2658 | risk=SAFE | action=Normal work, no restrictions
[2026-07-28 17:21:30] [INFO    ] [__main__] [DB] zone=Warehouse | db_id=152 | saved OK
[2026-07-28 17:21:30] [INFO    ] [__main__] Pipeline completed OK | db_id=152
[2026-07-28 17:21:31] [INFO    ] [root] ============================================================
[2026-07-28 17:21:31] [INFO    ] [root] WBGT Monitor logging started
[2026-07-28 17:21:31] [INFO    ] [root] Log file : C:\Users\Varsh\Desktop\AGEIS\logs\wbgt_monitor_20260728.log
[2026-07-28 17:21:31] [INFO    ] [root] ============================================================
[2026-07-28 17:21:31] [INFO    ] [__main__] WBGT Monitor starting up
[2026-07-28 17:21:31] [INFO    ] [__main__] Database initialised
[2026-07-28 17:21:31] [INFO    ] [__main__] [READING] zone=Ladle-Metallurgy | timestamp=2026-07-25T10:00:00
[2026-07-28 17:21:31] [DEBUG   ] [__main__] [READING] raw={"timestamp": "2026-07-25T10:00:00", "factory": "Ganesh Alloys", "zone": "Ladle-Metallurgy", "temperature_unit": "celsius", "temperature": 34.2, "humidity": 33.8, "globe_temperature": 46.2, "wet_bulb_
[2026-07-28 17:21:31] [DEBUG   ] [__main__] [VALIDATE] zone=Ladle-Metallurgy | condition=ALL_DATA | missing=[] | flags=[]
[2026-07-28 17:21:31] [INFO    ] [__main__] [CALC] zone=Ladle-Metallurgy | ta=34.2 | rh=33.8 | tg=46.2 | tnwb=22.4 | wbgt=29.54
[2026-07-28 17:21:31] [DEBUG   ] [__main__] [CALC] data_quality={'ta': 'sensor', 'rh': 'sensor', 'tg': 'sensor', 'tnwb': 'sensor', 'wbgt': 'calculated'}
[2026-07-28 17:21:31] [INFO    ] [__main__] [CLASSIFY] zone=Ladle-Metallurgy | wbgt=29.54 | risk=WARNING | action=Enforce work/rest cycles (50 min work, 10 min rest)
[2026-07-28 17:21:31] [WARNING ] [__main__] [WARNING ALERT] zone=Ladle-Metallurgy | wbgt=29.54 | Enforce work/rest cycles (50 min work, 10 min rest)
[2026-07-28 17:21:31] [INFO    ] [__main__] [DB] zone=Ladle-Metallurgy | db_id=153 | saved OK
[2026-07-28 17:21:31] [INFO    ] [__main__] Pipeline completed OK | db_id=153
[2026-07-28 17:21:32] [INFO    ] [root] ============================================================
[2026-07-28 17:21:32] [INFO    ] [root] WBGT Monitor logging started
[2026-07-28 17:21:32] [INFO    ] [root] Log file : C:\Users\Varsh\Desktop\AGEIS\logs\wbgt_monitor_20260728.log
[2026-07-28 17:21:32] [INFO    ] [root] ============================================================
[2026-07-28 17:21:32] [INFO    ] [__main__] WBGT Monitor starting up
[2026-07-28 17:21:32] [INFO    ] [__main__] Database initialised
[2026-07-28 17:21:32] [INFO    ] [__main__] [READING] zone=Furnace-2 | timestamp=2026-07-25T11:00:00
[2026-07-28 17:21:32] [DEBUG   ] [__main__] [READING] raw={"timestamp": "2026-07-25T11:00:00", "factory": "SAIL", "zone": "Furnace-2", "temperature_unit": "celsius", "temperature": 41.3, "humidity": 32.9, "globe_temperature": 57.9, "wet_bulb_temperature": 28
[2026-07-28 17:21:32] [DEBUG   ] [__main__] [VALIDATE] zone=Furnace-2 | condition=ALL_DATA | missing=[] | flags=[]
[2026-07-28 17:21:32] [INFO    ] [__main__] [CALC] zone=Furnace-2 | ta=41.3 | rh=32.9 | tg=57.9 | tnwb=28.2 | wbgt=37.11
[2026-07-28 17:21:32] [DEBUG   ] [__main__] [CALC] data_quality={'ta': 'sensor', 'rh': 'sensor', 'tg': 'sensor', 'tnwb': 'sensor', 'wbgt': 'calculated'}
[2026-07-28 17:21:32] [INFO    ] [__main__] [CLASSIFY] zone=Furnace-2 | wbgt=37.11 | risk=DANGER | action=Halt heavy work, mandatory rest, evacuate
[2026-07-28 17:21:32] [WARNING ] [__main__] [DANGER ALERT] zone=Furnace-2 | wbgt=37.11 | Halt heavy work, mandatory rest, evacuate
[2026-07-28 17:21:32] [INFO    ] [__main__] [DB] zone=Furnace-2 | db_id=154 | saved OK
[2026-07-28 17:21:32] [INFO    ] [__main__] Pipeline completed OK | db_id=154
[2026-07-28 17:21:32] [INFO    ] [root] ============================================================
[2026-07-28 17:21:32] [INFO    ] [root] WBGT Monitor logging started
[2026-07-28 17:21:32] [INFO    ] [root] Log file : C:\Users\Varsh\Desktop\AGEIS\logs\wbgt_monitor_20260728.log
[2026-07-28 17:21:32] [INFO    ] [root] ============================================================
[2026-07-28 17:21:32] [INFO    ] [__main__] WBGT Monitor starting up
[2026-07-28 17:21:32] [INFO    ] [__main__] Database initialised
[2026-07-28 17:21:32] [INFO    ] [__main__] [READING] zone=EAF-Bay | timestamp=2026-07-25T12:00:00
[2026-07-28 17:21:32] [DEBUG   ] [__main__] [READING] raw={"timestamp": "2026-07-25T12:00:00", "factory": "SAIL", "zone": "EAF-Bay", "temperature_unit": "celsius", "temperature": 43.9, "humidity": 46.0, "globe_temperature": 0, "wet_bulb_temperature": 0}
[2026-07-28 17:21:32] [DEBUG   ] [__main__] [VALIDATE] zone=EAF-Bay | condition=MISSING_TG | missing=['globe_temperature'] | flags=[]
[2026-07-28 17:21:32] [INFO    ] [__main__] [CALC] zone=EAF-Bay | ta=43.9 | rh=46.0 | tg=48.9 | tnwb=33.2846 | wbgt=37.9692
[2026-07-28 17:21:32] [DEBUG   ] [__main__] [CALC] data_quality={'ta': 'sensor', 'rh': 'sensor', 'tg': 'estimated', 'tnwb': 'calculated', 'wbgt': 'calculated'}
[2026-07-28 17:21:32] [INFO    ] [__main__] [CLASSIFY] zone=EAF-Bay | wbgt=37.9692 | risk=DANGER | action=Halt heavy work, mandatory rest, evacuate
[2026-07-28 17:21:32] [WARNING ] [__main__] [DANGER ALERT] zone=EAF-Bay | wbgt=37.9692 | Halt heavy work, mandatory rest, evacuate
[2026-07-28 17:21:33] [INFO    ] [__main__] [DB] zone=EAF-Bay | db_id=155 | saved OK
[2026-07-28 17:21:33] [INFO    ] [__main__] Pipeline completed OK | db_id=155
[2026-07-28 17:21:33] [INFO    ] [root] ============================================================
[2026-07-28 17:21:33] [INFO    ] [root] WBGT Monitor logging started
[2026-07-28 17:21:33] [INFO    ] [root] Log file : C:\Users\Varsh\Desktop\AGEIS\logs\wbgt_monitor_20260728.log
[2026-07-28 17:21:33] [INFO    ] [root] ============================================================
[2026-07-28 17:21:33] [INFO    ] [__main__] WBGT Monitor starting up
[2026-07-28 17:21:33] [INFO    ] [__main__] Database initialised
[2026-07-28 17:21:33] [INFO    ] [__main__] [READING] zone=Annealing-Line | timestamp=2026-07-25T13:00:00
[2026-07-28 17:21:33] [DEBUG   ] [__main__] [READING] raw={"timestamp": "2026-07-25T13:00:00", "factory": "Shree Metal Works", "zone": "Annealing-Line", "temperature_unit": "celsius", "temperature": 36.5, "humidity": 48.8, "globe_temperature": 41.3, "wet_bul
[2026-07-28 17:21:33] [DEBUG   ] [__main__] [VALIDATE] zone=Annealing-Line | condition=ALL_DATA | missing=[] | flags=[]
[2026-07-28 17:21:33] [INFO    ] [__main__] [CALC] zone=Annealing-Line | ta=36.5 | rh=48.8 | tg=41.3 | tnwb=27.5 | wbgt=31.64
[2026-07-28 17:21:33] [DEBUG   ] [__main__] [CALC] data_quality={'ta': 'sensor', 'rh': 'sensor', 'tg': 'sensor', 'tnwb': 'sensor', 'wbgt': 'calculated'}
[2026-07-28 17:21:33] [INFO    ] [__main__] [CLASSIFY] zone=Annealing-Line | wbgt=31.64 | risk=DANGER | action=Halt heavy work, mandatory rest, evacuate
[2026-07-28 17:21:33] [WARNING ] [__main__] [DANGER ALERT] zone=Annealing-Line | wbgt=31.64 | Halt heavy work, mandatory rest, evacuate
[2026-07-28 17:21:33] [INFO    ] [__main__] [DB] zone=Annealing-Line | db_id=156 | saved OK
[2026-07-28 17:21:33] [INFO    ] [__main__] Pipeline completed OK | db_id=156
[2026-07-28 17:21:34] [INFO    ] [root] ============================================================
[2026-07-28 17:21:34] [INFO    ] [root] WBGT Monitor logging started
[2026-07-28 17:21:34] [INFO    ] [root] Log file : C:\Users\Varsh\Desktop\AGEIS\logs\wbgt_monitor_20260728.log
[2026-07-28 17:21:34] [INFO    ] [root] ============================================================
[2026-07-28 17:21:34] [INFO    ] [__main__] WBGT Monitor starting up
[2026-07-28 17:21:34] [INFO    ] [__main__] Database initialised
[2026-07-28 17:21:34] [INFO    ] [__main__] [READING] zone=Fabrication-Shop | timestamp=2026-07-25T14:00:00
[2026-07-28 17:21:34] [DEBUG   ] [__main__] [READING] raw={"timestamp": "2026-07-25T14:00:00", "factory": "Vedanta", "zone": "Fabrication-Shop", "temperature_unit": "celsius", "temperature": 32.9, "humidity": 61.0, "globe_temperature": 34.9, "wet_bulb_temper
[2026-07-28 17:21:34] [DEBUG   ] [__main__] [VALIDATE] zone=Fabrication-Shop | condition=ALL_DATA | missing=[] | flags=[]
[2026-07-28 17:21:34] [INFO    ] [__main__] [CALC] zone=Fabrication-Shop | ta=32.9 | rh=61.0 | tg=34.9 | tnwb=26.5 | wbgt=29.02
[2026-07-28 17:21:34] [DEBUG   ] [__main__] [CALC] data_quality={'ta': 'sensor', 'rh': 'sensor', 'tg': 'sensor', 'tnwb': 'sensor', 'wbgt': 'calculated'}
[2026-07-28 17:21:34] [INFO    ] [__main__] [CLASSIFY] zone=Fabrication-Shop | wbgt=29.02 | risk=CAUTION | action=Increase water breaks
[2026-07-28 17:21:34] [INFO    ] [__main__] [DB] zone=Fabrication-Shop | db_id=157 | saved OK
[2026-07-28 17:21:34] [INFO    ] [__main__] Pipeline completed OK | db_id=157
[2026-07-28 17:21:34] [INFO    ] [root] ============================================================
[2026-07-28 17:21:34] [INFO    ] [root] WBGT Monitor logging started
[2026-07-28 17:21:34] [INFO    ] [root] Log file : C:\Users\Varsh\Desktop\AGEIS\logs\wbgt_monitor_20260728.log
[2026-07-28 17:21:34] [INFO    ] [root] ============================================================
[2026-07-28 17:21:34] [INFO    ] [__main__] WBGT Monitor starting up
[2026-07-28 17:21:34] [INFO    ] [__main__] Database initialised
[2026-07-28 17:21:34] [INFO    ] [__main__] [READING] zone=EAF-Bay | timestamp=2026-07-25T15:00:00
[2026-07-28 17:21:34] [DEBUG   ] [__main__] [READING] raw={"timestamp": "2026-07-25T15:00:00", "factory": "Ganesh Alloys", "zone": "EAF-Bay", "temperature_unit": "celsius", "temperature": 45.4, "humidity": 42.5, "globe_temperature": 64.9, "wet_bulb_temperatu
[2026-07-28 17:21:34] [DEBUG   ] [__main__] [VALIDATE] zone=EAF-Bay | condition=ALL_DATA | missing=[] | flags=[]
[2026-07-28 17:21:34] [INFO    ] [__main__] [CALC] zone=EAF-Bay | ta=45.4 | rh=42.5 | tg=64.9 | tnwb=33.6422 | wbgt=43.0195
[2026-07-28 17:21:34] [DEBUG   ] [__main__] [CALC] data_quality={'ta': 'sensor', 'rh': 'sensor', 'tg': 'sensor', 'tnwb': 'calculated', 'wbgt': 'calculated'}
[2026-07-28 17:21:34] [INFO    ] [__main__] [CLASSIFY] zone=EAF-Bay | wbgt=43.0195 | risk=DANGER | action=Halt heavy work, mandatory rest, evacuate
[2026-07-28 17:21:34] [WARNING ] [__main__] [DANGER ALERT] zone=EAF-Bay | wbgt=43.0195 | Halt heavy work, mandatory rest, evacuate
[2026-07-28 17:21:34] [INFO    ] [__main__] [DB] zone=EAF-Bay | db_id=158 | saved OK
[2026-07-28 17:21:34] [INFO    ] [__main__] Pipeline completed OK | db_id=158
[2026-07-28 17:21:35] [INFO    ] [root] ============================================================
[2026-07-28 17:21:35] [INFO    ] [root] WBGT Monitor logging started
[2026-07-28 17:21:35] [INFO    ] [root] Log file : C:\Users\Varsh\Desktop\AGEIS\logs\wbgt_monitor_20260728.log
[2026-07-28 17:21:35] [INFO    ] [root] ============================================================
[2026-07-28 17:21:35] [INFO    ] [__main__] WBGT Monitor starting up
[2026-07-28 17:21:35] [INFO    ] [__main__] Database initialised
[2026-07-28 17:21:35] [INFO    ] [__main__] [READING] zone=Furnace-2 | timestamp=2026-07-25T16:00:00
[2026-07-28 17:21:35] [DEBUG   ] [__main__] [READING] raw={"timestamp": "2026-07-25T16:00:00", "factory": "Tata Steel", "zone": "Furnace-2", "temperature_unit": "celsius", "temperature": 37.2, "humidity": 0, "globe_temperature": 0, "wet_bulb_temperature": 24
[2026-07-28 17:21:35] [DEBUG   ] [__main__] [VALIDATE] zone=Furnace-2 | condition=MISSING_RH | missing=['humidity', 'globe_temperature'] | flags=[]
[2026-07-28 17:21:35] [ERROR   ] [__main__] [CALC ERROR] zone=Furnace-2 | timestamp=2026-07-25T16:00:00 | error=WEATHER_API_BASE_URL is not configured.
[2026-07-28 17:21:35] [WARNING ] [__main__] Pipeline completed with fault: Calculation error: WEATHER_API_BASE_URL is not configured.
[2026-07-28 17:21:36] [INFO    ] [root] ============================================================
[2026-07-28 17:21:36] [INFO    ] [root] WBGT Monitor logging started
[2026-07-28 17:21:36] [INFO    ] [root] Log file : C:\Users\Varsh\Desktop\AGEIS\logs\wbgt_monitor_20260728.log
[2026-07-28 17:21:36] [INFO    ] [root] ============================================================
[2026-07-28 17:21:36] [INFO    ] [__main__] WBGT Monitor starting up
[2026-07-28 17:21:36] [INFO    ] [__main__] Database initialised
[2026-07-28 17:21:36] [INFO    ] [__main__] [READING] zone=Rolling-Mill | timestamp=2026-07-25T17:00:00
[2026-07-28 17:21:36] [DEBUG   ] [__main__] [READING] raw={"timestamp": "2026-07-25T17:00:00", "factory": "Ganesh Alloys", "zone": "Rolling-Mill", "temperature_unit": "celsius", "temperature": 37.8, "humidity": 62.3, "globe_temperature": 44.8, "wet_bulb_temp
[2026-07-28 17:21:36] [DEBUG   ] [__main__] [VALIDATE] zone=Rolling-Mill | condition=ALL_DATA | missing=[] | flags=[]
[2026-07-28 17:21:36] [INFO    ] [__main__] [CALC] zone=Rolling-Mill | ta=37.8 | rh=62.3 | tg=44.8 | tnwb=31.7 | wbgt=35.63
[2026-07-28 17:21:36] [DEBUG   ] [__main__] [CALC] data_quality={'ta': 'sensor', 'rh': 'sensor', 'tg': 'sensor', 'tnwb': 'sensor', 'wbgt': 'calculated'}
[2026-07-28 17:21:36] [INFO    ] [__main__] [CLASSIFY] zone=Rolling-Mill | wbgt=35.63 | risk=DANGER | action=Halt heavy work, mandatory rest, evacuate
[2026-07-28 17:21:36] [WARNING ] [__main__] [DANGER ALERT] zone=Rolling-Mill | wbgt=35.63 | Halt heavy work, mandatory rest, evacuate
[2026-07-28 17:21:36] [INFO    ] [__main__] [DB] zone=Rolling-Mill | db_id=159 | saved OK
[2026-07-28 17:21:36] [INFO    ] [__main__] Pipeline completed OK | db_id=159
[2026-07-28 17:21:36] [INFO    ] [root] ============================================================
[2026-07-28 17:21:36] [INFO    ] [root] WBGT Monitor logging started
[2026-07-28 17:21:36] [INFO    ] [root] Log file : C:\Users\Varsh\Desktop\AGEIS\logs\wbgt_monitor_20260728.log
[2026-07-28 17:21:36] [INFO    ] [root] ============================================================
[2026-07-28 17:21:36] [INFO    ] [__main__] WBGT Monitor starting up
[2026-07-28 17:21:36] [INFO    ] [__main__] Database initialised
[2026-07-28 17:21:36] [INFO    ] [__main__] [READING] zone=Furnace-1 | timestamp=2026-07-25T18:00:00
[2026-07-28 17:21:36] [DEBUG   ] [__main__] [READING] raw={"timestamp": "2026-07-25T18:00:00", "factory": "Shree Metal Works", "zone": "Furnace-1", "temperature_unit": "celsius", "temperature": 43.0, "humidity": 48.4, "globe_temperature": 61.0, "wet_bulb_tem
[2026-07-28 17:21:36] [DEBUG   ] [__main__] [VALIDATE] zone=Furnace-1 | condition=ALL_DATA | missing=[] | flags=[]
[2026-07-28 17:21:36] [INFO    ] [__main__] [CALC] zone=Furnace-1 | ta=43.0 | rh=48.4 | tg=61.0 | tnwb=33.1 | wbgt=41.47
[2026-07-28 17:21:36] [DEBUG   ] [__main__] [CALC] data_quality={'ta': 'sensor', 'rh': 'sensor', 'tg': 'sensor', 'tnwb': 'sensor', 'wbgt': 'calculated'}
[2026-07-28 17:21:36] [INFO    ] [__main__] [CLASSIFY] zone=Furnace-1 | wbgt=41.47 | risk=DANGER | action=Halt heavy work, mandatory rest, evacuate
[2026-07-28 17:21:36] [WARNING ] [__main__] [DANGER ALERT] zone=Furnace-1 | wbgt=41.47 | Halt heavy work, mandatory rest, evacuate
[2026-07-28 17:21:36] [INFO    ] [__main__] [DB] zone=Furnace-1 | db_id=160 | saved OK
[2026-07-28 17:21:36] [INFO    ] [__main__] Pipeline completed OK | db_id=160
[2026-07-28 17:21:37] [INFO    ] [root] ============================================================
[2026-07-28 17:21:37] [INFO    ] [root] WBGT Monitor logging started
[2026-07-28 17:21:37] [INFO    ] [root] Log file : C:\Users\Varsh\Desktop\AGEIS\logs\wbgt_monitor_20260728.log
[2026-07-28 17:21:37] [INFO    ] [root] ============================================================
[2026-07-28 17:21:37] [INFO    ] [__main__] WBGT Monitor starting up
[2026-07-28 17:21:37] [INFO    ] [__main__] Database initialised
[2026-07-28 17:21:37] [INFO    ] [__main__] [READING] zone=Warehouse | timestamp=2026-07-25T19:00:00
[2026-07-28 17:21:37] [DEBUG   ] [__main__] [READING] raw={"timestamp": "2026-07-25T19:00:00", "factory": "Shree Metal Works", "zone": "Warehouse", "temperature_unit": "celsius", "temperature": 27.4, "humidity": 0, "globe_temperature": 0, "wet_bulb_temperatu
[2026-07-28 17:21:37] [DEBUG   ] [__main__] [VALIDATE] zone=Warehouse | condition=MISSING_RH | missing=['humidity', 'globe_temperature'] | flags=[]
[2026-07-28 17:21:37] [ERROR   ] [__main__] [CALC ERROR] zone=Warehouse | timestamp=2026-07-25T19:00:00 | error=WEATHER_API_BASE_URL is not configured.
[2026-07-28 17:21:37] [WARNING ] [__main__] Pipeline completed with fault: Calculation error: WEATHER_API_BASE_URL is not configured.
[2026-07-28 17:21:38] [INFO    ] [root] ============================================================
[2026-07-28 17:21:38] [INFO    ] [root] WBGT Monitor logging started
[2026-07-28 17:21:38] [INFO    ] [root] Log file : C:\Users\Varsh\Desktop\AGEIS\logs\wbgt_monitor_20260728.log
[2026-07-28 17:21:38] [INFO    ] [root] ============================================================
[2026-07-28 17:21:38] [INFO    ] [__main__] WBGT Monitor starting up
[2026-07-28 17:21:38] [INFO    ] [__main__] Database initialised
[2026-07-28 17:21:38] [INFO    ] [__main__] [READING] zone=Ladle-Metallurgy | timestamp=2026-07-25T20:00:00
[2026-07-28 17:21:38] [DEBUG   ] [__main__] [READING] raw={"timestamp": "2026-07-25T20:00:00", "factory": "Shree Metal Works", "zone": "Ladle-Metallurgy", "temperature_unit": "celsius", "temperature": 33.0, "humidity": 42.0, "globe_temperature": 46.8, "wet_b
[2026-07-28 17:21:38] [DEBUG   ] [__main__] [VALIDATE] zone=Ladle-Metallurgy | condition=ALL_DATA | missing=[] | flags=[]
[2026-07-28 17:21:38] [INFO    ] [__main__] [CALC] zone=Ladle-Metallurgy | ta=33.0 | rh=42.0 | tg=46.8 | tnwb=23.1 | wbgt=30.21
[2026-07-28 17:21:38] [DEBUG   ] [__main__] [CALC] data_quality={'ta': 'sensor', 'rh': 'sensor', 'tg': 'sensor', 'tnwb': 'sensor', 'wbgt': 'calculated'}
[2026-07-28 17:21:38] [INFO    ] [__main__] [CLASSIFY] zone=Ladle-Metallurgy | wbgt=30.21 | risk=WARNING | action=Enforce work/rest cycles (50 min work, 10 min rest)
[2026-07-28 17:21:38] [WARNING ] [__main__] [WARNING ALERT] zone=Ladle-Metallurgy | wbgt=30.21 | Enforce work/rest cycles (50 min work, 10 min rest)
[2026-07-28 17:21:38] [INFO    ] [__main__] [DB] zone=Ladle-Metallurgy | db_id=161 | saved OK
[2026-07-28 17:21:38] [INFO    ] [__main__] Pipeline completed OK | db_id=161
[2026-07-28 17:21:38] [INFO    ] [root] ============================================================
[2026-07-28 17:21:38] [INFO    ] [root] WBGT Monitor logging started
[2026-07-28 17:21:38] [INFO    ] [root] Log file : C:\Users\Varsh\Desktop\AGEIS\logs\wbgt_monitor_20260728.log
[2026-07-28 17:21:38] [INFO    ] [root] ============================================================
[2026-07-28 17:21:38] [INFO    ] [__main__] WBGT Monitor starting up
[2026-07-28 17:21:38] [INFO    ] [__main__] Database initialised
[2026-07-28 17:21:38] [INFO    ] [__main__] [READING] zone=Fabrication-Shop | timestamp=2026-07-25T21:00:00
[2026-07-28 17:21:38] [DEBUG   ] [__main__] [READING] raw={"timestamp": "2026-07-25T21:00:00", "factory": "JSW Steel", "zone": "Fabrication-Shop", "temperature_unit": "celsius", "temperature": 24.1, "humidity": 57.4, "globe_temperature": 0, "wet_bulb_tempera
[2026-07-28 17:21:38] [DEBUG   ] [__main__] [VALIDATE] zone=Fabrication-Shop | condition=MISSING_TG | missing=['globe_temperature'] | flags=[]
[2026-07-28 17:21:38] [INFO    ] [__main__] [CALC] zone=Fabrication-Shop | ta=24.1 | rh=57.4 | tg=29.1 | tnwb=18.4 | wbgt=21.61
[2026-07-28 17:21:38] [DEBUG   ] [__main__] [CALC] data_quality={'ta': 'sensor', 'rh': 'sensor', 'tg': 'estimated', 'tnwb': 'sensor', 'wbgt': 'calculated'}
[2026-07-28 17:21:38] [INFO    ] [__main__] [CLASSIFY] zone=Fabrication-Shop | wbgt=21.61 | risk=SAFE | action=Normal work, no restrictions
[2026-07-28 17:21:38] [INFO    ] [__main__] [DB] zone=Fabrication-Shop | db_id=162 | saved OK
[2026-07-28 17:21:38] [INFO    ] [__main__] Pipeline completed OK | db_id=162
[2026-07-28 17:21:39] [INFO    ] [root] ============================================================
[2026-07-28 17:21:39] [INFO    ] [root] WBGT Monitor logging started
[2026-07-28 17:21:39] [INFO    ] [root] Log file : C:\Users\Varsh\Desktop\AGEIS\logs\wbgt_monitor_20260728.log
[2026-07-28 17:21:39] [INFO    ] [root] ============================================================
[2026-07-28 17:21:39] [INFO    ] [__main__] WBGT Monitor starting up
[2026-07-28 17:21:39] [INFO    ] [__main__] Database initialised
[2026-07-28 17:21:39] [INFO    ] [__main__] [READING] zone=Annealing-Line | timestamp=2026-07-25T22:00:00
[2026-07-28 17:21:39] [DEBUG   ] [__main__] [READING] raw={"timestamp": "2026-07-25T22:00:00", "factory": "Shree Metal Works", "zone": "Annealing-Line", "temperature_unit": "celsius", "temperature": 24.3, "humidity": 0, "globe_temperature": 0, "wet_bulb_temp
[2026-07-28 17:21:39] [DEBUG   ] [__main__] [VALIDATE] zone=Annealing-Line | condition=MISSING_RH | missing=['humidity', 'globe_temperature'] | flags=[]
[2026-07-28 17:21:39] [ERROR   ] [__main__] [CALC ERROR] zone=Annealing-Line | timestamp=2026-07-25T22:00:00 | error=WEATHER_API_BASE_URL is not configured.
[2026-07-28 17:21:39] [WARNING ] [__main__] Pipeline completed with fault: Calculation error: WEATHER_API_BASE_URL is not configured.
[2026-07-28 17:21:39] [INFO    ] [root] ============================================================
[2026-07-28 17:21:39] [INFO    ] [root] WBGT Monitor logging started
[2026-07-28 17:21:39] [INFO    ] [root] Log file : C:\Users\Varsh\Desktop\AGEIS\logs\wbgt_monitor_20260728.log
[2026-07-28 17:21:39] [INFO    ] [root] ============================================================
[2026-07-28 17:21:39] [INFO    ] [__main__] WBGT Monitor starting up
[2026-07-28 17:21:39] [INFO    ] [__main__] Database initialised
[2026-07-28 17:21:39] [INFO    ] [__main__] [READING] zone=Loading-Dock | timestamp=2026-07-25T23:00:00
[2026-07-28 17:21:39] [DEBUG   ] [__main__] [READING] raw={"timestamp": "2026-07-25T23:00:00", "factory": "Vedanta", "zone": "Loading-Dock", "temperature_unit": "celsius", "temperature": 31.7, "humidity": 50.1, "globe_temperature": 35.3, "wet_bulb_temperatur
[2026-07-28 17:21:39] [DEBUG   ] [__main__] [VALIDATE] zone=Loading-Dock | condition=ALL_DATA | missing=[] | flags=[]
[2026-07-28 17:21:39] [INFO    ] [__main__] [CALC] zone=Loading-Dock | ta=31.7 | rh=50.1 | tg=35.3 | tnwb=23.4 | wbgt=26.97
[2026-07-28 17:21:39] [DEBUG   ] [__main__] [CALC] data_quality={'ta': 'sensor', 'rh': 'sensor', 'tg': 'sensor', 'tnwb': 'sensor', 'wbgt': 'calculated'}
[2026-07-28 17:21:39] [INFO    ] [__main__] [CLASSIFY] zone=Loading-Dock | wbgt=26.97 | risk=CAUTION | action=Increase water breaks
[2026-07-28 17:21:39] [INFO    ] [__main__] [DB] zone=Loading-Dock | db_id=163 | saved OK
[2026-07-28 17:21:39] [INFO    ] [__main__] Pipeline completed OK | db_id=163
[2026-07-28 17:21:40] [INFO    ] [root] ============================================================
[2026-07-28 17:21:40] [INFO    ] [root] WBGT Monitor logging started
[2026-07-28 17:21:40] [INFO    ] [root] Log file : C:\Users\Varsh\Desktop\AGEIS\logs\wbgt_monitor_20260728.log
[2026-07-28 17:21:40] [INFO    ] [root] ============================================================
[2026-07-28 17:21:40] [INFO    ] [__main__] WBGT Monitor starting up
[2026-07-28 17:21:40] [INFO    ] [__main__] Database initialised
[2026-07-28 17:21:40] [INFO    ] [__main__] [READING] zone=Continuous-Casting | timestamp=2026-07-26T00:00:00
[2026-07-28 17:21:40] [DEBUG   ] [__main__] [READING] raw={"timestamp": "2026-07-26T00:00:00", "factory": "JSW Steel", "zone": "Continuous-Casting", "temperature_unit": "celsius", "temperature": 31.2, "humidity": 55.3, "globe_temperature": 45.6, "wet_bulb_te
[2026-07-28 17:21:40] [DEBUG   ] [__main__] [VALIDATE] zone=Continuous-Casting | condition=ALL_DATA | missing=[] | flags=[]
[2026-07-28 17:21:40] [INFO    ] [__main__] [CALC] zone=Continuous-Casting | ta=31.2 | rh=55.3 | tg=45.6 | tnwb=24.4 | wbgt=30.76
[2026-07-28 17:21:40] [DEBUG   ] [__main__] [CALC] data_quality={'ta': 'sensor', 'rh': 'sensor', 'tg': 'sensor', 'tnwb': 'sensor', 'wbgt': 'calculated'}
[2026-07-28 17:21:40] [INFO    ] [__main__] [CLASSIFY] zone=Continuous-Casting | wbgt=30.76 | risk=WARNING | action=Enforce work/rest cycles (50 min work, 10 min rest)
[2026-07-28 17:21:40] [WARNING ] [__main__] [WARNING ALERT] zone=Continuous-Casting | wbgt=30.76 | Enforce work/rest cycles (50 min work, 10 min rest)
[2026-07-28 17:21:40] [INFO    ] [__main__] [DB] zone=Continuous-Casting | db_id=164 | saved OK
[2026-07-28 17:21:40] [INFO    ] [__main__] Pipeline completed OK | db_id=164
[2026-07-28 17:21:41] [INFO    ] [root] ============================================================
[2026-07-28 17:21:41] [INFO    ] [root] WBGT Monitor logging started
[2026-07-28 17:21:41] [INFO    ] [root] Log file : C:\Users\Varsh\Desktop\AGEIS\logs\wbgt_monitor_20260728.log
[2026-07-28 17:21:41] [INFO    ] [root] ============================================================
[2026-07-28 17:21:41] [INFO    ] [__main__] WBGT Monitor starting up
[2026-07-28 17:21:41] [INFO    ] [__main__] Database initialised
[2026-07-28 17:21:41] [INFO    ] [__main__] [READING] zone=Fabrication-Shop | timestamp=2026-07-26T01:00:00
[2026-07-28 17:21:41] [DEBUG   ] [__main__] [READING] raw={"timestamp": "2026-07-26T01:00:00", "factory": "Tata Steel", "zone": "Fabrication-Shop", "temperature_unit": "celsius", "temperature": 24.7, "humidity": 0, "globe_temperature": 25.7, "wet_bulb_temper
[2026-07-28 17:21:41] [DEBUG   ] [__main__] [VALIDATE] zone=Fabrication-Shop | condition=MISSING_RH | missing=['humidity'] | flags=[]
[2026-07-28 17:21:41] [ERROR   ] [__main__] [CALC ERROR] zone=Fabrication-Shop | timestamp=2026-07-26T01:00:00 | error=WEATHER_API_BASE_URL is not configured.
[2026-07-28 17:21:41] [WARNING ] [__main__] Pipeline completed with fault: Calculation error: WEATHER_API_BASE_URL is not configured.
[2026-07-28 17:21:41] [INFO    ] [root] ============================================================
[2026-07-28 17:21:41] [INFO    ] [root] WBGT Monitor logging started
[2026-07-28 17:21:41] [INFO    ] [root] Log file : C:\Users\Varsh\Desktop\AGEIS\logs\wbgt_monitor_20260728.log
[2026-07-28 17:21:41] [INFO    ] [root] ============================================================
[2026-07-28 17:21:41] [INFO    ] [__main__] WBGT Monitor starting up
[2026-07-28 17:21:41] [INFO    ] [__main__] Database initialised
[2026-07-28 17:21:41] [INFO    ] [__main__] [READING] zone=Warehouse | timestamp=2026-07-26T02:00:00
[2026-07-28 17:21:41] [DEBUG   ] [__main__] [READING] raw={"timestamp": "2026-07-26T02:00:00", "factory": "Tata Steel", "zone": "Warehouse", "temperature_unit": "celsius", "temperature": 19.1, "humidity": 47.0, "globe_temperature": 20.3, "wet_bulb_temperatur
[2026-07-28 17:21:41] [DEBUG   ] [__main__] [VALIDATE] zone=Warehouse | condition=ALL_DATA | missing=[] | flags=[]
[2026-07-28 17:21:41] [INFO    ] [__main__] [CALC] zone=Warehouse | ta=19.1 | rh=47.0 | tg=20.3 | tnwb=12.6 | wbgt=14.91
[2026-07-28 17:21:41] [DEBUG   ] [__main__] [CALC] data_quality={'ta': 'sensor', 'rh': 'sensor', 'tg': 'sensor', 'tnwb': 'sensor', 'wbgt': 'calculated'}
[2026-07-28 17:21:41] [INFO    ] [__main__] [CLASSIFY] zone=Warehouse | wbgt=14.91 | risk=SAFE | action=Normal work, no restrictions
[2026-07-28 17:21:41] [INFO    ] [__main__] [DB] zone=Warehouse | db_id=165 | saved OK
[2026-07-28 17:21:41] [INFO    ] [__main__] Pipeline completed OK | db_id=165
[2026-07-28 17:21:42] [INFO    ] [root] ============================================================
[2026-07-28 17:21:42] [INFO    ] [root] WBGT Monitor logging started
[2026-07-28 17:21:42] [INFO    ] [root] Log file : C:\Users\Varsh\Desktop\AGEIS\logs\wbgt_monitor_20260728.log
[2026-07-28 17:21:42] [INFO    ] [root] ============================================================
[2026-07-28 17:21:42] [INFO    ] [__main__] WBGT Monitor starting up
[2026-07-28 17:21:42] [INFO    ] [__main__] Database initialised
[2026-07-28 17:21:42] [INFO    ] [__main__] [READING] zone=Furnace-1 | timestamp=2026-07-26T03:00:00
[2026-07-28 17:21:42] [DEBUG   ] [__main__] [READING] raw={"timestamp": "2026-07-26T03:00:00", "factory": "Tata Steel", "zone": "Furnace-1", "temperature_unit": "celsius", "temperature": 36.3, "humidity": 53.5, "globe_temperature": 54.5, "wet_bulb_temperatur
[2026-07-28 17:21:42] [DEBUG   ] [__main__] [VALIDATE] zone=Furnace-1 | condition=ALL_DATA | missing=[] | flags=[]
[2026-07-28 17:21:42] [INFO    ] [__main__] [CALC] zone=Furnace-1 | ta=36.3 | rh=53.5 | tg=54.5 | tnwb=28.0 | wbgt=35.95
[2026-07-28 17:21:42] [DEBUG   ] [__main__] [CALC] data_quality={'ta': 'sensor', 'rh': 'sensor', 'tg': 'sensor', 'tnwb': 'sensor', 'wbgt': 'calculated'}
[2026-07-28 17:21:42] [INFO    ] [__main__] [CLASSIFY] zone=Furnace-1 | wbgt=35.95 | risk=DANGER | action=Halt heavy work, mandatory rest, evacuate
[2026-07-28 17:21:42] [WARNING ] [__main__] [DANGER ALERT] zone=Furnace-1 | wbgt=35.95 | Halt heavy work, mandatory rest, evacuate
[2026-07-28 17:21:42] [INFO    ] [__main__] [DB] zone=Furnace-1 | db_id=166 | saved OK
[2026-07-28 17:21:42] [INFO    ] [__main__] Pipeline completed OK | db_id=166
[2026-07-28 17:21:42] [INFO    ] [root] ============================================================
[2026-07-28 17:21:42] [INFO    ] [root] WBGT Monitor logging started
[2026-07-28 17:21:42] [INFO    ] [root] Log file : C:\Users\Varsh\Desktop\AGEIS\logs\wbgt_monitor_20260728.log
[2026-07-28 17:21:42] [INFO    ] [root] ============================================================
[2026-07-28 17:21:42] [INFO    ] [__main__] WBGT Monitor starting up
[2026-07-28 17:21:42] [INFO    ] [__main__] Database initialised
[2026-07-28 17:21:42] [INFO    ] [__main__] [READING] zone=EAF-Bay | timestamp=2026-07-26T04:00:00
[2026-07-28 17:21:42] [DEBUG   ] [__main__] [READING] raw={"timestamp": "2026-07-26T04:00:00", "factory": "SAIL", "zone": "EAF-Bay", "temperature_unit": "celsius", "temperature": 33.7, "humidity": 41.7, "globe_temperature": 51.0, "wet_bulb_temperature": 0}
[2026-07-28 17:21:42] [DEBUG   ] [__main__] [VALIDATE] zone=EAF-Bay | condition=ALL_DATA | missing=[] | flags=[]
[2026-07-28 17:21:42] [INFO    ] [__main__] [CALC] zone=EAF-Bay | ta=33.7 | rh=41.7 | tg=51.0 | tnwb=23.8168 | wbgt=31.9718
[2026-07-28 17:21:42] [DEBUG   ] [__main__] [CALC] data_quality={'ta': 'sensor', 'rh': 'sensor', 'tg': 'sensor', 'tnwb': 'calculated', 'wbgt': 'calculated'}
[2026-07-28 17:21:42] [INFO    ] [__main__] [CLASSIFY] zone=EAF-Bay | wbgt=31.9718 | risk=DANGER | action=Halt heavy work, mandatory rest, evacuate
[2026-07-28 17:21:42] [WARNING ] [__main__] [DANGER ALERT] zone=EAF-Bay | wbgt=31.9718 | Halt heavy work, mandatory rest, evacuate
[2026-07-28 17:21:42] [INFO    ] [__main__] [DB] zone=EAF-Bay | db_id=167 | saved OK
[2026-07-28 17:21:42] [INFO    ] [__main__] Pipeline completed OK | db_id=167
[2026-07-28 17:21:43] [INFO    ] [root] ============================================================
[2026-07-28 17:21:43] [INFO    ] [root] WBGT Monitor logging started
[2026-07-28 17:21:43] [INFO    ] [root] Log file : C:\Users\Varsh\Desktop\AGEIS\logs\wbgt_monitor_20260728.log
[2026-07-28 17:21:43] [INFO    ] [root] ============================================================
[2026-07-28 17:21:43] [INFO    ] [__main__] WBGT Monitor starting up
[2026-07-28 17:21:43] [INFO    ] [__main__] Database initialised
[2026-07-28 17:21:43] [INFO    ] [__main__] [READING] zone=Furnace-2 | timestamp=2026-07-26T05:00:00
[2026-07-28 17:21:43] [DEBUG   ] [__main__] [READING] raw={"timestamp": "2026-07-26T05:00:00", "factory": "Vedanta", "zone": "Furnace-2", "temperature_unit": "celsius", "temperature": 35.3, "humidity": 38.7, "globe_temperature": 52.0, "wet_bulb_temperature":
[2026-07-28 17:21:43] [DEBUG   ] [__main__] [VALIDATE] zone=Furnace-2 | condition=ALL_DATA | missing=[] | flags=[]
[2026-07-28 17:21:43] [INFO    ] [__main__] [CALC] zone=Furnace-2 | ta=35.3 | rh=38.7 | tg=52.0 | tnwb=24.467 | wbgt=32.7269
[2026-07-28 17:21:43] [DEBUG   ] [__main__] [CALC] data_quality={'ta': 'sensor', 'rh': 'sensor', 'tg': 'sensor', 'tnwb': 'calculated', 'wbgt': 'calculated'}
[2026-07-28 17:21:43] [INFO    ] [__main__] [CLASSIFY] zone=Furnace-2 | wbgt=32.7269 | risk=DANGER | action=Halt heavy work, mandatory rest, evacuate
[2026-07-28 17:21:43] [WARNING ] [__main__] [DANGER ALERT] zone=Furnace-2 | wbgt=32.7269 | Halt heavy work, mandatory rest, evacuate
[2026-07-28 17:21:43] [INFO    ] [__main__] [DB] zone=Furnace-2 | db_id=168 | saved OK
[2026-07-28 17:21:43] [INFO    ] [__main__] Pipeline completed OK | db_id=168
[2026-07-28 17:21:44] [INFO    ] [root] ============================================================
[2026-07-28 17:21:44] [INFO    ] [root] WBGT Monitor logging started
[2026-07-28 17:21:44] [INFO    ] [root] Log file : C:\Users\Varsh\Desktop\AGEIS\logs\wbgt_monitor_20260728.log
[2026-07-28 17:21:44] [INFO    ] [root] ============================================================
[2026-07-28 17:21:44] [INFO    ] [__main__] WBGT Monitor starting up
[2026-07-28 17:21:44] [INFO    ] [__main__] Database initialised
[2026-07-28 17:21:44] [INFO    ] [__main__] [READING] zone=Ladle-Metallurgy | timestamp=2026-07-26T06:00:00
[2026-07-28 17:21:44] [DEBUG   ] [__main__] [READING] raw={"timestamp": "2026-07-26T06:00:00", "factory": "Shree Metal Works", "zone": "Ladle-Metallurgy", "temperature_unit": "celsius", "temperature": 34.8, "humidity": 48.2, "globe_temperature": 49.7, "wet_b
[2026-07-28 17:21:44] [DEBUG   ] [__main__] [VALIDATE] zone=Ladle-Metallurgy | condition=ALL_DATA | missing=[] | flags=[]
[2026-07-28 17:21:44] [INFO    ] [__main__] [CALC] zone=Ladle-Metallurgy | ta=34.8 | rh=48.2 | tg=49.7 | tnwb=25.9 | wbgt=33.04
[2026-07-28 17:21:44] [DEBUG   ] [__main__] [CALC] data_quality={'ta': 'sensor', 'rh': 'sensor', 'tg': 'sensor', 'tnwb': 'sensor', 'wbgt': 'calculated'}
[2026-07-28 17:21:44] [INFO    ] [__main__] [CLASSIFY] zone=Ladle-Metallurgy | wbgt=33.04 | risk=DANGER | action=Halt heavy work, mandatory rest, evacuate
[2026-07-28 17:21:44] [WARNING ] [__main__] [DANGER ALERT] zone=Ladle-Metallurgy | wbgt=33.04 | Halt heavy work, mandatory rest, evacuate
[2026-07-28 17:21:44] [INFO    ] [__main__] [DB] zone=Ladle-Metallurgy | db_id=169 | saved OK
[2026-07-28 17:21:44] [INFO    ] [__main__] Pipeline completed OK | db_id=169
[2026-07-28 17:21:44] [INFO    ] [root] ============================================================
[2026-07-28 17:21:44] [INFO    ] [root] WBGT Monitor logging started
[2026-07-28 17:21:44] [INFO    ] [root] Log file : C:\Users\Varsh\Desktop\AGEIS\logs\wbgt_monitor_20260728.log
[2026-07-28 17:21:44] [INFO    ] [root] ============================================================
[2026-07-28 17:21:44] [INFO    ] [__main__] WBGT Monitor starting up
[2026-07-28 17:21:44] [INFO    ] [__main__] Database initialised
[2026-07-28 17:21:44] [INFO    ] [__main__] [READING] zone=Annealing-Line | timestamp=2026-07-26T07:00:00
[2026-07-28 17:21:44] [DEBUG   ] [__main__] [READING] raw={"timestamp": "2026-07-26T07:00:00", "factory": "JSPL", "zone": "Annealing-Line", "temperature_unit": "celsius", "temperature": 26.4, "humidity": 0, "globe_temperature": 28.9, "wet_bulb_temperature": 
[2026-07-28 17:21:44] [DEBUG   ] [__main__] [VALIDATE] zone=Annealing-Line | condition=MISSING_RH | missing=['humidity'] | flags=[]
[2026-07-28 17:21:44] [ERROR   ] [__main__] [CALC ERROR] zone=Annealing-Line | timestamp=2026-07-26T07:00:00 | error=WEATHER_API_BASE_URL is not configured.
[2026-07-28 17:21:44] [WARNING ] [__main__] Pipeline completed with fault: Calculation error: WEATHER_API_BASE_URL is not configured.
[2026-07-28 17:21:45] [INFO    ] [root] ============================================================
[2026-07-28 17:21:45] [INFO    ] [root] WBGT Monitor logging started
[2026-07-28 17:21:45] [INFO    ] [root] Log file : C:\Users\Varsh\Desktop\AGEIS\logs\wbgt_monitor_20260728.log
[2026-07-28 17:21:45] [INFO    ] [root] ============================================================
[2026-07-28 17:21:45] [INFO    ] [__main__] WBGT Monitor starting up
[2026-07-28 17:21:45] [INFO    ] [__main__] Database initialised
[2026-07-28 17:21:45] [INFO    ] [__main__] [READING] zone=Continuous-Casting | timestamp=2026-07-26T08:00:00
[2026-07-28 17:21:45] [DEBUG   ] [__main__] [READING] raw={"timestamp": "2026-07-26T08:00:00", "factory": "Vedanta", "zone": "Continuous-Casting", "temperature_unit": "celsius", "temperature": 35.9, "humidity": 47.5, "globe_temperature": 50.4, "wet_bulb_temp
[2026-07-28 17:21:45] [DEBUG   ] [__main__] [VALIDATE] zone=Continuous-Casting | condition=ALL_DATA | missing=[] | flags=[]
[2026-07-28 17:21:45] [INFO    ] [__main__] [CALC] zone=Continuous-Casting | ta=35.9 | rh=47.5 | tg=50.4 | tnwb=27.2 | wbgt=34.16
[2026-07-28 17:21:45] [DEBUG   ] [__main__] [CALC] data_quality={'ta': 'sensor', 'rh': 'sensor', 'tg': 'sensor', 'tnwb': 'sensor', 'wbgt': 'calculated'}
[2026-07-28 17:21:45] [INFO    ] [__main__] [CLASSIFY] zone=Continuous-Casting | wbgt=34.16 | risk=DANGER | action=Halt heavy work, mandatory rest, evacuate
[2026-07-28 17:21:45] [WARNING ] [__main__] [DANGER ALERT] zone=Continuous-Casting | wbgt=34.16 | Halt heavy work, mandatory rest, evacuate
[2026-07-28 17:21:45] [INFO    ] [__main__] [DB] zone=Continuous-Casting | db_id=170 | saved OK
[2026-07-28 17:21:45] [INFO    ] [__main__] Pipeline completed OK | db_id=170
[2026-07-28 17:21:46] [INFO    ] [root] ============================================================
[2026-07-28 17:21:46] [INFO    ] [root] WBGT Monitor logging started
[2026-07-28 17:21:46] [INFO    ] [root] Log file : C:\Users\Varsh\Desktop\AGEIS\logs\wbgt_monitor_20260728.log
[2026-07-28 17:21:46] [INFO    ] [root] ============================================================
[2026-07-28 17:21:46] [INFO    ] [__main__] WBGT Monitor starting up
[2026-07-28 17:21:46] [INFO    ] [__main__] Database initialised
[2026-07-28 17:21:46] [INFO    ] [__main__] [READING] zone=Loading-Dock | timestamp=2026-07-26T09:00:00
[2026-07-28 17:21:46] [DEBUG   ] [__main__] [READING] raw={"timestamp": "2026-07-26T09:00:00", "factory": "JSPL", "zone": "Loading-Dock", "temperature_unit": "celsius", "temperature": 31.3, "humidity": 44.0, "globe_temperature": 31.9, "wet_bulb_temperature":
[2026-07-28 17:21:46] [DEBUG   ] [__main__] [VALIDATE] zone=Loading-Dock | condition=ALL_DATA | missing=[] | flags=[]
[2026-07-28 17:21:46] [INFO    ] [__main__] [CALC] zone=Loading-Dock | ta=31.3 | rh=44.0 | tg=31.9 | tnwb=22.6 | wbgt=25.39
[2026-07-28 17:21:46] [DEBUG   ] [__main__] [CALC] data_quality={'ta': 'sensor', 'rh': 'sensor', 'tg': 'sensor', 'tnwb': 'sensor', 'wbgt': 'calculated'}
[2026-07-28 17:21:46] [INFO    ] [__main__] [CLASSIFY] zone=Loading-Dock | wbgt=25.39 | risk=SAFE | action=Normal work, no restrictions
[2026-07-28 17:21:46] [INFO    ] [__main__] [DB] zone=Loading-Dock | db_id=171 | saved OK
[2026-07-28 17:21:46] [INFO    ] [__main__] Pipeline completed OK | db_id=171
[2026-07-28 17:21:46] [INFO    ] [root] ============================================================
[2026-07-28 17:21:46] [INFO    ] [root] WBGT Monitor logging started
[2026-07-28 17:21:46] [INFO    ] [root] Log file : C:\Users\Varsh\Desktop\AGEIS\logs\wbgt_monitor_20260728.log
[2026-07-28 17:21:46] [INFO    ] [root] ============================================================
[2026-07-28 17:21:46] [INFO    ] [__main__] WBGT Monitor starting up
[2026-07-28 17:21:46] [INFO    ] [__main__] Database initialised
[2026-07-28 17:21:46] [INFO    ] [__main__] [READING] zone=Rolling-Mill | timestamp=2026-07-26T10:00:00
[2026-07-28 17:21:46] [DEBUG   ] [__main__] [READING] raw={"timestamp": "2026-07-26T10:00:00", "factory": "JSW Steel", "zone": "Rolling-Mill", "temperature_unit": "celsius", "temperature": 31.7, "humidity": 44.6, "globe_temperature": 41.3, "wet_bulb_temperat
[2026-07-28 17:21:46] [DEBUG   ] [__main__] [VALIDATE] zone=Rolling-Mill | condition=ALL_DATA | missing=[] | flags=[]
[2026-07-28 17:21:46] [INFO    ] [__main__] [CALC] zone=Rolling-Mill | ta=31.7 | rh=44.6 | tg=41.3 | tnwb=22.7 | wbgt=28.28
[2026-07-28 17:21:46] [DEBUG   ] [__main__] [CALC] data_quality={'ta': 'sensor', 'rh': 'sensor', 'tg': 'sensor', 'tnwb': 'sensor', 'wbgt': 'calculated'}
[2026-07-28 17:21:46] [INFO    ] [__main__] [CLASSIFY] zone=Rolling-Mill | wbgt=28.28 | risk=CAUTION | action=Increase water breaks
[2026-07-28 17:21:46] [INFO    ] [__main__] [DB] zone=Rolling-Mill | db_id=172 | saved OK
[2026-07-28 17:21:46] [INFO    ] [__main__] Pipeline completed OK | db_id=172
[2026-07-28 17:21:47] [INFO    ] [root] ============================================================
[2026-07-28 17:21:47] [INFO    ] [root] WBGT Monitor logging started
[2026-07-28 17:21:47] [INFO    ] [root] Log file : C:\Users\Varsh\Desktop\AGEIS\logs\wbgt_monitor_20260728.log
[2026-07-28 17:21:47] [INFO    ] [root] ============================================================
[2026-07-28 17:21:47] [INFO    ] [__main__] WBGT Monitor starting up
[2026-07-28 17:21:47] [INFO    ] [__main__] Database initialised
[2026-07-28 17:21:47] [INFO    ] [__main__] [READING] zone=Fabrication-Shop | timestamp=2026-07-26T11:00:00
[2026-07-28 17:21:47] [DEBUG   ] [__main__] [READING] raw={"timestamp": "2026-07-26T11:00:00", "factory": "Shree Metal Works", "zone": "Fabrication-Shop", "temperature_unit": "celsius", "temperature": 31.2, "humidity": 0, "globe_temperature": 32.2, "wet_bulb
[2026-07-28 17:21:47] [DEBUG   ] [__main__] [VALIDATE] zone=Fabrication-Shop | condition=MISSING_RH | missing=['humidity'] | flags=[]
[2026-07-28 17:21:47] [ERROR   ] [__main__] [CALC ERROR] zone=Fabrication-Shop | timestamp=2026-07-26T11:00:00 | error=WEATHER_API_BASE_URL is not configured.
[2026-07-28 17:21:47] [WARNING ] [__main__] Pipeline completed with fault: Calculation error: WEATHER_API_BASE_URL is not configured.
[2026-07-28 17:21:48] [INFO    ] [root] ============================================================
[2026-07-28 17:21:48] [INFO    ] [root] WBGT Monitor logging started
[2026-07-28 17:21:48] [INFO    ] [root] Log file : C:\Users\Varsh\Desktop\AGEIS\logs\wbgt_monitor_20260728.log
[2026-07-28 17:21:48] [INFO    ] [root] ============================================================
[2026-07-28 17:21:48] [INFO    ] [__main__] WBGT Monitor starting up
[2026-07-28 17:21:48] [INFO    ] [__main__] Database initialised
[2026-07-28 17:21:48] [INFO    ] [__main__] [READING] zone=Warehouse | timestamp=2026-07-26T12:00:00
[2026-07-28 17:21:48] [DEBUG   ] [__main__] [READING] raw={"timestamp": "2026-07-26T12:00:00", "factory": "JSW Steel", "zone": "Warehouse", "temperature_unit": "celsius", "temperature": 28.2, "humidity": 45.1, "globe_temperature": 29.8, "wet_bulb_temperature
[2026-07-28 17:21:48] [DEBUG   ] [__main__] [VALIDATE] zone=Warehouse | condition=ALL_DATA | missing=[] | flags=[]
[2026-07-28 17:21:48] [INFO    ] [__main__] [CALC] zone=Warehouse | ta=28.2 | rh=45.1 | tg=29.8 | tnwb=19.8 | wbgt=22.8
[2026-07-28 17:21:48] [DEBUG   ] [__main__] [CALC] data_quality={'ta': 'sensor', 'rh': 'sensor', 'tg': 'sensor', 'tnwb': 'sensor', 'wbgt': 'calculated'}
[2026-07-28 17:21:48] [INFO    ] [__main__] [CLASSIFY] zone=Warehouse | wbgt=22.8 | risk=SAFE | action=Normal work, no restrictions
[2026-07-28 17:21:48] [INFO    ] [__main__] [DB] zone=Warehouse | db_id=173 | saved OK
[2026-07-28 17:21:48] [INFO    ] [__main__] Pipeline completed OK | db_id=173
[2026-07-28 17:21:48] [INFO    ] [root] ============================================================
[2026-07-28 17:21:48] [INFO    ] [root] WBGT Monitor logging started
[2026-07-28 17:21:48] [INFO    ] [root] Log file : C:\Users\Varsh\Desktop\AGEIS\logs\wbgt_monitor_20260728.log
[2026-07-28 17:21:48] [INFO    ] [root] ============================================================
[2026-07-28 17:21:48] [INFO    ] [__main__] WBGT Monitor starting up
[2026-07-28 17:21:48] [INFO    ] [__main__] Database initialised
[2026-07-28 17:21:48] [INFO    ] [__main__] [READING] zone=Rolling-Mill | timestamp=2026-07-26T13:00:00
[2026-07-28 17:21:48] [DEBUG   ] [__main__] [READING] raw={"timestamp": "2026-07-26T13:00:00", "factory": "Vedanta", "zone": "Rolling-Mill", "temperature_unit": "celsius", "temperature": 32.9, "humidity": 0, "globe_temperature": 40.6, "wet_bulb_temperature":
[2026-07-28 17:21:48] [DEBUG   ] [__main__] [VALIDATE] zone=Rolling-Mill | condition=MISSING_RH | missing=['humidity'] | flags=[]
[2026-07-28 17:21:48] [ERROR   ] [__main__] [CALC ERROR] zone=Rolling-Mill | timestamp=2026-07-26T13:00:00 | error=WEATHER_API_BASE_URL is not configured.
[2026-07-28 17:21:48] [WARNING ] [__main__] Pipeline completed with fault: Calculation error: WEATHER_API_BASE_URL is not configured.
[2026-07-28 17:21:49] [INFO    ] [root] ============================================================
[2026-07-28 17:21:49] [INFO    ] [root] WBGT Monitor logging started
[2026-07-28 17:21:49] [INFO    ] [root] Log file : C:\Users\Varsh\Desktop\AGEIS\logs\wbgt_monitor_20260728.log
[2026-07-28 17:21:49] [INFO    ] [root] ============================================================
[2026-07-28 17:21:49] [INFO    ] [__main__] WBGT Monitor starting up
[2026-07-28 17:21:49] [INFO    ] [__main__] Database initialised
[2026-07-28 17:21:49] [INFO    ] [__main__] [READING] zone=Furnace-2 | timestamp=2026-07-26T14:00:00
[2026-07-28 17:21:49] [DEBUG   ] [__main__] [READING] raw={"timestamp": "2026-07-26T14:00:00", "factory": "Tata Steel", "zone": "Furnace-2", "temperature_unit": "celsius", "temperature": 39.3, "humidity": 33.6, "globe_temperature": 53.9, "wet_bulb_temperatur
[2026-07-28 17:21:49] [DEBUG   ] [__main__] [VALIDATE] zone=Furnace-2 | condition=ALL_DATA | missing=[] | flags=[]
[2026-07-28 17:21:49] [INFO    ] [__main__] [CALC] zone=Furnace-2 | ta=39.3 | rh=33.6 | tg=53.9 | tnwb=26.1 | wbgt=34.44
[2026-07-28 17:21:49] [DEBUG   ] [__main__] [CALC] data_quality={'ta': 'sensor', 'rh': 'sensor', 'tg': 'sensor', 'tnwb': 'sensor', 'wbgt': 'calculated'}
[2026-07-28 17:21:49] [INFO    ] [__main__] [CLASSIFY] zone=Furnace-2 | wbgt=34.44 | risk=DANGER | action=Halt heavy work, mandatory rest, evacuate
[2026-07-28 17:21:49] [WARNING ] [__main__] [DANGER ALERT] zone=Furnace-2 | wbgt=34.44 | Halt heavy work, mandatory rest, evacuate
[2026-07-28 17:21:49] [INFO    ] [__main__] [DB] zone=Furnace-2 | db_id=174 | saved OK
[2026-07-28 17:21:49] [INFO    ] [__main__] Pipeline completed OK | db_id=174
[2026-07-28 17:21:49] [INFO    ] [root] ============================================================
[2026-07-28 17:21:49] [INFO    ] [root] WBGT Monitor logging started
[2026-07-28 17:21:49] [INFO    ] [root] Log file : C:\Users\Varsh\Desktop\AGEIS\logs\wbgt_monitor_20260728.log
[2026-07-28 17:21:49] [INFO    ] [root] ============================================================
[2026-07-28 17:21:49] [INFO    ] [__main__] WBGT Monitor starting up
[2026-07-28 17:21:49] [INFO    ] [__main__] Database initialised
[2026-07-28 17:21:49] [INFO    ] [__main__] [READING] zone=Loading-Dock | timestamp=2026-07-26T15:00:00
[2026-07-28 17:21:49] [DEBUG   ] [__main__] [READING] raw={"timestamp": "2026-07-26T15:00:00", "factory": "Shree Metal Works", "zone": "Loading-Dock", "temperature_unit": "celsius", "temperature": 29.7, "humidity": 46.8, "globe_temperature": 32.0, "wet_bulb_
[2026-07-28 17:21:49] [DEBUG   ] [__main__] [VALIDATE] zone=Loading-Dock | condition=ALL_DATA | missing=[] | flags=[]
[2026-07-28 17:21:49] [INFO    ] [__main__] [CALC] zone=Loading-Dock | ta=29.7 | rh=46.8 | tg=32.0 | tnwb=21.4 | wbgt=24.58
[2026-07-28 17:21:49] [DEBUG   ] [__main__] [CALC] data_quality={'ta': 'sensor', 'rh': 'sensor', 'tg': 'sensor', 'tnwb': 'sensor', 'wbgt': 'calculated'}
[2026-07-28 17:21:49] [INFO    ] [__main__] [CLASSIFY] zone=Loading-Dock | wbgt=24.58 | risk=SAFE | action=Normal work, no restrictions
[2026-07-28 17:21:50] [INFO    ] [__main__] [DB] zone=Loading-Dock | db_id=175 | saved OK
[2026-07-28 17:21:50] [INFO    ] [__main__] Pipeline completed OK | db_id=175
[2026-07-28 17:21:50] [INFO    ] [root] ============================================================
[2026-07-28 17:21:50] [INFO    ] [root] WBGT Monitor logging started
[2026-07-28 17:21:50] [INFO    ] [root] Log file : C:\Users\Varsh\Desktop\AGEIS\logs\wbgt_monitor_20260728.log
[2026-07-28 17:21:50] [INFO    ] [root] ============================================================
[2026-07-28 17:21:50] [INFO    ] [__main__] WBGT Monitor starting up
[2026-07-28 17:21:50] [INFO    ] [__main__] Database initialised
[2026-07-28 17:21:50] [INFO    ] [__main__] [READING] zone=Annealing-Line | timestamp=2026-07-26T16:00:00
[2026-07-28 17:21:50] [DEBUG   ] [__main__] [READING] raw={"timestamp": "2026-07-26T16:00:00", "factory": "JSPL", "zone": "Annealing-Line", "temperature_unit": "celsius", "temperature": 33.5, "humidity": 46.6, "globe_temperature": 36.2, "wet_bulb_temperature
[2026-07-28 17:21:50] [DEBUG   ] [__main__] [VALIDATE] zone=Annealing-Line | condition=ALL_DATA | missing=[] | flags=[]
[2026-07-28 17:21:50] [INFO    ] [__main__] [CALC] zone=Annealing-Line | ta=33.5 | rh=46.6 | tg=36.2 | tnwb=24.6456 | wbgt=28.1119
[2026-07-28 17:21:50] [DEBUG   ] [__main__] [CALC] data_quality={'ta': 'sensor', 'rh': 'sensor', 'tg': 'sensor', 'tnwb': 'calculated', 'wbgt': 'calculated'}
[2026-07-28 17:21:50] [INFO    ] [__main__] [CLASSIFY] zone=Annealing-Line | wbgt=28.1119 | risk=CAUTION | action=Increase water breaks
[2026-07-28 17:21:50] [INFO    ] [__main__] [DB] zone=Annealing-Line | db_id=176 | saved OK
[2026-07-28 17:21:50] [INFO    ] [__main__] Pipeline completed OK | db_id=176
[2026-07-28 17:21:51] [INFO    ] [root] ============================================================
[2026-07-28 17:21:51] [INFO    ] [root] WBGT Monitor logging started
[2026-07-28 17:21:51] [INFO    ] [root] Log file : C:\Users\Varsh\Desktop\AGEIS\logs\wbgt_monitor_20260728.log
[2026-07-28 17:21:51] [INFO    ] [root] ============================================================
[2026-07-28 17:21:51] [INFO    ] [__main__] WBGT Monitor starting up
[2026-07-28 17:21:51] [INFO    ] [__main__] Database initialised
[2026-07-28 17:21:51] [INFO    ] [__main__] [READING] zone=Ladle-Metallurgy | timestamp=2026-07-26T17:00:00
[2026-07-28 17:21:51] [DEBUG   ] [__main__] [READING] raw={"timestamp": "2026-07-26T17:00:00", "factory": "JSPL", "zone": "Ladle-Metallurgy", "temperature_unit": "celsius", "temperature": 36.4, "humidity": 48.6, "globe_temperature": 50.4, "wet_bulb_temperatu
[2026-07-28 17:21:51] [DEBUG   ] [__main__] [VALIDATE] zone=Ladle-Metallurgy | condition=ALL_DATA | missing=[] | flags=[]
[2026-07-28 17:21:51] [INFO    ] [__main__] [CALC] zone=Ladle-Metallurgy | ta=36.4 | rh=48.6 | tg=50.4 | tnwb=27.4 | wbgt=34.3
[2026-07-28 17:21:51] [DEBUG   ] [__main__] [CALC] data_quality={'ta': 'sensor', 'rh': 'sensor', 'tg': 'sensor', 'tnwb': 'sensor', 'wbgt': 'calculated'}
[2026-07-28 17:21:51] [INFO    ] [__main__] [CLASSIFY] zone=Ladle-Metallurgy | wbgt=34.3 | risk=DANGER | action=Halt heavy work, mandatory rest, evacuate
[2026-07-28 17:21:51] [WARNING ] [__main__] [DANGER ALERT] zone=Ladle-Metallurgy | wbgt=34.3 | Halt heavy work, mandatory rest, evacuate
[2026-07-28 17:21:51] [INFO    ] [__main__] [DB] zone=Ladle-Metallurgy | db_id=177 | saved OK
[2026-07-28 17:21:51] [INFO    ] [__main__] Pipeline completed OK | db_id=177
[2026-07-28 17:21:51] [INFO    ] [root] ============================================================
[2026-07-28 17:21:51] [INFO    ] [root] WBGT Monitor logging started
[2026-07-28 17:21:51] [INFO    ] [root] Log file : C:\Users\Varsh\Desktop\AGEIS\logs\wbgt_monitor_20260728.log
[2026-07-28 17:21:51] [INFO    ] [root] ============================================================
[2026-07-28 17:21:51] [INFO    ] [__main__] WBGT Monitor starting up
[2026-07-28 17:21:51] [INFO    ] [__main__] Database initialised
[2026-07-28 17:21:51] [INFO    ] [__main__] [READING] zone=Furnace-1 | timestamp=2026-07-26T18:00:00
[2026-07-28 17:21:51] [DEBUG   ] [__main__] [READING] raw={"timestamp": "2026-07-26T18:00:00", "factory": "Tata Steel", "zone": "Furnace-1", "temperature_unit": "celsius", "temperature": 68.5, "humidity": 35.6, "globe_temperature": 54.8, "wet_bulb_temperatur
[2026-07-28 17:21:51] [DEBUG   ] [__main__] [VALIDATE] zone=Furnace-1 | condition=None | missing=[] | flags=[]
[2026-07-28 17:21:51] [WARNING ] [__main__] [FAULT] zone=Furnace-1 | timestamp=2026-07-26T18:00:00 | reason=SENSOR_FAULT: temperature=68.5 is out of valid range 0–60 °C.
[2026-07-28 17:21:51] [WARNING ] [__main__] Pipeline completed with fault: SENSOR_FAULT: temperature=68.5 is out of valid range 0–60 °C.
[2026-07-28 17:21:52] [INFO    ] [root] ============================================================
[2026-07-28 17:21:52] [INFO    ] [root] WBGT Monitor logging started
[2026-07-28 17:21:52] [INFO    ] [root] Log file : C:\Users\Varsh\Desktop\AGEIS\logs\wbgt_monitor_20260728.log
[2026-07-28 17:21:52] [INFO    ] [root] ============================================================
[2026-07-28 17:21:52] [INFO    ] [__main__] WBGT Monitor starting up
[2026-07-28 17:21:52] [INFO    ] [__main__] Database initialised
[2026-07-28 17:21:52] [INFO    ] [__main__] [READING] zone=EAF-Bay | timestamp=2026-07-26T19:00:00
[2026-07-28 17:21:52] [DEBUG   ] [__main__] [READING] raw={"timestamp": "2026-07-26T19:00:00", "factory": "JSPL", "zone": "EAF-Bay", "temperature_unit": "celsius", "temperature": 37.9, "humidity": 40.0, "globe_temperature": 0, "wet_bulb_temperature": 27.2}
[2026-07-28 17:21:52] [DEBUG   ] [__main__] [VALIDATE] zone=EAF-Bay | condition=MISSING_TG | missing=['globe_temperature'] | flags=[]
[2026-07-28 17:21:52] [INFO    ] [__main__] [CALC] zone=EAF-Bay | ta=37.9 | rh=40.0 | tg=42.9 | tnwb=27.2 | wbgt=31.91
[2026-07-28 17:21:52] [DEBUG   ] [__main__] [CALC] data_quality={'ta': 'sensor', 'rh': 'sensor', 'tg': 'estimated', 'tnwb': 'sensor', 'wbgt': 'calculated'}
[2026-07-28 17:21:52] [INFO    ] [__main__] [CLASSIFY] zone=EAF-Bay | wbgt=31.91 | risk=DANGER | action=Halt heavy work, mandatory rest, evacuate
[2026-07-28 17:21:52] [WARNING ] [__main__] [DANGER ALERT] zone=EAF-Bay | wbgt=31.91 | Halt heavy work, mandatory rest, evacuate
[2026-07-28 17:21:52] [INFO    ] [__main__] [DB] zone=EAF-Bay | db_id=178 | saved OK
[2026-07-28 17:21:52] [INFO    ] [__main__] Pipeline completed OK | db_id=178
[2026-07-28 17:21:53] [INFO    ] [root] ============================================================
[2026-07-28 17:21:53] [INFO    ] [root] WBGT Monitor logging started
[2026-07-28 17:21:53] [INFO    ] [root] Log file : C:\Users\Varsh\Desktop\AGEIS\logs\wbgt_monitor_20260728.log
[2026-07-28 17:21:53] [INFO    ] [root] ============================================================
[2026-07-28 17:21:53] [INFO    ] [__main__] WBGT Monitor starting up
[2026-07-28 17:21:53] [INFO    ] [__main__] Database initialised
[2026-07-28 17:21:53] [INFO    ] [__main__] [READING] zone=Continuous-Casting | timestamp=2026-07-26T20:00:00
[2026-07-28 17:21:53] [DEBUG   ] [__main__] [READING] raw={"timestamp": "2026-07-26T20:00:00", "factory": "Ganesh Alloys", "zone": "Continuous-Casting", "temperature_unit": "celsius", "temperature": 30.8, "humidity": 0, "globe_temperature": 0, "wet_bulb_temp
[2026-07-28 17:21:53] [DEBUG   ] [__main__] [VALIDATE] zone=Continuous-Casting | condition=MISSING_RH | missing=['humidity', 'globe_temperature'] | flags=[]
[2026-07-28 17:21:53] [ERROR   ] [__main__] [CALC ERROR] zone=Continuous-Casting | timestamp=2026-07-26T20:00:00 | error=WEATHER_API_BASE_URL is not configured.
[2026-07-28 17:21:53] [WARNING ] [__main__] Pipeline completed with fault: Calculation error: WEATHER_API_BASE_URL is not configured.
[2026-07-28 17:21:53] [INFO    ] [root] ============================================================
[2026-07-28 17:21:53] [INFO    ] [root] WBGT Monitor logging started
[2026-07-28 17:21:53] [INFO    ] [root] Log file : C:\Users\Varsh\Desktop\AGEIS\logs\wbgt_monitor_20260728.log
[2026-07-28 17:21:53] [INFO    ] [root] ============================================================
[2026-07-28 17:21:53] [INFO    ] [__main__] WBGT Monitor starting up
[2026-07-28 17:21:53] [INFO    ] [__main__] Database initialised
[2026-07-28 17:21:53] [INFO    ] [__main__] [READING] zone=Warehouse | timestamp=2026-07-26T21:00:00
[2026-07-28 17:21:53] [DEBUG   ] [__main__] [READING] raw={"timestamp": "2026-07-26T21:00:00", "factory": "SAIL", "zone": "Warehouse", "temperature_unit": "celsius", "temperature": 25.6, "humidity": 0, "globe_temperature": 26.6, "wet_bulb_temperature": 18.5}
[2026-07-28 17:21:53] [DEBUG   ] [__main__] [VALIDATE] zone=Warehouse | condition=MISSING_RH | missing=['humidity'] | flags=[]
[2026-07-28 17:21:53] [ERROR   ] [__main__] [CALC ERROR] zone=Warehouse | timestamp=2026-07-26T21:00:00 | error=WEATHER_API_BASE_URL is not configured.
[2026-07-28 17:21:53] [WARNING ] [__main__] Pipeline completed with fault: Calculation error: WEATHER_API_BASE_URL is not configured.
[2026-07-28 17:21:54] [INFO    ] [root] ============================================================
[2026-07-28 17:21:54] [INFO    ] [root] WBGT Monitor logging started
[2026-07-28 17:21:54] [INFO    ] [root] Log file : C:\Users\Varsh\Desktop\AGEIS\logs\wbgt_monitor_20260728.log
[2026-07-28 17:21:54] [INFO    ] [root] ============================================================
[2026-07-28 17:21:54] [INFO    ] [__main__] WBGT Monitor starting up
[2026-07-28 17:21:54] [INFO    ] [__main__] Database initialised
[2026-07-28 17:21:54] [INFO    ] [__main__] [READING] zone=Annealing-Line | timestamp=2026-07-26T22:00:00
[2026-07-28 17:21:54] [DEBUG   ] [__main__] [READING] raw={"timestamp": "2026-07-26T22:00:00", "factory": "SAIL", "zone": "Annealing-Line", "temperature_unit": "celsius", "temperature": 25.2, "humidity": 58.8, "globe_temperature": 28.2, "wet_bulb_temperature
[2026-07-28 17:21:54] [DEBUG   ] [__main__] [VALIDATE] zone=Annealing-Line | condition=ALL_DATA | missing=[] | flags=[]
[2026-07-28 17:21:54] [INFO    ] [__main__] [CALC] zone=Annealing-Line | ta=25.2 | rh=58.8 | tg=28.2 | tnwb=19.4 | wbgt=22.04
[2026-07-28 17:21:54] [DEBUG   ] [__main__] [CALC] data_quality={'ta': 'sensor', 'rh': 'sensor', 'tg': 'sensor', 'tnwb': 'sensor', 'wbgt': 'calculated'}
[2026-07-28 17:21:54] [INFO    ] [__main__] [CLASSIFY] zone=Annealing-Line | wbgt=22.04 | risk=SAFE | action=Normal work, no restrictions
[2026-07-28 17:21:54] [INFO    ] [__main__] [DB] zone=Annealing-Line | db_id=179 | saved OK
[2026-07-28 17:21:54] [INFO    ] [__main__] Pipeline completed OK | db_id=179
[2026-07-28 17:21:54] [INFO    ] [root] ============================================================
[2026-07-28 17:21:54] [INFO    ] [root] WBGT Monitor logging started
[2026-07-28 17:21:54] [INFO    ] [root] Log file : C:\Users\Varsh\Desktop\AGEIS\logs\wbgt_monitor_20260728.log
[2026-07-28 17:21:54] [INFO    ] [root] ============================================================
[2026-07-28 17:21:54] [INFO    ] [__main__] WBGT Monitor starting up
[2026-07-28 17:21:54] [INFO    ] [__main__] Database initialised
[2026-07-28 17:21:54] [INFO    ] [__main__] [READING] zone=Ladle-Metallurgy | timestamp=2026-07-26T23:00:00
[2026-07-28 17:21:54] [DEBUG   ] [__main__] [READING] raw={"timestamp": "2026-07-26T23:00:00", "factory": "Vedanta", "zone": "Ladle-Metallurgy", "temperature_unit": "celsius", "temperature": 32.2, "humidity": 47.6, "globe_temperature": 47.4, "wet_bulb_temper
[2026-07-28 17:21:54] [DEBUG   ] [__main__] [VALIDATE] zone=Ladle-Metallurgy | condition=ALL_DATA | missing=[] | flags=[]
[2026-07-28 17:21:54] [INFO    ] [__main__] [CALC] zone=Ladle-Metallurgy | ta=32.2 | rh=47.6 | tg=47.4 | tnwb=23.9 | wbgt=30.95
[2026-07-28 17:21:54] [DEBUG   ] [__main__] [CALC] data_quality={'ta': 'sensor', 'rh': 'sensor', 'tg': 'sensor', 'tnwb': 'sensor', 'wbgt': 'calculated'}
[2026-07-28 17:21:54] [INFO    ] [__main__] [CLASSIFY] zone=Ladle-Metallurgy | wbgt=30.95 | risk=WARNING | action=Enforce work/rest cycles (50 min work, 10 min rest)
[2026-07-28 17:21:54] [WARNING ] [__main__] [WARNING ALERT] zone=Ladle-Metallurgy | wbgt=30.95 | Enforce work/rest cycles (50 min work, 10 min rest)
[2026-07-28 17:21:54] [INFO    ] [__main__] [DB] zone=Ladle-Metallurgy | db_id=180 | saved OK
[2026-07-28 17:21:54] [INFO    ] [__main__] Pipeline completed OK | db_id=180
[2026-07-28 17:21:55] [INFO    ] [root] ============================================================
[2026-07-28 17:21:55] [INFO    ] [root] WBGT Monitor logging started
[2026-07-28 17:21:55] [INFO    ] [root] Log file : C:\Users\Varsh\Desktop\AGEIS\logs\wbgt_monitor_20260728.log
[2026-07-28 17:21:55] [INFO    ] [root] ============================================================
[2026-07-28 17:21:55] [INFO    ] [__main__] WBGT Monitor starting up
[2026-07-28 17:21:55] [INFO    ] [__main__] Database initialised
[2026-07-28 17:21:55] [INFO    ] [__main__] [READING] zone=Continuous-Casting | timestamp=2026-07-27T00:00:00
[2026-07-28 17:21:55] [DEBUG   ] [__main__] [READING] raw={"timestamp": "2026-07-27T00:00:00", "factory": "JSPL", "zone": "Continuous-Casting", "temperature_unit": "celsius", "temperature": 27.0, "humidity": 0, "globe_temperature": 42.3, "wet_bulb_temperatur
[2026-07-28 17:21:55] [DEBUG   ] [__main__] [VALIDATE] zone=Continuous-Casting | condition=MISSING_RH | missing=['humidity'] | flags=[]
[2026-07-28 17:21:55] [ERROR   ] [__main__] [CALC ERROR] zone=Continuous-Casting | timestamp=2026-07-27T00:00:00 | error=WEATHER_API_BASE_URL is not configured.
[2026-07-28 17:21:55] [WARNING ] [__main__] Pipeline completed with fault: Calculation error: WEATHER_API_BASE_URL is not configured.
[2026-07-28 17:21:56] [INFO    ] [root] ============================================================
[2026-07-28 17:21:56] [INFO    ] [root] WBGT Monitor logging started
[2026-07-28 17:21:56] [INFO    ] [root] Log file : C:\Users\Varsh\Desktop\AGEIS\logs\wbgt_monitor_20260728.log
[2026-07-28 17:21:56] [INFO    ] [root] ============================================================
[2026-07-28 17:21:56] [INFO    ] [__main__] WBGT Monitor starting up
[2026-07-28 17:21:56] [INFO    ] [__main__] Database initialised
[2026-07-28 17:21:56] [INFO    ] [__main__] [READING] zone=Rolling-Mill | timestamp=2026-07-27T01:00:00
[2026-07-28 17:21:56] [DEBUG   ] [__main__] [READING] raw={"timestamp": "2026-07-27T01:00:00", "factory": "JSPL", "zone": "Rolling-Mill", "temperature_unit": "celsius", "temperature": 25.8, "humidity": 46.2, "globe_temperature": 32.3, "wet_bulb_temperature":
[2026-07-28 17:21:56] [DEBUG   ] [__main__] [VALIDATE] zone=Rolling-Mill | condition=ALL_DATA | missing=[] | flags=[]
[2026-07-28 17:21:56] [INFO    ] [__main__] [CALC] zone=Rolling-Mill | ta=25.8 | rh=46.2 | tg=32.3 | tnwb=18.2 | wbgt=22.43
[2026-07-28 17:21:56] [DEBUG   ] [__main__] [CALC] data_quality={'ta': 'sensor', 'rh': 'sensor', 'tg': 'sensor', 'tnwb': 'sensor', 'wbgt': 'calculated'}
[2026-07-28 17:21:56] [INFO    ] [__main__] [CLASSIFY] zone=Rolling-Mill | wbgt=22.43 | risk=SAFE | action=Normal work, no restrictions
[2026-07-28 17:21:56] [INFO    ] [__main__] [DB] zone=Rolling-Mill | db_id=181 | saved OK
[2026-07-28 17:21:56] [INFO    ] [__main__] Pipeline completed OK | db_id=181
[2026-07-28 17:21:56] [INFO    ] [root] ============================================================
[2026-07-28 17:21:56] [INFO    ] [root] WBGT Monitor logging started
[2026-07-28 17:21:56] [INFO    ] [root] Log file : C:\Users\Varsh\Desktop\AGEIS\logs\wbgt_monitor_20260728.log
[2026-07-28 17:21:56] [INFO    ] [root] ============================================================
[2026-07-28 17:21:56] [INFO    ] [__main__] WBGT Monitor starting up
[2026-07-28 17:21:56] [INFO    ] [__main__] Database initialised
[2026-07-28 17:21:56] [INFO    ] [__main__] [READING] zone=Fabrication-Shop | timestamp=2026-07-27T02:00:00
[2026-07-28 17:21:56] [DEBUG   ] [__main__] [READING] raw={"timestamp": "2026-07-27T02:00:00", "factory": "Tata Steel", "zone": "Fabrication-Shop", "temperature_unit": "celsius", "temperature": 23.5, "humidity": 64.1, "globe_temperature": 25.6, "wet_bulb_tem
[2026-07-28 17:21:56] [DEBUG   ] [__main__] [VALIDATE] zone=Fabrication-Shop | condition=ALL_DATA | missing=[] | flags=[]
[2026-07-28 17:21:56] [INFO    ] [__main__] [CALC] zone=Fabrication-Shop | ta=23.5 | rh=64.1 | tg=25.6 | tnwb=18.6 | wbgt=20.7
[2026-07-28 17:21:56] [DEBUG   ] [__main__] [CALC] data_quality={'ta': 'sensor', 'rh': 'sensor', 'tg': 'sensor', 'tnwb': 'sensor', 'wbgt': 'calculated'}
[2026-07-28 17:21:56] [INFO    ] [__main__] [CLASSIFY] zone=Fabrication-Shop | wbgt=20.7 | risk=SAFE | action=Normal work, no restrictions
[2026-07-28 17:21:56] [INFO    ] [__main__] [DB] zone=Fabrication-Shop | db_id=182 | saved OK
[2026-07-28 17:21:56] [INFO    ] [__main__] Pipeline completed OK | db_id=182
[2026-07-28 17:21:57] [INFO    ] [root] ============================================================
[2026-07-28 17:21:57] [INFO    ] [root] WBGT Monitor logging started
[2026-07-28 17:21:57] [INFO    ] [root] Log file : C:\Users\Varsh\Desktop\AGEIS\logs\wbgt_monitor_20260728.log
[2026-07-28 17:21:57] [INFO    ] [root] ============================================================
[2026-07-28 17:21:57] [INFO    ] [__main__] WBGT Monitor starting up
[2026-07-28 17:21:57] [INFO    ] [__main__] Database initialised
[2026-07-28 17:21:57] [INFO    ] [__main__] [READING] zone=Furnace-1 | timestamp=2026-07-27T03:00:00
[2026-07-28 17:21:57] [DEBUG   ] [__main__] [READING] raw={"timestamp": "2026-07-27T03:00:00", "factory": "Tata Steel", "zone": "Furnace-1", "temperature_unit": "celsius", "temperature": 36.9, "humidity": 39.5, "globe_temperature": 52.3, "wet_bulb_temperatur
[2026-07-28 17:21:57] [DEBUG   ] [__main__] [VALIDATE] zone=Furnace-1 | condition=ALL_DATA | missing=[] | flags=[]
[2026-07-28 17:21:57] [INFO    ] [__main__] [CALC] zone=Furnace-1 | ta=36.9 | rh=39.5 | tg=52.3 | tnwb=25.9433 | wbgt=33.8503
[2026-07-28 17:21:57] [DEBUG   ] [__main__] [CALC] data_quality={'ta': 'sensor', 'rh': 'sensor', 'tg': 'sensor', 'tnwb': 'calculated', 'wbgt': 'calculated'}
[2026-07-28 17:21:57] [INFO    ] [__main__] [CLASSIFY] zone=Furnace-1 | wbgt=33.8503 | risk=DANGER | action=Halt heavy work, mandatory rest, evacuate
[2026-07-28 17:21:57] [WARNING ] [__main__] [DANGER ALERT] zone=Furnace-1 | wbgt=33.8503 | Halt heavy work, mandatory rest, evacuate
[2026-07-28 17:21:57] [INFO    ] [__main__] [DB] zone=Furnace-1 | db_id=183 | saved OK
[2026-07-28 17:21:57] [INFO    ] [__main__] Pipeline completed OK | db_id=183
[2026-07-28 17:21:57] [INFO    ] [root] ============================================================
[2026-07-28 17:21:57] [INFO    ] [root] WBGT Monitor logging started
[2026-07-28 17:21:57] [INFO    ] [root] Log file : C:\Users\Varsh\Desktop\AGEIS\logs\wbgt_monitor_20260728.log
[2026-07-28 17:21:57] [INFO    ] [root] ============================================================
[2026-07-28 17:21:57] [INFO    ] [__main__] WBGT Monitor starting up
[2026-07-28 17:21:57] [INFO    ] [__main__] Database initialised
[2026-07-28 17:21:57] [INFO    ] [__main__] [READING] zone=Loading-Dock | timestamp=2026-07-27T04:00:00
[2026-07-28 17:21:57] [DEBUG   ] [__main__] [READING] raw={"timestamp": "2026-07-27T04:00:00", "factory": "Ganesh Alloys", "zone": "Loading-Dock", "temperature_unit": "celsius", "temperature": 28.5, "humidity": 72.3, "globe_temperature": 30.0, "wet_bulb_temp
[2026-07-28 17:21:57] [DEBUG   ] [__main__] [VALIDATE] zone=Loading-Dock | condition=ALL_DATA | missing=[] | flags=[]
[2026-07-28 17:21:57] [INFO    ] [__main__] [CALC] zone=Loading-Dock | ta=28.5 | rh=72.3 | tg=30.0 | tnwb=24.5457 | wbgt=26.182
[2026-07-28 17:21:57] [DEBUG   ] [__main__] [CALC] data_quality={'ta': 'sensor', 'rh': 'sensor', 'tg': 'sensor', 'tnwb': 'calculated', 'wbgt': 'calculated'}
[2026-07-28 17:21:57] [INFO    ] [__main__] [CLASSIFY] zone=Loading-Dock | wbgt=26.182 | risk=SAFE | action=Normal work, no restrictions
[2026-07-28 17:21:58] [INFO    ] [__main__] [DB] zone=Loading-Dock | db_id=184 | saved OK
[2026-07-28 17:21:58] [INFO    ] [__main__] Pipeline completed OK | db_id=184
[2026-07-28 17:21:58] [INFO    ] [root] ============================================================
[2026-07-28 17:21:58] [INFO    ] [root] WBGT Monitor logging started
[2026-07-28 17:21:58] [INFO    ] [root] Log file : C:\Users\Varsh\Desktop\AGEIS\logs\wbgt_monitor_20260728.log
[2026-07-28 17:21:58] [INFO    ] [root] ============================================================
[2026-07-28 17:21:58] [INFO    ] [__main__] WBGT Monitor starting up
[2026-07-28 17:21:58] [INFO    ] [__main__] Database initialised
[2026-07-28 17:21:58] [INFO    ] [__main__] [READING] zone=EAF-Bay | timestamp=2026-07-27T05:00:00
[2026-07-28 17:21:58] [DEBUG   ] [__main__] [READING] raw={"timestamp": "2026-07-27T05:00:00", "factory": "Ganesh Alloys", "zone": "EAF-Bay", "temperature_unit": "celsius", "temperature": 50.0, "humidity": 47.9, "globe_temperature": 77.3, "wet_bulb_temperatu
[2026-07-28 17:21:58] [DEBUG   ] [__main__] [VALIDATE] zone=EAF-Bay | condition=ALL_DATA | missing=[] | flags=[]
[2026-07-28 17:21:58] [INFO    ] [__main__] [CALC] zone=EAF-Bay | ta=50.0 | rh=47.9 | tg=77.3 | tnwb=38.7 | wbgt=50.28
[2026-07-28 17:21:58] [DEBUG   ] [__main__] [CALC] data_quality={'ta': 'sensor', 'rh': 'sensor', 'tg': 'sensor', 'tnwb': 'sensor', 'wbgt': 'calculated'}
[2026-07-28 17:21:58] [INFO    ] [__main__] [CLASSIFY] zone=EAF-Bay | wbgt=50.28 | risk=DANGER | action=Halt heavy work, mandatory rest, evacuate
[2026-07-28 17:21:58] [WARNING ] [__main__] [DANGER ALERT] zone=EAF-Bay | wbgt=50.28 | Halt heavy work, mandatory rest, evacuate
[2026-07-28 17:21:58] [INFO    ] [__main__] [DB] zone=EAF-Bay | db_id=185 | saved OK
[2026-07-28 17:21:58] [INFO    ] [__main__] Pipeline completed OK | db_id=185
[2026-07-28 17:21:59] [INFO    ] [root] ============================================================
[2026-07-28 17:21:59] [INFO    ] [root] WBGT Monitor logging started
[2026-07-28 17:21:59] [INFO    ] [root] Log file : C:\Users\Varsh\Desktop\AGEIS\logs\wbgt_monitor_20260728.log
[2026-07-28 17:21:59] [INFO    ] [root] ============================================================
[2026-07-28 17:21:59] [INFO    ] [__main__] WBGT Monitor starting up
[2026-07-28 17:21:59] [INFO    ] [__main__] Database initialised
[2026-07-28 17:21:59] [INFO    ] [__main__] [READING] zone=Furnace-2 | timestamp=2026-07-27T06:00:00
[2026-07-28 17:21:59] [DEBUG   ] [__main__] [READING] raw={"timestamp": "2026-07-27T06:00:00", "factory": "Vedanta", "zone": "Furnace-2", "temperature_unit": "celsius", "temperature": 35.9, "humidity": 0, "globe_temperature": 51.4, "wet_bulb_temperature": 27
[2026-07-28 17:21:59] [DEBUG   ] [__main__] [VALIDATE] zone=Furnace-2 | condition=MISSING_RH | missing=['humidity'] | flags=[]
[2026-07-28 17:21:59] [ERROR   ] [__main__] [CALC ERROR] zone=Furnace-2 | timestamp=2026-07-27T06:00:00 | error=WEATHER_API_BASE_URL is not configured.
[2026-07-28 17:21:59] [WARNING ] [__main__] Pipeline completed with fault: Calculation error: WEATHER_API_BASE_URL is not configured.
[2026-07-28 17:21:59] [INFO    ] [root] ============================================================
[2026-07-28 17:21:59] [INFO    ] [root] WBGT Monitor logging started
[2026-07-28 17:21:59] [INFO    ] [root] Log file : C:\Users\Varsh\Desktop\AGEIS\logs\wbgt_monitor_20260728.log
[2026-07-28 17:21:59] [INFO    ] [root] ============================================================
[2026-07-28 17:21:59] [INFO    ] [__main__] WBGT Monitor starting up
[2026-07-28 17:21:59] [INFO    ] [__main__] Database initialised
[2026-07-28 17:21:59] [INFO    ] [__main__] [READING] zone=Annealing-Line | timestamp=2026-07-27T07:00:00
[2026-07-28 17:21:59] [DEBUG   ] [__main__] [READING] raw={"timestamp": "2026-07-27T07:00:00", "factory": "Shree Metal Works", "zone": "Annealing-Line", "temperature_unit": "celsius", "temperature": 30.6, "humidity": 0, "globe_temperature": 0, "wet_bulb_temp
[2026-07-28 17:21:59] [DEBUG   ] [__main__] [VALIDATE] zone=Annealing-Line | condition=MISSING_RH | missing=['humidity', 'globe_temperature'] | flags=[]
[2026-07-28 17:21:59] [ERROR   ] [__main__] [CALC ERROR] zone=Annealing-Line | timestamp=2026-07-27T07:00:00 | error=WEATHER_API_BASE_URL is not configured.
[2026-07-28 17:21:59] [WARNING ] [__main__] Pipeline completed with fault: Calculation error: WEATHER_API_BASE_URL is not configured.
[2026-07-28 17:22:00] [INFO    ] [root] ============================================================
[2026-07-28 17:22:00] [INFO    ] [root] WBGT Monitor logging started
[2026-07-28 17:22:00] [INFO    ] [root] Log file : C:\Users\Varsh\Desktop\AGEIS\logs\wbgt_monitor_20260728.log
[2026-07-28 17:22:00] [INFO    ] [root] ============================================================
[2026-07-28 17:22:00] [INFO    ] [__main__] WBGT Monitor starting up
[2026-07-28 17:22:00] [INFO    ] [__main__] Database initialised
[2026-07-28 17:22:00] [INFO    ] [__main__] [READING] zone=Warehouse | timestamp=2026-07-27T08:00:00
[2026-07-28 17:22:00] [DEBUG   ] [__main__] [READING] raw={"timestamp": "2026-07-27T08:00:00", "factory": "JSPL", "zone": "Warehouse", "temperature_unit": "celsius", "temperature": 27.5, "humidity": 53.7, "globe_temperature": 28.0, "wet_bulb_temperature": 20
[2026-07-28 17:22:00] [DEBUG   ] [__main__] [VALIDATE] zone=Warehouse | condition=ALL_DATA | missing=[] | flags=[]
[2026-07-28 17:22:00] [INFO    ] [__main__] [CALC] zone=Warehouse | ta=27.5 | rh=53.7 | tg=28.0 | tnwb=20.5 | wbgt=22.75
[2026-07-28 17:22:00] [DEBUG   ] [__main__] [CALC] data_quality={'ta': 'sensor', 'rh': 'sensor', 'tg': 'sensor', 'tnwb': 'sensor', 'wbgt': 'calculated'}
[2026-07-28 17:22:00] [INFO    ] [__main__] [CLASSIFY] zone=Warehouse | wbgt=22.75 | risk=SAFE | action=Normal work, no restrictions
[2026-07-28 17:22:00] [INFO    ] [__main__] [DB] zone=Warehouse | db_id=186 | saved OK
[2026-07-28 17:22:00] [INFO    ] [__main__] Pipeline completed OK | db_id=186
[2026-07-28 17:22:01] [INFO    ] [root] ============================================================
[2026-07-28 17:22:01] [INFO    ] [root] WBGT Monitor logging started
[2026-07-28 17:22:01] [INFO    ] [root] Log file : C:\Users\Varsh\Desktop\AGEIS\logs\wbgt_monitor_20260728.log
[2026-07-28 17:22:01] [INFO    ] [root] ============================================================
[2026-07-28 17:22:01] [INFO    ] [__main__] WBGT Monitor starting up
[2026-07-28 17:22:01] [INFO    ] [__main__] Database initialised
[2026-07-28 17:22:01] [INFO    ] [__main__] [READING] zone=Fabrication-Shop | timestamp=2026-07-27T09:00:00
[2026-07-28 17:22:01] [DEBUG   ] [__main__] [READING] raw={"timestamp": "2026-07-27T09:00:00", "factory": "Shree Metal Works", "zone": "Fabrication-Shop", "temperature_unit": "celsius", "temperature": 29.0, "humidity": 53.7, "globe_temperature": 30.7, "wet_b
[2026-07-28 17:22:01] [DEBUG   ] [__main__] [VALIDATE] zone=Fabrication-Shop | condition=ALL_DATA | missing=[] | flags=[]
[2026-07-28 17:22:01] [INFO    ] [__main__] [CALC] zone=Fabrication-Shop | ta=29.0 | rh=53.7 | tg=30.7 | tnwb=22.3 | wbgt=24.82
[2026-07-28 17:22:01] [DEBUG   ] [__main__] [CALC] data_quality={'ta': 'sensor', 'rh': 'sensor', 'tg': 'sensor', 'tnwb': 'sensor', 'wbgt': 'calculated'}
[2026-07-28 17:22:01] [INFO    ] [__main__] [CLASSIFY] zone=Fabrication-Shop | wbgt=24.82 | risk=SAFE | action=Normal work, no restrictions
[2026-07-28 17:22:01] [INFO    ] [__main__] [DB] zone=Fabrication-Shop | db_id=187 | saved OK
[2026-07-28 17:22:01] [INFO    ] [__main__] Pipeline completed OK | db_id=187
[2026-07-28 17:22:01] [INFO    ] [root] ============================================================
[2026-07-28 17:22:01] [INFO    ] [root] WBGT Monitor logging started
[2026-07-28 17:22:01] [INFO    ] [root] Log file : C:\Users\Varsh\Desktop\AGEIS\logs\wbgt_monitor_20260728.log
[2026-07-28 17:22:01] [INFO    ] [root] ============================================================
[2026-07-28 17:22:01] [INFO    ] [__main__] WBGT Monitor starting up
[2026-07-28 17:22:01] [INFO    ] [__main__] Database initialised
[2026-07-28 17:22:01] [INFO    ] [__main__] [READING] zone=Loading-Dock | timestamp=2026-07-27T10:00:00
[2026-07-28 17:22:01] [DEBUG   ] [__main__] [READING] raw={"timestamp": "2026-07-27T10:00:00", "factory": "JSW Steel", "zone": "Loading-Dock", "temperature_unit": "celsius", "temperature": 36.0, "humidity": 42.7, "globe_temperature": 38.0, "wet_bulb_temperat
[2026-07-28 17:22:01] [DEBUG   ] [__main__] [VALIDATE] zone=Loading-Dock | condition=ALL_DATA | missing=[] | flags=[]
[2026-07-28 17:22:01] [INFO    ] [__main__] [CALC] zone=Loading-Dock | ta=36.0 | rh=42.7 | tg=38.0 | tnwb=26.2 | wbgt=29.74
[2026-07-28 17:22:01] [DEBUG   ] [__main__] [CALC] data_quality={'ta': 'sensor', 'rh': 'sensor', 'tg': 'sensor', 'tnwb': 'sensor', 'wbgt': 'calculated'}
[2026-07-28 17:22:01] [INFO    ] [__main__] [CLASSIFY] zone=Loading-Dock | wbgt=29.74 | risk=WARNING | action=Enforce work/rest cycles (50 min work, 10 min rest)
[2026-07-28 17:22:01] [WARNING ] [__main__] [WARNING ALERT] zone=Loading-Dock | wbgt=29.74 | Enforce work/rest cycles (50 min work, 10 min rest)
[2026-07-28 17:22:01] [INFO    ] [__main__] [DB] zone=Loading-Dock | db_id=188 | saved OK
[2026-07-28 17:22:01] [INFO    ] [__main__] Pipeline completed OK | db_id=188
[2026-07-28 17:22:02] [INFO    ] [root] ============================================================
[2026-07-28 17:22:02] [INFO    ] [root] WBGT Monitor logging started
[2026-07-28 17:22:02] [INFO    ] [root] Log file : C:\Users\Varsh\Desktop\AGEIS\logs\wbgt_monitor_20260728.log
[2026-07-28 17:22:02] [INFO    ] [root] ============================================================
[2026-07-28 17:22:02] [INFO    ] [__main__] WBGT Monitor starting up
[2026-07-28 17:22:02] [INFO    ] [__main__] Database initialised
[2026-07-28 17:22:02] [INFO    ] [__main__] [READING] zone=Continuous-Casting | timestamp=2026-07-27T11:00:00
[2026-07-28 17:22:02] [DEBUG   ] [__main__] [READING] raw={"timestamp": "2026-07-27T11:00:00", "factory": "JSW Steel", "zone": "Continuous-Casting", "temperature_unit": "celsius", "temperature": 33.3, "humidity": 0, "globe_temperature": 48.0, "wet_bulb_tempe
[2026-07-28 17:22:02] [DEBUG   ] [__main__] [VALIDATE] zone=Continuous-Casting | condition=MISSING_RH | missing=['humidity'] | flags=[]
[2026-07-28 17:22:02] [ERROR   ] [__main__] [CALC ERROR] zone=Continuous-Casting | timestamp=2026-07-27T11:00:00 | error=WEATHER_API_BASE_URL is not configured.
[2026-07-28 17:22:02] [WARNING ] [__main__] Pipeline completed with fault: Calculation error: WEATHER_API_BASE_URL is not configured.
[2026-07-28 17:22:03] [INFO    ] [root] ============================================================
[2026-07-28 17:22:03] [INFO    ] [root] WBGT Monitor logging started
[2026-07-28 17:22:03] [INFO    ] [root] Log file : C:\Users\Varsh\Desktop\AGEIS\logs\wbgt_monitor_20260728.log
[2026-07-28 17:22:03] [INFO    ] [root] ============================================================
[2026-07-28 17:22:03] [INFO    ] [__main__] WBGT Monitor starting up
[2026-07-28 17:22:03] [INFO    ] [__main__] Database initialised
[2026-07-28 17:22:03] [INFO    ] [__main__] [READING] zone=EAF-Bay | timestamp=2026-07-27T12:00:00
[2026-07-28 17:22:03] [DEBUG   ] [__main__] [READING] raw={"timestamp": "2026-07-27T12:00:00", "factory": "Shree Metal Works", "zone": "EAF-Bay", "temperature_unit": "celsius", "temperature": 39.9, "humidity": 31.2, "globe_temperature": 59.1, "wet_bulb_tempe
[2026-07-28 17:22:03] [DEBUG   ] [__main__] [VALIDATE] zone=EAF-Bay | condition=ALL_DATA | missing=[] | flags=[]
[2026-07-28 17:22:03] [INFO    ] [__main__] [CALC] zone=EAF-Bay | ta=39.9 | rh=31.2 | tg=59.1 | tnwb=26.7 | wbgt=36.42
[2026-07-28 17:22:03] [DEBUG   ] [__main__] [CALC] data_quality={'ta': 'sensor', 'rh': 'sensor', 'tg': 'sensor', 'tnwb': 'sensor', 'wbgt': 'calculated'}
[2026-07-28 17:22:03] [INFO    ] [__main__] [CLASSIFY] zone=EAF-Bay | wbgt=36.42 | risk=DANGER | action=Halt heavy work, mandatory rest, evacuate
[2026-07-28 17:22:03] [WARNING ] [__main__] [DANGER ALERT] zone=EAF-Bay | wbgt=36.42 | Halt heavy work, mandatory rest, evacuate
[2026-07-28 17:22:03] [INFO    ] [__main__] [DB] zone=EAF-Bay | db_id=189 | saved OK
[2026-07-28 17:22:03] [INFO    ] [__main__] Pipeline completed OK | db_id=189
[2026-07-28 17:22:03] [INFO    ] [root] ============================================================
[2026-07-28 17:22:03] [INFO    ] [root] WBGT Monitor logging started
[2026-07-28 17:22:03] [INFO    ] [root] Log file : C:\Users\Varsh\Desktop\AGEIS\logs\wbgt_monitor_20260728.log
[2026-07-28 17:22:03] [INFO    ] [root] ============================================================
[2026-07-28 17:22:03] [INFO    ] [__main__] WBGT Monitor starting up
[2026-07-28 17:22:03] [INFO    ] [__main__] Database initialised
[2026-07-28 17:22:03] [INFO    ] [__main__] [READING] zone=Rolling-Mill | timestamp=2026-07-27T13:00:00
[2026-07-28 17:22:03] [DEBUG   ] [__main__] [READING] raw={"timestamp": "2026-07-27T13:00:00", "factory": "Vedanta", "zone": "Rolling-Mill", "temperature_unit": "celsius", "temperature": 36.2, "humidity": 41.0, "globe_temperature": 0, "wet_bulb_temperature":
[2026-07-28 17:22:03] [DEBUG   ] [__main__] [VALIDATE] zone=Rolling-Mill | condition=MISSING_TG | missing=['globe_temperature'] | flags=[]
[2026-07-28 17:22:03] [INFO    ] [__main__] [CALC] zone=Rolling-Mill | ta=36.2 | rh=41.0 | tg=41.2 | tnwb=25.6 | wbgt=30.28
[2026-07-28 17:22:03] [DEBUG   ] [__main__] [CALC] data_quality={'ta': 'sensor', 'rh': 'sensor', 'tg': 'estimated', 'tnwb': 'sensor', 'wbgt': 'calculated'}
[2026-07-28 17:22:03] [INFO    ] [__main__] [CLASSIFY] zone=Rolling-Mill | wbgt=30.28 | risk=WARNING | action=Enforce work/rest cycles (50 min work, 10 min rest)
[2026-07-28 17:22:03] [WARNING ] [__main__] [WARNING ALERT] zone=Rolling-Mill | wbgt=30.28 | Enforce work/rest cycles (50 min work, 10 min rest)
[2026-07-28 17:22:03] [INFO    ] [__main__] [DB] zone=Rolling-Mill | db_id=190 | saved OK
[2026-07-28 17:22:03] [INFO    ] [__main__] Pipeline completed OK | db_id=190
[2026-07-28 17:22:04] [INFO    ] [root] ============================================================
[2026-07-28 17:22:04] [INFO    ] [root] WBGT Monitor logging started
[2026-07-28 17:22:04] [INFO    ] [root] Log file : C:\Users\Varsh\Desktop\AGEIS\logs\wbgt_monitor_20260728.log
[2026-07-28 17:22:04] [INFO    ] [root] ============================================================
[2026-07-28 17:22:04] [INFO    ] [__main__] WBGT Monitor starting up
[2026-07-28 17:22:04] [INFO    ] [__main__] Database initialised
[2026-07-28 17:22:04] [INFO    ] [__main__] [READING] zone=Ladle-Metallurgy | timestamp=2026-07-27T14:00:00
[2026-07-28 17:22:04] [DEBUG   ] [__main__] [READING] raw={"timestamp": "2026-07-27T14:00:00", "factory": "Ganesh Alloys", "zone": "Ladle-Metallurgy", "temperature_unit": "celsius", "temperature": 36.4, "humidity": 36.3, "globe_temperature": 52.2, "wet_bulb_
[2026-07-28 17:22:04] [DEBUG   ] [__main__] [VALIDATE] zone=Ladle-Metallurgy | condition=ALL_DATA | missing=[] | flags=[]
[2026-07-28 17:22:04] [INFO    ] [__main__] [CALC] zone=Ladle-Metallurgy | ta=36.4 | rh=36.3 | tg=52.2 | tnwb=24.6 | wbgt=32.88
[2026-07-28 17:22:04] [DEBUG   ] [__main__] [CALC] data_quality={'ta': 'sensor', 'rh': 'sensor', 'tg': 'sensor', 'tnwb': 'sensor', 'wbgt': 'calculated'}
[2026-07-28 17:22:04] [INFO    ] [__main__] [CLASSIFY] zone=Ladle-Metallurgy | wbgt=32.88 | risk=DANGER | action=Halt heavy work, mandatory rest, evacuate
[2026-07-28 17:22:04] [WARNING ] [__main__] [DANGER ALERT] zone=Ladle-Metallurgy | wbgt=32.88 | Halt heavy work, mandatory rest, evacuate
[2026-07-28 17:22:04] [INFO    ] [__main__] [DB] zone=Ladle-Metallurgy | db_id=191 | saved OK
[2026-07-28 17:22:04] [INFO    ] [__main__] Pipeline completed OK | db_id=191
[2026-07-28 17:22:04] [INFO    ] [root] ============================================================
[2026-07-28 17:22:04] [INFO    ] [root] WBGT Monitor logging started
[2026-07-28 17:22:04] [INFO    ] [root] Log file : C:\Users\Varsh\Desktop\AGEIS\logs\wbgt_monitor_20260728.log
[2026-07-28 17:22:04] [INFO    ] [root] ============================================================
[2026-07-28 17:22:04] [INFO    ] [__main__] WBGT Monitor starting up
[2026-07-28 17:22:04] [INFO    ] [__main__] Database initialised
[2026-07-28 17:22:04] [INFO    ] [__main__] [READING] zone=Furnace-1 | timestamp=2026-07-27T15:00:00
[2026-07-28 17:22:04] [DEBUG   ] [__main__] [READING] raw={"timestamp": "2026-07-27T15:00:00", "factory": "Shree Metal Works", "zone": "Furnace-1", "temperature_unit": "celsius", "temperature": 40.3, "humidity": 46.4, "globe_temperature": 58.5, "wet_bulb_tem
[2026-07-28 17:22:04] [DEBUG   ] [__main__] [VALIDATE] zone=Furnace-1 | condition=ALL_DATA | missing=[] | flags=[]
[2026-07-28 17:22:04] [INFO    ] [__main__] [CALC] zone=Furnace-1 | ta=40.3 | rh=46.4 | tg=58.5 | tnwb=30.6 | wbgt=38.97
[2026-07-28 17:22:04] [DEBUG   ] [__main__] [CALC] data_quality={'ta': 'sensor', 'rh': 'sensor', 'tg': 'sensor', 'tnwb': 'sensor', 'wbgt': 'calculated'}
[2026-07-28 17:22:04] [INFO    ] [__main__] [CLASSIFY] zone=Furnace-1 | wbgt=38.97 | risk=DANGER | action=Halt heavy work, mandatory rest, evacuate
[2026-07-28 17:22:04] [WARNING ] [__main__] [DANGER ALERT] zone=Furnace-1 | wbgt=38.97 | Halt heavy work, mandatory rest, evacuate
[2026-07-28 17:22:04] [INFO    ] [__main__] [DB] zone=Furnace-1 | db_id=192 | saved OK
[2026-07-28 17:22:04] [INFO    ] [__main__] Pipeline completed OK | db_id=192
[2026-07-28 17:22:05] [INFO    ] [root] ============================================================
[2026-07-28 17:22:05] [INFO    ] [root] WBGT Monitor logging started
[2026-07-28 17:22:05] [INFO    ] [root] Log file : C:\Users\Varsh\Desktop\AGEIS\logs\wbgt_monitor_20260728.log
[2026-07-28 17:22:05] [INFO    ] [root] ============================================================
[2026-07-28 17:22:05] [INFO    ] [__main__] WBGT Monitor starting up
[2026-07-28 17:22:05] [INFO    ] [__main__] Database initialised
[2026-07-28 17:22:05] [INFO    ] [__main__] [READING] zone=EAF-Bay | timestamp=2026-07-27T16:00:00
[2026-07-28 17:22:05] [DEBUG   ] [__main__] [READING] raw={"timestamp": "2026-07-27T16:00:00", "factory": "JSPL", "zone": "EAF-Bay", "temperature_unit": "celsius", "temperature": 44.8, "humidity": 86.9, "globe_temperature": 70.1, "wet_bulb_temperature": 42.5
[2026-07-28 17:22:05] [DEBUG   ] [__main__] [VALIDATE] zone=EAF-Bay | condition=ALL_DATA | missing=[] | flags=[]
[2026-07-28 17:22:05] [INFO    ] [__main__] [CALC] zone=EAF-Bay | ta=44.8 | rh=86.9 | tg=70.1 | tnwb=42.5 | wbgt=50.78
[2026-07-28 17:22:05] [DEBUG   ] [__main__] [CALC] data_quality={'ta': 'sensor', 'rh': 'sensor', 'tg': 'sensor', 'tnwb': 'sensor', 'wbgt': 'calculated'}
[2026-07-28 17:22:05] [INFO    ] [__main__] [CLASSIFY] zone=EAF-Bay | wbgt=50.78 | risk=DANGER | action=Halt heavy work, mandatory rest, evacuate
[2026-07-28 17:22:05] [WARNING ] [__main__] [DANGER ALERT] zone=EAF-Bay | wbgt=50.78 | Halt heavy work, mandatory rest, evacuate
[2026-07-28 17:22:05] [INFO    ] [__main__] [DB] zone=EAF-Bay | db_id=193 | saved OK
[2026-07-28 17:22:05] [INFO    ] [__main__] Pipeline completed OK | db_id=193
[2026-07-28 17:22:06] [INFO    ] [root] ============================================================
[2026-07-28 17:22:06] [INFO    ] [root] WBGT Monitor logging started
[2026-07-28 17:22:06] [INFO    ] [root] Log file : C:\Users\Varsh\Desktop\AGEIS\logs\wbgt_monitor_20260728.log
[2026-07-28 17:22:06] [INFO    ] [root] ============================================================
[2026-07-28 17:22:06] [INFO    ] [__main__] WBGT Monitor starting up
[2026-07-28 17:22:06] [INFO    ] [__main__] Database initialised
[2026-07-28 17:22:06] [INFO    ] [__main__] [READING] zone=Furnace-2 | timestamp=2026-07-27T17:00:00
[2026-07-28 17:22:06] [DEBUG   ] [__main__] [READING] raw={"timestamp": "2026-07-27T17:00:00", "factory": "Shree Metal Works", "zone": "Furnace-2", "temperature_unit": "celsius", "temperature": 45.6, "humidity": 87.2, "globe_temperature": 68.4, "wet_bulb_tem
[2026-07-28 17:22:06] [DEBUG   ] [__main__] [VALIDATE] zone=Furnace-2 | condition=ALL_DATA | missing=[] | flags=[]
[2026-07-28 17:22:06] [INFO    ] [__main__] [CALC] zone=Furnace-2 | ta=45.6 | rh=87.2 | tg=68.4 | tnwb=43.2 | wbgt=50.76
[2026-07-28 17:22:06] [DEBUG   ] [__main__] [CALC] data_quality={'ta': 'sensor', 'rh': 'sensor', 'tg': 'sensor', 'tnwb': 'sensor', 'wbgt': 'calculated'}
[2026-07-28 17:22:06] [INFO    ] [__main__] [CLASSIFY] zone=Furnace-2 | wbgt=50.76 | risk=DANGER | action=Halt heavy work, mandatory rest, evacuate
[2026-07-28 17:22:06] [WARNING ] [__main__] [DANGER ALERT] zone=Furnace-2 | wbgt=50.76 | Halt heavy work, mandatory rest, evacuate
[2026-07-28 17:22:06] [INFO    ] [__main__] [DB] zone=Furnace-2 | db_id=194 | saved OK
[2026-07-28 17:22:06] [INFO    ] [__main__] Pipeline completed OK | db_id=194
[2026-07-28 17:22:07] [INFO    ] [root] ============================================================
[2026-07-28 17:22:07] [INFO    ] [root] WBGT Monitor logging started
[2026-07-28 17:22:07] [INFO    ] [root] Log file : C:\Users\Varsh\Desktop\AGEIS\logs\wbgt_monitor_20260728.log
[2026-07-28 17:22:07] [INFO    ] [root] ============================================================
[2026-07-28 17:22:07] [INFO    ] [__main__] WBGT Monitor starting up
[2026-07-28 17:22:07] [INFO    ] [__main__] Database initialised
[2026-07-28 17:22:07] [INFO    ] [__main__] [READING] zone=Furnace-1 | timestamp=2026-07-27T18:00:00
[2026-07-28 17:22:07] [DEBUG   ] [__main__] [READING] raw={"timestamp": "2026-07-27T18:00:00", "factory": "JSPL", "zone": "Furnace-1", "temperature_unit": "celsius", "temperature": 45.1, "humidity": 87.9, "globe_temperature": 65.4, "wet_bulb_temperature": 43
[2026-07-28 17:22:07] [DEBUG   ] [__main__] [VALIDATE] zone=Furnace-1 | condition=ALL_DATA | missing=[] | flags=[]
[2026-07-28 17:22:07] [INFO    ] [__main__] [CALC] zone=Furnace-1 | ta=45.1 | rh=87.9 | tg=65.4 | tnwb=43.3 | wbgt=49.93
[2026-07-28 17:22:07] [DEBUG   ] [__main__] [CALC] data_quality={'ta': 'sensor', 'rh': 'sensor', 'tg': 'sensor', 'tnwb': 'sensor', 'wbgt': 'calculated'}
[2026-07-28 17:22:07] [INFO    ] [__main__] [CLASSIFY] zone=Furnace-1 | wbgt=49.93 | risk=DANGER | action=Halt heavy work, mandatory rest, evacuate
[2026-07-28 17:22:07] [WARNING ] [__main__] [DANGER ALERT] zone=Furnace-1 | wbgt=49.93 | Halt heavy work, mandatory rest, evacuate
[2026-07-28 17:22:07] [INFO    ] [__main__] [DB] zone=Furnace-1 | db_id=195 | saved OK
[2026-07-28 17:22:07] [INFO    ] [__main__] Pipeline completed OK | db_id=195
[2026-07-28 17:22:07] [INFO    ] [root] ============================================================
[2026-07-28 17:22:07] [INFO    ] [root] WBGT Monitor logging started
[2026-07-28 17:22:07] [INFO    ] [root] Log file : C:\Users\Varsh\Desktop\AGEIS\logs\wbgt_monitor_20260728.log
[2026-07-28 17:22:07] [INFO    ] [root] ============================================================
[2026-07-28 17:22:07] [INFO    ] [__main__] WBGT Monitor starting up
[2026-07-28 17:22:07] [INFO    ] [__main__] Database initialised
[2026-07-28 17:22:07] [INFO    ] [__main__] [READING] zone=Furnace-1 | timestamp=2026-07-27T19:00:00
[2026-07-28 17:22:07] [DEBUG   ] [__main__] [READING] raw={"timestamp": "2026-07-27T19:00:00", "factory": "SAIL", "zone": "Furnace-1", "temperature_unit": "celsius", "temperature": 47.2, "humidity": 81.6, "globe_temperature": 69.6, "wet_bulb_temperature": 43
[2026-07-28 17:22:07] [DEBUG   ] [__main__] [VALIDATE] zone=Furnace-1 | condition=ALL_DATA | missing=[] | flags=[]
[2026-07-28 17:22:07] [INFO    ] [__main__] [CALC] zone=Furnace-1 | ta=47.2 | rh=81.6 | tg=69.6 | tnwb=43.9 | wbgt=51.61
[2026-07-28 17:22:07] [DEBUG   ] [__main__] [CALC] data_quality={'ta': 'sensor', 'rh': 'sensor', 'tg': 'sensor', 'tnwb': 'sensor', 'wbgt': 'calculated'}
[2026-07-28 17:22:07] [INFO    ] [__main__] [CLASSIFY] zone=Furnace-1 | wbgt=51.61 | risk=DANGER | action=Halt heavy work, mandatory rest, evacuate
[2026-07-28 17:22:07] [WARNING ] [__main__] [DANGER ALERT] zone=Furnace-1 | wbgt=51.61 | Halt heavy work, mandatory rest, evacuate
[2026-07-28 17:22:07] [INFO    ] [__main__] [DB] zone=Furnace-1 | db_id=196 | saved OK
[2026-07-28 17:22:07] [INFO    ] [__main__] Pipeline completed OK | db_id=196
[2026-07-28 17:22:08] [INFO    ] [root] ============================================================
[2026-07-28 17:22:08] [INFO    ] [root] WBGT Monitor logging started
[2026-07-28 17:22:08] [INFO    ] [root] Log file : C:\Users\Varsh\Desktop\AGEIS\logs\wbgt_monitor_20260728.log
[2026-07-28 17:22:08] [INFO    ] [root] ============================================================
[2026-07-28 17:22:08] [INFO    ] [__main__] WBGT Monitor starting up
[2026-07-28 17:22:08] [INFO    ] [__main__] Database initialised
[2026-07-28 17:22:08] [INFO    ] [__main__] [READING] zone=Loading-Dock | timestamp=2026-07-27T20:00:00
[2026-07-28 17:22:08] [DEBUG   ] [__main__] [READING] raw={"timestamp": "2026-07-27T20:00:00", "factory": "Vedanta", "zone": "Loading-Dock", "temperature_unit": "celsius", "temperature": 19.9, "humidity": 22.4, "globe_temperature": 19.9, "wet_bulb_temperatur
[2026-07-28 17:22:08] [DEBUG   ] [__main__] [VALIDATE] zone=Loading-Dock | condition=ALL_DATA | missing=[] | flags=[]
[2026-07-28 17:22:08] [INFO    ] [__main__] [CALC] zone=Loading-Dock | ta=19.9 | rh=22.4 | tg=19.9 | tnwb=9.7 | wbgt=12.76
[2026-07-28 17:22:08] [DEBUG   ] [__main__] [CALC] data_quality={'ta': 'sensor', 'rh': 'sensor', 'tg': 'sensor', 'tnwb': 'sensor', 'wbgt': 'calculated'}
[2026-07-28 17:22:08] [INFO    ] [__main__] [CLASSIFY] zone=Loading-Dock | wbgt=12.76 | risk=SAFE | action=Normal work, no restrictions
[2026-07-28 17:22:08] [INFO    ] [__main__] [DB] zone=Loading-Dock | db_id=197 | saved OK
[2026-07-28 17:22:08] [INFO    ] [__main__] Pipeline completed OK | db_id=197
[2026-07-28 17:22:08] [INFO    ] [root] ============================================================
[2026-07-28 17:22:08] [INFO    ] [root] WBGT Monitor logging started
[2026-07-28 17:22:08] [INFO    ] [root] Log file : C:\Users\Varsh\Desktop\AGEIS\logs\wbgt_monitor_20260728.log
[2026-07-28 17:22:08] [INFO    ] [root] ============================================================
[2026-07-28 17:22:08] [INFO    ] [__main__] WBGT Monitor starting up
[2026-07-28 17:22:08] [INFO    ] [__main__] Database initialised
[2026-07-28 17:22:08] [INFO    ] [__main__] [READING] zone=Loading-Dock | timestamp=2026-07-27T21:00:00
[2026-07-28 17:22:08] [DEBUG   ] [__main__] [READING] raw={"timestamp": "2026-07-27T21:00:00", "factory": "Ganesh Alloys", "zone": "Loading-Dock", "temperature_unit": "celsius", "temperature": 19.2, "humidity": 25.9, "globe_temperature": 18.4, "wet_bulb_temp
[2026-07-28 17:22:08] [DEBUG   ] [__main__] [VALIDATE] zone=Loading-Dock | condition=None | missing=[] | flags=[]
[2026-07-28 17:22:08] [WARNING ] [__main__] [FAULT] zone=Loading-Dock | timestamp=2026-07-27T21:00:00 | reason=SENSOR_FAULT: globe_temperature=18.4 is less than temperature=19.2.
[2026-07-28 17:22:08] [WARNING ] [__main__] Pipeline completed with fault: SENSOR_FAULT: globe_temperature=18.4 is less than temperature=19.2.
[2026-07-28 17:22:09] [INFO    ] [root] ============================================================
[2026-07-28 17:22:09] [INFO    ] [root] WBGT Monitor logging started
[2026-07-28 17:22:09] [INFO    ] [root] Log file : C:\Users\Varsh\Desktop\AGEIS\logs\wbgt_monitor_20260728.log
[2026-07-28 17:22:09] [INFO    ] [root] ============================================================
[2026-07-28 17:22:09] [INFO    ] [__main__] WBGT Monitor starting up
[2026-07-28 17:22:09] [INFO    ] [__main__] Database initialised
[2026-07-28 17:22:09] [INFO    ] [__main__] [READING] zone=Warehouse | timestamp=2026-07-27T22:00:00
[2026-07-28 17:22:09] [DEBUG   ] [__main__] [READING] raw={"timestamp": "2026-07-27T22:00:00", "factory": "JSPL", "zone": "Warehouse", "temperature_unit": "celsius", "temperature": 18.2, "humidity": 19.8, "globe_temperature": 17.3, "wet_bulb_temperature": 7.
[2026-07-28 17:22:09] [DEBUG   ] [__main__] [VALIDATE] zone=Warehouse | condition=None | missing=[] | flags=[]
[2026-07-28 17:22:09] [WARNING ] [__main__] [FAULT] zone=Warehouse | timestamp=2026-07-27T22:00:00 | reason=SENSOR_FAULT: globe_temperature=17.3 is less than temperature=18.2.
[2026-07-28 17:22:09] [WARNING ] [__main__] Pipeline completed with fault: SENSOR_FAULT: globe_temperature=17.3 is less than temperature=18.2.
[2026-07-28 17:22:09] [INFO    ] [root] ============================================================
[2026-07-28 17:22:09] [INFO    ] [root] WBGT Monitor logging started
[2026-07-28 17:22:09] [INFO    ] [root] Log file : C:\Users\Varsh\Desktop\AGEIS\logs\wbgt_monitor_20260728.log
[2026-07-28 17:22:09] [INFO    ] [root] ============================================================
[2026-07-28 17:22:09] [INFO    ] [__main__] WBGT Monitor starting up
[2026-07-28 17:22:09] [INFO    ] [__main__] Database initialised
[2026-07-28 17:22:09] [INFO    ] [__main__] [READING] zone=Loading-Dock | timestamp=2026-07-27T23:00:00
[2026-07-28 17:22:09] [DEBUG   ] [__main__] [READING] raw={"timestamp": "2026-07-27T23:00:00", "factory": "JSW Steel", "zone": "Loading-Dock", "temperature_unit": "celsius", "temperature": 18.4, "humidity": 21.4, "globe_temperature": 18.8, "wet_bulb_temperat
[2026-07-28 17:22:09] [DEBUG   ] [__main__] [VALIDATE] zone=Loading-Dock | condition=ALL_DATA | missing=[] | flags=[]
[2026-07-28 17:22:09] [INFO    ] [__main__] [CALC] zone=Loading-Dock | ta=18.4 | rh=21.4 | tg=18.8 | tnwb=8.2 | wbgt=11.38
[2026-07-28 17:22:09] [DEBUG   ] [__main__] [CALC] data_quality={'ta': 'sensor', 'rh': 'sensor', 'tg': 'sensor', 'tnwb': 'sensor', 'wbgt': 'calculated'}
[2026-07-28 17:22:09] [INFO    ] [__main__] [CLASSIFY] zone=Loading-Dock | wbgt=11.38 | risk=SAFE | action=Normal work, no restrictions
[2026-07-28 17:22:09] [INFO    ] [__main__] [DB] zone=Loading-Dock | db_id=198 | saved OK
[2026-07-28 17:22:09] [INFO    ] [__main__] Pipeline completed OK | db_id=198
[2026-07-28 17:39:29] [INFO    ] [root] ============================================================
[2026-07-28 17:39:29] [INFO    ] [root] WBGT Monitor logging started
[2026-07-28 17:39:29] [INFO    ] [root] Log file : C:\Users\Varsh\Desktop\AGEIS\logs\wbgt_monitor_20260728.log
[2026-07-28 17:39:29] [INFO    ] [root] ============================================================
[2026-07-28 17:39:29] [INFO    ] [__main__] WBGT Monitor starting up
[2026-07-28 17:39:29] [INFO    ] [__main__] Database initialised
[2026-07-28 17:39:29] [INFO    ] [__main__] [READING] zone=Furnace-1 | timestamp=2026-07-22T06:00:00
[2026-07-28 17:39:29] [DEBUG   ] [__main__] [READING] raw={"timestamp": "2026-07-22T06:00:00", "factory": "Shree Metal Works", "zone": "Furnace-1", "temperature_unit": "celsius", "temperature": 37.0, "humidity": 47.5, "globe_temperature": 52.7, "wet_bulb_tem
[2026-07-28 17:39:29] [DEBUG   ] [__main__] [VALIDATE] zone=Furnace-1 | condition=ALL_DATA | missing=[] | flags=[]
[2026-07-28 17:39:29] [INFO    ] [__main__] [CALC] zone=Furnace-1 | ta=37.0 | rh=47.5 | tg=52.7 | tnwb=28.0 | wbgt=35.41
[2026-07-28 17:39:29] [DEBUG   ] [__main__] [CALC] data_quality={'ta': 'sensor', 'rh': 'sensor', 'tg': 'sensor', 'tnwb': 'sensor', 'wbgt': 'calculated'}
[2026-07-28 17:39:29] [INFO    ] [__main__] [CLASSIFY] zone=Furnace-1 | wbgt=35.41 | risk=DANGER | action=Halt heavy work, mandatory rest, evacuate
[2026-07-28 17:39:29] [WARNING ] [__main__] [DANGER ALERT] zone=Furnace-1 | wbgt=35.41 | Halt heavy work, mandatory rest, evacuate
[2026-07-28 17:39:29] [INFO    ] [__main__] [DB] zone=Furnace-1 | db_id=199 | saved OK
[2026-07-28 17:39:29] [INFO    ] [__main__] Pipeline completed OK | db_id=199
[2026-07-28 17:39:30] [INFO    ] [root] ============================================================
[2026-07-28 17:39:30] [INFO    ] [root] WBGT Monitor logging started
[2026-07-28 17:39:30] [INFO    ] [root] Log file : C:\Users\Varsh\Desktop\AGEIS\logs\wbgt_monitor_20260728.log
[2026-07-28 17:39:30] [INFO    ] [root] ============================================================
[2026-07-28 17:39:30] [INFO    ] [__main__] WBGT Monitor starting up
[2026-07-28 17:39:30] [INFO    ] [__main__] Database initialised
[2026-07-28 17:39:30] [INFO    ] [__main__] [READING] zone=Fabrication-Shop | timestamp=2026-07-22T07:00:00
[2026-07-28 17:39:30] [DEBUG   ] [__main__] [READING] raw={"timestamp": "2026-07-22T07:00:00", "factory": "Tata Steel", "zone": "Fabrication-Shop", "temperature_unit": "celsius", "temperature": 24.4, "humidity": 54.1, "globe_temperature": 25.7, "wet_bulb_tem
[2026-07-28 17:39:30] [DEBUG   ] [__main__] [VALIDATE] zone=Fabrication-Shop | condition=ALL_DATA | missing=[] | flags=[]
[2026-07-28 17:39:30] [INFO    ] [__main__] [CALC] zone=Fabrication-Shop | ta=24.4 | rh=54.1 | tg=25.7 | tnwb=17.7 | wbgt=20.1
[2026-07-28 17:39:30] [DEBUG   ] [__main__] [CALC] data_quality={'ta': 'sensor', 'rh': 'sensor', 'tg': 'sensor', 'tnwb': 'sensor', 'wbgt': 'calculated'}
[2026-07-28 17:39:30] [INFO    ] [__main__] [CLASSIFY] zone=Fabrication-Shop | wbgt=20.1 | risk=SAFE | action=Normal work, no restrictions
[2026-07-28 17:39:30] [INFO    ] [__main__] [DB] zone=Fabrication-Shop | db_id=200 | saved OK
[2026-07-28 17:39:30] [INFO    ] [__main__] Pipeline completed OK | db_id=200
[2026-07-28 17:39:31] [INFO    ] [root] ============================================================
[2026-07-28 17:39:31] [INFO    ] [root] WBGT Monitor logging started
[2026-07-28 17:39:31] [INFO    ] [root] Log file : C:\Users\Varsh\Desktop\AGEIS\logs\wbgt_monitor_20260728.log
[2026-07-28 17:39:31] [INFO    ] [root] ============================================================
[2026-07-28 17:39:31] [INFO    ] [__main__] WBGT Monitor starting up
[2026-07-28 17:39:31] [INFO    ] [__main__] Database initialised
[2026-07-28 17:39:31] [INFO    ] [__main__] [READING] zone=EAF-Bay | timestamp=2026-07-22T08:00:00
[2026-07-28 17:39:31] [DEBUG   ] [__main__] [READING] raw={"timestamp": "2026-07-22T08:00:00", "factory": "JSW Steel", "zone": "EAF-Bay", "temperature_unit": "celsius", "temperature": 42.5, "humidity": 47.0, "globe_temperature": 63.9, "wet_bulb_temperature":
[2026-07-28 17:39:31] [DEBUG   ] [__main__] [VALIDATE] zone=EAF-Bay | condition=ALL_DATA | missing=[] | flags=[]
[2026-07-28 17:39:31] [INFO    ] [__main__] [CALC] zone=EAF-Bay | ta=42.5 | rh=47.0 | tg=63.9 | tnwb=32.6 | wbgt=41.99
[2026-07-28 17:39:31] [DEBUG   ] [__main__] [CALC] data_quality={'ta': 'sensor', 'rh': 'sensor', 'tg': 'sensor', 'tnwb': 'sensor', 'wbgt': 'calculated'}
[2026-07-28 17:39:31] [INFO    ] [__main__] [CLASSIFY] zone=EAF-Bay | wbgt=41.99 | risk=DANGER | action=Halt heavy work, mandatory rest, evacuate
[2026-07-28 17:39:31] [WARNING ] [__main__] [DANGER ALERT] zone=EAF-Bay | wbgt=41.99 | Halt heavy work, mandatory rest, evacuate
[2026-07-28 17:39:31] [INFO    ] [__main__] [DB] zone=EAF-Bay | db_id=201 | saved OK
[2026-07-28 17:39:31] [INFO    ] [__main__] Pipeline completed OK | db_id=201
[2026-07-28 17:39:31] [INFO    ] [root] ============================================================
[2026-07-28 17:39:31] [INFO    ] [root] WBGT Monitor logging started
[2026-07-28 17:39:31] [INFO    ] [root] Log file : C:\Users\Varsh\Desktop\AGEIS\logs\wbgt_monitor_20260728.log
[2026-07-28 17:39:31] [INFO    ] [root] ============================================================
[2026-07-28 17:39:31] [INFO    ] [__main__] WBGT Monitor starting up
[2026-07-28 17:39:31] [INFO    ] [__main__] Database initialised
[2026-07-28 17:39:31] [INFO    ] [__main__] [READING] zone=Loading-Dock | timestamp=2026-07-22T09:00:00
[2026-07-28 17:39:31] [DEBUG   ] [__main__] [READING] raw={"timestamp": "2026-07-22T09:00:00", "factory": "Tata Steel", "zone": "Loading-Dock", "temperature_unit": "celsius", "temperature": 35.0, "humidity": 68.5, "globe_temperature": 37.5, "wet_bulb_tempera
[2026-07-28 17:39:31] [DEBUG   ] [__main__] [VALIDATE] zone=Loading-Dock | condition=ALL_DATA | missing=[] | flags=[]
[2026-07-28 17:39:31] [INFO    ] [__main__] [CALC] zone=Loading-Dock | ta=35.0 | rh=68.5 | tg=37.5 | tnwb=29.6 | wbgt=31.97
[2026-07-28 17:39:31] [DEBUG   ] [__main__] [CALC] data_quality={'ta': 'sensor', 'rh': 'sensor', 'tg': 'sensor', 'tnwb': 'sensor', 'wbgt': 'calculated'}
[2026-07-28 17:39:31] [INFO    ] [__main__] [CLASSIFY] zone=Loading-Dock | wbgt=31.97 | risk=DANGER | action=Halt heavy work, mandatory rest, evacuate
[2026-07-28 17:39:31] [WARNING ] [__main__] [DANGER ALERT] zone=Loading-Dock | wbgt=31.97 | Halt heavy work, mandatory rest, evacuate
[2026-07-28 17:39:32] [INFO    ] [__main__] [DB] zone=Loading-Dock | db_id=202 | saved OK
[2026-07-28 17:39:32] [INFO    ] [__main__] Pipeline completed OK | db_id=202
[2026-07-28 17:39:32] [INFO    ] [root] ============================================================
[2026-07-28 17:39:32] [INFO    ] [root] WBGT Monitor logging started
[2026-07-28 17:39:32] [INFO    ] [root] Log file : C:\Users\Varsh\Desktop\AGEIS\logs\wbgt_monitor_20260728.log
[2026-07-28 17:39:32] [INFO    ] [root] ============================================================
[2026-07-28 17:39:32] [INFO    ] [__main__] WBGT Monitor starting up
[2026-07-28 17:39:32] [INFO    ] [__main__] Database initialised
[2026-07-28 17:39:32] [INFO    ] [__main__] [READING] zone=Rolling-Mill | timestamp=2026-07-22T10:00:00
[2026-07-28 17:39:32] [DEBUG   ] [__main__] [READING] raw={"timestamp": "2026-07-22T10:00:00", "factory": "Shree Metal Works", "zone": "Rolling-Mill", "temperature_unit": "celsius", "temperature": 32.7, "humidity": 0, "globe_temperature": 41.0, "wet_bulb_tem
[2026-07-28 17:39:32] [DEBUG   ] [__main__] [VALIDATE] zone=Rolling-Mill | condition=ALL_DATA | missing=[] | flags=[]
[2026-07-28 17:39:32] [ERROR   ] [__main__] [CALC ERROR] zone=Rolling-Mill | timestamp=2026-07-22T10:00:00 | error=WEATHER_API_BASE_URL is not configured.
[2026-07-28 17:39:32] [DEBUG   ] [__main__] Pipeline completed with fault: Calculation error: WEATHER_API_BASE_URL is not configured.
[2026-07-28 17:39:33] [INFO    ] [root] ============================================================
[2026-07-28 17:39:33] [INFO    ] [root] WBGT Monitor logging started
[2026-07-28 17:39:33] [INFO    ] [root] Log file : C:\Users\Varsh\Desktop\AGEIS\logs\wbgt_monitor_20260728.log
[2026-07-28 17:39:33] [INFO    ] [root] ============================================================
[2026-07-28 17:39:33] [INFO    ] [__main__] WBGT Monitor starting up
[2026-07-28 17:39:33] [INFO    ] [__main__] Database initialised
[2026-07-28 17:39:33] [INFO    ] [__main__] [READING] zone=Continuous-Casting | timestamp=2026-07-22T11:00:00
[2026-07-28 17:39:33] [DEBUG   ] [__main__] [READING] raw={"timestamp": "2026-07-22T11:00:00", "factory": "Shree Metal Works", "zone": "Continuous-Casting", "temperature_unit": "celsius", "temperature": 49.4, "humidity": 53.3, "globe_temperature": 67.5, "wet
[2026-07-28 17:39:33] [DEBUG   ] [__main__] [VALIDATE] zone=Continuous-Casting | condition=ALL_DATA | missing=[] | flags=[]
[2026-07-28 17:39:33] [INFO    ] [__main__] [CALC] zone=Continuous-Casting | ta=49.4 | rh=53.3 | tg=67.5 | tnwb=40.0 | wbgt=48.25
[2026-07-28 17:39:33] [DEBUG   ] [__main__] [CALC] data_quality={'ta': 'sensor', 'rh': 'sensor', 'tg': 'sensor', 'tnwb': 'sensor', 'wbgt': 'calculated'}
[2026-07-28 17:39:33] [INFO    ] [__main__] [CLASSIFY] zone=Continuous-Casting | wbgt=48.25 | risk=DANGER | action=Halt heavy work, mandatory rest, evacuate
[2026-07-28 17:39:33] [WARNING ] [__main__] [DANGER ALERT] zone=Continuous-Casting | wbgt=48.25 | Halt heavy work, mandatory rest, evacuate
[2026-07-28 17:39:33] [INFO    ] [__main__] [DB] zone=Continuous-Casting | db_id=203 | saved OK
[2026-07-28 17:39:33] [INFO    ] [__main__] Pipeline completed OK | db_id=203
[2026-07-28 17:39:33] [INFO    ] [root] ============================================================
[2026-07-28 17:39:33] [INFO    ] [root] WBGT Monitor logging started
[2026-07-28 17:39:33] [INFO    ] [root] Log file : C:\Users\Varsh\Desktop\AGEIS\logs\wbgt_monitor_20260728.log
[2026-07-28 17:39:33] [INFO    ] [root] ============================================================
[2026-07-28 17:39:33] [INFO    ] [__main__] WBGT Monitor starting up
[2026-07-28 17:39:33] [INFO    ] [__main__] Database initialised
[2026-07-28 17:39:33] [INFO    ] [__main__] [READING] zone=Warehouse | timestamp=2026-07-22T12:00:00
[2026-07-28 17:39:33] [DEBUG   ] [__main__] [READING] raw={"timestamp": "2026-07-22T12:00:00", "factory": "SAIL", "zone": "Warehouse", "temperature_unit": "celsius", "temperature": 71.3, "humidity": 48.5, "globe_temperature": 0, "wet_bulb_temperature": 0}
[2026-07-28 17:39:33] [DEBUG   ] [__main__] [VALIDATE] zone=Warehouse | condition=None | missing=[] | flags=[]
[2026-07-28 17:39:33] [DEBUG   ] [__main__] [FAULT] zone=Warehouse | timestamp=2026-07-22T12:00:00 | reason=SENSOR_FAULT: globe_temp_c=0.0 is less than air_temp_c=71.3.
[2026-07-28 17:39:33] [DEBUG   ] [__main__] Pipeline completed with fault: SENSOR_FAULT: globe_temp_c=0.0 is less than air_temp_c=71.3.
[2026-07-28 17:39:34] [INFO    ] [root] ============================================================
[2026-07-28 17:39:34] [INFO    ] [root] WBGT Monitor logging started
[2026-07-28 17:39:34] [INFO    ] [root] Log file : C:\Users\Varsh\Desktop\AGEIS\logs\wbgt_monitor_20260728.log
[2026-07-28 17:39:34] [INFO    ] [root] ============================================================
[2026-07-28 17:39:34] [INFO    ] [__main__] WBGT Monitor starting up
[2026-07-28 17:39:34] [INFO    ] [__main__] Database initialised
[2026-07-28 17:39:34] [INFO    ] [__main__] [READING] zone=Ladle-Metallurgy | timestamp=2026-07-22T13:00:00
[2026-07-28 17:39:34] [DEBUG   ] [__main__] [READING] raw={"timestamp": "2026-07-22T13:00:00", "factory": "Tata Steel", "zone": "Ladle-Metallurgy", "temperature_unit": "celsius", "temperature": 47.4, "humidity": 50.7, "globe_temperature": 65.9, "wet_bulb_tem
[2026-07-28 17:39:34] [DEBUG   ] [__main__] [VALIDATE] zone=Ladle-Metallurgy | condition=ALL_DATA | missing=[] | flags=[]
[2026-07-28 17:39:34] [INFO    ] [__main__] [CALC] zone=Ladle-Metallurgy | ta=47.4 | rh=50.7 | tg=65.9 | tnwb=37.4299 | wbgt=45.9709
[2026-07-28 17:39:34] [DEBUG   ] [__main__] [CALC] data_quality={'ta': 'sensor', 'rh': 'sensor', 'tg': 'sensor', 'tnwb': 'calculated', 'wbgt': 'calculated'}
[2026-07-28 17:39:34] [INFO    ] [__main__] [CLASSIFY] zone=Ladle-Metallurgy | wbgt=45.9709 | risk=DANGER | action=Halt heavy work, mandatory rest, evacuate
[2026-07-28 17:39:34] [WARNING ] [__main__] [DANGER ALERT] zone=Ladle-Metallurgy | wbgt=45.9709 | Halt heavy work, mandatory rest, evacuate
[2026-07-28 17:39:34] [INFO    ] [__main__] [DB] zone=Ladle-Metallurgy | db_id=204 | saved OK
[2026-07-28 17:39:34] [INFO    ] [__main__] Pipeline completed OK | db_id=204
[2026-07-28 17:39:35] [INFO    ] [root] ============================================================
[2026-07-28 17:39:35] [INFO    ] [root] WBGT Monitor logging started
[2026-07-28 17:39:35] [INFO    ] [root] Log file : C:\Users\Varsh\Desktop\AGEIS\logs\wbgt_monitor_20260728.log
[2026-07-28 17:39:35] [INFO    ] [root] ============================================================
[2026-07-28 17:39:35] [INFO    ] [__main__] WBGT Monitor starting up
[2026-07-28 17:39:35] [INFO    ] [__main__] Database initialised
[2026-07-28 17:39:35] [INFO    ] [__main__] [READING] zone=Furnace-2 | timestamp=2026-07-22T14:00:00
[2026-07-28 17:39:35] [DEBUG   ] [__main__] [READING] raw={"timestamp": "2026-07-22T14:00:00", "factory": "Ganesh Alloys", "zone": "Furnace-2", "temperature_unit": "celsius", "temperature": 59.6, "humidity": 111.3, "globe_temperature": 79.8, "wet_bulb_temper
[2026-07-28 17:39:35] [DEBUG   ] [__main__] [VALIDATE] zone=Furnace-2 | condition=None | missing=[] | flags=[]
[2026-07-28 17:39:35] [DEBUG   ] [__main__] [FAULT] zone=Furnace-2 | timestamp=2026-07-22T14:00:00 | reason=SENSOR_FAULT: relative_humidity_pct=111.3 is out of valid range 0–100 %.
[2026-07-28 17:39:35] [DEBUG   ] [__main__] Pipeline completed with fault: SENSOR_FAULT: relative_humidity_pct=111.3 is out of valid range 0–100 %.
[2026-07-28 17:39:35] [INFO    ] [root] ============================================================
[2026-07-28 17:39:35] [INFO    ] [root] WBGT Monitor logging started
[2026-07-28 17:39:35] [INFO    ] [root] Log file : C:\Users\Varsh\Desktop\AGEIS\logs\wbgt_monitor_20260728.log
[2026-07-28 17:39:35] [INFO    ] [root] ============================================================
[2026-07-28 17:39:35] [INFO    ] [__main__] WBGT Monitor starting up
[2026-07-28 17:39:35] [INFO    ] [__main__] Database initialised
[2026-07-28 17:39:35] [INFO    ] [__main__] [READING] zone=Furnace-1 | timestamp=2026-07-22T15:00:00
[2026-07-28 17:39:35] [DEBUG   ] [__main__] [READING] raw={"timestamp": "2026-07-22T15:00:00", "factory": "Vedanta", "zone": "Furnace-1", "temperature_unit": "celsius", "temperature": 56.8, "humidity": 0, "globe_temperature": 0, "wet_bulb_temperature": 45.6}
[2026-07-28 17:39:35] [DEBUG   ] [__main__] [VALIDATE] zone=Furnace-1 | condition=None | missing=[] | flags=[]
[2026-07-28 17:39:35] [DEBUG   ] [__main__] [FAULT] zone=Furnace-1 | timestamp=2026-07-22T15:00:00 | reason=SENSOR_FAULT: globe_temp_c=0.0 is less than air_temp_c=56.8.
[2026-07-28 17:39:35] [DEBUG   ] [__main__] Pipeline completed with fault: SENSOR_FAULT: globe_temp_c=0.0 is less than air_temp_c=56.8.
[2026-07-28 17:39:36] [INFO    ] [root] ============================================================
[2026-07-28 17:39:36] [INFO    ] [root] WBGT Monitor logging started
[2026-07-28 17:39:36] [INFO    ] [root] Log file : C:\Users\Varsh\Desktop\AGEIS\logs\wbgt_monitor_20260728.log
[2026-07-28 17:39:36] [INFO    ] [root] ============================================================
[2026-07-28 17:39:36] [INFO    ] [__main__] WBGT Monitor starting up
[2026-07-28 17:39:36] [INFO    ] [__main__] Database initialised
[2026-07-28 17:39:36] [INFO    ] [__main__] [READING] zone=Annealing-Line | timestamp=2026-07-22T16:00:00
[2026-07-28 17:39:36] [DEBUG   ] [__main__] [READING] raw={"timestamp": "2026-07-22T16:00:00", "factory": "JSW Steel", "zone": "Annealing-Line", "temperature_unit": "celsius", "temperature": 34.9, "humidity": 49.5, "globe_temperature": 40.8, "wet_bulb_temper
[2026-07-28 17:39:36] [DEBUG   ] [__main__] [VALIDATE] zone=Annealing-Line | condition=ALL_DATA | missing=[] | flags=[]
[2026-07-28 17:39:36] [INFO    ] [__main__] [CALC] zone=Annealing-Line | ta=34.9 | rh=49.5 | tg=40.8 | tnwb=26.4107 | wbgt=30.7275
[2026-07-28 17:39:36] [DEBUG   ] [__main__] [CALC] data_quality={'ta': 'sensor', 'rh': 'sensor', 'tg': 'sensor', 'tnwb': 'calculated', 'wbgt': 'calculated'}
[2026-07-28 17:39:36] [INFO    ] [__main__] [CLASSIFY] zone=Annealing-Line | wbgt=30.7275 | risk=WARNING | action=Enforce work/rest cycles (50 min work, 10 min rest)
[2026-07-28 17:39:36] [WARNING ] [__main__] [WARNING ALERT] zone=Annealing-Line | wbgt=30.7275 | Enforce work/rest cycles (50 min work, 10 min rest)
[2026-07-28 17:39:36] [INFO    ] [__main__] [DB] zone=Annealing-Line | db_id=205 | saved OK
[2026-07-28 17:39:36] [INFO    ] [__main__] Pipeline completed OK | db_id=205
[2026-07-28 17:39:36] [INFO    ] [root] ============================================================
[2026-07-28 17:39:36] [INFO    ] [root] WBGT Monitor logging started
[2026-07-28 17:39:36] [INFO    ] [root] Log file : C:\Users\Varsh\Desktop\AGEIS\logs\wbgt_monitor_20260728.log
[2026-07-28 17:39:36] [INFO    ] [root] ============================================================
[2026-07-28 17:39:36] [INFO    ] [__main__] WBGT Monitor starting up
[2026-07-28 17:39:36] [INFO    ] [__main__] Database initialised
[2026-07-28 17:39:36] [INFO    ] [__main__] [READING] zone=Continuous-Casting | timestamp=2026-07-22T17:00:00
[2026-07-28 17:39:36] [DEBUG   ] [__main__] [READING] raw={"timestamp": "2026-07-22T17:00:00", "factory": "SAIL", "zone": "Continuous-Casting", "temperature_unit": "celsius", "temperature": 39.8, "humidity": 0, "globe_temperature": 0, "wet_bulb_temperature":
[2026-07-28 17:39:36] [DEBUG   ] [__main__] [VALIDATE] zone=Continuous-Casting | condition=None | missing=[] | flags=[]
[2026-07-28 17:39:36] [DEBUG   ] [__main__] [FAULT] zone=Continuous-Casting | timestamp=2026-07-22T17:00:00 | reason=SENSOR_FAULT: globe_temp_c=0.0 is less than air_temp_c=39.8.
[2026-07-28 17:39:36] [DEBUG   ] [__main__] Pipeline completed with fault: SENSOR_FAULT: globe_temp_c=0.0 is less than air_temp_c=39.8.
[2026-07-28 17:39:37] [INFO    ] [root] ============================================================
[2026-07-28 17:39:37] [INFO    ] [root] WBGT Monitor logging started
[2026-07-28 17:39:37] [INFO    ] [root] Log file : C:\Users\Varsh\Desktop\AGEIS\logs\wbgt_monitor_20260728.log
[2026-07-28 17:39:37] [INFO    ] [root] ============================================================
[2026-07-28 17:39:37] [INFO    ] [__main__] WBGT Monitor starting up
[2026-07-28 17:39:37] [INFO    ] [__main__] Database initialised
[2026-07-28 17:39:37] [INFO    ] [__main__] [READING] zone=Loading-Dock | timestamp=2026-07-22T18:00:00
[2026-07-28 17:39:37] [DEBUG   ] [__main__] [READING] raw={"timestamp": "2026-07-22T18:00:00", "factory": "Tata Steel", "zone": "Loading-Dock", "temperature_unit": "celsius", "temperature": 27.1, "humidity": 0, "globe_temperature": 0, "wet_bulb_temperature":
[2026-07-28 17:39:37] [DEBUG   ] [__main__] [VALIDATE] zone=Loading-Dock | condition=None | missing=[] | flags=[]
[2026-07-28 17:39:37] [DEBUG   ] [__main__] [FAULT] zone=Loading-Dock | timestamp=2026-07-22T18:00:00 | reason=SENSOR_FAULT: globe_temp_c=0.0 is less than air_temp_c=27.1.
[2026-07-28 17:39:37] [DEBUG   ] [__main__] Pipeline completed with fault: SENSOR_FAULT: globe_temp_c=0.0 is less than air_temp_c=27.1.
[2026-07-28 17:39:37] [INFO    ] [root] ============================================================
[2026-07-28 17:39:37] [INFO    ] [root] WBGT Monitor logging started
[2026-07-28 17:39:37] [INFO    ] [root] Log file : C:\Users\Varsh\Desktop\AGEIS\logs\wbgt_monitor_20260728.log
[2026-07-28 17:39:37] [INFO    ] [root] ============================================================
[2026-07-28 17:39:37] [INFO    ] [__main__] WBGT Monitor starting up
[2026-07-28 17:39:37] [INFO    ] [__main__] Database initialised
[2026-07-28 17:39:37] [INFO    ] [__main__] [READING] zone=Furnace-2 | timestamp=2026-07-22T19:00:00
[2026-07-28 17:39:37] [DEBUG   ] [__main__] [READING] raw={"timestamp": "2026-07-22T19:00:00", "factory": "Vedanta", "zone": "Furnace-2", "temperature_unit": "celsius", "temperature": 36.4, "humidity": 0, "globe_temperature": 53.2, "wet_bulb_temperature": 0}
[2026-07-28 17:39:37] [DEBUG   ] [__main__] [VALIDATE] zone=Furnace-2 | condition=ALL_DATA | missing=[] | flags=[]
[2026-07-28 17:39:37] [ERROR   ] [__main__] [CALC ERROR] zone=Furnace-2 | timestamp=2026-07-22T19:00:00 | error=WEATHER_API_BASE_URL is not configured.
[2026-07-28 17:39:37] [DEBUG   ] [__main__] Pipeline completed with fault: Calculation error: WEATHER_API_BASE_URL is not configured.
[2026-07-28 17:39:38] [INFO    ] [root] ============================================================
[2026-07-28 17:39:38] [INFO    ] [root] WBGT Monitor logging started
[2026-07-28 17:39:38] [INFO    ] [root] Log file : C:\Users\Varsh\Desktop\AGEIS\logs\wbgt_monitor_20260728.log
[2026-07-28 17:39:38] [INFO    ] [root] ============================================================
[2026-07-28 17:39:38] [INFO    ] [__main__] WBGT Monitor starting up
[2026-07-28 17:39:38] [INFO    ] [__main__] Database initialised
[2026-07-28 17:39:38] [INFO    ] [__main__] [READING] zone=Furnace-1 | timestamp=2026-07-22T20:00:00
[2026-07-28 17:39:38] [DEBUG   ] [__main__] [READING] raw={"timestamp": "2026-07-22T20:00:00", "factory": "JSW Steel", "zone": "Furnace-1", "temperature_unit": "celsius", "temperature": 39.0, "humidity": 0, "globe_temperature": 57.5, "wet_bulb_temperature": 
[2026-07-28 17:39:38] [DEBUG   ] [__main__] [VALIDATE] zone=Furnace-1 | condition=ALL_DATA | missing=[] | flags=[]
[2026-07-28 17:39:38] [ERROR   ] [__main__] [CALC ERROR] zone=Furnace-1 | timestamp=2026-07-22T20:00:00 | error=WEATHER_API_BASE_URL is not configured.
[2026-07-28 17:39:38] [DEBUG   ] [__main__] Pipeline completed with fault: Calculation error: WEATHER_API_BASE_URL is not configured.
[2026-07-28 17:39:38] [INFO    ] [root] ============================================================
[2026-07-28 17:39:38] [INFO    ] [root] WBGT Monitor logging started
[2026-07-28 17:39:38] [INFO    ] [root] Log file : C:\Users\Varsh\Desktop\AGEIS\logs\wbgt_monitor_20260728.log
[2026-07-28 17:39:38] [INFO    ] [root] ============================================================
[2026-07-28 17:39:38] [INFO    ] [__main__] WBGT Monitor starting up
[2026-07-28 17:39:39] [INFO    ] [__main__] Database initialised
[2026-07-28 17:39:39] [INFO    ] [__main__] [READING] zone=Warehouse | timestamp=2026-07-22T21:00:00
[2026-07-28 17:39:39] [DEBUG   ] [__main__] [READING] raw={"timestamp": "2026-07-22T21:00:00", "factory": "Tata Steel", "zone": "Warehouse", "temperature_unit": "celsius", "temperature": 22.9, "humidity": 0, "globe_temperature": 23.9, "wet_bulb_temperature":
[2026-07-28 17:39:39] [DEBUG   ] [__main__] [VALIDATE] zone=Warehouse | condition=ALL_DATA | missing=[] | flags=[]
[2026-07-28 17:39:39] [ERROR   ] [__main__] [CALC ERROR] zone=Warehouse | timestamp=2026-07-22T21:00:00 | error=WEATHER_API_BASE_URL is not configured.
[2026-07-28 17:39:39] [DEBUG   ] [__main__] Pipeline completed with fault: Calculation error: WEATHER_API_BASE_URL is not configured.
[2026-07-28 17:39:39] [INFO    ] [root] ============================================================
[2026-07-28 17:39:39] [INFO    ] [root] WBGT Monitor logging started
[2026-07-28 17:39:39] [INFO    ] [root] Log file : C:\Users\Varsh\Desktop\AGEIS\logs\wbgt_monitor_20260728.log
[2026-07-28 17:39:39] [INFO    ] [root] ============================================================
[2026-07-28 17:39:39] [INFO    ] [__main__] WBGT Monitor starting up
[2026-07-28 17:39:39] [INFO    ] [__main__] Database initialised
[2026-07-28 17:39:39] [INFO    ] [__main__] [READING] zone=EAF-Bay | timestamp=2026-07-22T22:00:00
[2026-07-28 17:39:39] [DEBUG   ] [__main__] [READING] raw={"timestamp": "2026-07-22T22:00:00", "factory": "Shree Metal Works", "zone": "EAF-Bay", "temperature_unit": "celsius", "temperature": 41.4, "humidity": 51.4, "globe_temperature": 58.4, "wet_bulb_tempe
[2026-07-28 17:39:39] [DEBUG   ] [__main__] [VALIDATE] zone=EAF-Bay | condition=ALL_DATA | missing=[] | flags=[]
[2026-07-28 17:39:39] [INFO    ] [__main__] [CALC] zone=EAF-Bay | ta=41.4 | rh=51.4 | tg=58.4 | tnwb=32.1 | wbgt=39.99
[2026-07-28 17:39:39] [DEBUG   ] [__main__] [CALC] data_quality={'ta': 'sensor', 'rh': 'sensor', 'tg': 'sensor', 'tnwb': 'sensor', 'wbgt': 'calculated'}
[2026-07-28 17:39:39] [INFO    ] [__main__] [CLASSIFY] zone=EAF-Bay | wbgt=39.99 | risk=DANGER | action=Halt heavy work, mandatory rest, evacuate
[2026-07-28 17:39:39] [WARNING ] [__main__] [DANGER ALERT] zone=EAF-Bay | wbgt=39.99 | Halt heavy work, mandatory rest, evacuate
[2026-07-28 17:39:39] [INFO    ] [__main__] [DB] zone=EAF-Bay | db_id=206 | saved OK
[2026-07-28 17:39:39] [INFO    ] [__main__] Pipeline completed OK | db_id=206
[2026-07-28 17:39:40] [INFO    ] [root] ============================================================
[2026-07-28 17:39:40] [INFO    ] [root] WBGT Monitor logging started
[2026-07-28 17:39:40] [INFO    ] [root] Log file : C:\Users\Varsh\Desktop\AGEIS\logs\wbgt_monitor_20260728.log
[2026-07-28 17:39:40] [INFO    ] [root] ============================================================
[2026-07-28 17:39:40] [INFO    ] [__main__] WBGT Monitor starting up
[2026-07-28 17:39:40] [INFO    ] [__main__] Database initialised
[2026-07-28 17:39:40] [INFO    ] [__main__] [READING] zone=Fabrication-Shop | timestamp=2026-07-22T23:00:00
[2026-07-28 17:39:40] [DEBUG   ] [__main__] [READING] raw={"timestamp": "2026-07-22T23:00:00", "factory": "JSW Steel", "zone": "Fabrication-Shop", "temperature_unit": "celsius", "temperature": 20.6, "humidity": 71.1, "globe_temperature": 22.6, "wet_bulb_temp
[2026-07-28 17:39:40] [DEBUG   ] [__main__] [VALIDATE] zone=Fabrication-Shop | condition=ALL_DATA | missing=[] | flags=[]
[2026-07-28 17:39:40] [INFO    ] [__main__] [CALC] zone=Fabrication-Shop | ta=20.6 | rh=71.1 | tg=22.6 | tnwb=16.9792 | wbgt=18.6655
[2026-07-28 17:39:40] [DEBUG   ] [__main__] [CALC] data_quality={'ta': 'sensor', 'rh': 'sensor', 'tg': 'sensor', 'tnwb': 'calculated', 'wbgt': 'calculated'}
[2026-07-28 17:39:40] [INFO    ] [__main__] [CLASSIFY] zone=Fabrication-Shop | wbgt=18.6655 | risk=SAFE | action=Normal work, no restrictions
[2026-07-28 17:39:40] [INFO    ] [__main__] [DB] zone=Fabrication-Shop | db_id=207 | saved OK
[2026-07-28 17:39:40] [INFO    ] [__main__] Pipeline completed OK | db_id=207
[2026-07-28 17:39:40] [INFO    ] [root] ============================================================
[2026-07-28 17:39:40] [INFO    ] [root] WBGT Monitor logging started
[2026-07-28 17:39:40] [INFO    ] [root] Log file : C:\Users\Varsh\Desktop\AGEIS\logs\wbgt_monitor_20260728.log
[2026-07-28 17:39:40] [INFO    ] [root] ============================================================
[2026-07-28 17:39:40] [INFO    ] [__main__] WBGT Monitor starting up
[2026-07-28 17:39:40] [INFO    ] [__main__] Database initialised
[2026-07-28 17:39:40] [INFO    ] [__main__] [READING] zone=Annealing-Line | timestamp=2026-07-23T00:00:00
[2026-07-28 17:39:40] [DEBUG   ] [__main__] [READING] raw={"timestamp": "2026-07-23T00:00:00", "factory": "Shree Metal Works", "zone": "Annealing-Line", "temperature_unit": "celsius", "temperature": 24.4, "humidity": 44.4, "globe_temperature": 27.2, "wet_bul
[2026-07-28 17:39:40] [DEBUG   ] [__main__] [VALIDATE] zone=Annealing-Line | condition=ALL_DATA | missing=[] | flags=[]
[2026-07-28 17:39:40] [INFO    ] [__main__] [CALC] zone=Annealing-Line | ta=24.4 | rh=44.4 | tg=27.2 | tnwb=16.2 | wbgt=19.5
[2026-07-28 17:39:40] [DEBUG   ] [__main__] [CALC] data_quality={'ta': 'sensor', 'rh': 'sensor', 'tg': 'sensor', 'tnwb': 'sensor', 'wbgt': 'calculated'}
[2026-07-28 17:39:40] [INFO    ] [__main__] [CLASSIFY] zone=Annealing-Line | wbgt=19.5 | risk=SAFE | action=Normal work, no restrictions
[2026-07-28 17:39:40] [INFO    ] [__main__] [DB] zone=Annealing-Line | db_id=208 | saved OK
[2026-07-28 17:39:40] [INFO    ] [__main__] Pipeline completed OK | db_id=208
[2026-07-28 17:39:41] [INFO    ] [root] ============================================================
[2026-07-28 17:39:41] [INFO    ] [root] WBGT Monitor logging started
[2026-07-28 17:39:41] [INFO    ] [root] Log file : C:\Users\Varsh\Desktop\AGEIS\logs\wbgt_monitor_20260728.log
[2026-07-28 17:39:41] [INFO    ] [root] ============================================================
[2026-07-28 17:39:41] [INFO    ] [__main__] WBGT Monitor starting up
[2026-07-28 17:39:41] [INFO    ] [__main__] Database initialised
[2026-07-28 17:39:41] [INFO    ] [__main__] [READING] zone=Ladle-Metallurgy | timestamp=2026-07-23T01:00:00
[2026-07-28 17:39:41] [DEBUG   ] [__main__] [READING] raw={"timestamp": "2026-07-23T01:00:00", "factory": "Ganesh Alloys", "zone": "Ladle-Metallurgy", "temperature_unit": "celsius", "temperature": 30.0, "humidity": 0, "globe_temperature": 43.1, "wet_bulb_tem
[2026-07-28 17:39:41] [DEBUG   ] [__main__] [VALIDATE] zone=Ladle-Metallurgy | condition=ALL_DATA | missing=[] | flags=[]
[2026-07-28 17:39:41] [ERROR   ] [__main__] [CALC ERROR] zone=Ladle-Metallurgy | timestamp=2026-07-23T01:00:00 | error=WEATHER_API_BASE_URL is not configured.
[2026-07-28 17:39:41] [DEBUG   ] [__main__] Pipeline completed with fault: Calculation error: WEATHER_API_BASE_URL is not configured.
[2026-07-28 17:39:41] [INFO    ] [root] ============================================================
[2026-07-28 17:39:41] [INFO    ] [root] WBGT Monitor logging started
[2026-07-28 17:39:41] [INFO    ] [root] Log file : C:\Users\Varsh\Desktop\AGEIS\logs\wbgt_monitor_20260728.log
[2026-07-28 17:39:41] [INFO    ] [root] ============================================================
[2026-07-28 17:39:41] [INFO    ] [__main__] WBGT Monitor starting up
[2026-07-28 17:39:41] [INFO    ] [__main__] Database initialised
[2026-07-28 17:39:41] [INFO    ] [__main__] [READING] zone=Rolling-Mill | timestamp=2026-07-23T02:00:00
[2026-07-28 17:39:41] [DEBUG   ] [__main__] [READING] raw={"timestamp": "2026-07-23T02:00:00", "factory": "Shree Metal Works", "zone": "Rolling-Mill", "temperature_unit": "celsius", "temperature": 27.3, "humidity": 57.4, "globe_temperature": 35.0, "wet_bulb_
[2026-07-28 17:39:41] [DEBUG   ] [__main__] [VALIDATE] zone=Rolling-Mill | condition=ALL_DATA | missing=[] | flags=[]
[2026-07-28 17:39:41] [INFO    ] [__main__] [CALC] zone=Rolling-Mill | ta=27.3 | rh=57.4 | tg=35.0 | tnwb=20.7 | wbgt=24.99
[2026-07-28 17:39:41] [DEBUG   ] [__main__] [CALC] data_quality={'ta': 'sensor', 'rh': 'sensor', 'tg': 'sensor', 'tnwb': 'sensor', 'wbgt': 'calculated'}
[2026-07-28 17:39:41] [INFO    ] [__main__] [CLASSIFY] zone=Rolling-Mill | wbgt=24.99 | risk=SAFE | action=Normal work, no restrictions
[2026-07-28 17:39:41] [INFO    ] [__main__] [DB] zone=Rolling-Mill | db_id=209 | saved OK
[2026-07-28 17:39:41] [INFO    ] [__main__] Pipeline completed OK | db_id=209
[2026-07-28 17:39:42] [INFO    ] [root] ============================================================
[2026-07-28 17:39:42] [INFO    ] [root] WBGT Monitor logging started
[2026-07-28 17:39:42] [INFO    ] [root] Log file : C:\Users\Varsh\Desktop\AGEIS\logs\wbgt_monitor_20260728.log
[2026-07-28 17:39:42] [INFO    ] [root] ============================================================
[2026-07-28 17:39:42] [INFO    ] [__main__] WBGT Monitor starting up
[2026-07-28 17:39:42] [INFO    ] [__main__] Database initialised
[2026-07-28 17:39:42] [INFO    ] [__main__] [READING] zone=Annealing-Line | timestamp=2026-07-23T03:00:00
[2026-07-28 17:39:42] [DEBUG   ] [__main__] [READING] raw={"timestamp": "2026-07-23T03:00:00", "factory": "Vedanta", "zone": "Annealing-Line", "temperature_unit": "celsius", "temperature": 26.8, "humidity": 51.0, "globe_temperature": 33.2, "wet_bulb_temperat
[2026-07-28 17:39:42] [DEBUG   ] [__main__] [VALIDATE] zone=Annealing-Line | condition=ALL_DATA | missing=[] | flags=[]
[2026-07-28 17:39:42] [INFO    ] [__main__] [CALC] zone=Annealing-Line | ta=26.8 | rh=51.0 | tg=33.2 | tnwb=19.6 | wbgt=23.68
[2026-07-28 17:39:42] [DEBUG   ] [__main__] [CALC] data_quality={'ta': 'sensor', 'rh': 'sensor', 'tg': 'sensor', 'tnwb': 'sensor', 'wbgt': 'calculated'}
[2026-07-28 17:39:42] [INFO    ] [__main__] [CLASSIFY] zone=Annealing-Line | wbgt=23.68 | risk=SAFE | action=Normal work, no restrictions
[2026-07-28 17:39:42] [INFO    ] [__main__] [DB] zone=Annealing-Line | db_id=210 | saved OK
[2026-07-28 17:39:42] [INFO    ] [__main__] Pipeline completed OK | db_id=210
[2026-07-28 17:39:43] [INFO    ] [root] ============================================================
[2026-07-28 17:39:43] [INFO    ] [root] WBGT Monitor logging started
[2026-07-28 17:39:43] [INFO    ] [root] Log file : C:\Users\Varsh\Desktop\AGEIS\logs\wbgt_monitor_20260728.log
[2026-07-28 17:39:43] [INFO    ] [root] ============================================================
[2026-07-28 17:39:43] [INFO    ] [__main__] WBGT Monitor starting up
[2026-07-28 17:39:43] [INFO    ] [__main__] Database initialised
[2026-07-28 17:39:43] [INFO    ] [__main__] [READING] zone=Fabrication-Shop | timestamp=2026-07-23T04:00:00
[2026-07-28 17:39:43] [DEBUG   ] [__main__] [READING] raw={"timestamp": "2026-07-23T04:00:00", "factory": "Ganesh Alloys", "zone": "Fabrication-Shop", "temperature_unit": "celsius", "temperature": 22.4, "humidity": 66.9, "globe_temperature": 16.9, "wet_bulb_
[2026-07-28 17:39:43] [DEBUG   ] [__main__] [VALIDATE] zone=Fabrication-Shop | condition=None | missing=[] | flags=[]
[2026-07-28 17:39:43] [DEBUG   ] [__main__] [FAULT] zone=Fabrication-Shop | timestamp=2026-07-23T04:00:00 | reason=SENSOR_FAULT: globe_temp_c=16.9 is less than air_temp_c=22.4.
[2026-07-28 17:39:43] [DEBUG   ] [__main__] Pipeline completed with fault: SENSOR_FAULT: globe_temp_c=16.9 is less than air_temp_c=22.4.
[2026-07-28 17:39:43] [INFO    ] [root] ============================================================
[2026-07-28 17:39:43] [INFO    ] [root] WBGT Monitor logging started
[2026-07-28 17:39:43] [INFO    ] [root] Log file : C:\Users\Varsh\Desktop\AGEIS\logs\wbgt_monitor_20260728.log
[2026-07-28 17:39:43] [INFO    ] [root] ============================================================
[2026-07-28 17:39:43] [INFO    ] [__main__] WBGT Monitor starting up
[2026-07-28 17:39:43] [INFO    ] [__main__] Database initialised
[2026-07-28 17:39:43] [INFO    ] [__main__] [READING] zone=Loading-Dock | timestamp=2026-07-23T05:00:00
[2026-07-28 17:39:43] [DEBUG   ] [__main__] [READING] raw={"timestamp": "2026-07-23T05:00:00", "factory": "JSPL", "zone": "Loading-Dock", "temperature_unit": "celsius", "temperature": 19.6, "humidity": 47.8, "globe_temperature": 21.5, "wet_bulb_temperature":
[2026-07-28 17:39:43] [DEBUG   ] [__main__] [VALIDATE] zone=Loading-Dock | condition=ALL_DATA | missing=[] | flags=[]
[2026-07-28 17:39:43] [INFO    ] [__main__] [CALC] zone=Loading-Dock | ta=19.6 | rh=47.8 | tg=21.5 | tnwb=13.2 | wbgt=15.69
[2026-07-28 17:39:43] [DEBUG   ] [__main__] [CALC] data_quality={'ta': 'sensor', 'rh': 'sensor', 'tg': 'sensor', 'tnwb': 'sensor', 'wbgt': 'calculated'}
[2026-07-28 17:39:43] [INFO    ] [__main__] [CLASSIFY] zone=Loading-Dock | wbgt=15.69 | risk=SAFE | action=Normal work, no restrictions
[2026-07-28 17:39:43] [INFO    ] [__main__] [DB] zone=Loading-Dock | db_id=211 | saved OK
[2026-07-28 17:39:43] [INFO    ] [__main__] Pipeline completed OK | db_id=211
[2026-07-28 17:39:44] [INFO    ] [root] ============================================================
[2026-07-28 17:39:44] [INFO    ] [root] WBGT Monitor logging started
[2026-07-28 17:39:44] [INFO    ] [root] Log file : C:\Users\Varsh\Desktop\AGEIS\logs\wbgt_monitor_20260728.log
[2026-07-28 17:39:44] [INFO    ] [root] ============================================================
[2026-07-28 17:39:44] [INFO    ] [__main__] WBGT Monitor starting up
[2026-07-28 17:39:44] [INFO    ] [__main__] Database initialised
[2026-07-28 17:39:44] [INFO    ] [__main__] [READING] zone=Furnace-1 | timestamp=2026-07-23T06:00:00
[2026-07-28 17:39:44] [DEBUG   ] [__main__] [READING] raw={"timestamp": "2026-07-23T06:00:00", "factory": "SAIL", "zone": "Furnace-1", "temperature_unit": "celsius", "temperature": 47.0, "humidity": 48.9, "globe_temperature": 69.2, "wet_bulb_temperature": 36
[2026-07-28 17:39:44] [DEBUG   ] [__main__] [VALIDATE] zone=Furnace-1 | condition=ALL_DATA | missing=[] | flags=[]
[2026-07-28 17:39:44] [INFO    ] [__main__] [CALC] zone=Furnace-1 | ta=47.0 | rh=48.9 | tg=69.2 | tnwb=36.3 | wbgt=46.17
[2026-07-28 17:39:44] [DEBUG   ] [__main__] [CALC] data_quality={'ta': 'sensor', 'rh': 'sensor', 'tg': 'sensor', 'tnwb': 'sensor', 'wbgt': 'calculated'}
[2026-07-28 17:39:44] [INFO    ] [__main__] [CLASSIFY] zone=Furnace-1 | wbgt=46.17 | risk=DANGER | action=Halt heavy work, mandatory rest, evacuate
[2026-07-28 17:39:44] [WARNING ] [__main__] [DANGER ALERT] zone=Furnace-1 | wbgt=46.17 | Halt heavy work, mandatory rest, evacuate
[2026-07-28 17:39:44] [INFO    ] [__main__] [DB] zone=Furnace-1 | db_id=212 | saved OK
[2026-07-28 17:39:44] [INFO    ] [__main__] Pipeline completed OK | db_id=212
[2026-07-28 17:39:45] [INFO    ] [root] ============================================================
[2026-07-28 17:39:45] [INFO    ] [root] WBGT Monitor logging started
[2026-07-28 17:39:45] [INFO    ] [root] Log file : C:\Users\Varsh\Desktop\AGEIS\logs\wbgt_monitor_20260728.log
[2026-07-28 17:39:45] [INFO    ] [root] ============================================================
[2026-07-28 17:39:45] [INFO    ] [__main__] WBGT Monitor starting up
[2026-07-28 17:39:45] [INFO    ] [__main__] Database initialised
[2026-07-28 17:39:45] [INFO    ] [__main__] [READING] zone=Warehouse | timestamp=2026-07-23T07:00:00
[2026-07-28 17:39:45] [DEBUG   ] [__main__] [READING] raw={"timestamp": "2026-07-23T07:00:00", "factory": "Shree Metal Works", "zone": "Warehouse", "temperature_unit": "celsius", "temperature": 23.0, "humidity": 70.0, "globe_temperature": 25.2, "wet_bulb_tem
[2026-07-28 17:39:45] [DEBUG   ] [__main__] [VALIDATE] zone=Warehouse | condition=ALL_DATA | missing=[] | flags=[]
[2026-07-28 17:39:45] [INFO    ] [__main__] [CALC] zone=Warehouse | ta=23.0 | rh=70.0 | tg=25.2 | tnwb=19.1 | wbgt=20.93
[2026-07-28 17:39:45] [DEBUG   ] [__main__] [CALC] data_quality={'ta': 'sensor', 'rh': 'sensor', 'tg': 'sensor', 'tnwb': 'sensor', 'wbgt': 'calculated'}
[2026-07-28 17:39:45] [INFO    ] [__main__] [CLASSIFY] zone=Warehouse | wbgt=20.93 | risk=SAFE | action=Normal work, no restrictions
[2026-07-28 17:39:45] [INFO    ] [__main__] [DB] zone=Warehouse | db_id=213 | saved OK
[2026-07-28 17:39:45] [INFO    ] [__main__] Pipeline completed OK | db_id=213
[2026-07-28 17:39:45] [INFO    ] [root] ============================================================
[2026-07-28 17:39:45] [INFO    ] [root] WBGT Monitor logging started
[2026-07-28 17:39:45] [INFO    ] [root] Log file : C:\Users\Varsh\Desktop\AGEIS\logs\wbgt_monitor_20260728.log
[2026-07-28 17:39:45] [INFO    ] [root] ============================================================
[2026-07-28 17:39:45] [INFO    ] [__main__] WBGT Monitor starting up
[2026-07-28 17:39:45] [INFO    ] [__main__] Database initialised
[2026-07-28 17:39:45] [INFO    ] [__main__] [READING] zone=Furnace-2 | timestamp=2026-07-23T08:00:00
[2026-07-28 17:39:45] [DEBUG   ] [__main__] [READING] raw={"timestamp": "2026-07-23T08:00:00", "factory": "Tata Steel", "zone": "Furnace-2", "temperature_unit": "celsius", "temperature": 33.1, "humidity": 122.8, "globe_temperature": 49.2, "wet_bulb_temperatu
[2026-07-28 17:39:45] [DEBUG   ] [__main__] [VALIDATE] zone=Furnace-2 | condition=None | missing=[] | flags=[]
[2026-07-28 17:39:45] [DEBUG   ] [__main__] [FAULT] zone=Furnace-2 | timestamp=2026-07-23T08:00:00 | reason=SENSOR_FAULT: relative_humidity_pct=122.8 is out of valid range 0–100 %.
[2026-07-28 17:39:45] [DEBUG   ] [__main__] Pipeline completed with fault: SENSOR_FAULT: relative_humidity_pct=122.8 is out of valid range 0–100 %.
[2026-07-28 17:39:46] [INFO    ] [root] ============================================================
[2026-07-28 17:39:46] [INFO    ] [root] WBGT Monitor logging started
[2026-07-28 17:39:46] [INFO    ] [root] Log file : C:\Users\Varsh\Desktop\AGEIS\logs\wbgt_monitor_20260728.log
[2026-07-28 17:39:46] [INFO    ] [root] ============================================================
[2026-07-28 17:39:46] [INFO    ] [__main__] WBGT Monitor starting up
[2026-07-28 17:39:46] [INFO    ] [__main__] Database initialised
[2026-07-28 17:39:46] [INFO    ] [__main__] [READING] zone=Continuous-Casting | timestamp=2026-07-23T09:00:00
[2026-07-28 17:39:46] [DEBUG   ] [__main__] [READING] raw={"timestamp": "2026-07-23T09:00:00", "factory": "Ganesh Alloys", "zone": "Continuous-Casting", "temperature_unit": "celsius", "temperature": 33.8, "humidity": 60.0, "globe_temperature": 49.3, "wet_bul
[2026-07-28 17:39:46] [DEBUG   ] [__main__] [VALIDATE] zone=Continuous-Casting | condition=ALL_DATA | missing=[] | flags=[]
[2026-07-28 17:39:46] [INFO    ] [__main__] [CALC] zone=Continuous-Casting | ta=33.8 | rh=60.0 | tg=49.3 | tnwb=27.8 | wbgt=34.25
[2026-07-28 17:39:46] [DEBUG   ] [__main__] [CALC] data_quality={'ta': 'sensor', 'rh': 'sensor', 'tg': 'sensor', 'tnwb': 'sensor', 'wbgt': 'calculated'}
[2026-07-28 17:39:46] [INFO    ] [__main__] [CLASSIFY] zone=Continuous-Casting | wbgt=34.25 | risk=DANGER | action=Halt heavy work, mandatory rest, evacuate
[2026-07-28 17:39:46] [WARNING ] [__main__] [DANGER ALERT] zone=Continuous-Casting | wbgt=34.25 | Halt heavy work, mandatory rest, evacuate
[2026-07-28 17:39:46] [INFO    ] [__main__] [DB] zone=Continuous-Casting | db_id=214 | saved OK
[2026-07-28 17:39:46] [INFO    ] [__main__] Pipeline completed OK | db_id=214
[2026-07-28 17:39:46] [INFO    ] [root] ============================================================
[2026-07-28 17:39:46] [INFO    ] [root] WBGT Monitor logging started
[2026-07-28 17:39:46] [INFO    ] [root] Log file : C:\Users\Varsh\Desktop\AGEIS\logs\wbgt_monitor_20260728.log
[2026-07-28 17:39:46] [INFO    ] [root] ============================================================
[2026-07-28 17:39:46] [INFO    ] [__main__] WBGT Monitor starting up
[2026-07-28 17:39:46] [INFO    ] [__main__] Database initialised
[2026-07-28 17:39:46] [INFO    ] [__main__] [READING] zone=Rolling-Mill | timestamp=2026-07-23T10:00:00
[2026-07-28 17:39:46] [DEBUG   ] [__main__] [READING] raw={"timestamp": "2026-07-23T10:00:00", "factory": "Shree Metal Works", "zone": "Rolling-Mill", "temperature_unit": "celsius", "temperature": 36.4, "humidity": 57.3, "globe_temperature": 34.2, "wet_bulb_
[2026-07-28 17:39:46] [DEBUG   ] [__main__] [VALIDATE] zone=Rolling-Mill | condition=None | missing=[] | flags=[]
[2026-07-28 17:39:46] [DEBUG   ] [__main__] [FAULT] zone=Rolling-Mill | timestamp=2026-07-23T10:00:00 | reason=SENSOR_FAULT: globe_temp_c=34.2 is less than air_temp_c=36.4.
[2026-07-28 17:39:46] [DEBUG   ] [__main__] Pipeline completed with fault: SENSOR_FAULT: globe_temp_c=34.2 is less than air_temp_c=36.4.
[2026-07-28 17:39:47] [INFO    ] [root] ============================================================
[2026-07-28 17:39:47] [INFO    ] [root] WBGT Monitor logging started
[2026-07-28 17:39:47] [INFO    ] [root] Log file : C:\Users\Varsh\Desktop\AGEIS\logs\wbgt_monitor_20260728.log
[2026-07-28 17:39:47] [INFO    ] [root] ============================================================
[2026-07-28 17:39:47] [INFO    ] [__main__] WBGT Monitor starting up
[2026-07-28 17:39:47] [INFO    ] [__main__] Database initialised
[2026-07-28 17:39:47] [INFO    ] [__main__] [READING] zone=Ladle-Metallurgy | timestamp=2026-07-23T11:00:00
[2026-07-28 17:39:47] [DEBUG   ] [__main__] [READING] raw={"timestamp": "2026-07-23T11:00:00", "factory": "SAIL", "zone": "Ladle-Metallurgy", "temperature_unit": "celsius", "temperature": 37.1, "humidity": 43.1, "globe_temperature": 49.6, "wet_bulb_temperatu
[2026-07-28 17:39:47] [DEBUG   ] [__main__] [VALIDATE] zone=Ladle-Metallurgy | condition=ALL_DATA | missing=[] | flags=[]
[2026-07-28 17:39:47] [INFO    ] [__main__] [CALC] zone=Ladle-Metallurgy | ta=37.1 | rh=43.1 | tg=49.6 | tnwb=26.7 | wbgt=33.57
[2026-07-28 17:39:47] [DEBUG   ] [__main__] [CALC] data_quality={'ta': 'sensor', 'rh': 'sensor', 'tg': 'sensor', 'tnwb': 'sensor', 'wbgt': 'calculated'}
[2026-07-28 17:39:47] [INFO    ] [__main__] [CLASSIFY] zone=Ladle-Metallurgy | wbgt=33.57 | risk=DANGER | action=Halt heavy work, mandatory rest, evacuate
[2026-07-28 17:39:47] [WARNING ] [__main__] [DANGER ALERT] zone=Ladle-Metallurgy | wbgt=33.57 | Halt heavy work, mandatory rest, evacuate
[2026-07-28 17:39:47] [INFO    ] [__main__] [DB] zone=Ladle-Metallurgy | db_id=215 | saved OK
[2026-07-28 17:39:47] [INFO    ] [__main__] Pipeline completed OK | db_id=215
[2026-07-28 17:39:48] [INFO    ] [root] ============================================================
[2026-07-28 17:39:48] [INFO    ] [root] WBGT Monitor logging started
[2026-07-28 17:39:48] [INFO    ] [root] Log file : C:\Users\Varsh\Desktop\AGEIS\logs\wbgt_monitor_20260728.log
[2026-07-28 17:39:48] [INFO    ] [root] ============================================================
[2026-07-28 17:39:48] [INFO    ] [__main__] WBGT Monitor starting up
[2026-07-28 17:39:48] [INFO    ] [__main__] Database initialised
[2026-07-28 17:39:48] [INFO    ] [__main__] [READING] zone=EAF-Bay | timestamp=2026-07-23T12:00:00
[2026-07-28 17:39:48] [DEBUG   ] [__main__] [READING] raw={"timestamp": "2026-07-23T12:00:00", "factory": "JSPL", "zone": "EAF-Bay", "temperature_unit": "celsius", "temperature": 41.3, "humidity": 28.4, "globe_temperature": 0, "wet_bulb_temperature": 26.5}
[2026-07-28 17:39:48] [DEBUG   ] [__main__] [VALIDATE] zone=EAF-Bay | condition=None | missing=[] | flags=[]
[2026-07-28 17:39:48] [DEBUG   ] [__main__] [FAULT] zone=EAF-Bay | timestamp=2026-07-23T12:00:00 | reason=SENSOR_FAULT: globe_temp_c=0.0 is less than air_temp_c=41.3.
[2026-07-28 17:39:48] [DEBUG   ] [__main__] Pipeline completed with fault: SENSOR_FAULT: globe_temp_c=0.0 is less than air_temp_c=41.3.
[2026-07-28 17:39:48] [INFO    ] [root] ============================================================
[2026-07-28 17:39:48] [INFO    ] [root] WBGT Monitor logging started
[2026-07-28 17:39:48] [INFO    ] [root] Log file : C:\Users\Varsh\Desktop\AGEIS\logs\wbgt_monitor_20260728.log
[2026-07-28 17:39:48] [INFO    ] [root] ============================================================
[2026-07-28 17:39:48] [INFO    ] [__main__] WBGT Monitor starting up
[2026-07-28 17:39:48] [INFO    ] [__main__] Database initialised
[2026-07-28 17:39:48] [INFO    ] [__main__] [READING] zone=Furnace-2 | timestamp=2026-07-23T13:00:00
[2026-07-28 17:39:48] [DEBUG   ] [__main__] [READING] raw={"timestamp": "2026-07-23T13:00:00", "factory": "Vedanta", "zone": "Furnace-2", "temperature_unit": "celsius", "temperature": 38.0, "humidity": 43.1, "globe_temperature": 56.3, "wet_bulb_temperature":
[2026-07-28 17:39:48] [DEBUG   ] [__main__] [VALIDATE] zone=Furnace-2 | condition=ALL_DATA | missing=[] | flags=[]
[2026-07-28 17:39:48] [INFO    ] [__main__] [CALC] zone=Furnace-2 | ta=38.0 | rh=43.1 | tg=56.3 | tnwb=27.9 | wbgt=36.42
[2026-07-28 17:39:48] [DEBUG   ] [__main__] [CALC] data_quality={'ta': 'sensor', 'rh': 'sensor', 'tg': 'sensor', 'tnwb': 'sensor', 'wbgt': 'calculated'}
[2026-07-28 17:39:48] [INFO    ] [__main__] [CLASSIFY] zone=Furnace-2 | wbgt=36.42 | risk=DANGER | action=Halt heavy work, mandatory rest, evacuate
[2026-07-28 17:39:48] [WARNING ] [__main__] [DANGER ALERT] zone=Furnace-2 | wbgt=36.42 | Halt heavy work, mandatory rest, evacuate
[2026-07-28 17:39:48] [INFO    ] [__main__] [DB] zone=Furnace-2 | db_id=216 | saved OK
[2026-07-28 17:39:48] [INFO    ] [__main__] Pipeline completed OK | db_id=216
[2026-07-28 17:39:49] [INFO    ] [root] ============================================================
[2026-07-28 17:39:49] [INFO    ] [root] WBGT Monitor logging started
[2026-07-28 17:39:49] [INFO    ] [root] Log file : C:\Users\Varsh\Desktop\AGEIS\logs\wbgt_monitor_20260728.log
[2026-07-28 17:39:49] [INFO    ] [root] ============================================================
[2026-07-28 17:39:49] [INFO    ] [__main__] WBGT Monitor starting up
[2026-07-28 17:39:49] [INFO    ] [__main__] Database initialised
[2026-07-28 17:39:49] [INFO    ] [__main__] [READING] zone=EAF-Bay | timestamp=2026-07-23T14:00:00
[2026-07-28 17:39:49] [DEBUG   ] [__main__] [READING] raw={"timestamp": "2026-07-23T14:00:00", "factory": "SAIL", "zone": "EAF-Bay", "temperature_unit": "celsius", "temperature": 40.4, "humidity": 35.2, "globe_temperature": 60.3, "wet_bulb_temperature": 27.5
[2026-07-28 17:39:49] [DEBUG   ] [__main__] [VALIDATE] zone=EAF-Bay | condition=ALL_DATA | missing=[] | flags=[]
[2026-07-28 17:39:49] [INFO    ] [__main__] [CALC] zone=EAF-Bay | ta=40.4 | rh=35.2 | tg=60.3 | tnwb=27.5 | wbgt=37.34
[2026-07-28 17:39:49] [DEBUG   ] [__main__] [CALC] data_quality={'ta': 'sensor', 'rh': 'sensor', 'tg': 'sensor', 'tnwb': 'sensor', 'wbgt': 'calculated'}
[2026-07-28 17:39:49] [INFO    ] [__main__] [CLASSIFY] zone=EAF-Bay | wbgt=37.34 | risk=DANGER | action=Halt heavy work, mandatory rest, evacuate
[2026-07-28 17:39:49] [WARNING ] [__main__] [DANGER ALERT] zone=EAF-Bay | wbgt=37.34 | Halt heavy work, mandatory rest, evacuate
[2026-07-28 17:39:49] [INFO    ] [__main__] [DB] zone=EAF-Bay | db_id=217 | saved OK
[2026-07-28 17:39:49] [INFO    ] [__main__] Pipeline completed OK | db_id=217
[2026-07-28 17:39:50] [INFO    ] [root] ============================================================
[2026-07-28 17:39:50] [INFO    ] [root] WBGT Monitor logging started
[2026-07-28 17:39:50] [INFO    ] [root] Log file : C:\Users\Varsh\Desktop\AGEIS\logs\wbgt_monitor_20260728.log
[2026-07-28 17:39:50] [INFO    ] [root] ============================================================
[2026-07-28 17:39:50] [INFO    ] [__main__] WBGT Monitor starting up
[2026-07-28 17:39:50] [INFO    ] [__main__] Database initialised
[2026-07-28 17:39:50] [INFO    ] [__main__] [READING] zone=Fabrication-Shop | timestamp=2026-07-23T15:00:00
[2026-07-28 17:39:50] [DEBUG   ] [__main__] [READING] raw={"timestamp": "2026-07-23T15:00:00", "factory": "SAIL", "zone": "Fabrication-Shop", "temperature_unit": "celsius", "temperature": 31.9, "humidity": 59.2, "globe_temperature": 33.8, "wet_bulb_temperatu
[2026-07-28 17:39:50] [DEBUG   ] [__main__] [VALIDATE] zone=Fabrication-Shop | condition=ALL_DATA | missing=[] | flags=[]
[2026-07-28 17:39:50] [INFO    ] [__main__] [CALC] zone=Fabrication-Shop | ta=31.9 | rh=59.2 | tg=33.8 | tnwb=25.7 | wbgt=28.13
[2026-07-28 17:39:50] [DEBUG   ] [__main__] [CALC] data_quality={'ta': 'sensor', 'rh': 'sensor', 'tg': 'sensor', 'tnwb': 'sensor', 'wbgt': 'calculated'}
[2026-07-28 17:39:50] [INFO    ] [__main__] [CLASSIFY] zone=Fabrication-Shop | wbgt=28.13 | risk=CAUTION | action=Increase water breaks
[2026-07-28 17:39:50] [INFO    ] [__main__] [DB] zone=Fabrication-Shop | db_id=218 | saved OK
[2026-07-28 17:39:50] [INFO    ] [__main__] Pipeline completed OK | db_id=218
[2026-07-28 17:39:51] [INFO    ] [root] ============================================================
[2026-07-28 17:39:51] [INFO    ] [root] WBGT Monitor logging started
[2026-07-28 17:39:51] [INFO    ] [root] Log file : C:\Users\Varsh\Desktop\AGEIS\logs\wbgt_monitor_20260728.log
[2026-07-28 17:39:51] [INFO    ] [root] ============================================================
[2026-07-28 17:39:51] [INFO    ] [__main__] WBGT Monitor starting up
[2026-07-28 17:39:51] [INFO    ] [__main__] Database initialised
[2026-07-28 17:39:51] [INFO    ] [__main__] [READING] zone=Loading-Dock | timestamp=2026-07-23T16:00:00
[2026-07-28 17:39:51] [DEBUG   ] [__main__] [READING] raw={"timestamp": "2026-07-23T16:00:00", "factory": "Ganesh Alloys", "zone": "Loading-Dock", "temperature_unit": "celsius", "temperature": 25.5, "humidity": 57.6, "globe_temperature": 27.3, "wet_bulb_temp
[2026-07-28 17:39:51] [DEBUG   ] [__main__] [VALIDATE] zone=Loading-Dock | condition=ALL_DATA | missing=[] | flags=[]
[2026-07-28 17:39:51] [INFO    ] [__main__] [CALC] zone=Loading-Dock | ta=25.5 | rh=57.6 | tg=27.3 | tnwb=19.3 | wbgt=21.7
[2026-07-28 17:39:51] [DEBUG   ] [__main__] [CALC] data_quality={'ta': 'sensor', 'rh': 'sensor', 'tg': 'sensor', 'tnwb': 'sensor', 'wbgt': 'calculated'}
[2026-07-28 17:39:51] [INFO    ] [__main__] [CLASSIFY] zone=Loading-Dock | wbgt=21.7 | risk=SAFE | action=Normal work, no restrictions
[2026-07-28 17:39:51] [INFO    ] [__main__] [DB] zone=Loading-Dock | db_id=219 | saved OK
[2026-07-28 17:39:51] [INFO    ] [__main__] Pipeline completed OK | db_id=219
[2026-07-28 17:39:51] [INFO    ] [root] ============================================================
[2026-07-28 17:39:51] [INFO    ] [root] WBGT Monitor logging started
[2026-07-28 17:39:51] [INFO    ] [root] Log file : C:\Users\Varsh\Desktop\AGEIS\logs\wbgt_monitor_20260728.log
[2026-07-28 17:39:51] [INFO    ] [root] ============================================================
[2026-07-28 17:39:51] [INFO    ] [__main__] WBGT Monitor starting up
[2026-07-28 17:39:51] [INFO    ] [__main__] Database initialised
[2026-07-28 17:39:51] [INFO    ] [__main__] [READING] zone=Rolling-Mill | timestamp=2026-07-23T17:00:00
[2026-07-28 17:39:51] [DEBUG   ] [__main__] [READING] raw={"timestamp": "2026-07-23T17:00:00", "factory": "Ganesh Alloys", "zone": "Rolling-Mill", "temperature_unit": "celsius", "temperature": 35.9, "humidity": 56.0, "globe_temperature": 43.2, "wet_bulb_temp
[2026-07-28 17:39:51] [DEBUG   ] [__main__] [VALIDATE] zone=Rolling-Mill | condition=ALL_DATA | missing=[] | flags=[]
[2026-07-28 17:39:51] [INFO    ] [__main__] [CALC] zone=Rolling-Mill | ta=35.9 | rh=56.0 | tg=43.2 | tnwb=41.1 | wbgt=41.73
[2026-07-28 17:39:51] [DEBUG   ] [__main__] [CALC] data_quality={'ta': 'sensor', 'rh': 'sensor', 'tg': 'sensor', 'tnwb': 'sensor', 'wbgt': 'calculated'}
[2026-07-28 17:39:51] [INFO    ] [__main__] [CLASSIFY] zone=Rolling-Mill | wbgt=41.73 | risk=DANGER | action=Halt heavy work, mandatory rest, evacuate
[2026-07-28 17:39:51] [WARNING ] [__main__] [DANGER ALERT] zone=Rolling-Mill | wbgt=41.73 | Halt heavy work, mandatory rest, evacuate
[2026-07-28 17:39:51] [INFO    ] [__main__] [DB] zone=Rolling-Mill | db_id=220 | saved OK
[2026-07-28 17:39:51] [INFO    ] [__main__] Pipeline completed OK | db_id=220
[2026-07-28 17:39:52] [INFO    ] [root] ============================================================
[2026-07-28 17:39:52] [INFO    ] [root] WBGT Monitor logging started
[2026-07-28 17:39:52] [INFO    ] [root] Log file : C:\Users\Varsh\Desktop\AGEIS\logs\wbgt_monitor_20260728.log
[2026-07-28 17:39:52] [INFO    ] [root] ============================================================
[2026-07-28 17:39:52] [INFO    ] [__main__] WBGT Monitor starting up
[2026-07-28 17:39:52] [INFO    ] [__main__] Database initialised
[2026-07-28 17:39:52] [INFO    ] [__main__] [READING] zone=Continuous-Casting | timestamp=2026-07-23T18:00:00
[2026-07-28 17:39:52] [DEBUG   ] [__main__] [READING] raw={"timestamp": "2026-07-23T18:00:00", "factory": "Tata Steel", "zone": "Continuous-Casting", "temperature_unit": "celsius", "temperature": 31.9, "humidity": 52.8, "globe_temperature": 0, "wet_bulb_temp
[2026-07-28 17:39:52] [DEBUG   ] [__main__] [VALIDATE] zone=Continuous-Casting | condition=None | missing=[] | flags=[]
[2026-07-28 17:39:52] [DEBUG   ] [__main__] [FAULT] zone=Continuous-Casting | timestamp=2026-07-23T18:00:00 | reason=SENSOR_FAULT: globe_temp_c=0.0 is less than air_temp_c=31.9.
[2026-07-28 17:39:52] [DEBUG   ] [__main__] Pipeline completed with fault: SENSOR_FAULT: globe_temp_c=0.0 is less than air_temp_c=31.9.
[2026-07-28 17:39:53] [INFO    ] [root] ============================================================
[2026-07-28 17:39:53] [INFO    ] [root] WBGT Monitor logging started
[2026-07-28 17:39:53] [INFO    ] [root] Log file : C:\Users\Varsh\Desktop\AGEIS\logs\wbgt_monitor_20260728.log
[2026-07-28 17:39:53] [INFO    ] [root] ============================================================
[2026-07-28 17:39:53] [INFO    ] [__main__] WBGT Monitor starting up
[2026-07-28 17:39:53] [INFO    ] [__main__] Database initialised
[2026-07-28 17:39:53] [INFO    ] [__main__] [READING] zone=Warehouse | timestamp=2026-07-23T19:00:00
[2026-07-28 17:39:53] [DEBUG   ] [__main__] [READING] raw={"timestamp": "2026-07-23T19:00:00", "factory": "SAIL", "zone": "Warehouse", "temperature_unit": "celsius", "temperature": 39.0, "humidity": 61.4, "globe_temperature": 46.0, "wet_bulb_temperature": 32
[2026-07-28 17:39:53] [DEBUG   ] [__main__] [VALIDATE] zone=Warehouse | condition=ALL_DATA | missing=[] | flags=[]
[2026-07-28 17:39:53] [INFO    ] [__main__] [CALC] zone=Warehouse | ta=39.0 | rh=61.4 | tg=46.0 | tnwb=32.3 | wbgt=36.41
[2026-07-28 17:39:53] [DEBUG   ] [__main__] [CALC] data_quality={'ta': 'sensor', 'rh': 'sensor', 'tg': 'sensor', 'tnwb': 'sensor', 'wbgt': 'calculated'}
[2026-07-28 17:39:53] [INFO    ] [__main__] [CLASSIFY] zone=Warehouse | wbgt=36.41 | risk=DANGER | action=Halt heavy work, mandatory rest, evacuate
[2026-07-28 17:39:53] [WARNING ] [__main__] [DANGER ALERT] zone=Warehouse | wbgt=36.41 | Halt heavy work, mandatory rest, evacuate
[2026-07-28 17:39:53] [INFO    ] [__main__] [DB] zone=Warehouse | db_id=221 | saved OK
[2026-07-28 17:39:53] [INFO    ] [__main__] Pipeline completed OK | db_id=221
[2026-07-28 17:39:53] [INFO    ] [root] ============================================================
[2026-07-28 17:39:53] [INFO    ] [root] WBGT Monitor logging started
[2026-07-28 17:39:53] [INFO    ] [root] Log file : C:\Users\Varsh\Desktop\AGEIS\logs\wbgt_monitor_20260728.log
[2026-07-28 17:39:53] [INFO    ] [root] ============================================================
[2026-07-28 17:39:53] [INFO    ] [__main__] WBGT Monitor starting up
[2026-07-28 17:39:53] [INFO    ] [__main__] Database initialised
[2026-07-28 17:39:53] [INFO    ] [__main__] [READING] zone=Furnace-1 | timestamp=2026-07-23T20:00:00
[2026-07-28 17:39:53] [DEBUG   ] [__main__] [READING] raw={"timestamp": "2026-07-23T20:00:00", "factory": "Tata Steel", "zone": "Furnace-1", "temperature_unit": "celsius", "temperature": 40.6, "humidity": 41.8, "globe_temperature": 58.0, "wet_bulb_temperatur
[2026-07-28 17:39:53] [DEBUG   ] [__main__] [VALIDATE] zone=Furnace-1 | condition=ALL_DATA | missing=[] | flags=[]
[2026-07-28 17:39:53] [INFO    ] [__main__] [CALC] zone=Furnace-1 | ta=40.6 | rh=41.8 | tg=58.0 | tnwb=29.8 | wbgt=38.26
[2026-07-28 17:39:53] [DEBUG   ] [__main__] [CALC] data_quality={'ta': 'sensor', 'rh': 'sensor', 'tg': 'sensor', 'tnwb': 'sensor', 'wbgt': 'calculated'}
[2026-07-28 17:39:53] [INFO    ] [__main__] [CLASSIFY] zone=Furnace-1 | wbgt=38.26 | risk=DANGER | action=Halt heavy work, mandatory rest, evacuate
[2026-07-28 17:39:53] [WARNING ] [__main__] [DANGER ALERT] zone=Furnace-1 | wbgt=38.26 | Halt heavy work, mandatory rest, evacuate
[2026-07-28 17:39:53] [INFO    ] [__main__] [DB] zone=Furnace-1 | db_id=222 | saved OK
[2026-07-28 17:39:53] [INFO    ] [__main__] Pipeline completed OK | db_id=222
[2026-07-28 17:39:54] [INFO    ] [root] ============================================================
[2026-07-28 17:39:54] [INFO    ] [root] WBGT Monitor logging started
[2026-07-28 17:39:54] [INFO    ] [root] Log file : C:\Users\Varsh\Desktop\AGEIS\logs\wbgt_monitor_20260728.log
[2026-07-28 17:39:54] [INFO    ] [root] ============================================================
[2026-07-28 17:39:54] [INFO    ] [__main__] WBGT Monitor starting up
[2026-07-28 17:39:54] [INFO    ] [__main__] Database initialised
[2026-07-28 17:39:54] [INFO    ] [__main__] [READING] zone=Annealing-Line | timestamp=2026-07-23T21:00:00
[2026-07-28 17:39:54] [DEBUG   ] [__main__] [READING] raw={"timestamp": "2026-07-23T21:00:00", "factory": "Ganesh Alloys", "zone": "Annealing-Line", "temperature_unit": "celsius", "temperature": 29.2, "humidity": 56.5, "globe_temperature": 34.3, "wet_bulb_te
[2026-07-28 17:39:54] [DEBUG   ] [__main__] [VALIDATE] zone=Annealing-Line | condition=ALL_DATA | missing=[] | flags=[]
[2026-07-28 17:39:54] [INFO    ] [__main__] [CALC] zone=Annealing-Line | ta=29.2 | rh=56.5 | tg=34.3 | tnwb=22.4 | wbgt=25.97
[2026-07-28 17:39:54] [DEBUG   ] [__main__] [CALC] data_quality={'ta': 'sensor', 'rh': 'sensor', 'tg': 'sensor', 'tnwb': 'sensor', 'wbgt': 'calculated'}
[2026-07-28 17:39:54] [INFO    ] [__main__] [CLASSIFY] zone=Annealing-Line | wbgt=25.97 | risk=SAFE | action=Normal work, no restrictions
[2026-07-28 17:39:54] [INFO    ] [__main__] [DB] zone=Annealing-Line | db_id=223 | saved OK
[2026-07-28 17:39:54] [INFO    ] [__main__] Pipeline completed OK | db_id=223
[2026-07-28 17:39:54] [INFO    ] [root] ============================================================
[2026-07-28 17:39:54] [INFO    ] [root] WBGT Monitor logging started
[2026-07-28 17:39:54] [INFO    ] [root] Log file : C:\Users\Varsh\Desktop\AGEIS\logs\wbgt_monitor_20260728.log
[2026-07-28 17:39:54] [INFO    ] [root] ============================================================
[2026-07-28 17:39:54] [INFO    ] [__main__] WBGT Monitor starting up
[2026-07-28 17:39:54] [INFO    ] [__main__] Database initialised
[2026-07-28 17:39:54] [INFO    ] [__main__] [READING] zone=Ladle-Metallurgy | timestamp=2026-07-23T22:00:00
[2026-07-28 17:39:54] [DEBUG   ] [__main__] [READING] raw={"timestamp": "2026-07-23T22:00:00", "factory": "Tata Steel", "zone": "Ladle-Metallurgy", "temperature_unit": "celsius", "temperature": 31.0, "humidity": 37.7, "globe_temperature": 47.6, "wet_bulb_tem
[2026-07-28 17:39:54] [DEBUG   ] [__main__] [VALIDATE] zone=Ladle-Metallurgy | condition=ALL_DATA | missing=[] | flags=[]
[2026-07-28 17:39:54] [INFO    ] [__main__] [CALC] zone=Ladle-Metallurgy | ta=31.0 | rh=37.7 | tg=47.6 | tnwb=20.4 | wbgt=28.56
[2026-07-28 17:39:54] [DEBUG   ] [__main__] [CALC] data_quality={'ta': 'sensor', 'rh': 'sensor', 'tg': 'sensor', 'tnwb': 'sensor', 'wbgt': 'calculated'}
[2026-07-28 17:39:54] [INFO    ] [__main__] [CLASSIFY] zone=Ladle-Metallurgy | wbgt=28.56 | risk=CAUTION | action=Increase water breaks
[2026-07-28 17:39:54] [INFO    ] [__main__] [DB] zone=Ladle-Metallurgy | db_id=224 | saved OK
[2026-07-28 17:39:54] [INFO    ] [__main__] Pipeline completed OK | db_id=224
[2026-07-28 17:39:55] [INFO    ] [root] ============================================================
[2026-07-28 17:39:55] [INFO    ] [root] WBGT Monitor logging started
[2026-07-28 17:39:55] [INFO    ] [root] Log file : C:\Users\Varsh\Desktop\AGEIS\logs\wbgt_monitor_20260728.log
[2026-07-28 17:39:55] [INFO    ] [root] ============================================================
[2026-07-28 17:39:55] [INFO    ] [__main__] WBGT Monitor starting up
[2026-07-28 17:39:55] [INFO    ] [__main__] Database initialised
[2026-07-28 17:39:55] [INFO    ] [__main__] [READING] zone=Continuous-Casting | timestamp=2026-07-23T23:00:00
[2026-07-28 17:39:55] [DEBUG   ] [__main__] [READING] raw={"timestamp": "2026-07-23T23:00:00", "factory": "Vedanta", "zone": "Continuous-Casting", "temperature_unit": "celsius", "temperature": 28.7, "humidity": 47.6, "globe_temperature": 0, "wet_bulb_tempera
[2026-07-28 17:39:55] [DEBUG   ] [__main__] [VALIDATE] zone=Continuous-Casting | condition=None | missing=[] | flags=[]
[2026-07-28 17:39:55] [DEBUG   ] [__main__] [FAULT] zone=Continuous-Casting | timestamp=2026-07-23T23:00:00 | reason=SENSOR_FAULT: globe_temp_c=0.0 is less than air_temp_c=28.7.
[2026-07-28 17:39:55] [DEBUG   ] [__main__] Pipeline completed with fault: SENSOR_FAULT: globe_temp_c=0.0 is less than air_temp_c=28.7.
[2026-07-28 17:39:55] [INFO    ] [root] ============================================================
[2026-07-28 17:39:55] [INFO    ] [root] WBGT Monitor logging started
[2026-07-28 17:39:55] [INFO    ] [root] Log file : C:\Users\Varsh\Desktop\AGEIS\logs\wbgt_monitor_20260728.log
[2026-07-28 17:39:55] [INFO    ] [root] ============================================================
[2026-07-28 17:39:55] [INFO    ] [__main__] WBGT Monitor starting up
[2026-07-28 17:39:55] [INFO    ] [__main__] Database initialised
[2026-07-28 17:39:55] [INFO    ] [__main__] [READING] zone=Ladle-Metallurgy | timestamp=2026-07-24T00:00:00
[2026-07-28 17:39:55] [DEBUG   ] [__main__] [READING] raw={"timestamp": "2026-07-24T00:00:00", "factory": "JSW Steel", "zone": "Ladle-Metallurgy", "temperature_unit": "celsius", "temperature": 33.4, "humidity": 0, "globe_temperature": 0, "wet_bulb_temperatur
[2026-07-28 17:39:55] [DEBUG   ] [__main__] [VALIDATE] zone=Ladle-Metallurgy | condition=None | missing=[] | flags=[]
[2026-07-28 17:39:55] [DEBUG   ] [__main__] [FAULT] zone=Ladle-Metallurgy | timestamp=2026-07-24T00:00:00 | reason=SENSOR_FAULT: globe_temp_c=0.0 is less than air_temp_c=33.4.
[2026-07-28 17:39:55] [DEBUG   ] [__main__] Pipeline completed with fault: SENSOR_FAULT: globe_temp_c=0.0 is less than air_temp_c=33.4.
[2026-07-28 17:39:56] [INFO    ] [root] ============================================================
[2026-07-28 17:39:56] [INFO    ] [root] WBGT Monitor logging started
[2026-07-28 17:39:56] [INFO    ] [root] Log file : C:\Users\Varsh\Desktop\AGEIS\logs\wbgt_monitor_20260728.log
[2026-07-28 17:39:56] [INFO    ] [root] ============================================================
[2026-07-28 17:39:56] [INFO    ] [__main__] WBGT Monitor starting up
[2026-07-28 17:39:56] [INFO    ] [__main__] Database initialised
[2026-07-28 17:39:56] [INFO    ] [__main__] [READING] zone=Fabrication-Shop | timestamp=2026-07-24T01:00:00
[2026-07-28 17:39:56] [DEBUG   ] [__main__] [READING] raw={"timestamp": "2026-07-24T01:00:00", "factory": "JSPL", "zone": "Fabrication-Shop", "temperature_unit": "celsius", "temperature": 20.9, "humidity": 0, "globe_temperature": 22.2, "wet_bulb_temperature"
[2026-07-28 17:39:56] [DEBUG   ] [__main__] [VALIDATE] zone=Fabrication-Shop | condition=ALL_DATA | missing=[] | flags=[]
[2026-07-28 17:39:56] [ERROR   ] [__main__] [CALC ERROR] zone=Fabrication-Shop | timestamp=2026-07-24T01:00:00 | error=WEATHER_API_BASE_URL is not configured.
[2026-07-28 17:39:56] [DEBUG   ] [__main__] Pipeline completed with fault: Calculation error: WEATHER_API_BASE_URL is not configured.
[2026-07-28 17:39:56] [INFO    ] [root] ============================================================
[2026-07-28 17:39:56] [INFO    ] [root] WBGT Monitor logging started
[2026-07-28 17:39:56] [INFO    ] [root] Log file : C:\Users\Varsh\Desktop\AGEIS\logs\wbgt_monitor_20260728.log
[2026-07-28 17:39:56] [INFO    ] [root] ============================================================
[2026-07-28 17:39:56] [INFO    ] [__main__] WBGT Monitor starting up
[2026-07-28 17:39:56] [INFO    ] [__main__] Database initialised
[2026-07-28 17:39:56] [INFO    ] [__main__] [READING] zone=EAF-Bay | timestamp=2026-07-24T02:00:00
[2026-07-28 17:39:56] [DEBUG   ] [__main__] [READING] raw={"timestamp": "2026-07-24T02:00:00", "factory": "SAIL", "zone": "EAF-Bay", "temperature_unit": "celsius", "temperature": 46.6, "humidity": 47.0, "globe_temperature": 0, "wet_bulb_temperature": 0}
[2026-07-28 17:39:56] [DEBUG   ] [__main__] [VALIDATE] zone=EAF-Bay | condition=None | missing=[] | flags=[]
[2026-07-28 17:39:56] [DEBUG   ] [__main__] [FAULT] zone=EAF-Bay | timestamp=2026-07-24T02:00:00 | reason=SENSOR_FAULT: globe_temp_c=0.0 is less than air_temp_c=46.6.
[2026-07-28 17:39:56] [DEBUG   ] [__main__] Pipeline completed with fault: SENSOR_FAULT: globe_temp_c=0.0 is less than air_temp_c=46.6.
[2026-07-28 17:39:57] [INFO    ] [root] ============================================================
[2026-07-28 17:39:57] [INFO    ] [root] WBGT Monitor logging started
[2026-07-28 17:39:57] [INFO    ] [root] Log file : C:\Users\Varsh\Desktop\AGEIS\logs\wbgt_monitor_20260728.log
[2026-07-28 17:39:57] [INFO    ] [root] ============================================================
[2026-07-28 17:39:57] [INFO    ] [__main__] WBGT Monitor starting up
[2026-07-28 17:39:57] [INFO    ] [__main__] Database initialised
[2026-07-28 17:39:57] [INFO    ] [__main__] [READING] zone=Furnace-2 | timestamp=2026-07-24T03:00:00
[2026-07-28 17:39:57] [DEBUG   ] [__main__] [READING] raw={"timestamp": "2026-07-24T03:00:00", "factory": "JSPL", "zone": "Furnace-2", "temperature_unit": "celsius", "temperature": 35.3, "humidity": 35.8, "globe_temperature": 49.5, "wet_bulb_temperature": 24
[2026-07-28 17:39:57] [DEBUG   ] [__main__] [VALIDATE] zone=Furnace-2 | condition=ALL_DATA | missing=[] | flags=[]
[2026-07-28 17:39:57] [INFO    ] [__main__] [CALC] zone=Furnace-2 | ta=35.3 | rh=35.8 | tg=49.5 | tnwb=24.2 | wbgt=31.79
[2026-07-28 17:39:57] [DEBUG   ] [__main__] [CALC] data_quality={'ta': 'sensor', 'rh': 'sensor', 'tg': 'sensor', 'tnwb': 'sensor', 'wbgt': 'calculated'}
[2026-07-28 17:39:57] [INFO    ] [__main__] [CLASSIFY] zone=Furnace-2 | wbgt=31.79 | risk=DANGER | action=Halt heavy work, mandatory rest, evacuate
[2026-07-28 17:39:57] [WARNING ] [__main__] [DANGER ALERT] zone=Furnace-2 | wbgt=31.79 | Halt heavy work, mandatory rest, evacuate
[2026-07-28 17:39:57] [INFO    ] [__main__] [DB] zone=Furnace-2 | db_id=225 | saved OK
[2026-07-28 17:39:57] [INFO    ] [__main__] Pipeline completed OK | db_id=225
[2026-07-28 17:39:58] [INFO    ] [root] ============================================================
[2026-07-28 17:39:58] [INFO    ] [root] WBGT Monitor logging started
[2026-07-28 17:39:58] [INFO    ] [root] Log file : C:\Users\Varsh\Desktop\AGEIS\logs\wbgt_monitor_20260728.log
[2026-07-28 17:39:58] [INFO    ] [root] ============================================================
[2026-07-28 17:39:58] [INFO    ] [__main__] WBGT Monitor starting up
[2026-07-28 17:39:58] [INFO    ] [__main__] Database initialised
[2026-07-28 17:39:58] [INFO    ] [__main__] [READING] zone=Rolling-Mill | timestamp=2026-07-24T04:00:00
[2026-07-28 17:39:58] [DEBUG   ] [__main__] [READING] raw={"timestamp": "2026-07-24T04:00:00", "factory": "JSW Steel", "zone": "Rolling-Mill", "temperature_unit": "celsius", "temperature": 38.3, "humidity": 45.7, "globe_temperature": 51.8, "wet_bulb_temperat
[2026-07-28 17:39:58] [DEBUG   ] [__main__] [VALIDATE] zone=Rolling-Mill | condition=ALL_DATA | missing=[] | flags=[]
[2026-07-28 17:39:58] [INFO    ] [__main__] [CALC] zone=Rolling-Mill | ta=38.3 | rh=45.7 | tg=51.8 | tnwb=28.7 | wbgt=35.63
[2026-07-28 17:39:58] [DEBUG   ] [__main__] [CALC] data_quality={'ta': 'sensor', 'rh': 'sensor', 'tg': 'sensor', 'tnwb': 'sensor', 'wbgt': 'calculated'}
[2026-07-28 17:39:58] [INFO    ] [__main__] [CLASSIFY] zone=Rolling-Mill | wbgt=35.63 | risk=DANGER | action=Halt heavy work, mandatory rest, evacuate
[2026-07-28 17:39:58] [WARNING ] [__main__] [DANGER ALERT] zone=Rolling-Mill | wbgt=35.63 | Halt heavy work, mandatory rest, evacuate
[2026-07-28 17:39:58] [INFO    ] [__main__] [DB] zone=Rolling-Mill | db_id=226 | saved OK
[2026-07-28 17:39:58] [INFO    ] [__main__] Pipeline completed OK | db_id=226
[2026-07-28 17:39:58] [INFO    ] [root] ============================================================
[2026-07-28 17:39:58] [INFO    ] [root] WBGT Monitor logging started
[2026-07-28 17:39:58] [INFO    ] [root] Log file : C:\Users\Varsh\Desktop\AGEIS\logs\wbgt_monitor_20260728.log
[2026-07-28 17:39:58] [INFO    ] [root] ============================================================
[2026-07-28 17:39:58] [INFO    ] [__main__] WBGT Monitor starting up
[2026-07-28 17:39:58] [INFO    ] [__main__] Database initialised
[2026-07-28 17:39:58] [INFO    ] [__main__] [READING] zone=Warehouse | timestamp=2026-07-24T05:00:00
[2026-07-28 17:39:58] [DEBUG   ] [__main__] [READING] raw={"timestamp": "2026-07-24T05:00:00", "factory": "Vedanta", "zone": "Warehouse", "temperature_unit": "celsius", "temperature": 25.1, "humidity": 49.2, "globe_temperature": 0, "wet_bulb_temperature": 0}
[2026-07-28 17:39:58] [DEBUG   ] [__main__] [VALIDATE] zone=Warehouse | condition=None | missing=[] | flags=[]
[2026-07-28 17:39:58] [DEBUG   ] [__main__] [FAULT] zone=Warehouse | timestamp=2026-07-24T05:00:00 | reason=SENSOR_FAULT: globe_temp_c=0.0 is less than air_temp_c=25.1.
[2026-07-28 17:39:58] [DEBUG   ] [__main__] Pipeline completed with fault: SENSOR_FAULT: globe_temp_c=0.0 is less than air_temp_c=25.1.
[2026-07-28 17:39:59] [INFO    ] [root] ============================================================
[2026-07-28 17:39:59] [INFO    ] [root] WBGT Monitor logging started
[2026-07-28 17:39:59] [INFO    ] [root] Log file : C:\Users\Varsh\Desktop\AGEIS\logs\wbgt_monitor_20260728.log
[2026-07-28 17:39:59] [INFO    ] [root] ============================================================
[2026-07-28 17:39:59] [INFO    ] [__main__] WBGT Monitor starting up
[2026-07-28 17:39:59] [INFO    ] [__main__] Database initialised
[2026-07-28 17:39:59] [INFO    ] [__main__] [READING] zone=Furnace-1 | timestamp=2026-07-24T06:00:00
[2026-07-28 17:39:59] [DEBUG   ] [__main__] [READING] raw={"timestamp": "2026-07-24T06:00:00", "factory": "Shree Metal Works", "zone": "Furnace-1", "temperature_unit": "celsius", "temperature": 33.5, "humidity": 38.2, "globe_temperature": 50.4, "wet_bulb_tem
[2026-07-28 17:39:59] [DEBUG   ] [__main__] [VALIDATE] zone=Furnace-1 | condition=ALL_DATA | missing=[] | flags=[]
[2026-07-28 17:39:59] [INFO    ] [__main__] [CALC] zone=Furnace-1 | ta=33.5 | rh=38.2 | tg=50.4 | tnwb=22.9074 | wbgt=31.1552
[2026-07-28 17:39:59] [DEBUG   ] [__main__] [CALC] data_quality={'ta': 'sensor', 'rh': 'sensor', 'tg': 'sensor', 'tnwb': 'calculated', 'wbgt': 'calculated'}
[2026-07-28 17:39:59] [INFO    ] [__main__] [CLASSIFY] zone=Furnace-1 | wbgt=31.1552 | risk=DANGER | action=Halt heavy work, mandatory rest, evacuate
[2026-07-28 17:39:59] [WARNING ] [__main__] [DANGER ALERT] zone=Furnace-1 | wbgt=31.1552 | Halt heavy work, mandatory rest, evacuate
[2026-07-28 17:39:59] [INFO    ] [__main__] [DB] zone=Furnace-1 | db_id=227 | saved OK
[2026-07-28 17:39:59] [INFO    ] [__main__] Pipeline completed OK | db_id=227
[2026-07-28 17:39:59] [INFO    ] [root] ============================================================
[2026-07-28 17:39:59] [INFO    ] [root] WBGT Monitor logging started
[2026-07-28 17:39:59] [INFO    ] [root] Log file : C:\Users\Varsh\Desktop\AGEIS\logs\wbgt_monitor_20260728.log
[2026-07-28 17:39:59] [INFO    ] [root] ============================================================
[2026-07-28 17:39:59] [INFO    ] [__main__] WBGT Monitor starting up
[2026-07-28 17:39:59] [INFO    ] [__main__] Database initialised
[2026-07-28 17:39:59] [INFO    ] [__main__] [READING] zone=Loading-Dock | timestamp=2026-07-24T07:00:00
[2026-07-28 17:39:59] [DEBUG   ] [__main__] [READING] raw={"timestamp": "2026-07-24T07:00:00", "factory": "Ganesh Alloys", "zone": "Loading-Dock", "temperature_unit": "celsius", "temperature": 21.5, "humidity": 39.1, "globe_temperature": 22.3, "wet_bulb_temp
[2026-07-28 17:39:59] [DEBUG   ] [__main__] [VALIDATE] zone=Loading-Dock | condition=ALL_DATA | missing=[] | flags=[]
[2026-07-28 17:39:59] [INFO    ] [__main__] [CALC] zone=Loading-Dock | ta=21.5 | rh=39.1 | tg=22.3 | tnwb=13.4 | wbgt=16.07
[2026-07-28 17:39:59] [DEBUG   ] [__main__] [CALC] data_quality={'ta': 'sensor', 'rh': 'sensor', 'tg': 'sensor', 'tnwb': 'sensor', 'wbgt': 'calculated'}
[2026-07-28 17:39:59] [INFO    ] [__main__] [CLASSIFY] zone=Loading-Dock | wbgt=16.07 | risk=SAFE | action=Normal work, no restrictions
[2026-07-28 17:39:59] [INFO    ] [__main__] [DB] zone=Loading-Dock | db_id=228 | saved OK
[2026-07-28 17:39:59] [INFO    ] [__main__] Pipeline completed OK | db_id=228
[2026-07-28 17:40:00] [INFO    ] [root] ============================================================
[2026-07-28 17:40:00] [INFO    ] [root] WBGT Monitor logging started
[2026-07-28 17:40:00] [INFO    ] [root] Log file : C:\Users\Varsh\Desktop\AGEIS\logs\wbgt_monitor_20260728.log
[2026-07-28 17:40:00] [INFO    ] [root] ============================================================
[2026-07-28 17:40:00] [INFO    ] [__main__] WBGT Monitor starting up
[2026-07-28 17:40:00] [INFO    ] [__main__] Database initialised
[2026-07-28 17:40:00] [INFO    ] [__main__] [READING] zone=Annealing-Line | timestamp=2026-07-24T08:00:00
[2026-07-28 17:40:00] [DEBUG   ] [__main__] [READING] raw={"timestamp": "2026-07-24T08:00:00", "factory": "SAIL", "zone": "Annealing-Line", "temperature_unit": "celsius", "temperature": 29.1, "humidity": 63.3, "globe_temperature": 33.1, "wet_bulb_temperature
[2026-07-28 17:40:00] [DEBUG   ] [__main__] [VALIDATE] zone=Annealing-Line | condition=ALL_DATA | missing=[] | flags=[]
[2026-07-28 17:40:00] [INFO    ] [__main__] [CALC] zone=Annealing-Line | ta=29.1 | rh=63.3 | tg=33.1 | tnwb=23.4 | wbgt=26.31
[2026-07-28 17:40:00] [DEBUG   ] [__main__] [CALC] data_quality={'ta': 'sensor', 'rh': 'sensor', 'tg': 'sensor', 'tnwb': 'sensor', 'wbgt': 'calculated'}
[2026-07-28 17:40:00] [INFO    ] [__main__] [CLASSIFY] zone=Annealing-Line | wbgt=26.31 | risk=SAFE | action=Normal work, no restrictions
[2026-07-28 17:40:00] [INFO    ] [__main__] [DB] zone=Annealing-Line | db_id=229 | saved OK
[2026-07-28 17:40:00] [INFO    ] [__main__] Pipeline completed OK | db_id=229
[2026-07-28 17:40:00] [INFO    ] [root] ============================================================
[2026-07-28 17:40:00] [INFO    ] [root] WBGT Monitor logging started
[2026-07-28 17:40:00] [INFO    ] [root] Log file : C:\Users\Varsh\Desktop\AGEIS\logs\wbgt_monitor_20260728.log
[2026-07-28 17:40:00] [INFO    ] [root] ============================================================
[2026-07-28 17:40:00] [INFO    ] [__main__] WBGT Monitor starting up
[2026-07-28 17:40:00] [INFO    ] [__main__] Database initialised
[2026-07-28 17:40:00] [INFO    ] [__main__] [READING] zone=Loading-Dock | timestamp=2026-07-24T09:00:00
[2026-07-28 17:40:00] [DEBUG   ] [__main__] [READING] raw={"timestamp": "2026-07-24T09:00:00", "factory": "Vedanta", "zone": "Loading-Dock", "temperature_unit": "celsius", "temperature": 32.2, "humidity": 47.5, "globe_temperature": 0, "wet_bulb_temperature":
[2026-07-28 17:40:00] [DEBUG   ] [__main__] [VALIDATE] zone=Loading-Dock | condition=None | missing=[] | flags=[]
[2026-07-28 17:40:00] [DEBUG   ] [__main__] [FAULT] zone=Loading-Dock | timestamp=2026-07-24T09:00:00 | reason=SENSOR_FAULT: globe_temp_c=0.0 is less than air_temp_c=32.2.
[2026-07-28 17:40:00] [DEBUG   ] [__main__] Pipeline completed with fault: SENSOR_FAULT: globe_temp_c=0.0 is less than air_temp_c=32.2.
[2026-07-28 17:40:01] [INFO    ] [root] ============================================================
[2026-07-28 17:40:01] [INFO    ] [root] WBGT Monitor logging started
[2026-07-28 17:40:01] [INFO    ] [root] Log file : C:\Users\Varsh\Desktop\AGEIS\logs\wbgt_monitor_20260728.log
[2026-07-28 17:40:01] [INFO    ] [root] ============================================================
[2026-07-28 17:40:01] [INFO    ] [__main__] WBGT Monitor starting up
[2026-07-28 17:40:01] [INFO    ] [__main__] Database initialised
[2026-07-28 17:40:01] [INFO    ] [__main__] [READING] zone=Rolling-Mill | timestamp=2026-07-24T10:00:00
[2026-07-28 17:40:01] [DEBUG   ] [__main__] [READING] raw={"timestamp": "2026-07-24T10:00:00", "factory": "Vedanta", "zone": "Rolling-Mill", "temperature_unit": "celsius", "temperature": 31.2, "humidity": 57.0, "globe_temperature": 40.6, "wet_bulb_temperatur
[2026-07-28 17:40:01] [DEBUG   ] [__main__] [VALIDATE] zone=Rolling-Mill | condition=ALL_DATA | missing=[] | flags=[]
[2026-07-28 17:40:01] [INFO    ] [__main__] [CALC] zone=Rolling-Mill | ta=31.2 | rh=57.0 | tg=40.6 | tnwb=24.7 | wbgt=29.47
[2026-07-28 17:40:01] [DEBUG   ] [__main__] [CALC] data_quality={'ta': 'sensor', 'rh': 'sensor', 'tg': 'sensor', 'tnwb': 'sensor', 'wbgt': 'calculated'}
[2026-07-28 17:40:01] [INFO    ] [__main__] [CLASSIFY] zone=Rolling-Mill | wbgt=29.47 | risk=WARNING | action=Enforce work/rest cycles (50 min work, 10 min rest)
[2026-07-28 17:40:01] [WARNING ] [__main__] [WARNING ALERT] zone=Rolling-Mill | wbgt=29.47 | Enforce work/rest cycles (50 min work, 10 min rest)
[2026-07-28 17:40:01] [INFO    ] [__main__] [DB] zone=Rolling-Mill | db_id=230 | saved OK
[2026-07-28 17:40:01] [INFO    ] [__main__] Pipeline completed OK | db_id=230
[2026-07-28 17:40:01] [INFO    ] [root] ============================================================
[2026-07-28 17:40:01] [INFO    ] [root] WBGT Monitor logging started
[2026-07-28 17:40:01] [INFO    ] [root] Log file : C:\Users\Varsh\Desktop\AGEIS\logs\wbgt_monitor_20260728.log
[2026-07-28 17:40:01] [INFO    ] [root] ============================================================
[2026-07-28 17:40:01] [INFO    ] [__main__] WBGT Monitor starting up
[2026-07-28 17:40:01] [INFO    ] [__main__] Database initialised
[2026-07-28 17:40:01] [INFO    ] [__main__] [READING] zone=Furnace-1 | timestamp=2026-07-24T11:00:00
[2026-07-28 17:40:01] [DEBUG   ] [__main__] [READING] raw={"timestamp": "2026-07-24T11:00:00", "factory": "Ganesh Alloys", "zone": "Furnace-1", "temperature_unit": "celsius", "temperature": 36.9, "humidity": 35.8, "globe_temperature": 0, "wet_bulb_temperatur
[2026-07-28 17:40:01] [DEBUG   ] [__main__] [VALIDATE] zone=Furnace-1 | condition=None | missing=[] | flags=[]
[2026-07-28 17:40:01] [DEBUG   ] [__main__] [FAULT] zone=Furnace-1 | timestamp=2026-07-24T11:00:00 | reason=SENSOR_FAULT: globe_temp_c=0.0 is less than air_temp_c=36.9.
[2026-07-28 17:40:01] [DEBUG   ] [__main__] Pipeline completed with fault: SENSOR_FAULT: globe_temp_c=0.0 is less than air_temp_c=36.9.
[2026-07-28 17:40:02] [INFO    ] [root] ============================================================
[2026-07-28 17:40:02] [INFO    ] [root] WBGT Monitor logging started
[2026-07-28 17:40:02] [INFO    ] [root] Log file : C:\Users\Varsh\Desktop\AGEIS\logs\wbgt_monitor_20260728.log
[2026-07-28 17:40:02] [INFO    ] [root] ============================================================
[2026-07-28 17:40:02] [INFO    ] [__main__] WBGT Monitor starting up
[2026-07-28 17:40:02] [INFO    ] [__main__] Database initialised
[2026-07-28 17:40:02] [INFO    ] [__main__] [READING] zone=EAF-Bay | timestamp=2026-07-24T12:00:00
[2026-07-28 17:40:02] [DEBUG   ] [__main__] [READING] raw={"timestamp": "2026-07-24T12:00:00", "factory": "JSPL", "zone": "EAF-Bay", "temperature_unit": "celsius", "temperature": 44.1, "humidity": 27.3, "globe_temperature": 60.9, "wet_bulb_temperature": 28.4
[2026-07-28 17:40:02] [DEBUG   ] [__main__] [VALIDATE] zone=EAF-Bay | condition=ALL_DATA | missing=[] | flags=[]
[2026-07-28 17:40:02] [INFO    ] [__main__] [CALC] zone=EAF-Bay | ta=44.1 | rh=27.3 | tg=60.9 | tnwb=28.4 | wbgt=38.15
[2026-07-28 17:40:02] [DEBUG   ] [__main__] [CALC] data_quality={'ta': 'sensor', 'rh': 'sensor', 'tg': 'sensor', 'tnwb': 'sensor', 'wbgt': 'calculated'}
[2026-07-28 17:40:02] [INFO    ] [__main__] [CLASSIFY] zone=EAF-Bay | wbgt=38.15 | risk=DANGER | action=Halt heavy work, mandatory rest, evacuate
[2026-07-28 17:40:02] [WARNING ] [__main__] [DANGER ALERT] zone=EAF-Bay | wbgt=38.15 | Halt heavy work, mandatory rest, evacuate
[2026-07-28 17:40:02] [INFO    ] [__main__] [DB] zone=EAF-Bay | db_id=231 | saved OK
[2026-07-28 17:40:02] [INFO    ] [__main__] Pipeline completed OK | db_id=231
[2026-07-28 17:40:02] [INFO    ] [root] ============================================================
[2026-07-28 17:40:02] [INFO    ] [root] WBGT Monitor logging started
[2026-07-28 17:40:02] [INFO    ] [root] Log file : C:\Users\Varsh\Desktop\AGEIS\logs\wbgt_monitor_20260728.log
[2026-07-28 17:40:02] [INFO    ] [root] ============================================================
[2026-07-28 17:40:02] [INFO    ] [__main__] WBGT Monitor starting up
[2026-07-28 17:40:02] [INFO    ] [__main__] Database initialised
[2026-07-28 17:40:02] [INFO    ] [__main__] [READING] zone=Continuous-Casting | timestamp=2026-07-24T13:00:00
[2026-07-28 17:40:02] [DEBUG   ] [__main__] [READING] raw={"timestamp": "2026-07-24T13:00:00", "factory": "Tata Steel", "zone": "Continuous-Casting", "temperature_unit": "celsius", "temperature": 38.3, "humidity": 52.8, "globe_temperature": 53.9, "wet_bulb_t
[2026-07-28 17:40:02] [DEBUG   ] [__main__] [VALIDATE] zone=Continuous-Casting | condition=ALL_DATA | missing=[] | flags=[]
[2026-07-28 17:40:02] [INFO    ] [__main__] [CALC] zone=Continuous-Casting | ta=38.3 | rh=52.8 | tg=53.9 | tnwb=29.8 | wbgt=37.03
[2026-07-28 17:40:02] [DEBUG   ] [__main__] [CALC] data_quality={'ta': 'sensor', 'rh': 'sensor', 'tg': 'sensor', 'tnwb': 'sensor', 'wbgt': 'calculated'}
[2026-07-28 17:40:02] [INFO    ] [__main__] [CLASSIFY] zone=Continuous-Casting | wbgt=37.03 | risk=DANGER | action=Halt heavy work, mandatory rest, evacuate
[2026-07-28 17:40:02] [WARNING ] [__main__] [DANGER ALERT] zone=Continuous-Casting | wbgt=37.03 | Halt heavy work, mandatory rest, evacuate
[2026-07-28 17:40:02] [INFO    ] [__main__] [DB] zone=Continuous-Casting | db_id=232 | saved OK
[2026-07-28 17:40:02] [INFO    ] [__main__] Pipeline completed OK | db_id=232
[2026-07-28 17:40:03] [INFO    ] [root] ============================================================
[2026-07-28 17:40:03] [INFO    ] [root] WBGT Monitor logging started
[2026-07-28 17:40:03] [INFO    ] [root] Log file : C:\Users\Varsh\Desktop\AGEIS\logs\wbgt_monitor_20260728.log
[2026-07-28 17:40:03] [INFO    ] [root] ============================================================
[2026-07-28 17:40:03] [INFO    ] [__main__] WBGT Monitor starting up
[2026-07-28 17:40:03] [INFO    ] [__main__] Database initialised
[2026-07-28 17:40:03] [INFO    ] [__main__] [READING] zone=Fabrication-Shop | timestamp=2026-07-24T14:00:00
[2026-07-28 17:40:03] [DEBUG   ] [__main__] [READING] raw={"timestamp": "2026-07-24T14:00:00", "factory": "JSPL", "zone": "Fabrication-Shop", "temperature_unit": "celsius", "temperature": 28.6, "humidity": 67.9, "globe_temperature": 30.3, "wet_bulb_temperatu
[2026-07-28 17:40:03] [DEBUG   ] [__main__] [VALIDATE] zone=Fabrication-Shop | condition=ALL_DATA | missing=[] | flags=[]
[2026-07-28 17:40:03] [INFO    ] [__main__] [CALC] zone=Fabrication-Shop | ta=28.6 | rh=67.9 | tg=30.3 | tnwb=24.4 | wbgt=26.17
[2026-07-28 17:40:03] [DEBUG   ] [__main__] [CALC] data_quality={'ta': 'sensor', 'rh': 'sensor', 'tg': 'sensor', 'tnwb': 'sensor', 'wbgt': 'calculated'}
[2026-07-28 17:40:03] [INFO    ] [__main__] [CLASSIFY] zone=Fabrication-Shop | wbgt=26.17 | risk=SAFE | action=Normal work, no restrictions
[2026-07-28 17:40:03] [INFO    ] [__main__] [DB] zone=Fabrication-Shop | db_id=233 | saved OK
[2026-07-28 17:40:03] [INFO    ] [__main__] Pipeline completed OK | db_id=233
[2026-07-28 17:40:04] [INFO    ] [root] ============================================================
[2026-07-28 17:40:04] [INFO    ] [root] WBGT Monitor logging started
[2026-07-28 17:40:04] [INFO    ] [root] Log file : C:\Users\Varsh\Desktop\AGEIS\logs\wbgt_monitor_20260728.log
[2026-07-28 17:40:04] [INFO    ] [root] ============================================================
[2026-07-28 17:40:04] [INFO    ] [__main__] WBGT Monitor starting up
[2026-07-28 17:40:04] [INFO    ] [__main__] Database initialised
[2026-07-28 17:40:04] [INFO    ] [__main__] [READING] zone=Ladle-Metallurgy | timestamp=2026-07-24T15:00:00
[2026-07-28 17:40:04] [DEBUG   ] [__main__] [READING] raw={"timestamp": "2026-07-24T15:00:00", "factory": "Ganesh Alloys", "zone": "Ladle-Metallurgy", "temperature_unit": "celsius", "temperature": 36.0, "humidity": 347.5, "globe_temperature": 50.2, "wet_bulb
[2026-07-28 17:40:04] [DEBUG   ] [__main__] [VALIDATE] zone=Ladle-Metallurgy | condition=None | missing=[] | flags=[]
[2026-07-28 17:40:04] [DEBUG   ] [__main__] [FAULT] zone=Ladle-Metallurgy | timestamp=2026-07-24T15:00:00 | reason=SENSOR_FAULT: relative_humidity_pct=347.5 is out of valid range 0–100 %.
[2026-07-28 17:40:04] [DEBUG   ] [__main__] Pipeline completed with fault: SENSOR_FAULT: relative_humidity_pct=347.5 is out of valid range 0–100 %.
[2026-07-28 17:40:04] [INFO    ] [root] ============================================================
[2026-07-28 17:40:04] [INFO    ] [root] WBGT Monitor logging started
[2026-07-28 17:40:04] [INFO    ] [root] Log file : C:\Users\Varsh\Desktop\AGEIS\logs\wbgt_monitor_20260728.log
[2026-07-28 17:40:04] [INFO    ] [root] ============================================================
[2026-07-28 17:40:04] [INFO    ] [__main__] WBGT Monitor starting up
[2026-07-28 17:40:04] [INFO    ] [__main__] Database initialised
[2026-07-28 17:40:04] [INFO    ] [__main__] [READING] zone=Warehouse | timestamp=2026-07-24T16:00:00
[2026-07-28 17:40:04] [DEBUG   ] [__main__] [READING] raw={"timestamp": "2026-07-24T16:00:00", "factory": "Vedanta", "zone": "Warehouse", "temperature_unit": "celsius", "temperature": 29.2, "humidity": 56.3, "globe_temperature": 30.4, "wet_bulb_temperature":
[2026-07-28 17:40:04] [DEBUG   ] [__main__] [VALIDATE] zone=Warehouse | condition=ALL_DATA | missing=[] | flags=[]
[2026-07-28 17:40:04] [INFO    ] [__main__] [CALC] zone=Warehouse | ta=29.2 | rh=56.3 | tg=30.4 | tnwb=22.6727 | wbgt=24.9909
[2026-07-28 17:40:04] [DEBUG   ] [__main__] [CALC] data_quality={'ta': 'sensor', 'rh': 'sensor', 'tg': 'sensor', 'tnwb': 'calculated', 'wbgt': 'calculated'}
[2026-07-28 17:40:04] [INFO    ] [__main__] [CLASSIFY] zone=Warehouse | wbgt=24.9909 | risk=SAFE | action=Normal work, no restrictions
[2026-07-28 17:40:04] [INFO    ] [__main__] [DB] zone=Warehouse | db_id=234 | saved OK
[2026-07-28 17:40:04] [INFO    ] [__main__] Pipeline completed OK | db_id=234
[2026-07-28 17:40:05] [INFO    ] [root] ============================================================
[2026-07-28 17:40:05] [INFO    ] [root] WBGT Monitor logging started
[2026-07-28 17:40:05] [INFO    ] [root] Log file : C:\Users\Varsh\Desktop\AGEIS\logs\wbgt_monitor_20260728.log
[2026-07-28 17:40:05] [INFO    ] [root] ============================================================
[2026-07-28 17:40:05] [INFO    ] [__main__] WBGT Monitor starting up
[2026-07-28 17:40:05] [INFO    ] [__main__] Database initialised
[2026-07-28 17:40:05] [INFO    ] [__main__] [READING] zone=Furnace-2 | timestamp=2026-07-24T17:00:00
[2026-07-28 17:40:05] [DEBUG   ] [__main__] [READING] raw={"timestamp": "2026-07-24T17:00:00", "factory": "Tata Steel", "zone": "Furnace-2", "temperature_unit": "celsius", "temperature": 42.1, "humidity": 0, "globe_temperature": 58.4, "wet_bulb_temperature":
[2026-07-28 17:40:05] [DEBUG   ] [__main__] [VALIDATE] zone=Furnace-2 | condition=ALL_DATA | missing=[] | flags=[]
[2026-07-28 17:40:05] [ERROR   ] [__main__] [CALC ERROR] zone=Furnace-2 | timestamp=2026-07-24T17:00:00 | error=WEATHER_API_BASE_URL is not configured.
[2026-07-28 17:40:05] [DEBUG   ] [__main__] Pipeline completed with fault: Calculation error: WEATHER_API_BASE_URL is not configured.
[2026-07-28 17:40:05] [INFO    ] [root] ============================================================
[2026-07-28 17:40:05] [INFO    ] [root] WBGT Monitor logging started
[2026-07-28 17:40:05] [INFO    ] [root] Log file : C:\Users\Varsh\Desktop\AGEIS\logs\wbgt_monitor_20260728.log
[2026-07-28 17:40:05] [INFO    ] [root] ============================================================
[2026-07-28 17:40:05] [INFO    ] [__main__] WBGT Monitor starting up
[2026-07-28 17:40:05] [INFO    ] [__main__] Database initialised
[2026-07-28 17:40:05] [INFO    ] [__main__] [READING] zone=Annealing-Line | timestamp=2026-07-24T18:00:00
[2026-07-28 17:40:05] [DEBUG   ] [__main__] [READING] raw={"timestamp": "2026-07-24T18:00:00", "factory": "SAIL", "zone": "Annealing-Line", "temperature_unit": "celsius", "temperature": 31.1, "humidity": 0, "globe_temperature": 36.2, "wet_bulb_temperature": 
[2026-07-28 17:40:05] [DEBUG   ] [__main__] [VALIDATE] zone=Annealing-Line | condition=ALL_DATA | missing=[] | flags=[]
[2026-07-28 17:40:05] [ERROR   ] [__main__] [CALC ERROR] zone=Annealing-Line | timestamp=2026-07-24T18:00:00 | error=WEATHER_API_BASE_URL is not configured.
[2026-07-28 17:40:05] [DEBUG   ] [__main__] Pipeline completed with fault: Calculation error: WEATHER_API_BASE_URL is not configured.
[2026-07-28 17:40:06] [INFO    ] [root] ============================================================
[2026-07-28 17:40:06] [INFO    ] [root] WBGT Monitor logging started
[2026-07-28 17:40:06] [INFO    ] [root] Log file : C:\Users\Varsh\Desktop\AGEIS\logs\wbgt_monitor_20260728.log
[2026-07-28 17:40:06] [INFO    ] [root] ============================================================
[2026-07-28 17:40:06] [INFO    ] [__main__] WBGT Monitor starting up
[2026-07-28 17:40:06] [INFO    ] [__main__] Database initialised
[2026-07-28 17:40:06] [INFO    ] [__main__] [READING] zone=Rolling-Mill | timestamp=2026-07-24T19:00:00
[2026-07-28 17:40:06] [DEBUG   ] [__main__] [READING] raw={"timestamp": "2026-07-24T19:00:00", "factory": "SAIL", "zone": "Rolling-Mill", "temperature_unit": "celsius", "temperature": 29.3, "humidity": 44.0, "globe_temperature": 0, "wet_bulb_temperature": 0}
[2026-07-28 17:40:06] [DEBUG   ] [__main__] [VALIDATE] zone=Rolling-Mill | condition=None | missing=[] | flags=[]
[2026-07-28 17:40:06] [DEBUG   ] [__main__] [FAULT] zone=Rolling-Mill | timestamp=2026-07-24T19:00:00 | reason=SENSOR_FAULT: globe_temp_c=0.0 is less than air_temp_c=29.3.
[2026-07-28 17:40:06] [DEBUG   ] [__main__] Pipeline completed with fault: SENSOR_FAULT: globe_temp_c=0.0 is less than air_temp_c=29.3.
[2026-07-28 17:40:07] [INFO    ] [root] ============================================================
[2026-07-28 17:40:07] [INFO    ] [root] WBGT Monitor logging started
[2026-07-28 17:40:07] [INFO    ] [root] Log file : C:\Users\Varsh\Desktop\AGEIS\logs\wbgt_monitor_20260728.log
[2026-07-28 17:40:07] [INFO    ] [root] ============================================================
[2026-07-28 17:40:07] [INFO    ] [__main__] WBGT Monitor starting up
[2026-07-28 17:40:07] [INFO    ] [__main__] Database initialised
[2026-07-28 17:40:07] [INFO    ] [__main__] [READING] zone=Furnace-2 | timestamp=2026-07-24T20:00:00
[2026-07-28 17:40:07] [DEBUG   ] [__main__] [READING] raw={"timestamp": "2026-07-24T20:00:00", "factory": "JSW Steel", "zone": "Furnace-2", "temperature_unit": "celsius", "temperature": 36.4, "humidity": 110.8, "globe_temperature": 52.7, "wet_bulb_temperatur
[2026-07-28 17:40:07] [DEBUG   ] [__main__] [VALIDATE] zone=Furnace-2 | condition=None | missing=[] | flags=[]
[2026-07-28 17:40:07] [DEBUG   ] [__main__] [FAULT] zone=Furnace-2 | timestamp=2026-07-24T20:00:00 | reason=SENSOR_FAULT: relative_humidity_pct=110.8 is out of valid range 0–100 %.
[2026-07-28 17:40:07] [DEBUG   ] [__main__] Pipeline completed with fault: SENSOR_FAULT: relative_humidity_pct=110.8 is out of valid range 0–100 %.
[2026-07-28 17:40:07] [INFO    ] [root] ============================================================
[2026-07-28 17:40:07] [INFO    ] [root] WBGT Monitor logging started
[2026-07-28 17:40:07] [INFO    ] [root] Log file : C:\Users\Varsh\Desktop\AGEIS\logs\wbgt_monitor_20260728.log
[2026-07-28 17:40:07] [INFO    ] [root] ============================================================
[2026-07-28 17:40:07] [INFO    ] [__main__] WBGT Monitor starting up
[2026-07-28 17:40:07] [INFO    ] [__main__] Database initialised
[2026-07-28 17:40:07] [INFO    ] [__main__] [READING] zone=Annealing-Line | timestamp=2026-07-24T21:00:00
[2026-07-28 17:40:07] [DEBUG   ] [__main__] [READING] raw={"timestamp": "2026-07-24T21:00:00", "factory": "JSW Steel", "zone": "Annealing-Line", "temperature_unit": "celsius", "temperature": 26.6, "humidity": 0, "globe_temperature": 32.5, "wet_bulb_temperatu
[2026-07-28 17:40:07] [DEBUG   ] [__main__] [VALIDATE] zone=Annealing-Line | condition=ALL_DATA | missing=[] | flags=[]
[2026-07-28 17:40:07] [ERROR   ] [__main__] [CALC ERROR] zone=Annealing-Line | timestamp=2026-07-24T21:00:00 | error=WEATHER_API_BASE_URL is not configured.
[2026-07-28 17:40:07] [DEBUG   ] [__main__] Pipeline completed with fault: Calculation error: WEATHER_API_BASE_URL is not configured.
[2026-07-28 17:40:08] [INFO    ] [root] ============================================================
[2026-07-28 17:40:08] [INFO    ] [root] WBGT Monitor logging started
[2026-07-28 17:40:08] [INFO    ] [root] Log file : C:\Users\Varsh\Desktop\AGEIS\logs\wbgt_monitor_20260728.log
[2026-07-28 17:40:08] [INFO    ] [root] ============================================================
[2026-07-28 17:40:08] [INFO    ] [__main__] WBGT Monitor starting up
[2026-07-28 17:40:08] [INFO    ] [__main__] Database initialised
[2026-07-28 17:40:08] [INFO    ] [__main__] [READING] zone=Continuous-Casting | timestamp=2026-07-24T22:00:00
[2026-07-28 17:40:08] [DEBUG   ] [__main__] [READING] raw={"timestamp": "2026-07-24T22:00:00", "factory": "SAIL", "zone": "Continuous-Casting", "temperature_unit": "celsius", "temperature": 30.7, "humidity": 60.4, "globe_temperature": 45.8, "wet_bulb_tempera
[2026-07-28 17:40:08] [DEBUG   ] [__main__] [VALIDATE] zone=Continuous-Casting | condition=ALL_DATA | missing=[] | flags=[]
[2026-07-28 17:40:08] [INFO    ] [__main__] [CALC] zone=Continuous-Casting | ta=30.7 | rh=60.4 | tg=45.8 | tnwb=24.7 | wbgt=31.03
[2026-07-28 17:40:08] [DEBUG   ] [__main__] [CALC] data_quality={'ta': 'sensor', 'rh': 'sensor', 'tg': 'sensor', 'tnwb': 'sensor', 'wbgt': 'calculated'}
[2026-07-28 17:40:08] [INFO    ] [__main__] [CLASSIFY] zone=Continuous-Casting | wbgt=31.03 | risk=WARNING | action=Enforce work/rest cycles (50 min work, 10 min rest)
[2026-07-28 17:40:08] [WARNING ] [__main__] [WARNING ALERT] zone=Continuous-Casting | wbgt=31.03 | Enforce work/rest cycles (50 min work, 10 min rest)
[2026-07-28 17:40:08] [INFO    ] [__main__] [DB] zone=Continuous-Casting | db_id=235 | saved OK
[2026-07-28 17:40:08] [INFO    ] [__main__] Pipeline completed OK | db_id=235
[2026-07-28 17:40:08] [INFO    ] [root] ============================================================
[2026-07-28 17:40:08] [INFO    ] [root] WBGT Monitor logging started
[2026-07-28 17:40:08] [INFO    ] [root] Log file : C:\Users\Varsh\Desktop\AGEIS\logs\wbgt_monitor_20260728.log
[2026-07-28 17:40:08] [INFO    ] [root] ============================================================
[2026-07-28 17:40:08] [INFO    ] [__main__] WBGT Monitor starting up
[2026-07-28 17:40:08] [INFO    ] [__main__] Database initialised
[2026-07-28 17:40:08] [INFO    ] [__main__] [READING] zone=Fabrication-Shop | timestamp=2026-07-24T23:00:00
[2026-07-28 17:40:08] [DEBUG   ] [__main__] [READING] raw={"timestamp": "2026-07-24T23:00:00", "factory": "JSPL", "zone": "Fabrication-Shop", "temperature_unit": "celsius", "temperature": 24.9, "humidity": 62.3, "globe_temperature": 28.4, "wet_bulb_temperatu
[2026-07-28 17:40:08] [DEBUG   ] [__main__] [VALIDATE] zone=Fabrication-Shop | condition=ALL_DATA | missing=[] | flags=[]
[2026-07-28 17:40:08] [INFO    ] [__main__] [CALC] zone=Fabrication-Shop | ta=24.9 | rh=62.3 | tg=28.4 | tnwb=19.8 | wbgt=22.38
[2026-07-28 17:40:08] [DEBUG   ] [__main__] [CALC] data_quality={'ta': 'sensor', 'rh': 'sensor', 'tg': 'sensor', 'tnwb': 'sensor', 'wbgt': 'calculated'}
[2026-07-28 17:40:08] [INFO    ] [__main__] [CLASSIFY] zone=Fabrication-Shop | wbgt=22.38 | risk=SAFE | action=Normal work, no restrictions
[2026-07-28 17:40:08] [INFO    ] [__main__] [DB] zone=Fabrication-Shop | db_id=236 | saved OK
[2026-07-28 17:40:08] [INFO    ] [__main__] Pipeline completed OK | db_id=236
[2026-07-28 17:40:09] [INFO    ] [root] ============================================================
[2026-07-28 17:40:09] [INFO    ] [root] WBGT Monitor logging started
[2026-07-28 17:40:09] [INFO    ] [root] Log file : C:\Users\Varsh\Desktop\AGEIS\logs\wbgt_monitor_20260728.log
[2026-07-28 17:40:09] [INFO    ] [root] ============================================================
[2026-07-28 17:40:09] [INFO    ] [__main__] WBGT Monitor starting up
[2026-07-28 17:40:09] [INFO    ] [__main__] Database initialised
[2026-07-28 17:40:09] [INFO    ] [__main__] [READING] zone=Ladle-Metallurgy | timestamp=2026-07-25T00:00:00
[2026-07-28 17:40:09] [DEBUG   ] [__main__] [READING] raw={"timestamp": "2026-07-25T00:00:00", "factory": "JSPL", "zone": "Ladle-Metallurgy", "temperature_unit": "celsius", "temperature": 28.8, "humidity": 60.1, "globe_temperature": 41.6, "wet_bulb_temperatu
[2026-07-28 17:40:09] [DEBUG   ] [__main__] [VALIDATE] zone=Ladle-Metallurgy | condition=ALL_DATA | missing=[] | flags=[]
[2026-07-28 17:40:09] [INFO    ] [__main__] [CALC] zone=Ladle-Metallurgy | ta=28.8 | rh=60.1 | tg=41.6 | tnwb=22.9 | wbgt=28.51
[2026-07-28 17:40:09] [DEBUG   ] [__main__] [CALC] data_quality={'ta': 'sensor', 'rh': 'sensor', 'tg': 'sensor', 'tnwb': 'sensor', 'wbgt': 'calculated'}
[2026-07-28 17:40:09] [INFO    ] [__main__] [CLASSIFY] zone=Ladle-Metallurgy | wbgt=28.51 | risk=CAUTION | action=Increase water breaks
[2026-07-28 17:40:09] [INFO    ] [__main__] [DB] zone=Ladle-Metallurgy | db_id=237 | saved OK
[2026-07-28 17:40:09] [INFO    ] [__main__] Pipeline completed OK | db_id=237
[2026-07-28 17:40:10] [INFO    ] [root] ============================================================
[2026-07-28 17:40:10] [INFO    ] [root] WBGT Monitor logging started
[2026-07-28 17:40:10] [INFO    ] [root] Log file : C:\Users\Varsh\Desktop\AGEIS\logs\wbgt_monitor_20260728.log
[2026-07-28 17:40:10] [INFO    ] [root] ============================================================
[2026-07-28 17:40:10] [INFO    ] [__main__] WBGT Monitor starting up
[2026-07-28 17:40:10] [INFO    ] [__main__] Database initialised
[2026-07-28 17:40:10] [INFO    ] [__main__] [READING] zone=Loading-Dock | timestamp=2026-07-25T01:00:00
[2026-07-28 17:40:10] [DEBUG   ] [__main__] [READING] raw={"timestamp": "2026-07-25T01:00:00", "factory": "Vedanta", "zone": "Loading-Dock", "temperature_unit": "celsius", "temperature": 23.2, "humidity": 0, "globe_temperature": 26.2, "wet_bulb_temperature":
[2026-07-28 17:40:10] [DEBUG   ] [__main__] [VALIDATE] zone=Loading-Dock | condition=ALL_DATA | missing=[] | flags=[]
[2026-07-28 17:40:10] [ERROR   ] [__main__] [CALC ERROR] zone=Loading-Dock | timestamp=2026-07-25T01:00:00 | error=WEATHER_API_BASE_URL is not configured.
[2026-07-28 17:40:10] [DEBUG   ] [__main__] Pipeline completed with fault: Calculation error: WEATHER_API_BASE_URL is not configured.
[2026-07-28 17:40:10] [INFO    ] [root] ============================================================
[2026-07-28 17:40:10] [INFO    ] [root] WBGT Monitor logging started
[2026-07-28 17:40:10] [INFO    ] [root] Log file : C:\Users\Varsh\Desktop\AGEIS\logs\wbgt_monitor_20260728.log
[2026-07-28 17:40:10] [INFO    ] [root] ============================================================
[2026-07-28 17:40:10] [INFO    ] [__main__] WBGT Monitor starting up
[2026-07-28 17:40:10] [INFO    ] [__main__] Database initialised
[2026-07-28 17:40:10] [INFO    ] [__main__] [READING] zone=EAF-Bay | timestamp=2026-07-25T02:00:00
[2026-07-28 17:40:10] [DEBUG   ] [__main__] [READING] raw={"timestamp": "2026-07-25T02:00:00", "factory": "JSW Steel", "zone": "EAF-Bay", "temperature_unit": "celsius", "temperature": 38.5, "humidity": 0, "globe_temperature": 0, "wet_bulb_temperature": 26.3}
[2026-07-28 17:40:10] [DEBUG   ] [__main__] [VALIDATE] zone=EAF-Bay | condition=None | missing=[] | flags=[]
[2026-07-28 17:40:10] [DEBUG   ] [__main__] [FAULT] zone=EAF-Bay | timestamp=2026-07-25T02:00:00 | reason=SENSOR_FAULT: globe_temp_c=0.0 is less than air_temp_c=38.5.
[2026-07-28 17:40:10] [DEBUG   ] [__main__] Pipeline completed with fault: SENSOR_FAULT: globe_temp_c=0.0 is less than air_temp_c=38.5.
[2026-07-28 17:40:11] [INFO    ] [root] ============================================================
[2026-07-28 17:40:11] [INFO    ] [root] WBGT Monitor logging started
[2026-07-28 17:40:11] [INFO    ] [root] Log file : C:\Users\Varsh\Desktop\AGEIS\logs\wbgt_monitor_20260728.log
[2026-07-28 17:40:11] [INFO    ] [root] ============================================================
[2026-07-28 17:40:11] [INFO    ] [__main__] WBGT Monitor starting up
[2026-07-28 17:40:11] [INFO    ] [__main__] Database initialised
[2026-07-28 17:40:11] [INFO    ] [__main__] [READING] zone=Furnace-1 | timestamp=2026-07-25T03:00:00
[2026-07-28 17:40:11] [DEBUG   ] [__main__] [READING] raw={"timestamp": "2026-07-25T03:00:00", "factory": "Shree Metal Works", "zone": "Furnace-1", "temperature_unit": "celsius", "temperature": 36.3, "humidity": 43.1, "globe_temperature": 0, "wet_bulb_temper
[2026-07-28 17:40:11] [DEBUG   ] [__main__] [VALIDATE] zone=Furnace-1 | condition=None | missing=[] | flags=[]
[2026-07-28 17:40:11] [DEBUG   ] [__main__] [FAULT] zone=Furnace-1 | timestamp=2026-07-25T03:00:00 | reason=SENSOR_FAULT: globe_temp_c=0.0 is less than air_temp_c=36.3.
[2026-07-28 17:40:11] [DEBUG   ] [__main__] Pipeline completed with fault: SENSOR_FAULT: globe_temp_c=0.0 is less than air_temp_c=36.3.
[2026-07-28 17:40:12] [INFO    ] [root] ============================================================
[2026-07-28 17:40:12] [INFO    ] [root] WBGT Monitor logging started
[2026-07-28 17:40:12] [INFO    ] [root] Log file : C:\Users\Varsh\Desktop\AGEIS\logs\wbgt_monitor_20260728.log
[2026-07-28 17:40:12] [INFO    ] [root] ============================================================
[2026-07-28 17:40:12] [INFO    ] [__main__] WBGT Monitor starting up
[2026-07-28 17:40:12] [INFO    ] [__main__] Database initialised
[2026-07-28 17:40:12] [INFO    ] [__main__] [READING] zone=Warehouse | timestamp=2026-07-25T04:00:00
[2026-07-28 17:40:12] [DEBUG   ] [__main__] [READING] raw={"timestamp": "2026-07-25T04:00:00", "factory": "Ganesh Alloys", "zone": "Warehouse", "temperature_unit": "celsius", "temperature": 19.6, "humidity": 62.0, "globe_temperature": 14.5, "wet_bulb_tempera
[2026-07-28 17:40:12] [DEBUG   ] [__main__] [VALIDATE] zone=Warehouse | condition=None | missing=[] | flags=[]
[2026-07-28 17:40:12] [DEBUG   ] [__main__] [FAULT] zone=Warehouse | timestamp=2026-07-25T04:00:00 | reason=SENSOR_FAULT: globe_temp_c=14.5 is less than air_temp_c=19.6.
[2026-07-28 17:40:12] [DEBUG   ] [__main__] Pipeline completed with fault: SENSOR_FAULT: globe_temp_c=14.5 is less than air_temp_c=19.6.
[2026-07-28 17:40:12] [INFO    ] [root] ============================================================
[2026-07-28 17:40:12] [INFO    ] [root] WBGT Monitor logging started
[2026-07-28 17:40:12] [INFO    ] [root] Log file : C:\Users\Varsh\Desktop\AGEIS\logs\wbgt_monitor_20260728.log
[2026-07-28 17:40:12] [INFO    ] [root] ============================================================
[2026-07-28 17:40:12] [INFO    ] [__main__] WBGT Monitor starting up
[2026-07-28 17:40:12] [INFO    ] [__main__] Database initialised
[2026-07-28 17:40:12] [INFO    ] [__main__] [READING] zone=Continuous-Casting | timestamp=2026-07-25T05:00:00
[2026-07-28 17:40:12] [DEBUG   ] [__main__] [READING] raw={"timestamp": "2026-07-25T05:00:00", "factory": "SAIL", "zone": "Continuous-Casting", "temperature_unit": "celsius", "temperature": 29.2, "humidity": 54.1, "globe_temperature": 40.9, "wet_bulb_tempera
[2026-07-28 17:40:12] [DEBUG   ] [__main__] [VALIDATE] zone=Continuous-Casting | condition=ALL_DATA | missing=[] | flags=[]
[2026-07-28 17:40:12] [INFO    ] [__main__] [CALC] zone=Continuous-Casting | ta=29.2 | rh=54.1 | tg=40.9 | tnwb=22.3067 | wbgt=27.8847
[2026-07-28 17:40:12] [DEBUG   ] [__main__] [CALC] data_quality={'ta': 'sensor', 'rh': 'sensor', 'tg': 'sensor', 'tnwb': 'calculated', 'wbgt': 'calculated'}
[2026-07-28 17:40:12] [INFO    ] [__main__] [CLASSIFY] zone=Continuous-Casting | wbgt=27.8847 | risk=CAUTION | action=Increase water breaks
[2026-07-28 17:40:12] [INFO    ] [__main__] [DB] zone=Continuous-Casting | db_id=238 | saved OK
[2026-07-28 17:40:12] [INFO    ] [__main__] Pipeline completed OK | db_id=238
[2026-07-28 17:40:13] [INFO    ] [root] ============================================================
[2026-07-28 17:40:13] [INFO    ] [root] WBGT Monitor logging started
[2026-07-28 17:40:13] [INFO    ] [root] Log file : C:\Users\Varsh\Desktop\AGEIS\logs\wbgt_monitor_20260728.log
[2026-07-28 17:40:13] [INFO    ] [root] ============================================================
[2026-07-28 17:40:13] [INFO    ] [__main__] WBGT Monitor starting up
[2026-07-28 17:40:13] [INFO    ] [__main__] Database initialised
[2026-07-28 17:40:13] [INFO    ] [__main__] [READING] zone=Rolling-Mill | timestamp=2026-07-25T06:00:00
[2026-07-28 17:40:13] [DEBUG   ] [__main__] [READING] raw={"timestamp": "2026-07-25T06:00:00", "factory": "Ganesh Alloys", "zone": "Rolling-Mill", "temperature_unit": "celsius", "temperature": 29.0, "humidity": 55.1, "globe_temperature": 38.1, "wet_bulb_temp
[2026-07-28 17:40:13] [DEBUG   ] [__main__] [VALIDATE] zone=Rolling-Mill | condition=ALL_DATA | missing=[] | flags=[]
[2026-07-28 17:40:13] [INFO    ] [__main__] [CALC] zone=Rolling-Mill | ta=29.0 | rh=55.1 | tg=38.1 | tnwb=22.8 | wbgt=27.39
[2026-07-28 17:40:13] [DEBUG   ] [__main__] [CALC] data_quality={'ta': 'sensor', 'rh': 'sensor', 'tg': 'sensor', 'tnwb': 'sensor', 'wbgt': 'calculated'}
[2026-07-28 17:40:13] [INFO    ] [__main__] [CLASSIFY] zone=Rolling-Mill | wbgt=27.39 | risk=CAUTION | action=Increase water breaks
[2026-07-28 17:40:13] [INFO    ] [__main__] [DB] zone=Rolling-Mill | db_id=239 | saved OK
[2026-07-28 17:40:13] [INFO    ] [__main__] Pipeline completed OK | db_id=239
[2026-07-28 17:40:13] [INFO    ] [root] ============================================================
[2026-07-28 17:40:13] [INFO    ] [root] WBGT Monitor logging started
[2026-07-28 17:40:13] [INFO    ] [root] Log file : C:\Users\Varsh\Desktop\AGEIS\logs\wbgt_monitor_20260728.log
[2026-07-28 17:40:13] [INFO    ] [root] ============================================================
[2026-07-28 17:40:13] [INFO    ] [__main__] WBGT Monitor starting up
[2026-07-28 17:40:13] [INFO    ] [__main__] Database initialised
[2026-07-28 17:40:13] [INFO    ] [__main__] [READING] zone=Furnace-1 | timestamp=2026-07-25T07:00:00
[2026-07-28 17:40:13] [DEBUG   ] [__main__] [READING] raw={"timestamp": "2026-07-25T07:00:00", "factory": "JSW Steel", "zone": "Furnace-1", "temperature_unit": "celsius", "temperature": 39.7, "humidity": 43.2, "globe_temperature": 57.1, "wet_bulb_temperature
[2026-07-28 17:40:13] [DEBUG   ] [__main__] [VALIDATE] zone=Furnace-1 | condition=ALL_DATA | missing=[] | flags=[]
[2026-07-28 17:40:13] [INFO    ] [__main__] [CALC] zone=Furnace-1 | ta=39.7 | rh=43.2 | tg=57.1 | tnwb=28.8 | wbgt=37.29
[2026-07-28 17:40:13] [DEBUG   ] [__main__] [CALC] data_quality={'ta': 'sensor', 'rh': 'sensor', 'tg': 'sensor', 'tnwb': 'sensor', 'wbgt': 'calculated'}
[2026-07-28 17:40:13] [INFO    ] [__main__] [CLASSIFY] zone=Furnace-1 | wbgt=37.29 | risk=DANGER | action=Halt heavy work, mandatory rest, evacuate
[2026-07-28 17:40:13] [WARNING ] [__main__] [DANGER ALERT] zone=Furnace-1 | wbgt=37.29 | Halt heavy work, mandatory rest, evacuate
[2026-07-28 17:40:13] [INFO    ] [__main__] [DB] zone=Furnace-1 | db_id=240 | saved OK
[2026-07-28 17:40:13] [INFO    ] [__main__] Pipeline completed OK | db_id=240
[2026-07-28 17:40:14] [INFO    ] [root] ============================================================
[2026-07-28 17:40:14] [INFO    ] [root] WBGT Monitor logging started
[2026-07-28 17:40:14] [INFO    ] [root] Log file : C:\Users\Varsh\Desktop\AGEIS\logs\wbgt_monitor_20260728.log
[2026-07-28 17:40:14] [INFO    ] [root] ============================================================
[2026-07-28 17:40:14] [INFO    ] [__main__] WBGT Monitor starting up
[2026-07-28 17:40:14] [INFO    ] [__main__] Database initialised
[2026-07-28 17:40:14] [INFO    ] [__main__] [READING] zone=Loading-Dock | timestamp=2026-07-25T08:00:00
[2026-07-28 17:40:14] [DEBUG   ] [__main__] [READING] raw={"timestamp": "2026-07-25T08:00:00", "factory": "JSPL", "zone": "Loading-Dock", "temperature_unit": "celsius", "temperature": 27.1, "humidity": 71.2, "globe_temperature": 0, "wet_bulb_temperature": 22
[2026-07-28 17:40:14] [DEBUG   ] [__main__] [VALIDATE] zone=Loading-Dock | condition=None | missing=[] | flags=[]
[2026-07-28 17:40:14] [DEBUG   ] [__main__] [FAULT] zone=Loading-Dock | timestamp=2026-07-25T08:00:00 | reason=SENSOR_FAULT: globe_temp_c=0.0 is less than air_temp_c=27.1.
[2026-07-28 17:40:14] [DEBUG   ] [__main__] Pipeline completed with fault: SENSOR_FAULT: globe_temp_c=0.0 is less than air_temp_c=27.1.
[2026-07-28 17:40:14] [INFO    ] [root] ============================================================
[2026-07-28 17:40:14] [INFO    ] [root] WBGT Monitor logging started
[2026-07-28 17:40:14] [INFO    ] [root] Log file : C:\Users\Varsh\Desktop\AGEIS\logs\wbgt_monitor_20260728.log
[2026-07-28 17:40:14] [INFO    ] [root] ============================================================
[2026-07-28 17:40:14] [INFO    ] [__main__] WBGT Monitor starting up
[2026-07-28 17:40:14] [INFO    ] [__main__] Database initialised
[2026-07-28 17:40:14] [INFO    ] [__main__] [READING] zone=Warehouse | timestamp=2026-07-25T09:00:00
[2026-07-28 17:40:14] [DEBUG   ] [__main__] [READING] raw={"timestamp": "2026-07-25T09:00:00", "factory": "Ganesh Alloys", "zone": "Warehouse", "temperature_unit": "celsius", "temperature": 27.1, "humidity": 60.4, "globe_temperature": 27.5, "wet_bulb_tempera
[2026-07-28 17:40:14] [DEBUG   ] [__main__] [VALIDATE] zone=Warehouse | condition=ALL_DATA | missing=[] | flags=[]
[2026-07-28 17:40:14] [INFO    ] [__main__] [CALC] zone=Warehouse | ta=27.1 | rh=60.4 | tg=27.5 | tnwb=21.4512 | wbgt=23.2658
[2026-07-28 17:40:14] [DEBUG   ] [__main__] [CALC] data_quality={'ta': 'sensor', 'rh': 'sensor', 'tg': 'sensor', 'tnwb': 'calculated', 'wbgt': 'calculated'}
[2026-07-28 17:40:14] [INFO    ] [__main__] [CLASSIFY] zone=Warehouse | wbgt=23.2658 | risk=SAFE | action=Normal work, no restrictions
[2026-07-28 17:40:14] [INFO    ] [__main__] [DB] zone=Warehouse | db_id=241 | saved OK
[2026-07-28 17:40:14] [INFO    ] [__main__] Pipeline completed OK | db_id=241
[2026-07-28 17:40:15] [INFO    ] [root] ============================================================
[2026-07-28 17:40:15] [INFO    ] [root] WBGT Monitor logging started
[2026-07-28 17:40:15] [INFO    ] [root] Log file : C:\Users\Varsh\Desktop\AGEIS\logs\wbgt_monitor_20260728.log
[2026-07-28 17:40:15] [INFO    ] [root] ============================================================
[2026-07-28 17:40:15] [INFO    ] [__main__] WBGT Monitor starting up
[2026-07-28 17:40:15] [INFO    ] [__main__] Database initialised
[2026-07-28 17:40:15] [INFO    ] [__main__] [READING] zone=Ladle-Metallurgy | timestamp=2026-07-25T10:00:00
[2026-07-28 17:40:15] [DEBUG   ] [__main__] [READING] raw={"timestamp": "2026-07-25T10:00:00", "factory": "Ganesh Alloys", "zone": "Ladle-Metallurgy", "temperature_unit": "celsius", "temperature": 34.2, "humidity": 33.8, "globe_temperature": 46.2, "wet_bulb_
[2026-07-28 17:40:15] [DEBUG   ] [__main__] [VALIDATE] zone=Ladle-Metallurgy | condition=ALL_DATA | missing=[] | flags=[]
[2026-07-28 17:40:15] [INFO    ] [__main__] [CALC] zone=Ladle-Metallurgy | ta=34.2 | rh=33.8 | tg=46.2 | tnwb=22.4 | wbgt=29.54
[2026-07-28 17:40:15] [DEBUG   ] [__main__] [CALC] data_quality={'ta': 'sensor', 'rh': 'sensor', 'tg': 'sensor', 'tnwb': 'sensor', 'wbgt': 'calculated'}
[2026-07-28 17:40:15] [INFO    ] [__main__] [CLASSIFY] zone=Ladle-Metallurgy | wbgt=29.54 | risk=WARNING | action=Enforce work/rest cycles (50 min work, 10 min rest)
[2026-07-28 17:40:15] [WARNING ] [__main__] [WARNING ALERT] zone=Ladle-Metallurgy | wbgt=29.54 | Enforce work/rest cycles (50 min work, 10 min rest)
[2026-07-28 17:40:15] [INFO    ] [__main__] [DB] zone=Ladle-Metallurgy | db_id=242 | saved OK
[2026-07-28 17:40:15] [INFO    ] [__main__] Pipeline completed OK | db_id=242
[2026-07-28 17:40:16] [INFO    ] [root] ============================================================
[2026-07-28 17:40:16] [INFO    ] [root] WBGT Monitor logging started
[2026-07-28 17:40:16] [INFO    ] [root] Log file : C:\Users\Varsh\Desktop\AGEIS\logs\wbgt_monitor_20260728.log
[2026-07-28 17:40:16] [INFO    ] [root] ============================================================
[2026-07-28 17:40:16] [INFO    ] [__main__] WBGT Monitor starting up
[2026-07-28 17:40:16] [INFO    ] [__main__] Database initialised
[2026-07-28 17:40:16] [INFO    ] [__main__] [READING] zone=Furnace-2 | timestamp=2026-07-25T11:00:00
[2026-07-28 17:40:16] [DEBUG   ] [__main__] [READING] raw={"timestamp": "2026-07-25T11:00:00", "factory": "SAIL", "zone": "Furnace-2", "temperature_unit": "celsius", "temperature": 41.3, "humidity": 32.9, "globe_temperature": 57.9, "wet_bulb_temperature": 28
[2026-07-28 17:40:16] [DEBUG   ] [__main__] [VALIDATE] zone=Furnace-2 | condition=ALL_DATA | missing=[] | flags=[]
[2026-07-28 17:40:16] [INFO    ] [__main__] [CALC] zone=Furnace-2 | ta=41.3 | rh=32.9 | tg=57.9 | tnwb=28.2 | wbgt=37.11
[2026-07-28 17:40:16] [DEBUG   ] [__main__] [CALC] data_quality={'ta': 'sensor', 'rh': 'sensor', 'tg': 'sensor', 'tnwb': 'sensor', 'wbgt': 'calculated'}
[2026-07-28 17:40:16] [INFO    ] [__main__] [CLASSIFY] zone=Furnace-2 | wbgt=37.11 | risk=DANGER | action=Halt heavy work, mandatory rest, evacuate
[2026-07-28 17:40:16] [WARNING ] [__main__] [DANGER ALERT] zone=Furnace-2 | wbgt=37.11 | Halt heavy work, mandatory rest, evacuate
[2026-07-28 17:40:16] [INFO    ] [__main__] [DB] zone=Furnace-2 | db_id=243 | saved OK
[2026-07-28 17:40:16] [INFO    ] [__main__] Pipeline completed OK | db_id=243
[2026-07-28 17:40:16] [INFO    ] [root] ============================================================
[2026-07-28 17:40:16] [INFO    ] [root] WBGT Monitor logging started
[2026-07-28 17:40:16] [INFO    ] [root] Log file : C:\Users\Varsh\Desktop\AGEIS\logs\wbgt_monitor_20260728.log
[2026-07-28 17:40:16] [INFO    ] [root] ============================================================
[2026-07-28 17:40:16] [INFO    ] [__main__] WBGT Monitor starting up
[2026-07-28 17:40:16] [INFO    ] [__main__] Database initialised
[2026-07-28 17:40:16] [INFO    ] [__main__] [READING] zone=EAF-Bay | timestamp=2026-07-25T12:00:00
[2026-07-28 17:40:16] [DEBUG   ] [__main__] [READING] raw={"timestamp": "2026-07-25T12:00:00", "factory": "SAIL", "zone": "EAF-Bay", "temperature_unit": "celsius", "temperature": 43.9, "humidity": 46.0, "globe_temperature": 0, "wet_bulb_temperature": 0}
[2026-07-28 17:40:16] [DEBUG   ] [__main__] [VALIDATE] zone=EAF-Bay | condition=None | missing=[] | flags=[]
[2026-07-28 17:40:16] [DEBUG   ] [__main__] [FAULT] zone=EAF-Bay | timestamp=2026-07-25T12:00:00 | reason=SENSOR_FAULT: globe_temp_c=0.0 is less than air_temp_c=43.9.
[2026-07-28 17:40:16] [DEBUG   ] [__main__] Pipeline completed with fault: SENSOR_FAULT: globe_temp_c=0.0 is less than air_temp_c=43.9.
[2026-07-28 17:40:17] [INFO    ] [root] ============================================================
[2026-07-28 17:40:17] [INFO    ] [root] WBGT Monitor logging started
[2026-07-28 17:40:17] [INFO    ] [root] Log file : C:\Users\Varsh\Desktop\AGEIS\logs\wbgt_monitor_20260728.log
[2026-07-28 17:40:17] [INFO    ] [root] ============================================================
[2026-07-28 17:40:17] [INFO    ] [__main__] WBGT Monitor starting up
[2026-07-28 17:40:17] [INFO    ] [__main__] Database initialised
[2026-07-28 17:40:17] [INFO    ] [__main__] [READING] zone=Annealing-Line | timestamp=2026-07-25T13:00:00
[2026-07-28 17:40:17] [DEBUG   ] [__main__] [READING] raw={"timestamp": "2026-07-25T13:00:00", "factory": "Shree Metal Works", "zone": "Annealing-Line", "temperature_unit": "celsius", "temperature": 36.5, "humidity": 48.8, "globe_temperature": 41.3, "wet_bul
[2026-07-28 17:40:17] [DEBUG   ] [__main__] [VALIDATE] zone=Annealing-Line | condition=ALL_DATA | missing=[] | flags=[]
[2026-07-28 17:40:17] [INFO    ] [__main__] [CALC] zone=Annealing-Line | ta=36.5 | rh=48.8 | tg=41.3 | tnwb=27.5 | wbgt=31.64
[2026-07-28 17:40:17] [DEBUG   ] [__main__] [CALC] data_quality={'ta': 'sensor', 'rh': 'sensor', 'tg': 'sensor', 'tnwb': 'sensor', 'wbgt': 'calculated'}
[2026-07-28 17:40:17] [INFO    ] [__main__] [CLASSIFY] zone=Annealing-Line | wbgt=31.64 | risk=DANGER | action=Halt heavy work, mandatory rest, evacuate
[2026-07-28 17:40:17] [WARNING ] [__main__] [DANGER ALERT] zone=Annealing-Line | wbgt=31.64 | Halt heavy work, mandatory rest, evacuate
[2026-07-28 17:40:17] [INFO    ] [__main__] [DB] zone=Annealing-Line | db_id=244 | saved OK
[2026-07-28 17:40:17] [INFO    ] [__main__] Pipeline completed OK | db_id=244
[2026-07-28 17:40:17] [INFO    ] [root] ============================================================
[2026-07-28 17:40:17] [INFO    ] [root] WBGT Monitor logging started
[2026-07-28 17:40:17] [INFO    ] [root] Log file : C:\Users\Varsh\Desktop\AGEIS\logs\wbgt_monitor_20260728.log
[2026-07-28 17:40:17] [INFO    ] [root] ============================================================
[2026-07-28 17:40:17] [INFO    ] [__main__] WBGT Monitor starting up
[2026-07-28 17:40:17] [INFO    ] [__main__] Database initialised
[2026-07-28 17:40:17] [INFO    ] [__main__] [READING] zone=Fabrication-Shop | timestamp=2026-07-25T14:00:00
[2026-07-28 17:40:17] [DEBUG   ] [__main__] [READING] raw={"timestamp": "2026-07-25T14:00:00", "factory": "Vedanta", "zone": "Fabrication-Shop", "temperature_unit": "celsius", "temperature": 32.9, "humidity": 61.0, "globe_temperature": 34.9, "wet_bulb_temper
[2026-07-28 17:40:17] [DEBUG   ] [__main__] [VALIDATE] zone=Fabrication-Shop | condition=ALL_DATA | missing=[] | flags=[]
[2026-07-28 17:40:17] [INFO    ] [__main__] [CALC] zone=Fabrication-Shop | ta=32.9 | rh=61.0 | tg=34.9 | tnwb=26.5 | wbgt=29.02
[2026-07-28 17:40:17] [DEBUG   ] [__main__] [CALC] data_quality={'ta': 'sensor', 'rh': 'sensor', 'tg': 'sensor', 'tnwb': 'sensor', 'wbgt': 'calculated'}
[2026-07-28 17:40:17] [INFO    ] [__main__] [CLASSIFY] zone=Fabrication-Shop | wbgt=29.02 | risk=CAUTION | action=Increase water breaks
[2026-07-28 17:40:17] [INFO    ] [__main__] [DB] zone=Fabrication-Shop | db_id=245 | saved OK
[2026-07-28 17:40:17] [INFO    ] [__main__] Pipeline completed OK | db_id=245
[2026-07-28 17:40:18] [INFO    ] [root] ============================================================
[2026-07-28 17:40:18] [INFO    ] [root] WBGT Monitor logging started
[2026-07-28 17:40:18] [INFO    ] [root] Log file : C:\Users\Varsh\Desktop\AGEIS\logs\wbgt_monitor_20260728.log
[2026-07-28 17:40:18] [INFO    ] [root] ============================================================
[2026-07-28 17:40:18] [INFO    ] [__main__] WBGT Monitor starting up
[2026-07-28 17:40:18] [INFO    ] [__main__] Database initialised
[2026-07-28 17:40:18] [INFO    ] [__main__] [READING] zone=EAF-Bay | timestamp=2026-07-25T15:00:00
[2026-07-28 17:40:18] [DEBUG   ] [__main__] [READING] raw={"timestamp": "2026-07-25T15:00:00", "factory": "Ganesh Alloys", "zone": "EAF-Bay", "temperature_unit": "celsius", "temperature": 45.4, "humidity": 42.5, "globe_temperature": 64.9, "wet_bulb_temperatu
[2026-07-28 17:40:18] [DEBUG   ] [__main__] [VALIDATE] zone=EAF-Bay | condition=ALL_DATA | missing=[] | flags=[]
[2026-07-28 17:40:18] [INFO    ] [__main__] [CALC] zone=EAF-Bay | ta=45.4 | rh=42.5 | tg=64.9 | tnwb=33.6422 | wbgt=43.0195
[2026-07-28 17:40:18] [DEBUG   ] [__main__] [CALC] data_quality={'ta': 'sensor', 'rh': 'sensor', 'tg': 'sensor', 'tnwb': 'calculated', 'wbgt': 'calculated'}
[2026-07-28 17:40:18] [INFO    ] [__main__] [CLASSIFY] zone=EAF-Bay | wbgt=43.0195 | risk=DANGER | action=Halt heavy work, mandatory rest, evacuate
[2026-07-28 17:40:18] [WARNING ] [__main__] [DANGER ALERT] zone=EAF-Bay | wbgt=43.0195 | Halt heavy work, mandatory rest, evacuate
[2026-07-28 17:40:18] [INFO    ] [__main__] [DB] zone=EAF-Bay | db_id=246 | saved OK
[2026-07-28 17:40:18] [INFO    ] [__main__] Pipeline completed OK | db_id=246
[2026-07-28 17:40:19] [INFO    ] [root] ============================================================
[2026-07-28 17:40:19] [INFO    ] [root] WBGT Monitor logging started
[2026-07-28 17:40:19] [INFO    ] [root] Log file : C:\Users\Varsh\Desktop\AGEIS\logs\wbgt_monitor_20260728.log
[2026-07-28 17:40:19] [INFO    ] [root] ============================================================
[2026-07-28 17:40:19] [INFO    ] [__main__] WBGT Monitor starting up
[2026-07-28 17:40:19] [INFO    ] [__main__] Database initialised
[2026-07-28 17:40:19] [INFO    ] [__main__] [READING] zone=Furnace-2 | timestamp=2026-07-25T16:00:00
[2026-07-28 17:40:19] [DEBUG   ] [__main__] [READING] raw={"timestamp": "2026-07-25T16:00:00", "factory": "Tata Steel", "zone": "Furnace-2", "temperature_unit": "celsius", "temperature": 37.2, "humidity": 0, "globe_temperature": 0, "wet_bulb_temperature": 24
[2026-07-28 17:40:19] [DEBUG   ] [__main__] [VALIDATE] zone=Furnace-2 | condition=None | missing=[] | flags=[]
[2026-07-28 17:40:19] [DEBUG   ] [__main__] [FAULT] zone=Furnace-2 | timestamp=2026-07-25T16:00:00 | reason=SENSOR_FAULT: globe_temp_c=0.0 is less than air_temp_c=37.2.
[2026-07-28 17:40:19] [DEBUG   ] [__main__] Pipeline completed with fault: SENSOR_FAULT: globe_temp_c=0.0 is less than air_temp_c=37.2.
[2026-07-28 17:40:19] [INFO    ] [root] ============================================================
[2026-07-28 17:40:19] [INFO    ] [root] WBGT Monitor logging started
[2026-07-28 17:40:19] [INFO    ] [root] Log file : C:\Users\Varsh\Desktop\AGEIS\logs\wbgt_monitor_20260728.log
[2026-07-28 17:40:19] [INFO    ] [root] ============================================================
[2026-07-28 17:40:19] [INFO    ] [__main__] WBGT Monitor starting up
[2026-07-28 17:40:19] [INFO    ] [__main__] Database initialised
[2026-07-28 17:40:19] [INFO    ] [__main__] [READING] zone=Rolling-Mill | timestamp=2026-07-25T17:00:00
[2026-07-28 17:40:19] [DEBUG   ] [__main__] [READING] raw={"timestamp": "2026-07-25T17:00:00", "factory": "Ganesh Alloys", "zone": "Rolling-Mill", "temperature_unit": "celsius", "temperature": 37.8, "humidity": 62.3, "globe_temperature": 44.8, "wet_bulb_temp
[2026-07-28 17:40:19] [DEBUG   ] [__main__] [VALIDATE] zone=Rolling-Mill | condition=ALL_DATA | missing=[] | flags=[]
[2026-07-28 17:40:19] [INFO    ] [__main__] [CALC] zone=Rolling-Mill | ta=37.8 | rh=62.3 | tg=44.8 | tnwb=31.7 | wbgt=35.63
[2026-07-28 17:40:19] [DEBUG   ] [__main__] [CALC] data_quality={'ta': 'sensor', 'rh': 'sensor', 'tg': 'sensor', 'tnwb': 'sensor', 'wbgt': 'calculated'}
[2026-07-28 17:40:19] [INFO    ] [__main__] [CLASSIFY] zone=Rolling-Mill | wbgt=35.63 | risk=DANGER | action=Halt heavy work, mandatory rest, evacuate
[2026-07-28 17:40:19] [WARNING ] [__main__] [DANGER ALERT] zone=Rolling-Mill | wbgt=35.63 | Halt heavy work, mandatory rest, evacuate
[2026-07-28 17:40:19] [INFO    ] [__main__] [DB] zone=Rolling-Mill | db_id=247 | saved OK
[2026-07-28 17:40:19] [INFO    ] [__main__] Pipeline completed OK | db_id=247
[2026-07-28 17:40:20] [INFO    ] [root] ============================================================
[2026-07-28 17:40:20] [INFO    ] [root] WBGT Monitor logging started
[2026-07-28 17:40:20] [INFO    ] [root] Log file : C:\Users\Varsh\Desktop\AGEIS\logs\wbgt_monitor_20260728.log
[2026-07-28 17:40:20] [INFO    ] [root] ============================================================
[2026-07-28 17:40:20] [INFO    ] [__main__] WBGT Monitor starting up
[2026-07-28 17:40:20] [INFO    ] [__main__] Database initialised
[2026-07-28 17:40:20] [INFO    ] [__main__] [READING] zone=Furnace-1 | timestamp=2026-07-25T18:00:00
[2026-07-28 17:40:20] [DEBUG   ] [__main__] [READING] raw={"timestamp": "2026-07-25T18:00:00", "factory": "Shree Metal Works", "zone": "Furnace-1", "temperature_unit": "celsius", "temperature": 43.0, "humidity": 48.4, "globe_temperature": 61.0, "wet_bulb_tem
[2026-07-28 17:40:20] [DEBUG   ] [__main__] [VALIDATE] zone=Furnace-1 | condition=ALL_DATA | missing=[] | flags=[]
[2026-07-28 17:40:20] [INFO    ] [__main__] [CALC] zone=Furnace-1 | ta=43.0 | rh=48.4 | tg=61.0 | tnwb=33.1 | wbgt=41.47
[2026-07-28 17:40:20] [DEBUG   ] [__main__] [CALC] data_quality={'ta': 'sensor', 'rh': 'sensor', 'tg': 'sensor', 'tnwb': 'sensor', 'wbgt': 'calculated'}
[2026-07-28 17:40:20] [INFO    ] [__main__] [CLASSIFY] zone=Furnace-1 | wbgt=41.47 | risk=DANGER | action=Halt heavy work, mandatory rest, evacuate
[2026-07-28 17:40:20] [WARNING ] [__main__] [DANGER ALERT] zone=Furnace-1 | wbgt=41.47 | Halt heavy work, mandatory rest, evacuate
[2026-07-28 17:40:20] [INFO    ] [__main__] [DB] zone=Furnace-1 | db_id=248 | saved OK
[2026-07-28 17:40:20] [INFO    ] [__main__] Pipeline completed OK | db_id=248
[2026-07-28 17:40:20] [INFO    ] [root] ============================================================
[2026-07-28 17:40:20] [INFO    ] [root] WBGT Monitor logging started
[2026-07-28 17:40:20] [INFO    ] [root] Log file : C:\Users\Varsh\Desktop\AGEIS\logs\wbgt_monitor_20260728.log
[2026-07-28 17:40:20] [INFO    ] [root] ============================================================
[2026-07-28 17:40:20] [INFO    ] [__main__] WBGT Monitor starting up
[2026-07-28 17:40:20] [INFO    ] [__main__] Database initialised
[2026-07-28 17:40:20] [INFO    ] [__main__] [READING] zone=Warehouse | timestamp=2026-07-25T19:00:00
[2026-07-28 17:40:20] [DEBUG   ] [__main__] [READING] raw={"timestamp": "2026-07-25T19:00:00", "factory": "Shree Metal Works", "zone": "Warehouse", "temperature_unit": "celsius", "temperature": 27.4, "humidity": 0, "globe_temperature": 0, "wet_bulb_temperatu
[2026-07-28 17:40:20] [DEBUG   ] [__main__] [VALIDATE] zone=Warehouse | condition=None | missing=[] | flags=[]
[2026-07-28 17:40:20] [DEBUG   ] [__main__] [FAULT] zone=Warehouse | timestamp=2026-07-25T19:00:00 | reason=SENSOR_FAULT: globe_temp_c=0.0 is less than air_temp_c=27.4.
[2026-07-28 17:40:20] [DEBUG   ] [__main__] Pipeline completed with fault: SENSOR_FAULT: globe_temp_c=0.0 is less than air_temp_c=27.4.
[2026-07-28 17:40:21] [INFO    ] [root] ============================================================
[2026-07-28 17:40:21] [INFO    ] [root] WBGT Monitor logging started
[2026-07-28 17:40:21] [INFO    ] [root] Log file : C:\Users\Varsh\Desktop\AGEIS\logs\wbgt_monitor_20260728.log
[2026-07-28 17:40:21] [INFO    ] [root] ============================================================
[2026-07-28 17:40:21] [INFO    ] [__main__] WBGT Monitor starting up
[2026-07-28 17:40:21] [INFO    ] [__main__] Database initialised
[2026-07-28 17:40:21] [INFO    ] [__main__] [READING] zone=Ladle-Metallurgy | timestamp=2026-07-25T20:00:00
[2026-07-28 17:40:21] [DEBUG   ] [__main__] [READING] raw={"timestamp": "2026-07-25T20:00:00", "factory": "Shree Metal Works", "zone": "Ladle-Metallurgy", "temperature_unit": "celsius", "temperature": 33.0, "humidity": 42.0, "globe_temperature": 46.8, "wet_b
[2026-07-28 17:40:21] [DEBUG   ] [__main__] [VALIDATE] zone=Ladle-Metallurgy | condition=ALL_DATA | missing=[] | flags=[]
[2026-07-28 17:40:21] [INFO    ] [__main__] [CALC] zone=Ladle-Metallurgy | ta=33.0 | rh=42.0 | tg=46.8 | tnwb=23.1 | wbgt=30.21
[2026-07-28 17:40:21] [DEBUG   ] [__main__] [CALC] data_quality={'ta': 'sensor', 'rh': 'sensor', 'tg': 'sensor', 'tnwb': 'sensor', 'wbgt': 'calculated'}
[2026-07-28 17:40:21] [INFO    ] [__main__] [CLASSIFY] zone=Ladle-Metallurgy | wbgt=30.21 | risk=WARNING | action=Enforce work/rest cycles (50 min work, 10 min rest)
[2026-07-28 17:40:21] [WARNING ] [__main__] [WARNING ALERT] zone=Ladle-Metallurgy | wbgt=30.21 | Enforce work/rest cycles (50 min work, 10 min rest)
[2026-07-28 17:40:21] [INFO    ] [__main__] [DB] zone=Ladle-Metallurgy | db_id=249 | saved OK
[2026-07-28 17:40:21] [INFO    ] [__main__] Pipeline completed OK | db_id=249
[2026-07-28 17:40:22] [INFO    ] [root] ============================================================
[2026-07-28 17:40:22] [INFO    ] [root] WBGT Monitor logging started
[2026-07-28 17:40:22] [INFO    ] [root] Log file : C:\Users\Varsh\Desktop\AGEIS\logs\wbgt_monitor_20260728.log
[2026-07-28 17:40:22] [INFO    ] [root] ============================================================
[2026-07-28 17:40:22] [INFO    ] [__main__] WBGT Monitor starting up
[2026-07-28 17:40:22] [INFO    ] [__main__] Database initialised
[2026-07-28 17:40:22] [INFO    ] [__main__] [READING] zone=Fabrication-Shop | timestamp=2026-07-25T21:00:00
[2026-07-28 17:40:22] [DEBUG   ] [__main__] [READING] raw={"timestamp": "2026-07-25T21:00:00", "factory": "JSW Steel", "zone": "Fabrication-Shop", "temperature_unit": "celsius", "temperature": 24.1, "humidity": 57.4, "globe_temperature": 0, "wet_bulb_tempera
[2026-07-28 17:40:22] [DEBUG   ] [__main__] [VALIDATE] zone=Fabrication-Shop | condition=None | missing=[] | flags=[]
[2026-07-28 17:40:22] [DEBUG   ] [__main__] [FAULT] zone=Fabrication-Shop | timestamp=2026-07-25T21:00:00 | reason=SENSOR_FAULT: globe_temp_c=0.0 is less than air_temp_c=24.1.
[2026-07-28 17:40:22] [DEBUG   ] [__main__] Pipeline completed with fault: SENSOR_FAULT: globe_temp_c=0.0 is less than air_temp_c=24.1.
[2026-07-28 17:40:22] [INFO    ] [root] ============================================================
[2026-07-28 17:40:22] [INFO    ] [root] WBGT Monitor logging started
[2026-07-28 17:40:22] [INFO    ] [root] Log file : C:\Users\Varsh\Desktop\AGEIS\logs\wbgt_monitor_20260728.log
[2026-07-28 17:40:22] [INFO    ] [root] ============================================================
[2026-07-28 17:40:22] [INFO    ] [__main__] WBGT Monitor starting up
[2026-07-28 17:40:22] [INFO    ] [__main__] Database initialised
[2026-07-28 17:40:22] [INFO    ] [__main__] [READING] zone=Annealing-Line | timestamp=2026-07-25T22:00:00
[2026-07-28 17:40:22] [DEBUG   ] [__main__] [READING] raw={"timestamp": "2026-07-25T22:00:00", "factory": "Shree Metal Works", "zone": "Annealing-Line", "temperature_unit": "celsius", "temperature": 24.3, "humidity": 0, "globe_temperature": 0, "wet_bulb_temp
[2026-07-28 17:40:22] [DEBUG   ] [__main__] [VALIDATE] zone=Annealing-Line | condition=None | missing=[] | flags=[]
[2026-07-28 17:40:22] [DEBUG   ] [__main__] [FAULT] zone=Annealing-Line | timestamp=2026-07-25T22:00:00 | reason=SENSOR_FAULT: globe_temp_c=0.0 is less than air_temp_c=24.3.
[2026-07-28 17:40:22] [DEBUG   ] [__main__] Pipeline completed with fault: SENSOR_FAULT: globe_temp_c=0.0 is less than air_temp_c=24.3.
[2026-07-28 17:40:23] [INFO    ] [root] ============================================================
[2026-07-28 17:40:23] [INFO    ] [root] WBGT Monitor logging started
[2026-07-28 17:40:23] [INFO    ] [root] Log file : C:\Users\Varsh\Desktop\AGEIS\logs\wbgt_monitor_20260728.log
[2026-07-28 17:40:23] [INFO    ] [root] ============================================================
[2026-07-28 17:40:23] [INFO    ] [__main__] WBGT Monitor starting up
[2026-07-28 17:40:23] [INFO    ] [__main__] Database initialised
[2026-07-28 17:40:23] [INFO    ] [__main__] [READING] zone=Loading-Dock | timestamp=2026-07-25T23:00:00
[2026-07-28 17:40:23] [DEBUG   ] [__main__] [READING] raw={"timestamp": "2026-07-25T23:00:00", "factory": "Vedanta", "zone": "Loading-Dock", "temperature_unit": "celsius", "temperature": 31.7, "humidity": 50.1, "globe_temperature": 35.3, "wet_bulb_temperatur
[2026-07-28 17:40:23] [DEBUG   ] [__main__] [VALIDATE] zone=Loading-Dock | condition=ALL_DATA | missing=[] | flags=[]
[2026-07-28 17:40:23] [INFO    ] [__main__] [CALC] zone=Loading-Dock | ta=31.7 | rh=50.1 | tg=35.3 | tnwb=23.4 | wbgt=26.97
[2026-07-28 17:40:23] [DEBUG   ] [__main__] [CALC] data_quality={'ta': 'sensor', 'rh': 'sensor', 'tg': 'sensor', 'tnwb': 'sensor', 'wbgt': 'calculated'}
[2026-07-28 17:40:23] [INFO    ] [__main__] [CLASSIFY] zone=Loading-Dock | wbgt=26.97 | risk=CAUTION | action=Increase water breaks
[2026-07-28 17:40:23] [INFO    ] [__main__] [DB] zone=Loading-Dock | db_id=250 | saved OK
[2026-07-28 17:40:23] [INFO    ] [__main__] Pipeline completed OK | db_id=250
[2026-07-28 17:40:23] [INFO    ] [root] ============================================================
[2026-07-28 17:40:23] [INFO    ] [root] WBGT Monitor logging started
[2026-07-28 17:40:23] [INFO    ] [root] Log file : C:\Users\Varsh\Desktop\AGEIS\logs\wbgt_monitor_20260728.log
[2026-07-28 17:40:23] [INFO    ] [root] ============================================================
[2026-07-28 17:40:23] [INFO    ] [__main__] WBGT Monitor starting up
[2026-07-28 17:40:23] [INFO    ] [__main__] Database initialised
[2026-07-28 17:40:23] [INFO    ] [__main__] [READING] zone=Continuous-Casting | timestamp=2026-07-26T00:00:00
[2026-07-28 17:40:23] [DEBUG   ] [__main__] [READING] raw={"timestamp": "2026-07-26T00:00:00", "factory": "JSW Steel", "zone": "Continuous-Casting", "temperature_unit": "celsius", "temperature": 31.2, "humidity": 55.3, "globe_temperature": 45.6, "wet_bulb_te
[2026-07-28 17:40:23] [DEBUG   ] [__main__] [VALIDATE] zone=Continuous-Casting | condition=ALL_DATA | missing=[] | flags=[]
[2026-07-28 17:40:23] [INFO    ] [__main__] [CALC] zone=Continuous-Casting | ta=31.2 | rh=55.3 | tg=45.6 | tnwb=24.4 | wbgt=30.76
[2026-07-28 17:40:23] [DEBUG   ] [__main__] [CALC] data_quality={'ta': 'sensor', 'rh': 'sensor', 'tg': 'sensor', 'tnwb': 'sensor', 'wbgt': 'calculated'}
[2026-07-28 17:40:23] [INFO    ] [__main__] [CLASSIFY] zone=Continuous-Casting | wbgt=30.76 | risk=WARNING | action=Enforce work/rest cycles (50 min work, 10 min rest)
[2026-07-28 17:40:23] [WARNING ] [__main__] [WARNING ALERT] zone=Continuous-Casting | wbgt=30.76 | Enforce work/rest cycles (50 min work, 10 min rest)
[2026-07-28 17:40:23] [INFO    ] [__main__] [DB] zone=Continuous-Casting | db_id=251 | saved OK
[2026-07-28 17:40:23] [INFO    ] [__main__] Pipeline completed OK | db_id=251
[2026-07-28 17:40:24] [INFO    ] [root] ============================================================
[2026-07-28 17:40:24] [INFO    ] [root] WBGT Monitor logging started
[2026-07-28 17:40:24] [INFO    ] [root] Log file : C:\Users\Varsh\Desktop\AGEIS\logs\wbgt_monitor_20260728.log
[2026-07-28 17:40:24] [INFO    ] [root] ============================================================
[2026-07-28 17:40:24] [INFO    ] [__main__] WBGT Monitor starting up
[2026-07-28 17:40:24] [INFO    ] [__main__] Database initialised
[2026-07-28 17:40:24] [INFO    ] [__main__] [READING] zone=Fabrication-Shop | timestamp=2026-07-26T01:00:00
[2026-07-28 17:40:24] [DEBUG   ] [__main__] [READING] raw={"timestamp": "2026-07-26T01:00:00", "factory": "Tata Steel", "zone": "Fabrication-Shop", "temperature_unit": "celsius", "temperature": 24.7, "humidity": 0, "globe_temperature": 25.7, "wet_bulb_temper
[2026-07-28 17:40:24] [DEBUG   ] [__main__] [VALIDATE] zone=Fabrication-Shop | condition=ALL_DATA | missing=[] | flags=[]
[2026-07-28 17:40:24] [ERROR   ] [__main__] [CALC ERROR] zone=Fabrication-Shop | timestamp=2026-07-26T01:00:00 | error=WEATHER_API_BASE_URL is not configured.
[2026-07-28 17:40:24] [DEBUG   ] [__main__] Pipeline completed with fault: Calculation error: WEATHER_API_BASE_URL is not configured.
[2026-07-28 17:40:25] [INFO    ] [root] ============================================================
[2026-07-28 17:40:25] [INFO    ] [root] WBGT Monitor logging started
[2026-07-28 17:40:25] [INFO    ] [root] Log file : C:\Users\Varsh\Desktop\AGEIS\logs\wbgt_monitor_20260728.log
[2026-07-28 17:40:25] [INFO    ] [root] ============================================================
[2026-07-28 17:40:25] [INFO    ] [__main__] WBGT Monitor starting up
[2026-07-28 17:40:25] [INFO    ] [__main__] Database initialised
[2026-07-28 17:40:25] [INFO    ] [__main__] [READING] zone=Warehouse | timestamp=2026-07-26T02:00:00
[2026-07-28 17:40:25] [DEBUG   ] [__main__] [READING] raw={"timestamp": "2026-07-26T02:00:00", "factory": "Tata Steel", "zone": "Warehouse", "temperature_unit": "celsius", "temperature": 19.1, "humidity": 47.0, "globe_temperature": 20.3, "wet_bulb_temperatur
[2026-07-28 17:40:25] [DEBUG   ] [__main__] [VALIDATE] zone=Warehouse | condition=ALL_DATA | missing=[] | flags=[]
[2026-07-28 17:40:25] [INFO    ] [__main__] [CALC] zone=Warehouse | ta=19.1 | rh=47.0 | tg=20.3 | tnwb=12.6 | wbgt=14.91
[2026-07-28 17:40:25] [DEBUG   ] [__main__] [CALC] data_quality={'ta': 'sensor', 'rh': 'sensor', 'tg': 'sensor', 'tnwb': 'sensor', 'wbgt': 'calculated'}
[2026-07-28 17:40:25] [INFO    ] [__main__] [CLASSIFY] zone=Warehouse | wbgt=14.91 | risk=SAFE | action=Normal work, no restrictions
[2026-07-28 17:40:25] [INFO    ] [__main__] [DB] zone=Warehouse | db_id=252 | saved OK
[2026-07-28 17:40:25] [INFO    ] [__main__] Pipeline completed OK | db_id=252
[2026-07-28 17:40:25] [INFO    ] [root] ============================================================
[2026-07-28 17:40:25] [INFO    ] [root] WBGT Monitor logging started
[2026-07-28 17:40:25] [INFO    ] [root] Log file : C:\Users\Varsh\Desktop\AGEIS\logs\wbgt_monitor_20260728.log
[2026-07-28 17:40:25] [INFO    ] [root] ============================================================
[2026-07-28 17:40:25] [INFO    ] [__main__] WBGT Monitor starting up
[2026-07-28 17:40:25] [INFO    ] [__main__] Database initialised
[2026-07-28 17:40:25] [INFO    ] [__main__] [READING] zone=Furnace-1 | timestamp=2026-07-26T03:00:00
[2026-07-28 17:40:25] [DEBUG   ] [__main__] [READING] raw={"timestamp": "2026-07-26T03:00:00", "factory": "Tata Steel", "zone": "Furnace-1", "temperature_unit": "celsius", "temperature": 36.3, "humidity": 53.5, "globe_temperature": 54.5, "wet_bulb_temperatur
[2026-07-28 17:40:25] [DEBUG   ] [__main__] [VALIDATE] zone=Furnace-1 | condition=ALL_DATA | missing=[] | flags=[]
[2026-07-28 17:40:25] [INFO    ] [__main__] [CALC] zone=Furnace-1 | ta=36.3 | rh=53.5 | tg=54.5 | tnwb=28.0 | wbgt=35.95
[2026-07-28 17:40:25] [DEBUG   ] [__main__] [CALC] data_quality={'ta': 'sensor', 'rh': 'sensor', 'tg': 'sensor', 'tnwb': 'sensor', 'wbgt': 'calculated'}
[2026-07-28 17:40:25] [INFO    ] [__main__] [CLASSIFY] zone=Furnace-1 | wbgt=35.95 | risk=DANGER | action=Halt heavy work, mandatory rest, evacuate
[2026-07-28 17:40:25] [WARNING ] [__main__] [DANGER ALERT] zone=Furnace-1 | wbgt=35.95 | Halt heavy work, mandatory rest, evacuate
[2026-07-28 17:40:25] [INFO    ] [__main__] [DB] zone=Furnace-1 | db_id=253 | saved OK
[2026-07-28 17:40:25] [INFO    ] [__main__] Pipeline completed OK | db_id=253
[2026-07-28 17:40:26] [INFO    ] [root] ============================================================
[2026-07-28 17:40:26] [INFO    ] [root] WBGT Monitor logging started
[2026-07-28 17:40:26] [INFO    ] [root] Log file : C:\Users\Varsh\Desktop\AGEIS\logs\wbgt_monitor_20260728.log
[2026-07-28 17:40:26] [INFO    ] [root] ============================================================
[2026-07-28 17:40:26] [INFO    ] [__main__] WBGT Monitor starting up
[2026-07-28 17:40:26] [INFO    ] [__main__] Database initialised
[2026-07-28 17:40:26] [INFO    ] [__main__] [READING] zone=EAF-Bay | timestamp=2026-07-26T04:00:00
[2026-07-28 17:40:26] [DEBUG   ] [__main__] [READING] raw={"timestamp": "2026-07-26T04:00:00", "factory": "SAIL", "zone": "EAF-Bay", "temperature_unit": "celsius", "temperature": 33.7, "humidity": 41.7, "globe_temperature": 51.0, "wet_bulb_temperature": 0}
[2026-07-28 17:40:26] [DEBUG   ] [__main__] [VALIDATE] zone=EAF-Bay | condition=ALL_DATA | missing=[] | flags=[]
[2026-07-28 17:40:26] [INFO    ] [__main__] [CALC] zone=EAF-Bay | ta=33.7 | rh=41.7 | tg=51.0 | tnwb=23.8168 | wbgt=31.9718
[2026-07-28 17:40:26] [DEBUG   ] [__main__] [CALC] data_quality={'ta': 'sensor', 'rh': 'sensor', 'tg': 'sensor', 'tnwb': 'calculated', 'wbgt': 'calculated'}
[2026-07-28 17:40:26] [INFO    ] [__main__] [CLASSIFY] zone=EAF-Bay | wbgt=31.9718 | risk=DANGER | action=Halt heavy work, mandatory rest, evacuate
[2026-07-28 17:40:26] [WARNING ] [__main__] [DANGER ALERT] zone=EAF-Bay | wbgt=31.9718 | Halt heavy work, mandatory rest, evacuate
[2026-07-28 17:40:26] [INFO    ] [__main__] [DB] zone=EAF-Bay | db_id=254 | saved OK
[2026-07-28 17:40:26] [INFO    ] [__main__] Pipeline completed OK | db_id=254
[2026-07-28 17:40:27] [INFO    ] [root] ============================================================
[2026-07-28 17:40:27] [INFO    ] [root] WBGT Monitor logging started
[2026-07-28 17:40:27] [INFO    ] [root] Log file : C:\Users\Varsh\Desktop\AGEIS\logs\wbgt_monitor_20260728.log
[2026-07-28 17:40:27] [INFO    ] [root] ============================================================
[2026-07-28 17:40:27] [INFO    ] [__main__] WBGT Monitor starting up
[2026-07-28 17:40:27] [INFO    ] [__main__] Database initialised
[2026-07-28 17:40:27] [INFO    ] [__main__] [READING] zone=Furnace-2 | timestamp=2026-07-26T05:00:00
[2026-07-28 17:40:27] [DEBUG   ] [__main__] [READING] raw={"timestamp": "2026-07-26T05:00:00", "factory": "Vedanta", "zone": "Furnace-2", "temperature_unit": "celsius", "temperature": 35.3, "humidity": 38.7, "globe_temperature": 52.0, "wet_bulb_temperature":
[2026-07-28 17:40:27] [DEBUG   ] [__main__] [VALIDATE] zone=Furnace-2 | condition=ALL_DATA | missing=[] | flags=[]
[2026-07-28 17:40:27] [INFO    ] [__main__] [CALC] zone=Furnace-2 | ta=35.3 | rh=38.7 | tg=52.0 | tnwb=24.467 | wbgt=32.7269
[2026-07-28 17:40:27] [DEBUG   ] [__main__] [CALC] data_quality={'ta': 'sensor', 'rh': 'sensor', 'tg': 'sensor', 'tnwb': 'calculated', 'wbgt': 'calculated'}
[2026-07-28 17:40:27] [INFO    ] [__main__] [CLASSIFY] zone=Furnace-2 | wbgt=32.7269 | risk=DANGER | action=Halt heavy work, mandatory rest, evacuate
[2026-07-28 17:40:27] [WARNING ] [__main__] [DANGER ALERT] zone=Furnace-2 | wbgt=32.7269 | Halt heavy work, mandatory rest, evacuate
[2026-07-28 17:40:27] [INFO    ] [__main__] [DB] zone=Furnace-2 | db_id=255 | saved OK
[2026-07-28 17:40:27] [INFO    ] [__main__] Pipeline completed OK | db_id=255
[2026-07-28 17:40:28] [INFO    ] [root] ============================================================
[2026-07-28 17:40:28] [INFO    ] [root] WBGT Monitor logging started
[2026-07-28 17:40:28] [INFO    ] [root] Log file : C:\Users\Varsh\Desktop\AGEIS\logs\wbgt_monitor_20260728.log
[2026-07-28 17:40:28] [INFO    ] [root] ============================================================
[2026-07-28 17:40:28] [INFO    ] [__main__] WBGT Monitor starting up
[2026-07-28 17:40:28] [INFO    ] [__main__] Database initialised
[2026-07-28 17:40:28] [INFO    ] [__main__] [READING] zone=Ladle-Metallurgy | timestamp=2026-07-26T06:00:00
[2026-07-28 17:40:28] [DEBUG   ] [__main__] [READING] raw={"timestamp": "2026-07-26T06:00:00", "factory": "Shree Metal Works", "zone": "Ladle-Metallurgy", "temperature_unit": "celsius", "temperature": 34.8, "humidity": 48.2, "globe_temperature": 49.7, "wet_b
[2026-07-28 17:40:28] [DEBUG   ] [__main__] [VALIDATE] zone=Ladle-Metallurgy | condition=ALL_DATA | missing=[] | flags=[]
[2026-07-28 17:40:28] [INFO    ] [__main__] [CALC] zone=Ladle-Metallurgy | ta=34.8 | rh=48.2 | tg=49.7 | tnwb=25.9 | wbgt=33.04
[2026-07-28 17:40:28] [DEBUG   ] [__main__] [CALC] data_quality={'ta': 'sensor', 'rh': 'sensor', 'tg': 'sensor', 'tnwb': 'sensor', 'wbgt': 'calculated'}
[2026-07-28 17:40:28] [INFO    ] [__main__] [CLASSIFY] zone=Ladle-Metallurgy | wbgt=33.04 | risk=DANGER | action=Halt heavy work, mandatory rest, evacuate
[2026-07-28 17:40:28] [WARNING ] [__main__] [DANGER ALERT] zone=Ladle-Metallurgy | wbgt=33.04 | Halt heavy work, mandatory rest, evacuate
[2026-07-28 17:40:28] [INFO    ] [__main__] [DB] zone=Ladle-Metallurgy | db_id=256 | saved OK
[2026-07-28 17:40:28] [INFO    ] [__main__] Pipeline completed OK | db_id=256
[2026-07-28 17:40:28] [INFO    ] [root] ============================================================
[2026-07-28 17:40:28] [INFO    ] [root] WBGT Monitor logging started
[2026-07-28 17:40:28] [INFO    ] [root] Log file : C:\Users\Varsh\Desktop\AGEIS\logs\wbgt_monitor_20260728.log
[2026-07-28 17:40:28] [INFO    ] [root] ============================================================
[2026-07-28 17:40:28] [INFO    ] [__main__] WBGT Monitor starting up
[2026-07-28 17:40:28] [INFO    ] [__main__] Database initialised
[2026-07-28 17:40:28] [INFO    ] [__main__] [READING] zone=Annealing-Line | timestamp=2026-07-26T07:00:00
[2026-07-28 17:40:28] [DEBUG   ] [__main__] [READING] raw={"timestamp": "2026-07-26T07:00:00", "factory": "JSPL", "zone": "Annealing-Line", "temperature_unit": "celsius", "temperature": 26.4, "humidity": 0, "globe_temperature": 28.9, "wet_bulb_temperature": 
[2026-07-28 17:40:28] [DEBUG   ] [__main__] [VALIDATE] zone=Annealing-Line | condition=ALL_DATA | missing=[] | flags=[]
[2026-07-28 17:40:28] [ERROR   ] [__main__] [CALC ERROR] zone=Annealing-Line | timestamp=2026-07-26T07:00:00 | error=WEATHER_API_BASE_URL is not configured.
[2026-07-28 17:40:28] [DEBUG   ] [__main__] Pipeline completed with fault: Calculation error: WEATHER_API_BASE_URL is not configured.
[2026-07-28 17:40:29] [INFO    ] [root] ============================================================
[2026-07-28 17:40:29] [INFO    ] [root] WBGT Monitor logging started
[2026-07-28 17:40:29] [INFO    ] [root] Log file : C:\Users\Varsh\Desktop\AGEIS\logs\wbgt_monitor_20260728.log
[2026-07-28 17:40:29] [INFO    ] [root] ============================================================
[2026-07-28 17:40:29] [INFO    ] [__main__] WBGT Monitor starting up
[2026-07-28 17:40:29] [INFO    ] [__main__] Database initialised
[2026-07-28 17:40:29] [INFO    ] [__main__] [READING] zone=Continuous-Casting | timestamp=2026-07-26T08:00:00
[2026-07-28 17:40:29] [DEBUG   ] [__main__] [READING] raw={"timestamp": "2026-07-26T08:00:00", "factory": "Vedanta", "zone": "Continuous-Casting", "temperature_unit": "celsius", "temperature": 35.9, "humidity": 47.5, "globe_temperature": 50.4, "wet_bulb_temp
[2026-07-28 17:40:29] [DEBUG   ] [__main__] [VALIDATE] zone=Continuous-Casting | condition=ALL_DATA | missing=[] | flags=[]
[2026-07-28 17:40:29] [INFO    ] [__main__] [CALC] zone=Continuous-Casting | ta=35.9 | rh=47.5 | tg=50.4 | tnwb=27.2 | wbgt=34.16
[2026-07-28 17:40:29] [DEBUG   ] [__main__] [CALC] data_quality={'ta': 'sensor', 'rh': 'sensor', 'tg': 'sensor', 'tnwb': 'sensor', 'wbgt': 'calculated'}
[2026-07-28 17:40:29] [INFO    ] [__main__] [CLASSIFY] zone=Continuous-Casting | wbgt=34.16 | risk=DANGER | action=Halt heavy work, mandatory rest, evacuate
[2026-07-28 17:40:29] [WARNING ] [__main__] [DANGER ALERT] zone=Continuous-Casting | wbgt=34.16 | Halt heavy work, mandatory rest, evacuate
[2026-07-28 17:40:29] [INFO    ] [__main__] [DB] zone=Continuous-Casting | db_id=257 | saved OK
[2026-07-28 17:40:29] [INFO    ] [__main__] Pipeline completed OK | db_id=257
[2026-07-28 17:40:29] [INFO    ] [root] ============================================================
[2026-07-28 17:40:29] [INFO    ] [root] WBGT Monitor logging started
[2026-07-28 17:40:29] [INFO    ] [root] Log file : C:\Users\Varsh\Desktop\AGEIS\logs\wbgt_monitor_20260728.log
[2026-07-28 17:40:29] [INFO    ] [root] ============================================================
[2026-07-28 17:40:29] [INFO    ] [__main__] WBGT Monitor starting up
[2026-07-28 17:40:29] [INFO    ] [__main__] Database initialised
[2026-07-28 17:40:29] [INFO    ] [__main__] [READING] zone=Loading-Dock | timestamp=2026-07-26T09:00:00
[2026-07-28 17:40:29] [DEBUG   ] [__main__] [READING] raw={"timestamp": "2026-07-26T09:00:00", "factory": "JSPL", "zone": "Loading-Dock", "temperature_unit": "celsius", "temperature": 31.3, "humidity": 44.0, "globe_temperature": 31.9, "wet_bulb_temperature":
[2026-07-28 17:40:29] [DEBUG   ] [__main__] [VALIDATE] zone=Loading-Dock | condition=ALL_DATA | missing=[] | flags=[]
[2026-07-28 17:40:29] [INFO    ] [__main__] [CALC] zone=Loading-Dock | ta=31.3 | rh=44.0 | tg=31.9 | tnwb=22.6 | wbgt=25.39
[2026-07-28 17:40:29] [DEBUG   ] [__main__] [CALC] data_quality={'ta': 'sensor', 'rh': 'sensor', 'tg': 'sensor', 'tnwb': 'sensor', 'wbgt': 'calculated'}
[2026-07-28 17:40:29] [INFO    ] [__main__] [CLASSIFY] zone=Loading-Dock | wbgt=25.39 | risk=SAFE | action=Normal work, no restrictions
[2026-07-28 17:40:29] [INFO    ] [__main__] [DB] zone=Loading-Dock | db_id=258 | saved OK
[2026-07-28 17:40:29] [INFO    ] [__main__] Pipeline completed OK | db_id=258
[2026-07-28 17:40:30] [INFO    ] [root] ============================================================
[2026-07-28 17:40:30] [INFO    ] [root] WBGT Monitor logging started
[2026-07-28 17:40:30] [INFO    ] [root] Log file : C:\Users\Varsh\Desktop\AGEIS\logs\wbgt_monitor_20260728.log
[2026-07-28 17:40:30] [INFO    ] [root] ============================================================
[2026-07-28 17:40:30] [INFO    ] [__main__] WBGT Monitor starting up
[2026-07-28 17:40:30] [INFO    ] [__main__] Database initialised
[2026-07-28 17:40:30] [INFO    ] [__main__] [READING] zone=Rolling-Mill | timestamp=2026-07-26T10:00:00
[2026-07-28 17:40:30] [DEBUG   ] [__main__] [READING] raw={"timestamp": "2026-07-26T10:00:00", "factory": "JSW Steel", "zone": "Rolling-Mill", "temperature_unit": "celsius", "temperature": 31.7, "humidity": 44.6, "globe_temperature": 41.3, "wet_bulb_temperat
[2026-07-28 17:40:30] [DEBUG   ] [__main__] [VALIDATE] zone=Rolling-Mill | condition=ALL_DATA | missing=[] | flags=[]
[2026-07-28 17:40:30] [INFO    ] [__main__] [CALC] zone=Rolling-Mill | ta=31.7 | rh=44.6 | tg=41.3 | tnwb=22.7 | wbgt=28.28
[2026-07-28 17:40:30] [DEBUG   ] [__main__] [CALC] data_quality={'ta': 'sensor', 'rh': 'sensor', 'tg': 'sensor', 'tnwb': 'sensor', 'wbgt': 'calculated'}
[2026-07-28 17:40:30] [INFO    ] [__main__] [CLASSIFY] zone=Rolling-Mill | wbgt=28.28 | risk=CAUTION | action=Increase water breaks
[2026-07-28 17:40:30] [INFO    ] [__main__] [DB] zone=Rolling-Mill | db_id=259 | saved OK
[2026-07-28 17:40:30] [INFO    ] [__main__] Pipeline completed OK | db_id=259
[2026-07-28 17:40:31] [INFO    ] [root] ============================================================
[2026-07-28 17:40:31] [INFO    ] [root] WBGT Monitor logging started
[2026-07-28 17:40:31] [INFO    ] [root] Log file : C:\Users\Varsh\Desktop\AGEIS\logs\wbgt_monitor_20260728.log
[2026-07-28 17:40:31] [INFO    ] [root] ============================================================
[2026-07-28 17:40:31] [INFO    ] [__main__] WBGT Monitor starting up
[2026-07-28 17:40:31] [INFO    ] [__main__] Database initialised
[2026-07-28 17:40:31] [INFO    ] [__main__] [READING] zone=Fabrication-Shop | timestamp=2026-07-26T11:00:00
[2026-07-28 17:40:31] [DEBUG   ] [__main__] [READING] raw={"timestamp": "2026-07-26T11:00:00", "factory": "Shree Metal Works", "zone": "Fabrication-Shop", "temperature_unit": "celsius", "temperature": 31.2, "humidity": 0, "globe_temperature": 32.2, "wet_bulb
[2026-07-28 17:40:31] [DEBUG   ] [__main__] [VALIDATE] zone=Fabrication-Shop | condition=ALL_DATA | missing=[] | flags=[]
[2026-07-28 17:40:31] [ERROR   ] [__main__] [CALC ERROR] zone=Fabrication-Shop | timestamp=2026-07-26T11:00:00 | error=WEATHER_API_BASE_URL is not configured.
[2026-07-28 17:40:31] [DEBUG   ] [__main__] Pipeline completed with fault: Calculation error: WEATHER_API_BASE_URL is not configured.
[2026-07-28 17:40:31] [INFO    ] [root] ============================================================
[2026-07-28 17:40:31] [INFO    ] [root] WBGT Monitor logging started
[2026-07-28 17:40:31] [INFO    ] [root] Log file : C:\Users\Varsh\Desktop\AGEIS\logs\wbgt_monitor_20260728.log
[2026-07-28 17:40:31] [INFO    ] [root] ============================================================
[2026-07-28 17:40:31] [INFO    ] [__main__] WBGT Monitor starting up
[2026-07-28 17:40:31] [INFO    ] [__main__] Database initialised
[2026-07-28 17:40:31] [INFO    ] [__main__] [READING] zone=Warehouse | timestamp=2026-07-26T12:00:00
[2026-07-28 17:40:31] [DEBUG   ] [__main__] [READING] raw={"timestamp": "2026-07-26T12:00:00", "factory": "JSW Steel", "zone": "Warehouse", "temperature_unit": "celsius", "temperature": 28.2, "humidity": 45.1, "globe_temperature": 29.8, "wet_bulb_temperature
[2026-07-28 17:40:31] [DEBUG   ] [__main__] [VALIDATE] zone=Warehouse | condition=ALL_DATA | missing=[] | flags=[]
[2026-07-28 17:40:31] [INFO    ] [__main__] [CALC] zone=Warehouse | ta=28.2 | rh=45.1 | tg=29.8 | tnwb=19.8 | wbgt=22.8
[2026-07-28 17:40:31] [DEBUG   ] [__main__] [CALC] data_quality={'ta': 'sensor', 'rh': 'sensor', 'tg': 'sensor', 'tnwb': 'sensor', 'wbgt': 'calculated'}
[2026-07-28 17:40:31] [INFO    ] [__main__] [CLASSIFY] zone=Warehouse | wbgt=22.8 | risk=SAFE | action=Normal work, no restrictions
[2026-07-28 17:40:31] [INFO    ] [__main__] [DB] zone=Warehouse | db_id=260 | saved OK
[2026-07-28 17:40:31] [INFO    ] [__main__] Pipeline completed OK | db_id=260
[2026-07-28 17:40:32] [INFO    ] [root] ============================================================
[2026-07-28 17:40:32] [INFO    ] [root] WBGT Monitor logging started
[2026-07-28 17:40:32] [INFO    ] [root] Log file : C:\Users\Varsh\Desktop\AGEIS\logs\wbgt_monitor_20260728.log
[2026-07-28 17:40:32] [INFO    ] [root] ============================================================
[2026-07-28 17:40:32] [INFO    ] [__main__] WBGT Monitor starting up
[2026-07-28 17:40:32] [INFO    ] [__main__] Database initialised
[2026-07-28 17:40:32] [INFO    ] [__main__] [READING] zone=Rolling-Mill | timestamp=2026-07-26T13:00:00
[2026-07-28 17:40:32] [DEBUG   ] [__main__] [READING] raw={"timestamp": "2026-07-26T13:00:00", "factory": "Vedanta", "zone": "Rolling-Mill", "temperature_unit": "celsius", "temperature": 32.9, "humidity": 0, "globe_temperature": 40.6, "wet_bulb_temperature":
[2026-07-28 17:40:32] [DEBUG   ] [__main__] [VALIDATE] zone=Rolling-Mill | condition=ALL_DATA | missing=[] | flags=[]
[2026-07-28 17:40:32] [ERROR   ] [__main__] [CALC ERROR] zone=Rolling-Mill | timestamp=2026-07-26T13:00:00 | error=WEATHER_API_BASE_URL is not configured.
[2026-07-28 17:40:32] [DEBUG   ] [__main__] Pipeline completed with fault: Calculation error: WEATHER_API_BASE_URL is not configured.
[2026-07-28 17:40:32] [INFO    ] [root] ============================================================
[2026-07-28 17:40:32] [INFO    ] [root] WBGT Monitor logging started
[2026-07-28 17:40:32] [INFO    ] [root] Log file : C:\Users\Varsh\Desktop\AGEIS\logs\wbgt_monitor_20260728.log
[2026-07-28 17:40:32] [INFO    ] [root] ============================================================
[2026-07-28 17:40:32] [INFO    ] [__main__] WBGT Monitor starting up
[2026-07-28 17:40:32] [INFO    ] [__main__] Database initialised
[2026-07-28 17:40:32] [INFO    ] [__main__] [READING] zone=Furnace-2 | timestamp=2026-07-26T14:00:00
[2026-07-28 17:40:32] [DEBUG   ] [__main__] [READING] raw={"timestamp": "2026-07-26T14:00:00", "factory": "Tata Steel", "zone": "Furnace-2", "temperature_unit": "celsius", "temperature": 39.3, "humidity": 33.6, "globe_temperature": 53.9, "wet_bulb_temperatur
[2026-07-28 17:40:32] [DEBUG   ] [__main__] [VALIDATE] zone=Furnace-2 | condition=ALL_DATA | missing=[] | flags=[]
[2026-07-28 17:40:32] [INFO    ] [__main__] [CALC] zone=Furnace-2 | ta=39.3 | rh=33.6 | tg=53.9 | tnwb=26.1 | wbgt=34.44
[2026-07-28 17:40:32] [DEBUG   ] [__main__] [CALC] data_quality={'ta': 'sensor', 'rh': 'sensor', 'tg': 'sensor', 'tnwb': 'sensor', 'wbgt': 'calculated'}
[2026-07-28 17:40:32] [INFO    ] [__main__] [CLASSIFY] zone=Furnace-2 | wbgt=34.44 | risk=DANGER | action=Halt heavy work, mandatory rest, evacuate
[2026-07-28 17:40:32] [WARNING ] [__main__] [DANGER ALERT] zone=Furnace-2 | wbgt=34.44 | Halt heavy work, mandatory rest, evacuate
[2026-07-28 17:40:32] [INFO    ] [__main__] [DB] zone=Furnace-2 | db_id=261 | saved OK
[2026-07-28 17:40:32] [INFO    ] [__main__] Pipeline completed OK | db_id=261
[2026-07-28 17:40:33] [INFO    ] [root] ============================================================
[2026-07-28 17:40:33] [INFO    ] [root] WBGT Monitor logging started
[2026-07-28 17:40:33] [INFO    ] [root] Log file : C:\Users\Varsh\Desktop\AGEIS\logs\wbgt_monitor_20260728.log
[2026-07-28 17:40:33] [INFO    ] [root] ============================================================
[2026-07-28 17:40:33] [INFO    ] [__main__] WBGT Monitor starting up
[2026-07-28 17:40:33] [INFO    ] [__main__] Database initialised
[2026-07-28 17:40:33] [INFO    ] [__main__] [READING] zone=Loading-Dock | timestamp=2026-07-26T15:00:00
[2026-07-28 17:40:33] [DEBUG   ] [__main__] [READING] raw={"timestamp": "2026-07-26T15:00:00", "factory": "Shree Metal Works", "zone": "Loading-Dock", "temperature_unit": "celsius", "temperature": 29.7, "humidity": 46.8, "globe_temperature": 32.0, "wet_bulb_
[2026-07-28 17:40:33] [DEBUG   ] [__main__] [VALIDATE] zone=Loading-Dock | condition=ALL_DATA | missing=[] | flags=[]
[2026-07-28 17:40:33] [INFO    ] [__main__] [CALC] zone=Loading-Dock | ta=29.7 | rh=46.8 | tg=32.0 | tnwb=21.4 | wbgt=24.58
[2026-07-28 17:40:33] [DEBUG   ] [__main__] [CALC] data_quality={'ta': 'sensor', 'rh': 'sensor', 'tg': 'sensor', 'tnwb': 'sensor', 'wbgt': 'calculated'}
[2026-07-28 17:40:33] [INFO    ] [__main__] [CLASSIFY] zone=Loading-Dock | wbgt=24.58 | risk=SAFE | action=Normal work, no restrictions
[2026-07-28 17:40:33] [INFO    ] [__main__] [DB] zone=Loading-Dock | db_id=262 | saved OK
[2026-07-28 17:40:33] [INFO    ] [__main__] Pipeline completed OK | db_id=262
[2026-07-28 17:40:33] [INFO    ] [root] ============================================================
[2026-07-28 17:40:33] [INFO    ] [root] WBGT Monitor logging started
[2026-07-28 17:40:33] [INFO    ] [root] Log file : C:\Users\Varsh\Desktop\AGEIS\logs\wbgt_monitor_20260728.log
[2026-07-28 17:40:33] [INFO    ] [root] ============================================================
[2026-07-28 17:40:33] [INFO    ] [__main__] WBGT Monitor starting up
[2026-07-28 17:40:33] [INFO    ] [__main__] Database initialised
[2026-07-28 17:40:33] [INFO    ] [__main__] [READING] zone=Annealing-Line | timestamp=2026-07-26T16:00:00
[2026-07-28 17:40:33] [DEBUG   ] [__main__] [READING] raw={"timestamp": "2026-07-26T16:00:00", "factory": "JSPL", "zone": "Annealing-Line", "temperature_unit": "celsius", "temperature": 33.5, "humidity": 46.6, "globe_temperature": 36.2, "wet_bulb_temperature
[2026-07-28 17:40:33] [DEBUG   ] [__main__] [VALIDATE] zone=Annealing-Line | condition=ALL_DATA | missing=[] | flags=[]
[2026-07-28 17:40:33] [INFO    ] [__main__] [CALC] zone=Annealing-Line | ta=33.5 | rh=46.6 | tg=36.2 | tnwb=24.6456 | wbgt=28.1119
[2026-07-28 17:40:33] [DEBUG   ] [__main__] [CALC] data_quality={'ta': 'sensor', 'rh': 'sensor', 'tg': 'sensor', 'tnwb': 'calculated', 'wbgt': 'calculated'}
[2026-07-28 17:40:33] [INFO    ] [__main__] [CLASSIFY] zone=Annealing-Line | wbgt=28.1119 | risk=CAUTION | action=Increase water breaks
[2026-07-28 17:40:33] [INFO    ] [__main__] [DB] zone=Annealing-Line | db_id=263 | saved OK
[2026-07-28 17:40:33] [INFO    ] [__main__] Pipeline completed OK | db_id=263
[2026-07-28 17:40:34] [INFO    ] [root] ============================================================
[2026-07-28 17:40:34] [INFO    ] [root] WBGT Monitor logging started
[2026-07-28 17:40:34] [INFO    ] [root] Log file : C:\Users\Varsh\Desktop\AGEIS\logs\wbgt_monitor_20260728.log
[2026-07-28 17:40:34] [INFO    ] [root] ============================================================
[2026-07-28 17:40:34] [INFO    ] [__main__] WBGT Monitor starting up
[2026-07-28 17:40:34] [INFO    ] [__main__] Database initialised
[2026-07-28 17:40:34] [INFO    ] [__main__] [READING] zone=Ladle-Metallurgy | timestamp=2026-07-26T17:00:00
[2026-07-28 17:40:34] [DEBUG   ] [__main__] [READING] raw={"timestamp": "2026-07-26T17:00:00", "factory": "JSPL", "zone": "Ladle-Metallurgy", "temperature_unit": "celsius", "temperature": 36.4, "humidity": 48.6, "globe_temperature": 50.4, "wet_bulb_temperatu
[2026-07-28 17:40:34] [DEBUG   ] [__main__] [VALIDATE] zone=Ladle-Metallurgy | condition=ALL_DATA | missing=[] | flags=[]
[2026-07-28 17:40:34] [INFO    ] [__main__] [CALC] zone=Ladle-Metallurgy | ta=36.4 | rh=48.6 | tg=50.4 | tnwb=27.4 | wbgt=34.3
[2026-07-28 17:40:34] [DEBUG   ] [__main__] [CALC] data_quality={'ta': 'sensor', 'rh': 'sensor', 'tg': 'sensor', 'tnwb': 'sensor', 'wbgt': 'calculated'}
[2026-07-28 17:40:34] [INFO    ] [__main__] [CLASSIFY] zone=Ladle-Metallurgy | wbgt=34.3 | risk=DANGER | action=Halt heavy work, mandatory rest, evacuate
[2026-07-28 17:40:34] [WARNING ] [__main__] [DANGER ALERT] zone=Ladle-Metallurgy | wbgt=34.3 | Halt heavy work, mandatory rest, evacuate
[2026-07-28 17:40:34] [INFO    ] [__main__] [DB] zone=Ladle-Metallurgy | db_id=264 | saved OK
[2026-07-28 17:40:34] [INFO    ] [__main__] Pipeline completed OK | db_id=264
[2026-07-28 17:40:35] [INFO    ] [root] ============================================================
[2026-07-28 17:40:35] [INFO    ] [root] WBGT Monitor logging started
[2026-07-28 17:40:35] [INFO    ] [root] Log file : C:\Users\Varsh\Desktop\AGEIS\logs\wbgt_monitor_20260728.log
[2026-07-28 17:40:35] [INFO    ] [root] ============================================================
[2026-07-28 17:40:35] [INFO    ] [__main__] WBGT Monitor starting up
[2026-07-28 17:40:35] [INFO    ] [__main__] Database initialised
[2026-07-28 17:40:35] [INFO    ] [__main__] [READING] zone=Furnace-1 | timestamp=2026-07-26T18:00:00
[2026-07-28 17:40:35] [DEBUG   ] [__main__] [READING] raw={"timestamp": "2026-07-26T18:00:00", "factory": "Tata Steel", "zone": "Furnace-1", "temperature_unit": "celsius", "temperature": 68.5, "humidity": 35.6, "globe_temperature": 54.8, "wet_bulb_temperatur
[2026-07-28 17:40:35] [DEBUG   ] [__main__] [VALIDATE] zone=Furnace-1 | condition=None | missing=[] | flags=[]
[2026-07-28 17:40:35] [DEBUG   ] [__main__] [FAULT] zone=Furnace-1 | timestamp=2026-07-26T18:00:00 | reason=SENSOR_FAULT: globe_temp_c=54.8 is less than air_temp_c=68.5.
[2026-07-28 17:40:35] [DEBUG   ] [__main__] Pipeline completed with fault: SENSOR_FAULT: globe_temp_c=54.8 is less than air_temp_c=68.5.
[2026-07-28 17:40:35] [INFO    ] [root] ============================================================
[2026-07-28 17:40:35] [INFO    ] [root] WBGT Monitor logging started
[2026-07-28 17:40:35] [INFO    ] [root] Log file : C:\Users\Varsh\Desktop\AGEIS\logs\wbgt_monitor_20260728.log
[2026-07-28 17:40:35] [INFO    ] [root] ============================================================
[2026-07-28 17:40:35] [INFO    ] [__main__] WBGT Monitor starting up
[2026-07-28 17:40:35] [INFO    ] [__main__] Database initialised
[2026-07-28 17:40:35] [INFO    ] [__main__] [READING] zone=EAF-Bay | timestamp=2026-07-26T19:00:00
[2026-07-28 17:40:35] [DEBUG   ] [__main__] [READING] raw={"timestamp": "2026-07-26T19:00:00", "factory": "JSPL", "zone": "EAF-Bay", "temperature_unit": "celsius", "temperature": 37.9, "humidity": 40.0, "globe_temperature": 0, "wet_bulb_temperature": 27.2}
[2026-07-28 17:40:35] [DEBUG   ] [__main__] [VALIDATE] zone=EAF-Bay | condition=None | missing=[] | flags=[]
[2026-07-28 17:40:35] [DEBUG   ] [__main__] [FAULT] zone=EAF-Bay | timestamp=2026-07-26T19:00:00 | reason=SENSOR_FAULT: globe_temp_c=0.0 is less than air_temp_c=37.9.
[2026-07-28 17:40:35] [DEBUG   ] [__main__] Pipeline completed with fault: SENSOR_FAULT: globe_temp_c=0.0 is less than air_temp_c=37.9.
[2026-07-28 17:40:36] [INFO    ] [root] ============================================================
[2026-07-28 17:40:36] [INFO    ] [root] WBGT Monitor logging started
[2026-07-28 17:40:36] [INFO    ] [root] Log file : C:\Users\Varsh\Desktop\AGEIS\logs\wbgt_monitor_20260728.log
[2026-07-28 17:40:36] [INFO    ] [root] ============================================================
[2026-07-28 17:40:36] [INFO    ] [__main__] WBGT Monitor starting up
[2026-07-28 17:40:36] [INFO    ] [__main__] Database initialised
[2026-07-28 17:40:36] [INFO    ] [__main__] [READING] zone=Continuous-Casting | timestamp=2026-07-26T20:00:00
[2026-07-28 17:40:36] [DEBUG   ] [__main__] [READING] raw={"timestamp": "2026-07-26T20:00:00", "factory": "Ganesh Alloys", "zone": "Continuous-Casting", "temperature_unit": "celsius", "temperature": 30.8, "humidity": 0, "globe_temperature": 0, "wet_bulb_temp
[2026-07-28 17:40:36] [DEBUG   ] [__main__] [VALIDATE] zone=Continuous-Casting | condition=None | missing=[] | flags=[]
[2026-07-28 17:40:36] [DEBUG   ] [__main__] [FAULT] zone=Continuous-Casting | timestamp=2026-07-26T20:00:00 | reason=SENSOR_FAULT: globe_temp_c=0.0 is less than air_temp_c=30.8.
[2026-07-28 17:40:36] [DEBUG   ] [__main__] Pipeline completed with fault: SENSOR_FAULT: globe_temp_c=0.0 is less than air_temp_c=30.8.
[2026-07-28 17:40:36] [INFO    ] [root] ============================================================
[2026-07-28 17:40:36] [INFO    ] [root] WBGT Monitor logging started
[2026-07-28 17:40:36] [INFO    ] [root] Log file : C:\Users\Varsh\Desktop\AGEIS\logs\wbgt_monitor_20260728.log
[2026-07-28 17:40:36] [INFO    ] [root] ============================================================
[2026-07-28 17:40:36] [INFO    ] [__main__] WBGT Monitor starting up
[2026-07-28 17:40:36] [INFO    ] [__main__] Database initialised
[2026-07-28 17:40:36] [INFO    ] [__main__] [READING] zone=Warehouse | timestamp=2026-07-26T21:00:00
[2026-07-28 17:40:36] [DEBUG   ] [__main__] [READING] raw={"timestamp": "2026-07-26T21:00:00", "factory": "SAIL", "zone": "Warehouse", "temperature_unit": "celsius", "temperature": 25.6, "humidity": 0, "globe_temperature": 26.6, "wet_bulb_temperature": 18.5}
[2026-07-28 17:40:36] [DEBUG   ] [__main__] [VALIDATE] zone=Warehouse | condition=ALL_DATA | missing=[] | flags=[]
[2026-07-28 17:40:36] [ERROR   ] [__main__] [CALC ERROR] zone=Warehouse | timestamp=2026-07-26T21:00:00 | error=WEATHER_API_BASE_URL is not configured.
[2026-07-28 17:40:36] [DEBUG   ] [__main__] Pipeline completed with fault: Calculation error: WEATHER_API_BASE_URL is not configured.
[2026-07-28 17:40:37] [INFO    ] [root] ============================================================
[2026-07-28 17:40:37] [INFO    ] [root] WBGT Monitor logging started
[2026-07-28 17:40:37] [INFO    ] [root] Log file : C:\Users\Varsh\Desktop\AGEIS\logs\wbgt_monitor_20260728.log
[2026-07-28 17:40:37] [INFO    ] [root] ============================================================
[2026-07-28 17:40:37] [INFO    ] [__main__] WBGT Monitor starting up
[2026-07-28 17:40:37] [INFO    ] [__main__] Database initialised
[2026-07-28 17:40:37] [INFO    ] [__main__] [READING] zone=Annealing-Line | timestamp=2026-07-26T22:00:00
[2026-07-28 17:40:37] [DEBUG   ] [__main__] [READING] raw={"timestamp": "2026-07-26T22:00:00", "factory": "SAIL", "zone": "Annealing-Line", "temperature_unit": "celsius", "temperature": 25.2, "humidity": 58.8, "globe_temperature": 28.2, "wet_bulb_temperature
[2026-07-28 17:40:37] [DEBUG   ] [__main__] [VALIDATE] zone=Annealing-Line | condition=ALL_DATA | missing=[] | flags=[]
[2026-07-28 17:40:37] [INFO    ] [__main__] [CALC] zone=Annealing-Line | ta=25.2 | rh=58.8 | tg=28.2 | tnwb=19.4 | wbgt=22.04
[2026-07-28 17:40:37] [DEBUG   ] [__main__] [CALC] data_quality={'ta': 'sensor', 'rh': 'sensor', 'tg': 'sensor', 'tnwb': 'sensor', 'wbgt': 'calculated'}
[2026-07-28 17:40:37] [INFO    ] [__main__] [CLASSIFY] zone=Annealing-Line | wbgt=22.04 | risk=SAFE | action=Normal work, no restrictions
[2026-07-28 17:40:37] [INFO    ] [__main__] [DB] zone=Annealing-Line | db_id=265 | saved OK
[2026-07-28 17:40:37] [INFO    ] [__main__] Pipeline completed OK | db_id=265
[2026-07-28 17:40:38] [INFO    ] [root] ============================================================
[2026-07-28 17:40:38] [INFO    ] [root] WBGT Monitor logging started
[2026-07-28 17:40:38] [INFO    ] [root] Log file : C:\Users\Varsh\Desktop\AGEIS\logs\wbgt_monitor_20260728.log
[2026-07-28 17:40:38] [INFO    ] [root] ============================================================
[2026-07-28 17:40:38] [INFO    ] [__main__] WBGT Monitor starting up
[2026-07-28 17:40:38] [INFO    ] [__main__] Database initialised
[2026-07-28 17:40:38] [INFO    ] [__main__] [READING] zone=Ladle-Metallurgy | timestamp=2026-07-26T23:00:00
[2026-07-28 17:40:38] [DEBUG   ] [__main__] [READING] raw={"timestamp": "2026-07-26T23:00:00", "factory": "Vedanta", "zone": "Ladle-Metallurgy", "temperature_unit": "celsius", "temperature": 32.2, "humidity": 47.6, "globe_temperature": 47.4, "wet_bulb_temper
[2026-07-28 17:40:38] [DEBUG   ] [__main__] [VALIDATE] zone=Ladle-Metallurgy | condition=ALL_DATA | missing=[] | flags=[]
[2026-07-28 17:40:38] [INFO    ] [__main__] [CALC] zone=Ladle-Metallurgy | ta=32.2 | rh=47.6 | tg=47.4 | tnwb=23.9 | wbgt=30.95
[2026-07-28 17:40:38] [DEBUG   ] [__main__] [CALC] data_quality={'ta': 'sensor', 'rh': 'sensor', 'tg': 'sensor', 'tnwb': 'sensor', 'wbgt': 'calculated'}
[2026-07-28 17:40:38] [INFO    ] [__main__] [CLASSIFY] zone=Ladle-Metallurgy | wbgt=30.95 | risk=WARNING | action=Enforce work/rest cycles (50 min work, 10 min rest)
[2026-07-28 17:40:38] [WARNING ] [__main__] [WARNING ALERT] zone=Ladle-Metallurgy | wbgt=30.95 | Enforce work/rest cycles (50 min work, 10 min rest)
[2026-07-28 17:40:38] [INFO    ] [__main__] [DB] zone=Ladle-Metallurgy | db_id=266 | saved OK
[2026-07-28 17:40:38] [INFO    ] [__main__] Pipeline completed OK | db_id=266
[2026-07-28 17:40:38] [INFO    ] [root] ============================================================
[2026-07-28 17:40:38] [INFO    ] [root] WBGT Monitor logging started
[2026-07-28 17:40:38] [INFO    ] [root] Log file : C:\Users\Varsh\Desktop\AGEIS\logs\wbgt_monitor_20260728.log
[2026-07-28 17:40:38] [INFO    ] [root] ============================================================
[2026-07-28 17:40:38] [INFO    ] [__main__] WBGT Monitor starting up
[2026-07-28 17:40:38] [INFO    ] [__main__] Database initialised
[2026-07-28 17:40:38] [INFO    ] [__main__] [READING] zone=Continuous-Casting | timestamp=2026-07-27T00:00:00
[2026-07-28 17:40:38] [DEBUG   ] [__main__] [READING] raw={"timestamp": "2026-07-27T00:00:00", "factory": "JSPL", "zone": "Continuous-Casting", "temperature_unit": "celsius", "temperature": 27.0, "humidity": 0, "globe_temperature": 42.3, "wet_bulb_temperatur
[2026-07-28 17:40:38] [DEBUG   ] [__main__] [VALIDATE] zone=Continuous-Casting | condition=ALL_DATA | missing=[] | flags=[]
[2026-07-28 17:40:38] [ERROR   ] [__main__] [CALC ERROR] zone=Continuous-Casting | timestamp=2026-07-27T00:00:00 | error=WEATHER_API_BASE_URL is not configured.
[2026-07-28 17:40:38] [DEBUG   ] [__main__] Pipeline completed with fault: Calculation error: WEATHER_API_BASE_URL is not configured.
[2026-07-28 17:40:39] [INFO    ] [root] ============================================================
[2026-07-28 17:40:39] [INFO    ] [root] WBGT Monitor logging started
[2026-07-28 17:40:39] [INFO    ] [root] Log file : C:\Users\Varsh\Desktop\AGEIS\logs\wbgt_monitor_20260728.log
[2026-07-28 17:40:39] [INFO    ] [root] ============================================================
[2026-07-28 17:40:39] [INFO    ] [__main__] WBGT Monitor starting up
[2026-07-28 17:40:39] [INFO    ] [__main__] Database initialised
[2026-07-28 17:40:39] [INFO    ] [__main__] [READING] zone=Rolling-Mill | timestamp=2026-07-27T01:00:00
[2026-07-28 17:40:39] [DEBUG   ] [__main__] [READING] raw={"timestamp": "2026-07-27T01:00:00", "factory": "JSPL", "zone": "Rolling-Mill", "temperature_unit": "celsius", "temperature": 25.8, "humidity": 46.2, "globe_temperature": 32.3, "wet_bulb_temperature":
[2026-07-28 17:40:39] [DEBUG   ] [__main__] [VALIDATE] zone=Rolling-Mill | condition=ALL_DATA | missing=[] | flags=[]
[2026-07-28 17:40:39] [INFO    ] [__main__] [CALC] zone=Rolling-Mill | ta=25.8 | rh=46.2 | tg=32.3 | tnwb=18.2 | wbgt=22.43
[2026-07-28 17:40:39] [DEBUG   ] [__main__] [CALC] data_quality={'ta': 'sensor', 'rh': 'sensor', 'tg': 'sensor', 'tnwb': 'sensor', 'wbgt': 'calculated'}
[2026-07-28 17:40:39] [INFO    ] [__main__] [CLASSIFY] zone=Rolling-Mill | wbgt=22.43 | risk=SAFE | action=Normal work, no restrictions
[2026-07-28 17:40:39] [INFO    ] [__main__] [DB] zone=Rolling-Mill | db_id=267 | saved OK
[2026-07-28 17:40:39] [INFO    ] [__main__] Pipeline completed OK | db_id=267
[2026-07-28 17:40:39] [INFO    ] [root] ============================================================
[2026-07-28 17:40:39] [INFO    ] [root] WBGT Monitor logging started
[2026-07-28 17:40:39] [INFO    ] [root] Log file : C:\Users\Varsh\Desktop\AGEIS\logs\wbgt_monitor_20260728.log
[2026-07-28 17:40:39] [INFO    ] [root] ============================================================
[2026-07-28 17:40:39] [INFO    ] [__main__] WBGT Monitor starting up
[2026-07-28 17:40:39] [INFO    ] [__main__] Database initialised
[2026-07-28 17:40:39] [INFO    ] [__main__] [READING] zone=Fabrication-Shop | timestamp=2026-07-27T02:00:00
[2026-07-28 17:40:39] [DEBUG   ] [__main__] [READING] raw={"timestamp": "2026-07-27T02:00:00", "factory": "Tata Steel", "zone": "Fabrication-Shop", "temperature_unit": "celsius", "temperature": 23.5, "humidity": 64.1, "globe_temperature": 25.6, "wet_bulb_tem
[2026-07-28 17:40:39] [DEBUG   ] [__main__] [VALIDATE] zone=Fabrication-Shop | condition=ALL_DATA | missing=[] | flags=[]
[2026-07-28 17:40:39] [INFO    ] [__main__] [CALC] zone=Fabrication-Shop | ta=23.5 | rh=64.1 | tg=25.6 | tnwb=18.6 | wbgt=20.7
[2026-07-28 17:40:39] [DEBUG   ] [__main__] [CALC] data_quality={'ta': 'sensor', 'rh': 'sensor', 'tg': 'sensor', 'tnwb': 'sensor', 'wbgt': 'calculated'}
[2026-07-28 17:40:39] [INFO    ] [__main__] [CLASSIFY] zone=Fabrication-Shop | wbgt=20.7 | risk=SAFE | action=Normal work, no restrictions
[2026-07-28 17:40:39] [INFO    ] [__main__] [DB] zone=Fabrication-Shop | db_id=268 | saved OK
[2026-07-28 17:40:39] [INFO    ] [__main__] Pipeline completed OK | db_id=268
[2026-07-28 17:40:40] [INFO    ] [root] ============================================================
[2026-07-28 17:40:40] [INFO    ] [root] WBGT Monitor logging started
[2026-07-28 17:40:40] [INFO    ] [root] Log file : C:\Users\Varsh\Desktop\AGEIS\logs\wbgt_monitor_20260728.log
[2026-07-28 17:40:40] [INFO    ] [root] ============================================================
[2026-07-28 17:40:40] [INFO    ] [__main__] WBGT Monitor starting up
[2026-07-28 17:40:40] [INFO    ] [__main__] Database initialised
[2026-07-28 17:40:40] [INFO    ] [__main__] [READING] zone=Furnace-1 | timestamp=2026-07-27T03:00:00
[2026-07-28 17:40:40] [DEBUG   ] [__main__] [READING] raw={"timestamp": "2026-07-27T03:00:00", "factory": "Tata Steel", "zone": "Furnace-1", "temperature_unit": "celsius", "temperature": 36.9, "humidity": 39.5, "globe_temperature": 52.3, "wet_bulb_temperatur
[2026-07-28 17:40:40] [DEBUG   ] [__main__] [VALIDATE] zone=Furnace-1 | condition=ALL_DATA | missing=[] | flags=[]
[2026-07-28 17:40:40] [INFO    ] [__main__] [CALC] zone=Furnace-1 | ta=36.9 | rh=39.5 | tg=52.3 | tnwb=25.9433 | wbgt=33.8503
[2026-07-28 17:40:40] [DEBUG   ] [__main__] [CALC] data_quality={'ta': 'sensor', 'rh': 'sensor', 'tg': 'sensor', 'tnwb': 'calculated', 'wbgt': 'calculated'}
[2026-07-28 17:40:40] [INFO    ] [__main__] [CLASSIFY] zone=Furnace-1 | wbgt=33.8503 | risk=DANGER | action=Halt heavy work, mandatory rest, evacuate
[2026-07-28 17:40:40] [WARNING ] [__main__] [DANGER ALERT] zone=Furnace-1 | wbgt=33.8503 | Halt heavy work, mandatory rest, evacuate
[2026-07-28 17:40:40] [INFO    ] [__main__] [DB] zone=Furnace-1 | db_id=269 | saved OK
[2026-07-28 17:40:40] [INFO    ] [__main__] Pipeline completed OK | db_id=269
[2026-07-28 17:40:41] [INFO    ] [root] ============================================================
[2026-07-28 17:40:41] [INFO    ] [root] WBGT Monitor logging started
[2026-07-28 17:40:41] [INFO    ] [root] Log file : C:\Users\Varsh\Desktop\AGEIS\logs\wbgt_monitor_20260728.log
[2026-07-28 17:40:41] [INFO    ] [root] ============================================================
[2026-07-28 17:40:41] [INFO    ] [__main__] WBGT Monitor starting up
[2026-07-28 17:40:41] [INFO    ] [__main__] Database initialised
[2026-07-28 17:40:41] [INFO    ] [__main__] [READING] zone=Loading-Dock | timestamp=2026-07-27T04:00:00
[2026-07-28 17:40:41] [DEBUG   ] [__main__] [READING] raw={"timestamp": "2026-07-27T04:00:00", "factory": "Ganesh Alloys", "zone": "Loading-Dock", "temperature_unit": "celsius", "temperature": 28.5, "humidity": 72.3, "globe_temperature": 30.0, "wet_bulb_temp
[2026-07-28 17:40:41] [DEBUG   ] [__main__] [VALIDATE] zone=Loading-Dock | condition=ALL_DATA | missing=[] | flags=[]
[2026-07-28 17:40:41] [INFO    ] [__main__] [CALC] zone=Loading-Dock | ta=28.5 | rh=72.3 | tg=30.0 | tnwb=24.5457 | wbgt=26.182
[2026-07-28 17:40:41] [DEBUG   ] [__main__] [CALC] data_quality={'ta': 'sensor', 'rh': 'sensor', 'tg': 'sensor', 'tnwb': 'calculated', 'wbgt': 'calculated'}
[2026-07-28 17:40:41] [INFO    ] [__main__] [CLASSIFY] zone=Loading-Dock | wbgt=26.182 | risk=SAFE | action=Normal work, no restrictions
[2026-07-28 17:40:41] [INFO    ] [__main__] [DB] zone=Loading-Dock | db_id=270 | saved OK
[2026-07-28 17:40:41] [INFO    ] [__main__] Pipeline completed OK | db_id=270
[2026-07-28 17:40:41] [INFO    ] [root] ============================================================
[2026-07-28 17:40:41] [INFO    ] [root] WBGT Monitor logging started
[2026-07-28 17:40:41] [INFO    ] [root] Log file : C:\Users\Varsh\Desktop\AGEIS\logs\wbgt_monitor_20260728.log
[2026-07-28 17:40:41] [INFO    ] [root] ============================================================
[2026-07-28 17:40:41] [INFO    ] [__main__] WBGT Monitor starting up
[2026-07-28 17:40:41] [INFO    ] [__main__] Database initialised
[2026-07-28 17:40:41] [INFO    ] [__main__] [READING] zone=EAF-Bay | timestamp=2026-07-27T05:00:00
[2026-07-28 17:40:41] [DEBUG   ] [__main__] [READING] raw={"timestamp": "2026-07-27T05:00:00", "factory": "Ganesh Alloys", "zone": "EAF-Bay", "temperature_unit": "celsius", "temperature": 50.0, "humidity": 47.9, "globe_temperature": 77.3, "wet_bulb_temperatu
[2026-07-28 17:40:41] [DEBUG   ] [__main__] [VALIDATE] zone=EAF-Bay | condition=ALL_DATA | missing=[] | flags=[]
[2026-07-28 17:40:41] [INFO    ] [__main__] [CALC] zone=EAF-Bay | ta=50.0 | rh=47.9 | tg=77.3 | tnwb=38.7 | wbgt=50.28
[2026-07-28 17:40:41] [DEBUG   ] [__main__] [CALC] data_quality={'ta': 'sensor', 'rh': 'sensor', 'tg': 'sensor', 'tnwb': 'sensor', 'wbgt': 'calculated'}
[2026-07-28 17:40:41] [INFO    ] [__main__] [CLASSIFY] zone=EAF-Bay | wbgt=50.28 | risk=DANGER | action=Halt heavy work, mandatory rest, evacuate
[2026-07-28 17:40:41] [WARNING ] [__main__] [DANGER ALERT] zone=EAF-Bay | wbgt=50.28 | Halt heavy work, mandatory rest, evacuate
[2026-07-28 17:40:41] [INFO    ] [__main__] [DB] zone=EAF-Bay | db_id=271 | saved OK
[2026-07-28 17:40:41] [INFO    ] [__main__] Pipeline completed OK | db_id=271
[2026-07-28 17:40:42] [INFO    ] [root] ============================================================
[2026-07-28 17:40:42] [INFO    ] [root] WBGT Monitor logging started
[2026-07-28 17:40:42] [INFO    ] [root] Log file : C:\Users\Varsh\Desktop\AGEIS\logs\wbgt_monitor_20260728.log
[2026-07-28 17:40:42] [INFO    ] [root] ============================================================
[2026-07-28 17:40:42] [INFO    ] [__main__] WBGT Monitor starting up
[2026-07-28 17:40:42] [INFO    ] [__main__] Database initialised
[2026-07-28 17:40:42] [INFO    ] [__main__] [READING] zone=Furnace-2 | timestamp=2026-07-27T06:00:00
[2026-07-28 17:40:42] [DEBUG   ] [__main__] [READING] raw={"timestamp": "2026-07-27T06:00:00", "factory": "Vedanta", "zone": "Furnace-2", "temperature_unit": "celsius", "temperature": 35.9, "humidity": 0, "globe_temperature": 51.4, "wet_bulb_temperature": 27
[2026-07-28 17:40:42] [DEBUG   ] [__main__] [VALIDATE] zone=Furnace-2 | condition=ALL_DATA | missing=[] | flags=[]
[2026-07-28 17:40:42] [ERROR   ] [__main__] [CALC ERROR] zone=Furnace-2 | timestamp=2026-07-27T06:00:00 | error=WEATHER_API_BASE_URL is not configured.
[2026-07-28 17:40:42] [DEBUG   ] [__main__] Pipeline completed with fault: Calculation error: WEATHER_API_BASE_URL is not configured.
[2026-07-28 17:40:42] [INFO    ] [root] ============================================================
[2026-07-28 17:40:42] [INFO    ] [root] WBGT Monitor logging started
[2026-07-28 17:40:42] [INFO    ] [root] Log file : C:\Users\Varsh\Desktop\AGEIS\logs\wbgt_monitor_20260728.log
[2026-07-28 17:40:42] [INFO    ] [root] ============================================================
[2026-07-28 17:40:42] [INFO    ] [__main__] WBGT Monitor starting up
[2026-07-28 17:40:42] [INFO    ] [__main__] Database initialised
[2026-07-28 17:40:42] [INFO    ] [__main__] [READING] zone=Annealing-Line | timestamp=2026-07-27T07:00:00
[2026-07-28 17:40:42] [DEBUG   ] [__main__] [READING] raw={"timestamp": "2026-07-27T07:00:00", "factory": "Shree Metal Works", "zone": "Annealing-Line", "temperature_unit": "celsius", "temperature": 30.6, "humidity": 0, "globe_temperature": 0, "wet_bulb_temp
[2026-07-28 17:40:42] [DEBUG   ] [__main__] [VALIDATE] zone=Annealing-Line | condition=None | missing=[] | flags=[]
[2026-07-28 17:40:42] [DEBUG   ] [__main__] [FAULT] zone=Annealing-Line | timestamp=2026-07-27T07:00:00 | reason=SENSOR_FAULT: globe_temp_c=0.0 is less than air_temp_c=30.6.
[2026-07-28 17:40:42] [DEBUG   ] [__main__] Pipeline completed with fault: SENSOR_FAULT: globe_temp_c=0.0 is less than air_temp_c=30.6.
[2026-07-28 17:40:43] [INFO    ] [root] ============================================================
[2026-07-28 17:40:43] [INFO    ] [root] WBGT Monitor logging started
[2026-07-28 17:40:43] [INFO    ] [root] Log file : C:\Users\Varsh\Desktop\AGEIS\logs\wbgt_monitor_20260728.log
[2026-07-28 17:40:43] [INFO    ] [root] ============================================================
[2026-07-28 17:40:43] [INFO    ] [__main__] WBGT Monitor starting up
[2026-07-28 17:40:43] [INFO    ] [__main__] Database initialised
[2026-07-28 17:40:43] [INFO    ] [__main__] [READING] zone=Warehouse | timestamp=2026-07-27T08:00:00
[2026-07-28 17:40:43] [DEBUG   ] [__main__] [READING] raw={"timestamp": "2026-07-27T08:00:00", "factory": "JSPL", "zone": "Warehouse", "temperature_unit": "celsius", "temperature": 27.5, "humidity": 53.7, "globe_temperature": 28.0, "wet_bulb_temperature": 20
[2026-07-28 17:40:43] [DEBUG   ] [__main__] [VALIDATE] zone=Warehouse | condition=ALL_DATA | missing=[] | flags=[]
[2026-07-28 17:40:43] [INFO    ] [__main__] [CALC] zone=Warehouse | ta=27.5 | rh=53.7 | tg=28.0 | tnwb=20.5 | wbgt=22.75
[2026-07-28 17:40:43] [DEBUG   ] [__main__] [CALC] data_quality={'ta': 'sensor', 'rh': 'sensor', 'tg': 'sensor', 'tnwb': 'sensor', 'wbgt': 'calculated'}
[2026-07-28 17:40:43] [INFO    ] [__main__] [CLASSIFY] zone=Warehouse | wbgt=22.75 | risk=SAFE | action=Normal work, no restrictions
[2026-07-28 17:40:43] [INFO    ] [__main__] [DB] zone=Warehouse | db_id=272 | saved OK
[2026-07-28 17:40:43] [INFO    ] [__main__] Pipeline completed OK | db_id=272
[2026-07-28 17:40:44] [INFO    ] [root] ============================================================
[2026-07-28 17:40:44] [INFO    ] [root] WBGT Monitor logging started
[2026-07-28 17:40:44] [INFO    ] [root] Log file : C:\Users\Varsh\Desktop\AGEIS\logs\wbgt_monitor_20260728.log
[2026-07-28 17:40:44] [INFO    ] [root] ============================================================
[2026-07-28 17:40:44] [INFO    ] [__main__] WBGT Monitor starting up
[2026-07-28 17:40:44] [INFO    ] [__main__] Database initialised
[2026-07-28 17:40:44] [INFO    ] [__main__] [READING] zone=Fabrication-Shop | timestamp=2026-07-27T09:00:00
[2026-07-28 17:40:44] [DEBUG   ] [__main__] [READING] raw={"timestamp": "2026-07-27T09:00:00", "factory": "Shree Metal Works", "zone": "Fabrication-Shop", "temperature_unit": "celsius", "temperature": 29.0, "humidity": 53.7, "globe_temperature": 30.7, "wet_b
[2026-07-28 17:40:44] [DEBUG   ] [__main__] [VALIDATE] zone=Fabrication-Shop | condition=ALL_DATA | missing=[] | flags=[]
[2026-07-28 17:40:44] [INFO    ] [__main__] [CALC] zone=Fabrication-Shop | ta=29.0 | rh=53.7 | tg=30.7 | tnwb=22.3 | wbgt=24.82
[2026-07-28 17:40:44] [DEBUG   ] [__main__] [CALC] data_quality={'ta': 'sensor', 'rh': 'sensor', 'tg': 'sensor', 'tnwb': 'sensor', 'wbgt': 'calculated'}
[2026-07-28 17:40:44] [INFO    ] [__main__] [CLASSIFY] zone=Fabrication-Shop | wbgt=24.82 | risk=SAFE | action=Normal work, no restrictions
[2026-07-28 17:40:44] [INFO    ] [__main__] [DB] zone=Fabrication-Shop | db_id=273 | saved OK
[2026-07-28 17:40:44] [INFO    ] [__main__] Pipeline completed OK | db_id=273
[2026-07-28 17:40:44] [INFO    ] [root] ============================================================
[2026-07-28 17:40:44] [INFO    ] [root] WBGT Monitor logging started
[2026-07-28 17:40:44] [INFO    ] [root] Log file : C:\Users\Varsh\Desktop\AGEIS\logs\wbgt_monitor_20260728.log
[2026-07-28 17:40:44] [INFO    ] [root] ============================================================
[2026-07-28 17:40:44] [INFO    ] [__main__] WBGT Monitor starting up
[2026-07-28 17:40:44] [INFO    ] [__main__] Database initialised
[2026-07-28 17:40:44] [INFO    ] [__main__] [READING] zone=Loading-Dock | timestamp=2026-07-27T10:00:00
[2026-07-28 17:40:44] [DEBUG   ] [__main__] [READING] raw={"timestamp": "2026-07-27T10:00:00", "factory": "JSW Steel", "zone": "Loading-Dock", "temperature_unit": "celsius", "temperature": 36.0, "humidity": 42.7, "globe_temperature": 38.0, "wet_bulb_temperat
[2026-07-28 17:40:44] [DEBUG   ] [__main__] [VALIDATE] zone=Loading-Dock | condition=ALL_DATA | missing=[] | flags=[]
[2026-07-28 17:40:44] [INFO    ] [__main__] [CALC] zone=Loading-Dock | ta=36.0 | rh=42.7 | tg=38.0 | tnwb=26.2 | wbgt=29.74
[2026-07-28 17:40:44] [DEBUG   ] [__main__] [CALC] data_quality={'ta': 'sensor', 'rh': 'sensor', 'tg': 'sensor', 'tnwb': 'sensor', 'wbgt': 'calculated'}
[2026-07-28 17:40:44] [INFO    ] [__main__] [CLASSIFY] zone=Loading-Dock | wbgt=29.74 | risk=WARNING | action=Enforce work/rest cycles (50 min work, 10 min rest)
[2026-07-28 17:40:44] [WARNING ] [__main__] [WARNING ALERT] zone=Loading-Dock | wbgt=29.74 | Enforce work/rest cycles (50 min work, 10 min rest)
[2026-07-28 17:40:44] [INFO    ] [__main__] [DB] zone=Loading-Dock | db_id=274 | saved OK
[2026-07-28 17:40:44] [INFO    ] [__main__] Pipeline completed OK | db_id=274
[2026-07-28 17:40:45] [INFO    ] [root] ============================================================
[2026-07-28 17:40:45] [INFO    ] [root] WBGT Monitor logging started
[2026-07-28 17:40:45] [INFO    ] [root] Log file : C:\Users\Varsh\Desktop\AGEIS\logs\wbgt_monitor_20260728.log
[2026-07-28 17:40:45] [INFO    ] [root] ============================================================
[2026-07-28 17:40:45] [INFO    ] [__main__] WBGT Monitor starting up
[2026-07-28 17:40:45] [INFO    ] [__main__] Database initialised
[2026-07-28 17:40:45] [INFO    ] [__main__] [READING] zone=Continuous-Casting | timestamp=2026-07-27T11:00:00
[2026-07-28 17:40:45] [DEBUG   ] [__main__] [READING] raw={"timestamp": "2026-07-27T11:00:00", "factory": "JSW Steel", "zone": "Continuous-Casting", "temperature_unit": "celsius", "temperature": 33.3, "humidity": 0, "globe_temperature": 48.0, "wet_bulb_tempe
[2026-07-28 17:40:45] [DEBUG   ] [__main__] [VALIDATE] zone=Continuous-Casting | condition=ALL_DATA | missing=[] | flags=[]
[2026-07-28 17:40:45] [ERROR   ] [__main__] [CALC ERROR] zone=Continuous-Casting | timestamp=2026-07-27T11:00:00 | error=WEATHER_API_BASE_URL is not configured.
[2026-07-28 17:40:45] [DEBUG   ] [__main__] Pipeline completed with fault: Calculation error: WEATHER_API_BASE_URL is not configured.
[2026-07-28 17:40:45] [INFO    ] [root] ============================================================
[2026-07-28 17:40:45] [INFO    ] [root] WBGT Monitor logging started
[2026-07-28 17:40:45] [INFO    ] [root] Log file : C:\Users\Varsh\Desktop\AGEIS\logs\wbgt_monitor_20260728.log
[2026-07-28 17:40:45] [INFO    ] [root] ============================================================
[2026-07-28 17:40:45] [INFO    ] [__main__] WBGT Monitor starting up
[2026-07-28 17:40:45] [INFO    ] [__main__] Database initialised
[2026-07-28 17:40:45] [INFO    ] [__main__] [READING] zone=EAF-Bay | timestamp=2026-07-27T12:00:00
[2026-07-28 17:40:45] [DEBUG   ] [__main__] [READING] raw={"timestamp": "2026-07-27T12:00:00", "factory": "Shree Metal Works", "zone": "EAF-Bay", "temperature_unit": "celsius", "temperature": 39.9, "humidity": 31.2, "globe_temperature": 59.1, "wet_bulb_tempe
[2026-07-28 17:40:45] [DEBUG   ] [__main__] [VALIDATE] zone=EAF-Bay | condition=ALL_DATA | missing=[] | flags=[]
[2026-07-28 17:40:45] [INFO    ] [__main__] [CALC] zone=EAF-Bay | ta=39.9 | rh=31.2 | tg=59.1 | tnwb=26.7 | wbgt=36.42
[2026-07-28 17:40:45] [DEBUG   ] [__main__] [CALC] data_quality={'ta': 'sensor', 'rh': 'sensor', 'tg': 'sensor', 'tnwb': 'sensor', 'wbgt': 'calculated'}
[2026-07-28 17:40:45] [INFO    ] [__main__] [CLASSIFY] zone=EAF-Bay | wbgt=36.42 | risk=DANGER | action=Halt heavy work, mandatory rest, evacuate
[2026-07-28 17:40:45] [WARNING ] [__main__] [DANGER ALERT] zone=EAF-Bay | wbgt=36.42 | Halt heavy work, mandatory rest, evacuate
[2026-07-28 17:40:45] [INFO    ] [__main__] [DB] zone=EAF-Bay | db_id=275 | saved OK
[2026-07-28 17:40:45] [INFO    ] [__main__] Pipeline completed OK | db_id=275
[2026-07-28 17:40:46] [INFO    ] [root] ============================================================
[2026-07-28 17:40:46] [INFO    ] [root] WBGT Monitor logging started
[2026-07-28 17:40:46] [INFO    ] [root] Log file : C:\Users\Varsh\Desktop\AGEIS\logs\wbgt_monitor_20260728.log
[2026-07-28 17:40:46] [INFO    ] [root] ============================================================
[2026-07-28 17:40:46] [INFO    ] [__main__] WBGT Monitor starting up
[2026-07-28 17:40:46] [INFO    ] [__main__] Database initialised
[2026-07-28 17:40:46] [INFO    ] [__main__] [READING] zone=Rolling-Mill | timestamp=2026-07-27T13:00:00
[2026-07-28 17:40:46] [DEBUG   ] [__main__] [READING] raw={"timestamp": "2026-07-27T13:00:00", "factory": "Vedanta", "zone": "Rolling-Mill", "temperature_unit": "celsius", "temperature": 36.2, "humidity": 41.0, "globe_temperature": 0, "wet_bulb_temperature":
[2026-07-28 17:40:46] [DEBUG   ] [__main__] [VALIDATE] zone=Rolling-Mill | condition=None | missing=[] | flags=[]
[2026-07-28 17:40:46] [DEBUG   ] [__main__] [FAULT] zone=Rolling-Mill | timestamp=2026-07-27T13:00:00 | reason=SENSOR_FAULT: globe_temp_c=0.0 is less than air_temp_c=36.2.
[2026-07-28 17:40:46] [DEBUG   ] [__main__] Pipeline completed with fault: SENSOR_FAULT: globe_temp_c=0.0 is less than air_temp_c=36.2.
[2026-07-28 17:40:47] [INFO    ] [root] ============================================================
[2026-07-28 17:40:47] [INFO    ] [root] WBGT Monitor logging started
[2026-07-28 17:40:47] [INFO    ] [root] Log file : C:\Users\Varsh\Desktop\AGEIS\logs\wbgt_monitor_20260728.log
[2026-07-28 17:40:47] [INFO    ] [root] ============================================================
[2026-07-28 17:40:47] [INFO    ] [__main__] WBGT Monitor starting up
[2026-07-28 17:40:47] [INFO    ] [__main__] Database initialised
[2026-07-28 17:40:47] [INFO    ] [__main__] [READING] zone=Ladle-Metallurgy | timestamp=2026-07-27T14:00:00
[2026-07-28 17:40:47] [DEBUG   ] [__main__] [READING] raw={"timestamp": "2026-07-27T14:00:00", "factory": "Ganesh Alloys", "zone": "Ladle-Metallurgy", "temperature_unit": "celsius", "temperature": 36.4, "humidity": 36.3, "globe_temperature": 52.2, "wet_bulb_
[2026-07-28 17:40:47] [DEBUG   ] [__main__] [VALIDATE] zone=Ladle-Metallurgy | condition=ALL_DATA | missing=[] | flags=[]
[2026-07-28 17:40:47] [INFO    ] [__main__] [CALC] zone=Ladle-Metallurgy | ta=36.4 | rh=36.3 | tg=52.2 | tnwb=24.6 | wbgt=32.88
[2026-07-28 17:40:47] [DEBUG   ] [__main__] [CALC] data_quality={'ta': 'sensor', 'rh': 'sensor', 'tg': 'sensor', 'tnwb': 'sensor', 'wbgt': 'calculated'}
[2026-07-28 17:40:47] [INFO    ] [__main__] [CLASSIFY] zone=Ladle-Metallurgy | wbgt=32.88 | risk=DANGER | action=Halt heavy work, mandatory rest, evacuate
[2026-07-28 17:40:47] [WARNING ] [__main__] [DANGER ALERT] zone=Ladle-Metallurgy | wbgt=32.88 | Halt heavy work, mandatory rest, evacuate
[2026-07-28 17:40:47] [INFO    ] [__main__] [DB] zone=Ladle-Metallurgy | db_id=276 | saved OK
[2026-07-28 17:40:47] [INFO    ] [__main__] Pipeline completed OK | db_id=276
[2026-07-28 17:40:47] [INFO    ] [root] ============================================================
[2026-07-28 17:40:47] [INFO    ] [root] WBGT Monitor logging started
[2026-07-28 17:40:47] [INFO    ] [root] Log file : C:\Users\Varsh\Desktop\AGEIS\logs\wbgt_monitor_20260728.log
[2026-07-28 17:40:47] [INFO    ] [root] ============================================================
[2026-07-28 17:40:47] [INFO    ] [__main__] WBGT Monitor starting up
[2026-07-28 17:40:47] [INFO    ] [__main__] Database initialised
[2026-07-28 17:40:47] [INFO    ] [__main__] [READING] zone=Furnace-1 | timestamp=2026-07-27T15:00:00
[2026-07-28 17:40:47] [DEBUG   ] [__main__] [READING] raw={"timestamp": "2026-07-27T15:00:00", "factory": "Shree Metal Works", "zone": "Furnace-1", "temperature_unit": "celsius", "temperature": 40.3, "humidity": 46.4, "globe_temperature": 58.5, "wet_bulb_tem
[2026-07-28 17:40:47] [DEBUG   ] [__main__] [VALIDATE] zone=Furnace-1 | condition=ALL_DATA | missing=[] | flags=[]
[2026-07-28 17:40:47] [INFO    ] [__main__] [CALC] zone=Furnace-1 | ta=40.3 | rh=46.4 | tg=58.5 | tnwb=30.6 | wbgt=38.97
[2026-07-28 17:40:47] [DEBUG   ] [__main__] [CALC] data_quality={'ta': 'sensor', 'rh': 'sensor', 'tg': 'sensor', 'tnwb': 'sensor', 'wbgt': 'calculated'}
[2026-07-28 17:40:47] [INFO    ] [__main__] [CLASSIFY] zone=Furnace-1 | wbgt=38.97 | risk=DANGER | action=Halt heavy work, mandatory rest, evacuate
[2026-07-28 17:40:47] [WARNING ] [__main__] [DANGER ALERT] zone=Furnace-1 | wbgt=38.97 | Halt heavy work, mandatory rest, evacuate
[2026-07-28 17:40:47] [INFO    ] [__main__] [DB] zone=Furnace-1 | db_id=277 | saved OK
[2026-07-28 17:40:47] [INFO    ] [__main__] Pipeline completed OK | db_id=277
[2026-07-28 17:40:48] [INFO    ] [root] ============================================================
[2026-07-28 17:40:48] [INFO    ] [root] WBGT Monitor logging started
[2026-07-28 17:40:48] [INFO    ] [root] Log file : C:\Users\Varsh\Desktop\AGEIS\logs\wbgt_monitor_20260728.log
[2026-07-28 17:40:48] [INFO    ] [root] ============================================================
[2026-07-28 17:40:48] [INFO    ] [__main__] WBGT Monitor starting up
[2026-07-28 17:40:48] [INFO    ] [__main__] Database initialised
[2026-07-28 17:40:48] [INFO    ] [__main__] [READING] zone=EAF-Bay | timestamp=2026-07-27T16:00:00
[2026-07-28 17:40:48] [DEBUG   ] [__main__] [READING] raw={"timestamp": "2026-07-27T16:00:00", "factory": "JSPL", "zone": "EAF-Bay", "temperature_unit": "celsius", "temperature": 44.8, "humidity": 86.9, "globe_temperature": 70.1, "wet_bulb_temperature": 42.5
[2026-07-28 17:40:48] [DEBUG   ] [__main__] [VALIDATE] zone=EAF-Bay | condition=ALL_DATA | missing=[] | flags=[]
[2026-07-28 17:40:48] [INFO    ] [__main__] [CALC] zone=EAF-Bay | ta=44.8 | rh=86.9 | tg=70.1 | tnwb=42.5 | wbgt=50.78
[2026-07-28 17:40:48] [DEBUG   ] [__main__] [CALC] data_quality={'ta': 'sensor', 'rh': 'sensor', 'tg': 'sensor', 'tnwb': 'sensor', 'wbgt': 'calculated'}
[2026-07-28 17:40:48] [INFO    ] [__main__] [CLASSIFY] zone=EAF-Bay | wbgt=50.78 | risk=DANGER | action=Halt heavy work, mandatory rest, evacuate
[2026-07-28 17:40:48] [WARNING ] [__main__] [DANGER ALERT] zone=EAF-Bay | wbgt=50.78 | Halt heavy work, mandatory rest, evacuate
[2026-07-28 17:40:48] [INFO    ] [__main__] [DB] zone=EAF-Bay | db_id=278 | saved OK
[2026-07-28 17:40:48] [INFO    ] [__main__] Pipeline completed OK | db_id=278
[2026-07-28 17:40:49] [INFO    ] [root] ============================================================
[2026-07-28 17:40:49] [INFO    ] [root] WBGT Monitor logging started
[2026-07-28 17:40:49] [INFO    ] [root] Log file : C:\Users\Varsh\Desktop\AGEIS\logs\wbgt_monitor_20260728.log
[2026-07-28 17:40:49] [INFO    ] [root] ============================================================
[2026-07-28 17:40:49] [INFO    ] [__main__] WBGT Monitor starting up
[2026-07-28 17:40:49] [INFO    ] [__main__] Database initialised
[2026-07-28 17:40:49] [INFO    ] [__main__] [READING] zone=Furnace-2 | timestamp=2026-07-27T17:00:00
[2026-07-28 17:40:49] [DEBUG   ] [__main__] [READING] raw={"timestamp": "2026-07-27T17:00:00", "factory": "Shree Metal Works", "zone": "Furnace-2", "temperature_unit": "celsius", "temperature": 45.6, "humidity": 87.2, "globe_temperature": 68.4, "wet_bulb_tem
[2026-07-28 17:40:49] [DEBUG   ] [__main__] [VALIDATE] zone=Furnace-2 | condition=ALL_DATA | missing=[] | flags=[]
[2026-07-28 17:40:49] [INFO    ] [__main__] [CALC] zone=Furnace-2 | ta=45.6 | rh=87.2 | tg=68.4 | tnwb=43.2 | wbgt=50.76
[2026-07-28 17:40:49] [DEBUG   ] [__main__] [CALC] data_quality={'ta': 'sensor', 'rh': 'sensor', 'tg': 'sensor', 'tnwb': 'sensor', 'wbgt': 'calculated'}
[2026-07-28 17:40:49] [INFO    ] [__main__] [CLASSIFY] zone=Furnace-2 | wbgt=50.76 | risk=DANGER | action=Halt heavy work, mandatory rest, evacuate
[2026-07-28 17:40:49] [WARNING ] [__main__] [DANGER ALERT] zone=Furnace-2 | wbgt=50.76 | Halt heavy work, mandatory rest, evacuate
[2026-07-28 17:40:49] [INFO    ] [__main__] [DB] zone=Furnace-2 | db_id=279 | saved OK
[2026-07-28 17:40:49] [INFO    ] [__main__] Pipeline completed OK | db_id=279
[2026-07-28 17:40:49] [INFO    ] [root] ============================================================
[2026-07-28 17:40:49] [INFO    ] [root] WBGT Monitor logging started
[2026-07-28 17:40:49] [INFO    ] [root] Log file : C:\Users\Varsh\Desktop\AGEIS\logs\wbgt_monitor_20260728.log
[2026-07-28 17:40:49] [INFO    ] [root] ============================================================
[2026-07-28 17:40:49] [INFO    ] [__main__] WBGT Monitor starting up
[2026-07-28 17:40:49] [INFO    ] [__main__] Database initialised
[2026-07-28 17:40:49] [INFO    ] [__main__] [READING] zone=Furnace-1 | timestamp=2026-07-27T18:00:00
[2026-07-28 17:40:49] [DEBUG   ] [__main__] [READING] raw={"timestamp": "2026-07-27T18:00:00", "factory": "JSPL", "zone": "Furnace-1", "temperature_unit": "celsius", "temperature": 45.1, "humidity": 87.9, "globe_temperature": 65.4, "wet_bulb_temperature": 43
[2026-07-28 17:40:49] [DEBUG   ] [__main__] [VALIDATE] zone=Furnace-1 | condition=ALL_DATA | missing=[] | flags=[]
[2026-07-28 17:40:49] [INFO    ] [__main__] [CALC] zone=Furnace-1 | ta=45.1 | rh=87.9 | tg=65.4 | tnwb=43.3 | wbgt=49.93
[2026-07-28 17:40:49] [DEBUG   ] [__main__] [CALC] data_quality={'ta': 'sensor', 'rh': 'sensor', 'tg': 'sensor', 'tnwb': 'sensor', 'wbgt': 'calculated'}
[2026-07-28 17:40:49] [INFO    ] [__main__] [CLASSIFY] zone=Furnace-1 | wbgt=49.93 | risk=DANGER | action=Halt heavy work, mandatory rest, evacuate
[2026-07-28 17:40:49] [WARNING ] [__main__] [DANGER ALERT] zone=Furnace-1 | wbgt=49.93 | Halt heavy work, mandatory rest, evacuate
[2026-07-28 17:40:49] [INFO    ] [__main__] [DB] zone=Furnace-1 | db_id=280 | saved OK
[2026-07-28 17:40:49] [INFO    ] [__main__] Pipeline completed OK | db_id=280
[2026-07-28 17:40:50] [INFO    ] [root] ============================================================
[2026-07-28 17:40:50] [INFO    ] [root] WBGT Monitor logging started
[2026-07-28 17:40:50] [INFO    ] [root] Log file : C:\Users\Varsh\Desktop\AGEIS\logs\wbgt_monitor_20260728.log
[2026-07-28 17:40:50] [INFO    ] [root] ============================================================
[2026-07-28 17:40:50] [INFO    ] [__main__] WBGT Monitor starting up
[2026-07-28 17:40:50] [INFO    ] [__main__] Database initialised
[2026-07-28 17:40:50] [INFO    ] [__main__] [READING] zone=Furnace-1 | timestamp=2026-07-27T19:00:00
[2026-07-28 17:40:50] [DEBUG   ] [__main__] [READING] raw={"timestamp": "2026-07-27T19:00:00", "factory": "SAIL", "zone": "Furnace-1", "temperature_unit": "celsius", "temperature": 47.2, "humidity": 81.6, "globe_temperature": 69.6, "wet_bulb_temperature": 43
[2026-07-28 17:40:50] [DEBUG   ] [__main__] [VALIDATE] zone=Furnace-1 | condition=ALL_DATA | missing=[] | flags=[]
[2026-07-28 17:40:50] [INFO    ] [__main__] [CALC] zone=Furnace-1 | ta=47.2 | rh=81.6 | tg=69.6 | tnwb=43.9 | wbgt=51.61
[2026-07-28 17:40:50] [DEBUG   ] [__main__] [CALC] data_quality={'ta': 'sensor', 'rh': 'sensor', 'tg': 'sensor', 'tnwb': 'sensor', 'wbgt': 'calculated'}
[2026-07-28 17:40:50] [INFO    ] [__main__] [CLASSIFY] zone=Furnace-1 | wbgt=51.61 | risk=DANGER | action=Halt heavy work, mandatory rest, evacuate
[2026-07-28 17:40:50] [WARNING ] [__main__] [DANGER ALERT] zone=Furnace-1 | wbgt=51.61 | Halt heavy work, mandatory rest, evacuate
[2026-07-28 17:40:50] [INFO    ] [__main__] [DB] zone=Furnace-1 | db_id=281 | saved OK
[2026-07-28 17:40:50] [INFO    ] [__main__] Pipeline completed OK | db_id=281
[2026-07-28 17:40:50] [INFO    ] [root] ============================================================
[2026-07-28 17:40:50] [INFO    ] [root] WBGT Monitor logging started
[2026-07-28 17:40:50] [INFO    ] [root] Log file : C:\Users\Varsh\Desktop\AGEIS\logs\wbgt_monitor_20260728.log
[2026-07-28 17:40:50] [INFO    ] [root] ============================================================
[2026-07-28 17:40:50] [INFO    ] [__main__] WBGT Monitor starting up
[2026-07-28 17:40:50] [INFO    ] [__main__] Database initialised
[2026-07-28 17:40:50] [INFO    ] [__main__] [READING] zone=Loading-Dock | timestamp=2026-07-27T20:00:00
[2026-07-28 17:40:50] [DEBUG   ] [__main__] [READING] raw={"timestamp": "2026-07-27T20:00:00", "factory": "Vedanta", "zone": "Loading-Dock", "temperature_unit": "celsius", "temperature": 19.9, "humidity": 22.4, "globe_temperature": 19.9, "wet_bulb_temperatur
[2026-07-28 17:40:50] [DEBUG   ] [__main__] [VALIDATE] zone=Loading-Dock | condition=ALL_DATA | missing=[] | flags=[]
[2026-07-28 17:40:50] [INFO    ] [__main__] [CALC] zone=Loading-Dock | ta=19.9 | rh=22.4 | tg=19.9 | tnwb=9.7 | wbgt=12.76
[2026-07-28 17:40:50] [DEBUG   ] [__main__] [CALC] data_quality={'ta': 'sensor', 'rh': 'sensor', 'tg': 'sensor', 'tnwb': 'sensor', 'wbgt': 'calculated'}
[2026-07-28 17:40:50] [INFO    ] [__main__] [CLASSIFY] zone=Loading-Dock | wbgt=12.76 | risk=SAFE | action=Normal work, no restrictions
[2026-07-28 17:40:50] [INFO    ] [__main__] [DB] zone=Loading-Dock | db_id=282 | saved OK
[2026-07-28 17:40:50] [INFO    ] [__main__] Pipeline completed OK | db_id=282
[2026-07-28 17:40:51] [INFO    ] [root] ============================================================
[2026-07-28 17:40:51] [INFO    ] [root] WBGT Monitor logging started
[2026-07-28 17:40:51] [INFO    ] [root] Log file : C:\Users\Varsh\Desktop\AGEIS\logs\wbgt_monitor_20260728.log
[2026-07-28 17:40:51] [INFO    ] [root] ============================================================
[2026-07-28 17:40:51] [INFO    ] [__main__] WBGT Monitor starting up
[2026-07-28 17:40:51] [INFO    ] [__main__] Database initialised
[2026-07-28 17:40:51] [INFO    ] [__main__] [READING] zone=Loading-Dock | timestamp=2026-07-27T21:00:00
[2026-07-28 17:40:51] [DEBUG   ] [__main__] [READING] raw={"timestamp": "2026-07-27T21:00:00", "factory": "Ganesh Alloys", "zone": "Loading-Dock", "temperature_unit": "celsius", "temperature": 19.2, "humidity": 25.9, "globe_temperature": 18.4, "wet_bulb_temp
[2026-07-28 17:40:51] [DEBUG   ] [__main__] [VALIDATE] zone=Loading-Dock | condition=None | missing=[] | flags=[]
[2026-07-28 17:40:51] [DEBUG   ] [__main__] [FAULT] zone=Loading-Dock | timestamp=2026-07-27T21:00:00 | reason=SENSOR_FAULT: globe_temp_c=18.4 is less than air_temp_c=19.2.
[2026-07-28 17:40:51] [DEBUG   ] [__main__] Pipeline completed with fault: SENSOR_FAULT: globe_temp_c=18.4 is less than air_temp_c=19.2.
[2026-07-28 17:40:51] [INFO    ] [root] ============================================================
[2026-07-28 17:40:51] [INFO    ] [root] WBGT Monitor logging started
[2026-07-28 17:40:51] [INFO    ] [root] Log file : C:\Users\Varsh\Desktop\AGEIS\logs\wbgt_monitor_20260728.log
[2026-07-28 17:40:51] [INFO    ] [root] ============================================================
[2026-07-28 17:40:51] [INFO    ] [__main__] WBGT Monitor starting up
[2026-07-28 17:40:51] [INFO    ] [__main__] Database initialised
[2026-07-28 17:40:51] [INFO    ] [__main__] [READING] zone=Warehouse | timestamp=2026-07-27T22:00:00
[2026-07-28 17:40:51] [DEBUG   ] [__main__] [READING] raw={"timestamp": "2026-07-27T22:00:00", "factory": "JSPL", "zone": "Warehouse", "temperature_unit": "celsius", "temperature": 18.2, "humidity": 19.8, "globe_temperature": 17.3, "wet_bulb_temperature": 7.
[2026-07-28 17:40:51] [DEBUG   ] [__main__] [VALIDATE] zone=Warehouse | condition=None | missing=[] | flags=[]
[2026-07-28 17:40:51] [DEBUG   ] [__main__] [FAULT] zone=Warehouse | timestamp=2026-07-27T22:00:00 | reason=SENSOR_FAULT: globe_temp_c=17.3 is less than air_temp_c=18.2.
[2026-07-28 17:40:51] [DEBUG   ] [__main__] Pipeline completed with fault: SENSOR_FAULT: globe_temp_c=17.3 is less than air_temp_c=18.2.
[2026-07-28 17:40:52] [INFO    ] [root] ============================================================
[2026-07-28 17:40:52] [INFO    ] [root] WBGT Monitor logging started
[2026-07-28 17:40:52] [INFO    ] [root] Log file : C:\Users\Varsh\Desktop\AGEIS\logs\wbgt_monitor_20260728.log
[2026-07-28 17:40:52] [INFO    ] [root] ============================================================
[2026-07-28 17:40:52] [INFO    ] [__main__] WBGT Monitor starting up
[2026-07-28 17:40:52] [INFO    ] [__main__] Database initialised
[2026-07-28 17:40:52] [INFO    ] [__main__] [READING] zone=Loading-Dock | timestamp=2026-07-27T23:00:00
[2026-07-28 17:40:52] [DEBUG   ] [__main__] [READING] raw={"timestamp": "2026-07-27T23:00:00", "factory": "JSW Steel", "zone": "Loading-Dock", "temperature_unit": "celsius", "temperature": 18.4, "humidity": 21.4, "globe_temperature": 18.8, "wet_bulb_temperat
[2026-07-28 17:40:52] [DEBUG   ] [__main__] [VALIDATE] zone=Loading-Dock | condition=ALL_DATA | missing=[] | flags=[]
[2026-07-28 17:40:52] [INFO    ] [__main__] [CALC] zone=Loading-Dock | ta=18.4 | rh=21.4 | tg=18.8 | tnwb=8.2 | wbgt=11.38
[2026-07-28 17:40:52] [DEBUG   ] [__main__] [CALC] data_quality={'ta': 'sensor', 'rh': 'sensor', 'tg': 'sensor', 'tnwb': 'sensor', 'wbgt': 'calculated'}
[2026-07-28 17:40:52] [INFO    ] [__main__] [CLASSIFY] zone=Loading-Dock | wbgt=11.38 | risk=SAFE | action=Normal work, no restrictions
[2026-07-28 17:40:52] [INFO    ] [__main__] [DB] zone=Loading-Dock | db_id=283 | saved OK
[2026-07-28 17:40:52] [INFO    ] [__main__] Pipeline completed OK | db_id=283
