[2026-07-29 03:35:58] [INFO    ] [root] ============================================================
[2026-07-29 03:35:58] [INFO    ] [root] WBGT Monitor logging started
[2026-07-29 03:35:58] [INFO    ] [root] Log file : C:\Users\Varsh\Desktop\updated_agis\logs\wbgt_monitor_20260729.log
[2026-07-29 03:35:58] [INFO    ] [root] ============================================================
[2026-07-29 03:35:59] [INFO    ] [main] [READING] zone=Furnace-1 | timestamp=2026-07-22T06:00:00
[2026-07-29 03:35:59] [DEBUG   ] [main] [READING] raw={"timestamp": "2026-07-22T06:00:00", "factory": "Shree Metal Works", "zone": "Furnace-1", "temperature_unit": "celsius", "temperature": 37.0, "humidity": 47.5, "globe_temperature": 52.7, "wet_bulb_tem
[2026-07-29 03:35:59] [DEBUG   ] [main] [VALIDATE] zone=Furnace-1 | condition=ALL_DATA | missing=[] | flags=[]
[2026-07-29 03:35:59] [INFO    ] [main] [CALC] zone=Furnace-1 | ta=37.0 | rh=47.5 | tg=52.7 | tnwb=28.0 | wbgt=35.41
[2026-07-29 03:35:59] [DEBUG   ] [main] [CALC] data_quality={'ta': 'sensor', 'rh': 'sensor', 'tg': 'sensor', 'tnwb': 'sensor', 'wbgt': 'calculated'}
[2026-07-29 03:35:59] [INFO    ] [main] [CLASSIFY] zone=Furnace-1 | wbgt=35.41 | risk=DANGER | action=Halt heavy work, mandatory rest, evacuate
[2026-07-29 03:35:59] [WARNING ] [main] [DANGER ALERT] zone=Furnace-1 | wbgt=35.41 | Halt heavy work, mandatory rest, evacuate
[2026-07-29 03:35:59] [INFO    ] [main] [DB] zone=Furnace-1 | db_id=1 | saved OK
[2026-07-29 03:35:59] [INFO    ] [main] [READING] zone=Fabrication-Shop | timestamp=2026-07-22T07:00:00
[2026-07-29 03:35:59] [DEBUG   ] [main] [READING] raw={"timestamp": "2026-07-22T07:00:00", "factory": "Tata Steel", "zone": "Fabrication-Shop", "temperature_unit": "celsius", "temperature": 24.4, "humidity": 54.1, "globe_temperature": 25.7, "wet_bulb_tem
[2026-07-29 03:35:59] [DEBUG   ] [main] [VALIDATE] zone=Fabrication-Shop | condition=ALL_DATA | missing=[] | flags=[]
[2026-07-29 03:35:59] [INFO    ] [main] [CALC] zone=Fabrication-Shop | ta=24.4 | rh=54.1 | tg=25.7 | tnwb=17.7 | wbgt=20.1
[2026-07-29 03:35:59] [DEBUG   ] [main] [CALC] data_quality={'ta': 'sensor', 'rh': 'sensor', 'tg': 'sensor', 'tnwb': 'sensor', 'wbgt': 'calculated'}
[2026-07-29 03:35:59] [INFO    ] [main] [CLASSIFY] zone=Fabrication-Shop | wbgt=20.1 | risk=SAFE | action=Normal work, no restrictions
[2026-07-29 03:35:59] [INFO    ] [main] [DB] zone=Fabrication-Shop | db_id=2 | saved OK
[2026-07-29 03:35:59] [INFO    ] [main] [READING] zone=EAF-Bay | timestamp=2026-07-22T08:00:00
[2026-07-29 03:35:59] [DEBUG   ] [main] [READING] raw={"timestamp": "2026-07-22T08:00:00", "factory": "JSW Steel", "zone": "EAF-Bay", "temperature_unit": "celsius", "temperature": 42.5, "humidity": 47.0, "globe_temperature": 63.9, "wet_bulb_temperature":
[2026-07-29 03:35:59] [DEBUG   ] [main] [VALIDATE] zone=EAF-Bay | condition=ALL_DATA | missing=[] | flags=[]
[2026-07-29 03:35:59] [INFO    ] [main] [CALC] zone=EAF-Bay | ta=42.5 | rh=47.0 | tg=63.9 | tnwb=32.6 | wbgt=41.99
[2026-07-29 03:35:59] [DEBUG   ] [main] [CALC] data_quality={'ta': 'sensor', 'rh': 'sensor', 'tg': 'sensor', 'tnwb': 'sensor', 'wbgt': 'calculated'}
[2026-07-29 03:35:59] [INFO    ] [main] [CLASSIFY] zone=EAF-Bay | wbgt=41.99 | risk=DANGER | action=Halt heavy work, mandatory rest, evacuate
[2026-07-29 03:35:59] [WARNING ] [main] [DANGER ALERT] zone=EAF-Bay | wbgt=41.99 | Halt heavy work, mandatory rest, evacuate
[2026-07-29 03:35:59] [INFO    ] [main] [DB] zone=EAF-Bay | db_id=3 | saved OK
[2026-07-29 03:35:59] [INFO    ] [main] [READING] zone=Loading-Dock | timestamp=2026-07-22T09:00:00
[2026-07-29 03:35:59] [DEBUG   ] [main] [READING] raw={"timestamp": "2026-07-22T09:00:00", "factory": "Tata Steel", "zone": "Loading-Dock", "temperature_unit": "celsius", "temperature": 35.0, "humidity": 68.5, "globe_temperature": 37.5, "wet_bulb_tempera
[2026-07-29 03:35:59] [DEBUG   ] [main] [VALIDATE] zone=Loading-Dock | condition=ALL_DATA | missing=[] | flags=[]
[2026-07-29 03:35:59] [INFO    ] [main] [CALC] zone=Loading-Dock | ta=35.0 | rh=68.5 | tg=37.5 | tnwb=29.6 | wbgt=31.97
[2026-07-29 03:35:59] [DEBUG   ] [main] [CALC] data_quality={'ta': 'sensor', 'rh': 'sensor', 'tg': 'sensor', 'tnwb': 'sensor', 'wbgt': 'calculated'}
[2026-07-29 03:35:59] [INFO    ] [main] [CLASSIFY] zone=Loading-Dock | wbgt=31.97 | risk=DANGER | action=Halt heavy work, mandatory rest, evacuate
[2026-07-29 03:35:59] [WARNING ] [main] [DANGER ALERT] zone=Loading-Dock | wbgt=31.97 | Halt heavy work, mandatory rest, evacuate
[2026-07-29 03:35:59] [INFO    ] [main] [DB] zone=Loading-Dock | db_id=4 | saved OK
[2026-07-29 03:35:59] [INFO    ] [main] [READING] zone=Rolling-Mill | timestamp=2026-07-22T10:00:00
[2026-07-29 03:35:59] [DEBUG   ] [main] [READING] raw={"timestamp": "2026-07-22T10:00:00", "factory": "Shree Metal Works", "zone": "Rolling-Mill", "temperature_unit": "celsius", "temperature": 32.7, "humidity": 0, "globe_temperature": 41.0, "wet_bulb_tem
[2026-07-29 03:35:59] [DEBUG   ] [main] [VALIDATE] zone=Rolling-Mill | condition=ALL_DATA | missing=[] | flags=[]
[2026-07-29 03:35:59] [DEBUG   ] [urllib3.connectionpool] Starting new HTTPS connection (1): api.openweathermap.org:443
[2026-07-29 03:36:00] [DEBUG   ] [urllib3.connectionpool] https://api.openweathermap.org:443 "GET /data/2.5/weather?lat=12.9716&lon=77.5946&appid=88f2329e130bf480c72cfc84306978a1&units=metric HTTP/1.1" 200 525
[2026-07-29 03:36:00] [INFO    ] [main] [CALC] zone=Rolling-Mill | ta=32.7 | rh=44.67 | tg=41.0 | tnwb=23.5923 | wbgt=28.8146
[2026-07-29 03:36:00] [DEBUG   ] [main] [CALC] data_quality={'ta': 'sensor', 'rh': 'estimated', 'tg': 'sensor', 'tnwb': 'calculated', 'wbgt': 'calculated'}
[2026-07-29 03:36:00] [INFO    ] [main] [CLASSIFY] zone=Rolling-Mill | wbgt=28.8146 | risk=CAUTION | action=Increase water breaks
[2026-07-29 03:36:00] [INFO    ] [main] [DB] zone=Rolling-Mill | db_id=5 | saved OK
[2026-07-29 03:36:00] [INFO    ] [main] [READING] zone=Continuous-Casting | timestamp=2026-07-22T11:00:00
[2026-07-29 03:36:00] [DEBUG   ] [main] [READING] raw={"timestamp": "2026-07-22T11:00:00", "factory": "Shree Metal Works", "zone": "Continuous-Casting", "temperature_unit": "celsius", "temperature": 49.4, "humidity": 53.3, "globe_temperature": 67.5, "wet
[2026-07-29 03:36:00] [DEBUG   ] [main] [VALIDATE] zone=Continuous-Casting | condition=ALL_DATA | missing=[] | flags=[]
[2026-07-29 03:36:00] [INFO    ] [main] [CALC] zone=Continuous-Casting | ta=49.4 | rh=53.3 | tg=67.5 | tnwb=40.0 | wbgt=48.25
[2026-07-29 03:36:00] [DEBUG   ] [main] [CALC] data_quality={'ta': 'sensor', 'rh': 'sensor', 'tg': 'sensor', 'tnwb': 'sensor', 'wbgt': 'calculated'}
[2026-07-29 03:36:00] [INFO    ] [main] [CLASSIFY] zone=Continuous-Casting | wbgt=48.25 | risk=DANGER | action=Halt heavy work, mandatory rest, evacuate
[2026-07-29 03:36:00] [WARNING ] [main] [DANGER ALERT] zone=Continuous-Casting | wbgt=48.25 | Halt heavy work, mandatory rest, evacuate
[2026-07-29 03:36:00] [INFO    ] [main] [DB] zone=Continuous-Casting | db_id=6 | saved OK
[2026-07-29 03:36:00] [INFO    ] [main] [READING] zone=Warehouse | timestamp=2026-07-22T12:00:00
[2026-07-29 03:36:00] [DEBUG   ] [main] [READING] raw={"timestamp": "2026-07-22T12:00:00", "factory": "SAIL", "zone": "Warehouse", "temperature_unit": "celsius", "temperature": 71.3, "humidity": 48.5, "globe_temperature": 0, "wet_bulb_temperature": 0}
[2026-07-29 03:36:00] [DEBUG   ] [main] [VALIDATE] zone=Warehouse | condition=None | missing=[] | flags=[]
[2026-07-29 03:36:00] [DEBUG   ] [main] [FAULT] zone=Warehouse | timestamp=2026-07-22T12:00:00 | reason=SENSOR_FAULT: globe_temp_c=0.0 is less than air_temp_c=71.3.
[2026-07-29 03:36:00] [INFO    ] [main] [READING] zone=Ladle-Metallurgy | timestamp=2026-07-22T13:00:00
[2026-07-29 03:36:00] [DEBUG   ] [main] [READING] raw={"timestamp": "2026-07-22T13:00:00", "factory": "Tata Steel", "zone": "Ladle-Metallurgy", "temperature_unit": "celsius", "temperature": 47.4, "humidity": 50.7, "globe_temperature": 65.9, "wet_bulb_tem
[2026-07-29 03:36:00] [DEBUG   ] [main] [VALIDATE] zone=Ladle-Metallurgy | condition=ALL_DATA | missing=[] | flags=[]
[2026-07-29 03:36:00] [INFO    ] [main] [CALC] zone=Ladle-Metallurgy | ta=47.4 | rh=50.7 | tg=65.9 | tnwb=37.4299 | wbgt=45.9709
[2026-07-29 03:36:00] [DEBUG   ] [main] [CALC] data_quality={'ta': 'sensor', 'rh': 'sensor', 'tg': 'sensor', 'tnwb': 'calculated', 'wbgt': 'calculated'}
[2026-07-29 03:36:00] [INFO    ] [main] [CLASSIFY] zone=Ladle-Metallurgy | wbgt=45.9709 | risk=DANGER | action=Halt heavy work, mandatory rest, evacuate
[2026-07-29 03:36:00] [WARNING ] [main] [DANGER ALERT] zone=Ladle-Metallurgy | wbgt=45.9709 | Halt heavy work, mandatory rest, evacuate
[2026-07-29 03:36:00] [INFO    ] [main] [DB] zone=Ladle-Metallurgy | db_id=7 | saved OK
[2026-07-29 03:36:00] [INFO    ] [main] [READING] zone=Furnace-2 | timestamp=2026-07-22T14:00:00
[2026-07-29 03:36:00] [DEBUG   ] [main] [READING] raw={"timestamp": "2026-07-22T14:00:00", "factory": "Ganesh Alloys", "zone": "Furnace-2", "temperature_unit": "celsius", "temperature": 59.6, "humidity": 111.3, "globe_temperature": 79.8, "wet_bulb_temper
[2026-07-29 03:36:00] [DEBUG   ] [main] [VALIDATE] zone=Furnace-2 | condition=None | missing=[] | flags=[]
[2026-07-29 03:36:00] [DEBUG   ] [main] [FAULT] zone=Furnace-2 | timestamp=2026-07-22T14:00:00 | reason=SENSOR_FAULT: relative_humidity_pct=111.3 is out of valid range 0–100 %.
[2026-07-29 03:36:00] [INFO    ] [main] [READING] zone=Furnace-1 | timestamp=2026-07-22T15:00:00
[2026-07-29 03:36:00] [DEBUG   ] [main] [READING] raw={"timestamp": "2026-07-22T15:00:00", "factory": "Vedanta", "zone": "Furnace-1", "temperature_unit": "celsius", "temperature": 56.8, "humidity": 0, "globe_temperature": 0, "wet_bulb_temperature": 45.6}
[2026-07-29 03:36:00] [DEBUG   ] [main] [VALIDATE] zone=Furnace-1 | condition=None | missing=[] | flags=[]
[2026-07-29 03:36:00] [DEBUG   ] [main] [FAULT] zone=Furnace-1 | timestamp=2026-07-22T15:00:00 | reason=SENSOR_FAULT: globe_temp_c=0.0 is less than air_temp_c=56.8.
[2026-07-29 03:36:00] [INFO    ] [main] [READING] zone=Annealing-Line | timestamp=2026-07-22T16:00:00
[2026-07-29 03:36:00] [DEBUG   ] [main] [READING] raw={"timestamp": "2026-07-22T16:00:00", "factory": "JSW Steel", "zone": "Annealing-Line", "temperature_unit": "celsius", "temperature": 34.9, "humidity": 49.5, "globe_temperature": 40.8, "wet_bulb_temper
[2026-07-29 03:36:00] [DEBUG   ] [main] [VALIDATE] zone=Annealing-Line | condition=ALL_DATA | missing=[] | flags=[]
[2026-07-29 03:36:00] [INFO    ] [main] [CALC] zone=Annealing-Line | ta=34.9 | rh=49.5 | tg=40.8 | tnwb=26.4107 | wbgt=30.7275
[2026-07-29 03:36:00] [DEBUG   ] [main] [CALC] data_quality={'ta': 'sensor', 'rh': 'sensor', 'tg': 'sensor', 'tnwb': 'calculated', 'wbgt': 'calculated'}
[2026-07-29 03:36:00] [INFO    ] [main] [CLASSIFY] zone=Annealing-Line | wbgt=30.7275 | risk=WARNING | action=Enforce work/rest cycles (50 min work, 10 min rest)
[2026-07-29 03:36:00] [WARNING ] [main] [WARNING ALERT] zone=Annealing-Line | wbgt=30.7275 | Enforce work/rest cycles (50 min work, 10 min rest)
[2026-07-29 03:36:00] [INFO    ] [main] [DB] zone=Annealing-Line | db_id=8 | saved OK
[2026-07-29 03:36:00] [INFO    ] [main] [READING] zone=Continuous-Casting | timestamp=2026-07-22T17:00:00
[2026-07-29 03:36:00] [DEBUG   ] [main] [READING] raw={"timestamp": "2026-07-22T17:00:00", "factory": "SAIL", "zone": "Continuous-Casting", "temperature_unit": "celsius", "temperature": 39.8, "humidity": 0, "globe_temperature": 0, "wet_bulb_temperature":
[2026-07-29 03:36:00] [DEBUG   ] [main] [VALIDATE] zone=Continuous-Casting | condition=None | missing=[] | flags=[]
[2026-07-29 03:36:00] [DEBUG   ] [main] [FAULT] zone=Continuous-Casting | timestamp=2026-07-22T17:00:00 | reason=SENSOR_FAULT: globe_temp_c=0.0 is less than air_temp_c=39.8.
[2026-07-29 03:36:00] [INFO    ] [main] [READING] zone=Loading-Dock | timestamp=2026-07-22T18:00:00
[2026-07-29 03:36:00] [DEBUG   ] [main] [READING] raw={"timestamp": "2026-07-22T18:00:00", "factory": "Tata Steel", "zone": "Loading-Dock", "temperature_unit": "celsius", "temperature": 27.1, "humidity": 0, "globe_temperature": 0, "wet_bulb_temperature":
[2026-07-29 03:36:00] [DEBUG   ] [main] [VALIDATE] zone=Loading-Dock | condition=None | missing=[] | flags=[]
[2026-07-29 03:36:00] [DEBUG   ] [main] [FAULT] zone=Loading-Dock | timestamp=2026-07-22T18:00:00 | reason=SENSOR_FAULT: globe_temp_c=0.0 is less than air_temp_c=27.1.
[2026-07-29 03:36:00] [INFO    ] [main] [READING] zone=Furnace-2 | timestamp=2026-07-22T19:00:00
[2026-07-29 03:36:00] [DEBUG   ] [main] [READING] raw={"timestamp": "2026-07-22T19:00:00", "factory": "Vedanta", "zone": "Furnace-2", "temperature_unit": "celsius", "temperature": 36.4, "humidity": 0, "globe_temperature": 53.2, "wet_bulb_temperature": 0}
[2026-07-29 03:36:00] [DEBUG   ] [main] [VALIDATE] zone=Furnace-2 | condition=ALL_DATA | missing=[] | flags=[]
[2026-07-29 03:36:00] [DEBUG   ] [urllib3.connectionpool] Starting new HTTPS connection (1): api.openweathermap.org:443
[2026-07-29 03:36:00] [DEBUG   ] [urllib3.connectionpool] https://api.openweathermap.org:443 "GET /data/2.5/weather?lat=12.9716&lon=77.5946&appid=88f2329e130bf480c72cfc84306978a1&units=metric HTTP/1.1" 200 525
[2026-07-29 03:36:00] [INFO    ] [main] [CALC] zone=Furnace-2 | ta=36.4 | rh=36.36 | tg=53.2 | tnwb=24.8024 | wbgt=33.3216
[2026-07-29 03:36:00] [DEBUG   ] [main] [CALC] data_quality={'ta': 'sensor', 'rh': 'estimated', 'tg': 'sensor', 'tnwb': 'calculated', 'wbgt': 'calculated'}
[2026-07-29 03:36:00] [INFO    ] [main] [CLASSIFY] zone=Furnace-2 | wbgt=33.3216 | risk=DANGER | action=Halt heavy work, mandatory rest, evacuate
[2026-07-29 03:36:00] [WARNING ] [main] [DANGER ALERT] zone=Furnace-2 | wbgt=33.3216 | Halt heavy work, mandatory rest, evacuate
[2026-07-29 03:36:00] [INFO    ] [main] [DB] zone=Furnace-2 | db_id=9 | saved OK
[2026-07-29 03:36:00] [INFO    ] [main] [READING] zone=Furnace-1 | timestamp=2026-07-22T20:00:00
[2026-07-29 03:36:00] [DEBUG   ] [main] [READING] raw={"timestamp": "2026-07-22T20:00:00", "factory": "JSW Steel", "zone": "Furnace-1", "temperature_unit": "celsius", "temperature": 39.0, "humidity": 0, "globe_temperature": 57.5, "wet_bulb_temperature": 
[2026-07-29 03:36:00] [DEBUG   ] [main] [VALIDATE] zone=Furnace-1 | condition=ALL_DATA | missing=[] | flags=[]
[2026-07-29 03:36:00] [DEBUG   ] [urllib3.connectionpool] Starting new HTTPS connection (1): api.openweathermap.org:443
[2026-07-29 03:36:01] [DEBUG   ] [urllib3.connectionpool] https://api.openweathermap.org:443 "GET /data/2.5/weather?lat=12.9716&lon=77.5946&appid=88f2329e130bf480c72cfc84306978a1&units=metric HTTP/1.1" 200 525
[2026-07-29 03:36:01] [INFO    ] [main] [CALC] zone=Furnace-1 | ta=39.0 | rh=31.56 | tg=57.5 | tnwb=29.3 | wbgt=37.76
[2026-07-29 03:36:01] [DEBUG   ] [main] [CALC] data_quality={'ta': 'sensor', 'rh': 'estimated', 'tg': 'sensor', 'tnwb': 'sensor', 'wbgt': 'calculated'}
[2026-07-29 03:36:01] [INFO    ] [main] [CLASSIFY] zone=Furnace-1 | wbgt=37.76 | risk=DANGER | action=Halt heavy work, mandatory rest, evacuate
[2026-07-29 03:36:01] [WARNING ] [main] [DANGER ALERT] zone=Furnace-1 | wbgt=37.76 | Halt heavy work, mandatory rest, evacuate
[2026-07-29 03:36:01] [INFO    ] [main] [DB] zone=Furnace-1 | db_id=10 | saved OK
[2026-07-29 03:36:01] [INFO    ] [main] [READING] zone=Warehouse | timestamp=2026-07-22T21:00:00
[2026-07-29 03:36:01] [DEBUG   ] [main] [READING] raw={"timestamp": "2026-07-22T21:00:00", "factory": "Tata Steel", "zone": "Warehouse", "temperature_unit": "celsius", "temperature": 22.9, "humidity": 0, "globe_temperature": 23.9, "wet_bulb_temperature":
[2026-07-29 03:36:01] [DEBUG   ] [main] [VALIDATE] zone=Warehouse | condition=ALL_DATA | missing=[] | flags=[]
[2026-07-29 03:36:01] [DEBUG   ] [urllib3.connectionpool] Starting new HTTPS connection (1): api.openweathermap.org:443
[2026-07-29 03:36:01] [DEBUG   ] [urllib3.connectionpool] https://api.openweathermap.org:443 "GET /data/2.5/weather?lat=12.9716&lon=77.5946&appid=88f2329e130bf480c72cfc84306978a1&units=metric HTTP/1.1" 200 525
[2026-07-29 03:36:01] [INFO    ] [main] [CALC] zone=Warehouse | ta=22.9 | rh=79.23 | tg=23.9 | tnwb=20.2122 | wbgt=21.3186
[2026-07-29 03:36:01] [DEBUG   ] [main] [CALC] data_quality={'ta': 'sensor', 'rh': 'estimated', 'tg': 'sensor', 'tnwb': 'calculated', 'wbgt': 'calculated'}
[2026-07-29 03:36:01] [INFO    ] [main] [CLASSIFY] zone=Warehouse | wbgt=21.3186 | risk=SAFE | action=Normal work, no restrictions
[2026-07-29 03:36:01] [INFO    ] [main] [DB] zone=Warehouse | db_id=11 | saved OK
[2026-07-29 03:36:01] [INFO    ] [main] [READING] zone=EAF-Bay | timestamp=2026-07-22T22:00:00
[2026-07-29 03:36:01] [DEBUG   ] [main] [READING] raw={"timestamp": "2026-07-22T22:00:00", "factory": "Shree Metal Works", "zone": "EAF-Bay", "temperature_unit": "celsius", "temperature": 41.4, "humidity": 51.4, "globe_temperature": 58.4, "wet_bulb_tempe
[2026-07-29 03:36:01] [DEBUG   ] [main] [VALIDATE] zone=EAF-Bay | condition=ALL_DATA | missing=[] | flags=[]
[2026-07-29 03:36:01] [INFO    ] [main] [CALC] zone=EAF-Bay | ta=41.4 | rh=51.4 | tg=58.4 | tnwb=32.1 | wbgt=39.99
[2026-07-29 03:36:01] [DEBUG   ] [main] [CALC] data_quality={'ta': 'sensor', 'rh': 'sensor', 'tg': 'sensor', 'tnwb': 'sensor', 'wbgt': 'calculated'}
[2026-07-29 03:36:01] [INFO    ] [main] [CLASSIFY] zone=EAF-Bay | wbgt=39.99 | risk=DANGER | action=Halt heavy work, mandatory rest, evacuate
[2026-07-29 03:36:01] [WARNING ] [main] [DANGER ALERT] zone=EAF-Bay | wbgt=39.99 | Halt heavy work, mandatory rest, evacuate
[2026-07-29 03:36:01] [INFO    ] [main] [DB] zone=EAF-Bay | db_id=12 | saved OK
[2026-07-29 03:36:01] [INFO    ] [main] [READING] zone=Fabrication-Shop | timestamp=2026-07-22T23:00:00
[2026-07-29 03:36:01] [DEBUG   ] [main] [READING] raw={"timestamp": "2026-07-22T23:00:00", "factory": "JSW Steel", "zone": "Fabrication-Shop", "temperature_unit": "celsius", "temperature": 20.6, "humidity": 71.1, "globe_temperature": 22.6, "wet_bulb_temp
[2026-07-29 03:36:01] [DEBUG   ] [main] [VALIDATE] zone=Fabrication-Shop | condition=ALL_DATA | missing=[] | flags=[]
[2026-07-29 03:36:01] [INFO    ] [main] [CALC] zone=Fabrication-Shop | ta=20.6 | rh=71.1 | tg=22.6 | tnwb=16.9792 | wbgt=18.6655
[2026-07-29 03:36:01] [DEBUG   ] [main] [CALC] data_quality={'ta': 'sensor', 'rh': 'sensor', 'tg': 'sensor', 'tnwb': 'calculated', 'wbgt': 'calculated'}
[2026-07-29 03:36:01] [INFO    ] [main] [CLASSIFY] zone=Fabrication-Shop | wbgt=18.6655 | risk=SAFE | action=Normal work, no restrictions
[2026-07-29 03:36:01] [INFO    ] [main] [DB] zone=Fabrication-Shop | db_id=13 | saved OK
[2026-07-29 03:36:01] [INFO    ] [main] [READING] zone=Annealing-Line | timestamp=2026-07-23T00:00:00
[2026-07-29 03:36:01] [DEBUG   ] [main] [READING] raw={"timestamp": "2026-07-23T00:00:00", "factory": "Shree Metal Works", "zone": "Annealing-Line", "temperature_unit": "celsius", "temperature": 24.4, "humidity": 44.4, "globe_temperature": 27.2, "wet_bul
[2026-07-29 03:36:01] [DEBUG   ] [main] [VALIDATE] zone=Annealing-Line | condition=ALL_DATA | missing=[] | flags=[]
[2026-07-29 03:36:01] [INFO    ] [main] [CALC] zone=Annealing-Line | ta=24.4 | rh=44.4 | tg=27.2 | tnwb=16.2 | wbgt=19.5
[2026-07-29 03:36:01] [DEBUG   ] [main] [CALC] data_quality={'ta': 'sensor', 'rh': 'sensor', 'tg': 'sensor', 'tnwb': 'sensor', 'wbgt': 'calculated'}
[2026-07-29 03:36:01] [INFO    ] [main] [CLASSIFY] zone=Annealing-Line | wbgt=19.5 | risk=SAFE | action=Normal work, no restrictions
[2026-07-29 03:36:01] [INFO    ] [main] [DB] zone=Annealing-Line | db_id=14 | saved OK
[2026-07-29 03:36:01] [INFO    ] [main] [READING] zone=Ladle-Metallurgy | timestamp=2026-07-23T01:00:00
[2026-07-29 03:36:01] [DEBUG   ] [main] [READING] raw={"timestamp": "2026-07-23T01:00:00", "factory": "Ganesh Alloys", "zone": "Ladle-Metallurgy", "temperature_unit": "celsius", "temperature": 30.0, "humidity": 0, "globe_temperature": 43.1, "wet_bulb_tem
[2026-07-29 03:36:01] [DEBUG   ] [main] [VALIDATE] zone=Ladle-Metallurgy | condition=ALL_DATA | missing=[] | flags=[]
[2026-07-29 03:36:01] [DEBUG   ] [urllib3.connectionpool] Starting new HTTPS connection (1): api.openweathermap.org:443
[2026-07-29 03:36:02] [DEBUG   ] [urllib3.connectionpool] https://api.openweathermap.org:443 "GET /data/2.5/weather?lat=12.9716&lon=77.5946&appid=88f2329e130bf480c72cfc84306978a1&units=metric HTTP/1.1" 200 525
[2026-07-29 03:36:02] [INFO    ] [main] [CALC] zone=Ladle-Metallurgy | ta=30.0 | rh=52.1 | tg=43.1 | tnwb=22.6635 | wbgt=28.7945
[2026-07-29 03:36:02] [DEBUG   ] [main] [CALC] data_quality={'ta': 'sensor', 'rh': 'estimated', 'tg': 'sensor', 'tnwb': 'calculated', 'wbgt': 'calculated'}
[2026-07-29 03:36:02] [INFO    ] [main] [CLASSIFY] zone=Ladle-Metallurgy | wbgt=28.7945 | risk=CAUTION | action=Increase water breaks
[2026-07-29 03:36:02] [INFO    ] [main] [DB] zone=Ladle-Metallurgy | db_id=15 | saved OK
[2026-07-29 03:36:02] [INFO    ] [report] [REPORT] Fetched 15 readings for window 2026-07-28T22:01:02.064566+00:00 → 2026-07-28T22:11:02.064566+00:00
[2026-07-29 03:36:02] [INFO    ] [report] [REPORT] Tab-separated CSV report written: ./reports\wbgt_report_20260728T220602Z.csv (15 rows)
[2026-07-29 03:42:15] [INFO    ] [root] ============================================================
[2026-07-29 03:42:15] [INFO    ] [root] WBGT Monitor logging started
[2026-07-29 03:42:15] [INFO    ] [root] Log file : C:\Users\Varsh\Desktop\updated_agis\logs\wbgt_monitor_20260729.log
[2026-07-29 03:42:15] [INFO    ] [root] ============================================================
[2026-07-29 03:42:15] [INFO    ] [main] [READING] zone=Furnace-1 | timestamp=2026-07-22T06:00:00
[2026-07-29 03:42:15] [DEBUG   ] [main] [READING] raw={"timestamp": "2026-07-22T06:00:00", "factory": "Shree Metal Works", "zone": "Furnace-1", "temperature_unit": "celsius", "temperature": 37.0, "humidity": 47.5, "globe_temperature": 52.7, "wet_bulb_tem
[2026-07-29 03:42:15] [DEBUG   ] [main] [VALIDATE] zone=Furnace-1 | condition=ALL_DATA | missing=[] | flags=[]
[2026-07-29 03:42:15] [INFO    ] [main] [CALC] zone=Furnace-1 | ta=37.0 | rh=47.5 | tg=52.7 | tnwb=28.0 | wbgt=35.41
[2026-07-29 03:42:15] [DEBUG   ] [main] [CALC] data_quality={'ta': 'sensor', 'rh': 'sensor', 'tg': 'sensor', 'tnwb': 'sensor', 'wbgt': 'calculated'}
[2026-07-29 03:42:15] [INFO    ] [main] [CLASSIFY] zone=Furnace-1 | wbgt=35.41 | risk=DANGER | action=Halt heavy work, mandatory rest, evacuate
[2026-07-29 03:42:15] [WARNING ] [main] [DANGER ALERT] zone=Furnace-1 | wbgt=35.41 | Halt heavy work, mandatory rest, evacuate
[2026-07-29 03:42:15] [INFO    ] [main] [DB] zone=Furnace-1 | db_id=16 | saved OK
[2026-07-29 03:42:15] [INFO    ] [main] [READING] zone=Fabrication-Shop | timestamp=2026-07-22T07:00:00
[2026-07-29 03:42:15] [DEBUG   ] [main] [READING] raw={"timestamp": "2026-07-22T07:00:00", "factory": "Tata Steel", "zone": "Fabrication-Shop", "temperature_unit": "celsius", "temperature": 24.4, "humidity": 54.1, "globe_temperature": 25.7, "wet_bulb_tem
[2026-07-29 03:42:15] [DEBUG   ] [main] [VALIDATE] zone=Fabrication-Shop | condition=ALL_DATA | missing=[] | flags=[]
[2026-07-29 03:42:15] [INFO    ] [main] [CALC] zone=Fabrication-Shop | ta=24.4 | rh=54.1 | tg=25.7 | tnwb=17.7 | wbgt=20.1
[2026-07-29 03:42:15] [DEBUG   ] [main] [CALC] data_quality={'ta': 'sensor', 'rh': 'sensor', 'tg': 'sensor', 'tnwb': 'sensor', 'wbgt': 'calculated'}
[2026-07-29 03:42:15] [INFO    ] [main] [CLASSIFY] zone=Fabrication-Shop | wbgt=20.1 | risk=SAFE | action=Normal work, no restrictions
[2026-07-29 03:42:15] [INFO    ] [main] [DB] zone=Fabrication-Shop | db_id=17 | saved OK
[2026-07-29 03:42:15] [INFO    ] [main] [READING] zone=EAF-Bay | timestamp=2026-07-22T08:00:00
[2026-07-29 03:42:15] [DEBUG   ] [main] [READING] raw={"timestamp": "2026-07-22T08:00:00", "factory": "JSW Steel", "zone": "EAF-Bay", "temperature_unit": "celsius", "temperature": 42.5, "humidity": 47.0, "globe_temperature": 63.9, "wet_bulb_temperature":
[2026-07-29 03:42:15] [DEBUG   ] [main] [VALIDATE] zone=EAF-Bay | condition=ALL_DATA | missing=[] | flags=[]
[2026-07-29 03:42:15] [INFO    ] [main] [CALC] zone=EAF-Bay | ta=42.5 | rh=47.0 | tg=63.9 | tnwb=32.6 | wbgt=41.99
[2026-07-29 03:42:15] [DEBUG   ] [main] [CALC] data_quality={'ta': 'sensor', 'rh': 'sensor', 'tg': 'sensor', 'tnwb': 'sensor', 'wbgt': 'calculated'}
[2026-07-29 03:42:15] [INFO    ] [main] [CLASSIFY] zone=EAF-Bay | wbgt=41.99 | risk=DANGER | action=Halt heavy work, mandatory rest, evacuate
[2026-07-29 03:42:15] [WARNING ] [main] [DANGER ALERT] zone=EAF-Bay | wbgt=41.99 | Halt heavy work, mandatory rest, evacuate
[2026-07-29 03:42:15] [INFO    ] [main] [DB] zone=EAF-Bay | db_id=18 | saved OK
[2026-07-29 03:42:15] [INFO    ] [main] [READING] zone=Loading-Dock | timestamp=2026-07-22T09:00:00
[2026-07-29 03:42:15] [DEBUG   ] [main] [READING] raw={"timestamp": "2026-07-22T09:00:00", "factory": "Tata Steel", "zone": "Loading-Dock", "temperature_unit": "celsius", "temperature": 35.0, "humidity": 68.5, "globe_temperature": 37.5, "wet_bulb_tempera
[2026-07-29 03:42:15] [DEBUG   ] [main] [VALIDATE] zone=Loading-Dock | condition=ALL_DATA | missing=[] | flags=[]
[2026-07-29 03:42:15] [INFO    ] [main] [CALC] zone=Loading-Dock | ta=35.0 | rh=68.5 | tg=37.5 | tnwb=29.6 | wbgt=31.97
[2026-07-29 03:42:15] [DEBUG   ] [main] [CALC] data_quality={'ta': 'sensor', 'rh': 'sensor', 'tg': 'sensor', 'tnwb': 'sensor', 'wbgt': 'calculated'}
[2026-07-29 03:42:15] [INFO    ] [main] [CLASSIFY] zone=Loading-Dock | wbgt=31.97 | risk=DANGER | action=Halt heavy work, mandatory rest, evacuate
[2026-07-29 03:42:15] [WARNING ] [main] [DANGER ALERT] zone=Loading-Dock | wbgt=31.97 | Halt heavy work, mandatory rest, evacuate
[2026-07-29 03:42:15] [INFO    ] [main] [DB] zone=Loading-Dock | db_id=19 | saved OK
[2026-07-29 03:42:15] [INFO    ] [main] [READING] zone=Rolling-Mill | timestamp=2026-07-22T10:00:00
[2026-07-29 03:42:15] [DEBUG   ] [main] [READING] raw={"timestamp": "2026-07-22T10:00:00", "factory": "Shree Metal Works", "zone": "Rolling-Mill", "temperature_unit": "celsius", "temperature": 32.7, "humidity": 0, "globe_temperature": 41.0, "wet_bulb_tem
[2026-07-29 03:42:15] [DEBUG   ] [main] [VALIDATE] zone=Rolling-Mill | condition=ALL_DATA | missing=[] | flags=[]
[2026-07-29 03:42:15] [DEBUG   ] [urllib3.connectionpool] Starting new HTTPS connection (1): api.openweathermap.org:443
[2026-07-29 03:42:16] [DEBUG   ] [urllib3.connectionpool] https://api.openweathermap.org:443 "GET /data/2.5/weather?lat=12.9716&lon=77.5946&appid=88f2329e130bf480c72cfc84306978a1&units=metric HTTP/1.1" 200 525
[2026-07-29 03:42:16] [INFO    ] [main] [CALC] zone=Rolling-Mill | ta=32.7 | rh=44.67 | tg=41.0 | tnwb=23.5923 | wbgt=28.8146
[2026-07-29 03:42:16] [DEBUG   ] [main] [CALC] data_quality={'ta': 'sensor', 'rh': 'estimated', 'tg': 'sensor', 'tnwb': 'calculated', 'wbgt': 'calculated'}
[2026-07-29 03:42:16] [INFO    ] [main] [CLASSIFY] zone=Rolling-Mill | wbgt=28.8146 | risk=CAUTION | action=Increase water breaks
[2026-07-29 03:42:16] [INFO    ] [main] [DB] zone=Rolling-Mill | db_id=20 | saved OK
[2026-07-29 03:42:16] [INFO    ] [main] [READING] zone=Continuous-Casting | timestamp=2026-07-22T11:00:00
[2026-07-29 03:42:16] [DEBUG   ] [main] [READING] raw={"timestamp": "2026-07-22T11:00:00", "factory": "Shree Metal Works", "zone": "Continuous-Casting", "temperature_unit": "celsius", "temperature": 49.4, "humidity": 53.3, "globe_temperature": 67.5, "wet
[2026-07-29 03:42:16] [DEBUG   ] [main] [VALIDATE] zone=Continuous-Casting | condition=ALL_DATA | missing=[] | flags=[]
[2026-07-29 03:42:16] [INFO    ] [main] [CALC] zone=Continuous-Casting | ta=49.4 | rh=53.3 | tg=67.5 | tnwb=40.0 | wbgt=48.25
[2026-07-29 03:42:16] [DEBUG   ] [main] [CALC] data_quality={'ta': 'sensor', 'rh': 'sensor', 'tg': 'sensor', 'tnwb': 'sensor', 'wbgt': 'calculated'}
[2026-07-29 03:42:16] [INFO    ] [main] [CLASSIFY] zone=Continuous-Casting | wbgt=48.25 | risk=DANGER | action=Halt heavy work, mandatory rest, evacuate
[2026-07-29 03:42:16] [WARNING ] [main] [DANGER ALERT] zone=Continuous-Casting | wbgt=48.25 | Halt heavy work, mandatory rest, evacuate
[2026-07-29 03:42:16] [INFO    ] [main] [DB] zone=Continuous-Casting | db_id=21 | saved OK
[2026-07-29 03:42:16] [INFO    ] [main] [READING] zone=Warehouse | timestamp=2026-07-22T12:00:00
[2026-07-29 03:42:16] [DEBUG   ] [main] [READING] raw={"timestamp": "2026-07-22T12:00:00", "factory": "SAIL", "zone": "Warehouse", "temperature_unit": "celsius", "temperature": 71.3, "humidity": 48.5, "globe_temperature": 0, "wet_bulb_temperature": 0}
[2026-07-29 03:42:16] [DEBUG   ] [main] [VALIDATE] zone=Warehouse | condition=None | missing=[] | flags=[]
[2026-07-29 03:42:16] [DEBUG   ] [main] [FAULT] zone=Warehouse | timestamp=2026-07-22T12:00:00 | reason=SENSOR_FAULT: globe_temp_c=0.0 is less than air_temp_c=71.3.
[2026-07-29 03:42:16] [INFO    ] [main] [READING] zone=Ladle-Metallurgy | timestamp=2026-07-22T13:00:00
[2026-07-29 03:42:16] [DEBUG   ] [main] [READING] raw={"timestamp": "2026-07-22T13:00:00", "factory": "Tata Steel", "zone": "Ladle-Metallurgy", "temperature_unit": "celsius", "temperature": 47.4, "humidity": 50.7, "globe_temperature": 65.9, "wet_bulb_tem
[2026-07-29 03:42:16] [DEBUG   ] [main] [VALIDATE] zone=Ladle-Metallurgy | condition=ALL_DATA | missing=[] | flags=[]
[2026-07-29 03:42:16] [INFO    ] [main] [CALC] zone=Ladle-Metallurgy | ta=47.4 | rh=50.7 | tg=65.9 | tnwb=37.4299 | wbgt=45.9709
[2026-07-29 03:42:16] [DEBUG   ] [main] [CALC] data_quality={'ta': 'sensor', 'rh': 'sensor', 'tg': 'sensor', 'tnwb': 'calculated', 'wbgt': 'calculated'}
[2026-07-29 03:42:16] [INFO    ] [main] [CLASSIFY] zone=Ladle-Metallurgy | wbgt=45.9709 | risk=DANGER | action=Halt heavy work, mandatory rest, evacuate
[2026-07-29 03:42:16] [WARNING ] [main] [DANGER ALERT] zone=Ladle-Metallurgy | wbgt=45.9709 | Halt heavy work, mandatory rest, evacuate
[2026-07-29 03:42:16] [INFO    ] [main] [DB] zone=Ladle-Metallurgy | db_id=22 | saved OK
[2026-07-29 03:42:16] [INFO    ] [main] [READING] zone=Furnace-2 | timestamp=2026-07-22T14:00:00
[2026-07-29 03:42:16] [DEBUG   ] [main] [READING] raw={"timestamp": "2026-07-22T14:00:00", "factory": "Ganesh Alloys", "zone": "Furnace-2", "temperature_unit": "celsius", "temperature": 59.6, "humidity": 111.3, "globe_temperature": 79.8, "wet_bulb_temper
[2026-07-29 03:42:16] [DEBUG   ] [main] [VALIDATE] zone=Furnace-2 | condition=None | missing=[] | flags=[]
[2026-07-29 03:42:16] [DEBUG   ] [main] [FAULT] zone=Furnace-2 | timestamp=2026-07-22T14:00:00 | reason=SENSOR_FAULT: relative_humidity_pct=111.3 is out of valid range 0–100 %.
[2026-07-29 03:42:16] [INFO    ] [main] [READING] zone=Furnace-1 | timestamp=2026-07-22T15:00:00
[2026-07-29 03:42:16] [DEBUG   ] [main] [READING] raw={"timestamp": "2026-07-22T15:00:00", "factory": "Vedanta", "zone": "Furnace-1", "temperature_unit": "celsius", "temperature": 56.8, "humidity": 0, "globe_temperature": 0, "wet_bulb_temperature": 45.6}
[2026-07-29 03:42:16] [DEBUG   ] [main] [VALIDATE] zone=Furnace-1 | condition=None | missing=[] | flags=[]
[2026-07-29 03:42:16] [DEBUG   ] [main] [FAULT] zone=Furnace-1 | timestamp=2026-07-22T15:00:00 | reason=SENSOR_FAULT: globe_temp_c=0.0 is less than air_temp_c=56.8.
[2026-07-29 03:42:16] [INFO    ] [main] [READING] zone=Annealing-Line | timestamp=2026-07-22T16:00:00
[2026-07-29 03:42:16] [DEBUG   ] [main] [READING] raw={"timestamp": "2026-07-22T16:00:00", "factory": "JSW Steel", "zone": "Annealing-Line", "temperature_unit": "celsius", "temperature": 34.9, "humidity": 49.5, "globe_temperature": 40.8, "wet_bulb_temper
[2026-07-29 03:42:16] [DEBUG   ] [main] [VALIDATE] zone=Annealing-Line | condition=ALL_DATA | missing=[] | flags=[]
[2026-07-29 03:42:16] [INFO    ] [main] [CALC] zone=Annealing-Line | ta=34.9 | rh=49.5 | tg=40.8 | tnwb=26.4107 | wbgt=30.7275
[2026-07-29 03:42:16] [DEBUG   ] [main] [CALC] data_quality={'ta': 'sensor', 'rh': 'sensor', 'tg': 'sensor', 'tnwb': 'calculated', 'wbgt': 'calculated'}
[2026-07-29 03:42:16] [INFO    ] [main] [CLASSIFY] zone=Annealing-Line | wbgt=30.7275 | risk=WARNING | action=Enforce work/rest cycles (50 min work, 10 min rest)
[2026-07-29 03:42:16] [WARNING ] [main] [WARNING ALERT] zone=Annealing-Line | wbgt=30.7275 | Enforce work/rest cycles (50 min work, 10 min rest)
[2026-07-29 03:42:16] [INFO    ] [main] [DB] zone=Annealing-Line | db_id=23 | saved OK
[2026-07-29 03:42:16] [INFO    ] [main] [READING] zone=Continuous-Casting | timestamp=2026-07-22T17:00:00
[2026-07-29 03:42:16] [DEBUG   ] [main] [READING] raw={"timestamp": "2026-07-22T17:00:00", "factory": "SAIL", "zone": "Continuous-Casting", "temperature_unit": "celsius", "temperature": 39.8, "humidity": 0, "globe_temperature": 0, "wet_bulb_temperature":
[2026-07-29 03:42:16] [DEBUG   ] [main] [VALIDATE] zone=Continuous-Casting | condition=None | missing=[] | flags=[]
[2026-07-29 03:42:16] [DEBUG   ] [main] [FAULT] zone=Continuous-Casting | timestamp=2026-07-22T17:00:00 | reason=SENSOR_FAULT: globe_temp_c=0.0 is less than air_temp_c=39.8.
[2026-07-29 03:42:16] [INFO    ] [main] [READING] zone=Loading-Dock | timestamp=2026-07-22T18:00:00
[2026-07-29 03:42:16] [DEBUG   ] [main] [READING] raw={"timestamp": "2026-07-22T18:00:00", "factory": "Tata Steel", "zone": "Loading-Dock", "temperature_unit": "celsius", "temperature": 27.1, "humidity": 0, "globe_temperature": 0, "wet_bulb_temperature":
[2026-07-29 03:42:16] [DEBUG   ] [main] [VALIDATE] zone=Loading-Dock | condition=None | missing=[] | flags=[]
[2026-07-29 03:42:16] [DEBUG   ] [main] [FAULT] zone=Loading-Dock | timestamp=2026-07-22T18:00:00 | reason=SENSOR_FAULT: globe_temp_c=0.0 is less than air_temp_c=27.1.
[2026-07-29 03:42:16] [INFO    ] [main] [READING] zone=Furnace-2 | timestamp=2026-07-22T19:00:00
[2026-07-29 03:42:16] [DEBUG   ] [main] [READING] raw={"timestamp": "2026-07-22T19:00:00", "factory": "Vedanta", "zone": "Furnace-2", "temperature_unit": "celsius", "temperature": 36.4, "humidity": 0, "globe_temperature": 53.2, "wet_bulb_temperature": 0}
[2026-07-29 03:42:16] [DEBUG   ] [main] [VALIDATE] zone=Furnace-2 | condition=ALL_DATA | missing=[] | flags=[]
[2026-07-29 03:42:16] [DEBUG   ] [urllib3.connectionpool] Starting new HTTPS connection (1): api.openweathermap.org:443
[2026-07-29 03:42:16] [DEBUG   ] [urllib3.connectionpool] https://api.openweathermap.org:443 "GET /data/2.5/weather?lat=12.9716&lon=77.5946&appid=88f2329e130bf480c72cfc84306978a1&units=metric HTTP/1.1" 200 525
[2026-07-29 03:42:16] [INFO    ] [main] [CALC] zone=Furnace-2 | ta=36.4 | rh=36.36 | tg=53.2 | tnwb=24.8024 | wbgt=33.3216
[2026-07-29 03:42:16] [DEBUG   ] [main] [CALC] data_quality={'ta': 'sensor', 'rh': 'estimated', 'tg': 'sensor', 'tnwb': 'calculated', 'wbgt': 'calculated'}
[2026-07-29 03:42:16] [INFO    ] [main] [CLASSIFY] zone=Furnace-2 | wbgt=33.3216 | risk=DANGER | action=Halt heavy work, mandatory rest, evacuate
[2026-07-29 03:42:16] [WARNING ] [main] [DANGER ALERT] zone=Furnace-2 | wbgt=33.3216 | Halt heavy work, mandatory rest, evacuate
[2026-07-29 03:42:16] [INFO    ] [main] [DB] zone=Furnace-2 | db_id=24 | saved OK
[2026-07-29 03:42:16] [INFO    ] [main] [READING] zone=Furnace-1 | timestamp=2026-07-22T20:00:00
[2026-07-29 03:42:16] [DEBUG   ] [main] [READING] raw={"timestamp": "2026-07-22T20:00:00", "factory": "JSW Steel", "zone": "Furnace-1", "temperature_unit": "celsius", "temperature": 39.0, "humidity": 0, "globe_temperature": 57.5, "wet_bulb_temperature": 
[2026-07-29 03:42:16] [DEBUG   ] [main] [VALIDATE] zone=Furnace-1 | condition=ALL_DATA | missing=[] | flags=[]
[2026-07-29 03:42:16] [DEBUG   ] [urllib3.connectionpool] Starting new HTTPS connection (1): api.openweathermap.org:443
[2026-07-29 03:42:17] [DEBUG   ] [urllib3.connectionpool] https://api.openweathermap.org:443 "GET /data/2.5/weather?lat=12.9716&lon=77.5946&appid=88f2329e130bf480c72cfc84306978a1&units=metric HTTP/1.1" 200 525
[2026-07-29 03:42:17] [INFO    ] [main] [CALC] zone=Furnace-1 | ta=39.0 | rh=31.56 | tg=57.5 | tnwb=29.3 | wbgt=37.76
[2026-07-29 03:42:17] [DEBUG   ] [main] [CALC] data_quality={'ta': 'sensor', 'rh': 'estimated', 'tg': 'sensor', 'tnwb': 'sensor', 'wbgt': 'calculated'}
[2026-07-29 03:42:17] [INFO    ] [main] [CLASSIFY] zone=Furnace-1 | wbgt=37.76 | risk=DANGER | action=Halt heavy work, mandatory rest, evacuate
[2026-07-29 03:42:17] [WARNING ] [main] [DANGER ALERT] zone=Furnace-1 | wbgt=37.76 | Halt heavy work, mandatory rest, evacuate
[2026-07-29 03:42:17] [INFO    ] [main] [DB] zone=Furnace-1 | db_id=25 | saved OK
[2026-07-29 03:42:17] [INFO    ] [main] [READING] zone=Warehouse | timestamp=2026-07-22T21:00:00
[2026-07-29 03:42:17] [DEBUG   ] [main] [READING] raw={"timestamp": "2026-07-22T21:00:00", "factory": "Tata Steel", "zone": "Warehouse", "temperature_unit": "celsius", "temperature": 22.9, "humidity": 0, "globe_temperature": 23.9, "wet_bulb_temperature":
[2026-07-29 03:42:17] [DEBUG   ] [main] [VALIDATE] zone=Warehouse | condition=ALL_DATA | missing=[] | flags=[]
[2026-07-29 03:42:17] [DEBUG   ] [urllib3.connectionpool] Starting new HTTPS connection (1): api.openweathermap.org:443
[2026-07-29 03:42:17] [DEBUG   ] [urllib3.connectionpool] https://api.openweathermap.org:443 "GET /data/2.5/weather?lat=12.9716&lon=77.5946&appid=88f2329e130bf480c72cfc84306978a1&units=metric HTTP/1.1" 200 525
[2026-07-29 03:42:17] [INFO    ] [main] [CALC] zone=Warehouse | ta=22.9 | rh=79.23 | tg=23.9 | tnwb=20.2122 | wbgt=21.3186
[2026-07-29 03:42:17] [DEBUG   ] [main] [CALC] data_quality={'ta': 'sensor', 'rh': 'estimated', 'tg': 'sensor', 'tnwb': 'calculated', 'wbgt': 'calculated'}
[2026-07-29 03:42:17] [INFO    ] [main] [CLASSIFY] zone=Warehouse | wbgt=21.3186 | risk=SAFE | action=Normal work, no restrictions
[2026-07-29 03:42:17] [INFO    ] [main] [DB] zone=Warehouse | db_id=26 | saved OK
[2026-07-29 03:42:17] [INFO    ] [main] [READING] zone=EAF-Bay | timestamp=2026-07-22T22:00:00
[2026-07-29 03:42:17] [DEBUG   ] [main] [READING] raw={"timestamp": "2026-07-22T22:00:00", "factory": "Shree Metal Works", "zone": "EAF-Bay", "temperature_unit": "celsius", "temperature": 41.4, "humidity": 51.4, "globe_temperature": 58.4, "wet_bulb_tempe
[2026-07-29 03:42:17] [DEBUG   ] [main] [VALIDATE] zone=EAF-Bay | condition=ALL_DATA | missing=[] | flags=[]
[2026-07-29 03:42:17] [INFO    ] [main] [CALC] zone=EAF-Bay | ta=41.4 | rh=51.4 | tg=58.4 | tnwb=32.1 | wbgt=39.99
[2026-07-29 03:42:17] [DEBUG   ] [main] [CALC] data_quality={'ta': 'sensor', 'rh': 'sensor', 'tg': 'sensor', 'tnwb': 'sensor', 'wbgt': 'calculated'}
[2026-07-29 03:42:17] [INFO    ] [main] [CLASSIFY] zone=EAF-Bay | wbgt=39.99 | risk=DANGER | action=Halt heavy work, mandatory rest, evacuate
[2026-07-29 03:42:17] [WARNING ] [main] [DANGER ALERT] zone=EAF-Bay | wbgt=39.99 | Halt heavy work, mandatory rest, evacuate
[2026-07-29 03:42:17] [INFO    ] [main] [DB] zone=EAF-Bay | db_id=27 | saved OK
[2026-07-29 03:42:17] [INFO    ] [main] [READING] zone=Fabrication-Shop | timestamp=2026-07-22T23:00:00
[2026-07-29 03:42:17] [DEBUG   ] [main] [READING] raw={"timestamp": "2026-07-22T23:00:00", "factory": "JSW Steel", "zone": "Fabrication-Shop", "temperature_unit": "celsius", "temperature": 20.6, "humidity": 71.1, "globe_temperature": 22.6, "wet_bulb_temp
[2026-07-29 03:42:17] [DEBUG   ] [main] [VALIDATE] zone=Fabrication-Shop | condition=ALL_DATA | missing=[] | flags=[]
[2026-07-29 03:42:17] [INFO    ] [main] [CALC] zone=Fabrication-Shop | ta=20.6 | rh=71.1 | tg=22.6 | tnwb=16.9792 | wbgt=18.6655
[2026-07-29 03:42:17] [DEBUG   ] [main] [CALC] data_quality={'ta': 'sensor', 'rh': 'sensor', 'tg': 'sensor', 'tnwb': 'calculated', 'wbgt': 'calculated'}
[2026-07-29 03:42:17] [INFO    ] [main] [CLASSIFY] zone=Fabrication-Shop | wbgt=18.6655 | risk=SAFE | action=Normal work, no restrictions
[2026-07-29 03:42:17] [INFO    ] [main] [DB] zone=Fabrication-Shop | db_id=28 | saved OK
[2026-07-29 03:42:17] [INFO    ] [main] [READING] zone=Annealing-Line | timestamp=2026-07-23T00:00:00
[2026-07-29 03:42:17] [DEBUG   ] [main] [READING] raw={"timestamp": "2026-07-23T00:00:00", "factory": "Shree Metal Works", "zone": "Annealing-Line", "temperature_unit": "celsius", "temperature": 24.4, "humidity": 44.4, "globe_temperature": 27.2, "wet_bul
[2026-07-29 03:42:17] [DEBUG   ] [main] [VALIDATE] zone=Annealing-Line | condition=ALL_DATA | missing=[] | flags=[]
[2026-07-29 03:42:17] [INFO    ] [main] [CALC] zone=Annealing-Line | ta=24.4 | rh=44.4 | tg=27.2 | tnwb=16.2 | wbgt=19.5
[2026-07-29 03:42:17] [DEBUG   ] [main] [CALC] data_quality={'ta': 'sensor', 'rh': 'sensor', 'tg': 'sensor', 'tnwb': 'sensor', 'wbgt': 'calculated'}
[2026-07-29 03:42:17] [INFO    ] [main] [CLASSIFY] zone=Annealing-Line | wbgt=19.5 | risk=SAFE | action=Normal work, no restrictions
[2026-07-29 03:42:17] [INFO    ] [main] [DB] zone=Annealing-Line | db_id=29 | saved OK
[2026-07-29 03:42:17] [INFO    ] [main] [READING] zone=Ladle-Metallurgy | timestamp=2026-07-23T01:00:00
[2026-07-29 03:42:17] [DEBUG   ] [main] [READING] raw={"timestamp": "2026-07-23T01:00:00", "factory": "Ganesh Alloys", "zone": "Ladle-Metallurgy", "temperature_unit": "celsius", "temperature": 30.0, "humidity": 0, "globe_temperature": 43.1, "wet_bulb_tem
[2026-07-29 03:42:17] [DEBUG   ] [main] [VALIDATE] zone=Ladle-Metallurgy | condition=ALL_DATA | missing=[] | flags=[]
[2026-07-29 03:42:17] [DEBUG   ] [urllib3.connectionpool] Starting new HTTPS connection (1): api.openweathermap.org:443
[2026-07-29 03:42:18] [DEBUG   ] [urllib3.connectionpool] https://api.openweathermap.org:443 "GET /data/2.5/weather?lat=12.9716&lon=77.5946&appid=88f2329e130bf480c72cfc84306978a1&units=metric HTTP/1.1" 200 525
[2026-07-29 03:42:18] [INFO    ] [main] [CALC] zone=Ladle-Metallurgy | ta=30.0 | rh=52.1 | tg=43.1 | tnwb=22.6635 | wbgt=28.7945
[2026-07-29 03:42:18] [DEBUG   ] [main] [CALC] data_quality={'ta': 'sensor', 'rh': 'estimated', 'tg': 'sensor', 'tnwb': 'calculated', 'wbgt': 'calculated'}
[2026-07-29 03:42:18] [INFO    ] [main] [CLASSIFY] zone=Ladle-Metallurgy | wbgt=28.7945 | risk=CAUTION | action=Increase water breaks
[2026-07-29 03:42:18] [INFO    ] [main] [DB] zone=Ladle-Metallurgy | db_id=30 | saved OK
[2026-07-29 03:42:18] [INFO    ] [main] [READING] zone=Rolling-Mill | timestamp=2026-07-23T02:00:00
[2026-07-29 03:42:18] [DEBUG   ] [main] [READING] raw={"timestamp": "2026-07-23T02:00:00", "factory": "Shree Metal Works", "zone": "Rolling-Mill", "temperature_unit": "celsius", "temperature": 27.3, "humidity": 57.4, "globe_temperature": 35.0, "wet_bulb_
[2026-07-29 03:42:18] [DEBUG   ] [main] [VALIDATE] zone=Rolling-Mill | condition=ALL_DATA | missing=[] | flags=[]
[2026-07-29 03:42:18] [INFO    ] [main] [CALC] zone=Rolling-Mill | ta=27.3 | rh=57.4 | tg=35.0 | tnwb=20.7 | wbgt=24.99
[2026-07-29 03:42:18] [DEBUG   ] [main] [CALC] data_quality={'ta': 'sensor', 'rh': 'sensor', 'tg': 'sensor', 'tnwb': 'sensor', 'wbgt': 'calculated'}
[2026-07-29 03:42:18] [INFO    ] [main] [CLASSIFY] zone=Rolling-Mill | wbgt=24.99 | risk=SAFE | action=Normal work, no restrictions
[2026-07-29 03:42:18] [INFO    ] [main] [DB] zone=Rolling-Mill | db_id=31 | saved OK
[2026-07-29 03:42:18] [INFO    ] [main] [READING] zone=Annealing-Line | timestamp=2026-07-23T03:00:00
[2026-07-29 03:42:18] [DEBUG   ] [main] [READING] raw={"timestamp": "2026-07-23T03:00:00", "factory": "Vedanta", "zone": "Annealing-Line", "temperature_unit": "celsius", "temperature": 26.8, "humidity": 51.0, "globe_temperature": 33.2, "wet_bulb_temperat
[2026-07-29 03:42:18] [DEBUG   ] [main] [VALIDATE] zone=Annealing-Line | condition=ALL_DATA | missing=[] | flags=[]
[2026-07-29 03:42:18] [INFO    ] [main] [CALC] zone=Annealing-Line | ta=26.8 | rh=51.0 | tg=33.2 | tnwb=19.6 | wbgt=23.68
[2026-07-29 03:42:18] [DEBUG   ] [main] [CALC] data_quality={'ta': 'sensor', 'rh': 'sensor', 'tg': 'sensor', 'tnwb': 'sensor', 'wbgt': 'calculated'}
[2026-07-29 03:42:18] [INFO    ] [main] [CLASSIFY] zone=Annealing-Line | wbgt=23.68 | risk=SAFE | action=Normal work, no restrictions
[2026-07-29 03:42:18] [INFO    ] [main] [DB] zone=Annealing-Line | db_id=32 | saved OK
[2026-07-29 03:42:18] [INFO    ] [main] [READING] zone=Fabrication-Shop | timestamp=2026-07-23T04:00:00
[2026-07-29 03:42:18] [DEBUG   ] [main] [READING] raw={"timestamp": "2026-07-23T04:00:00", "factory": "Ganesh Alloys", "zone": "Fabrication-Shop", "temperature_unit": "celsius", "temperature": 22.4, "humidity": 66.9, "globe_temperature": 16.9, "wet_bulb_
[2026-07-29 03:42:18] [DEBUG   ] [main] [VALIDATE] zone=Fabrication-Shop | condition=None | missing=[] | flags=[]
[2026-07-29 03:42:18] [DEBUG   ] [main] [FAULT] zone=Fabrication-Shop | timestamp=2026-07-23T04:00:00 | reason=SENSOR_FAULT: globe_temp_c=16.9 is less than air_temp_c=22.4.
[2026-07-29 03:42:18] [INFO    ] [main] [READING] zone=Loading-Dock | timestamp=2026-07-23T05:00:00
[2026-07-29 03:42:18] [DEBUG   ] [main] [READING] raw={"timestamp": "2026-07-23T05:00:00", "factory": "JSPL", "zone": "Loading-Dock", "temperature_unit": "celsius", "temperature": 19.6, "humidity": 47.8, "globe_temperature": 21.5, "wet_bulb_temperature":
[2026-07-29 03:42:18] [DEBUG   ] [main] [VALIDATE] zone=Loading-Dock | condition=ALL_DATA | missing=[] | flags=[]
[2026-07-29 03:42:18] [INFO    ] [main] [CALC] zone=Loading-Dock | ta=19.6 | rh=47.8 | tg=21.5 | tnwb=13.2 | wbgt=15.69
[2026-07-29 03:42:18] [DEBUG   ] [main] [CALC] data_quality={'ta': 'sensor', 'rh': 'sensor', 'tg': 'sensor', 'tnwb': 'sensor', 'wbgt': 'calculated'}
[2026-07-29 03:42:18] [INFO    ] [main] [CLASSIFY] zone=Loading-Dock | wbgt=15.69 | risk=SAFE | action=Normal work, no restrictions
[2026-07-29 03:42:18] [INFO    ] [main] [DB] zone=Loading-Dock | db_id=33 | saved OK
[2026-07-29 03:42:18] [INFO    ] [main] [READING] zone=Furnace-1 | timestamp=2026-07-23T06:00:00
[2026-07-29 03:42:18] [DEBUG   ] [main] [READING] raw={"timestamp": "2026-07-23T06:00:00", "factory": "SAIL", "zone": "Furnace-1", "temperature_unit": "celsius", "temperature": 47.0, "humidity": 48.9, "globe_temperature": 69.2, "wet_bulb_temperature": 36
[2026-07-29 03:42:18] [DEBUG   ] [main] [VALIDATE] zone=Furnace-1 | condition=ALL_DATA | missing=[] | flags=[]
[2026-07-29 03:42:18] [INFO    ] [main] [CALC] zone=Furnace-1 | ta=47.0 | rh=48.9 | tg=69.2 | tnwb=36.3 | wbgt=46.17
[2026-07-29 03:42:18] [DEBUG   ] [main] [CALC] data_quality={'ta': 'sensor', 'rh': 'sensor', 'tg': 'sensor', 'tnwb': 'sensor', 'wbgt': 'calculated'}
[2026-07-29 03:42:18] [INFO    ] [main] [CLASSIFY] zone=Furnace-1 | wbgt=46.17 | risk=DANGER | action=Halt heavy work, mandatory rest, evacuate
[2026-07-29 03:42:18] [WARNING ] [main] [DANGER ALERT] zone=Furnace-1 | wbgt=46.17 | Halt heavy work, mandatory rest, evacuate
[2026-07-29 03:42:18] [INFO    ] [main] [DB] zone=Furnace-1 | db_id=34 | saved OK
[2026-07-29 03:42:18] [INFO    ] [main] [READING] zone=Warehouse | timestamp=2026-07-23T07:00:00
[2026-07-29 03:42:18] [DEBUG   ] [main] [READING] raw={"timestamp": "2026-07-23T07:00:00", "factory": "Shree Metal Works", "zone": "Warehouse", "temperature_unit": "celsius", "temperature": 23.0, "humidity": 70.0, "globe_temperature": 25.2, "wet_bulb_tem
[2026-07-29 03:42:18] [DEBUG   ] [main] [VALIDATE] zone=Warehouse | condition=ALL_DATA | missing=[] | flags=[]
[2026-07-29 03:42:18] [INFO    ] [main] [CALC] zone=Warehouse | ta=23.0 | rh=70.0 | tg=25.2 | tnwb=19.1 | wbgt=20.93
[2026-07-29 03:42:18] [DEBUG   ] [main] [CALC] data_quality={'ta': 'sensor', 'rh': 'sensor', 'tg': 'sensor', 'tnwb': 'sensor', 'wbgt': 'calculated'}
[2026-07-29 03:42:18] [INFO    ] [main] [CLASSIFY] zone=Warehouse | wbgt=20.93 | risk=SAFE | action=Normal work, no restrictions
[2026-07-29 03:42:18] [INFO    ] [main] [DB] zone=Warehouse | db_id=35 | saved OK
[2026-07-29 03:42:18] [INFO    ] [main] [READING] zone=Furnace-2 | timestamp=2026-07-23T08:00:00
[2026-07-29 03:42:18] [DEBUG   ] [main] [READING] raw={"timestamp": "2026-07-23T08:00:00", "factory": "Tata Steel", "zone": "Furnace-2", "temperature_unit": "celsius", "temperature": 33.1, "humidity": 122.8, "globe_temperature": 49.2, "wet_bulb_temperatu
[2026-07-29 03:42:18] [DEBUG   ] [main] [VALIDATE] zone=Furnace-2 | condition=None | missing=[] | flags=[]
[2026-07-29 03:42:18] [DEBUG   ] [main] [FAULT] zone=Furnace-2 | timestamp=2026-07-23T08:00:00 | reason=SENSOR_FAULT: relative_humidity_pct=122.8 is out of valid range 0–100 %.
[2026-07-29 03:42:18] [INFO    ] [main] [READING] zone=Continuous-Casting | timestamp=2026-07-23T09:00:00
[2026-07-29 03:42:18] [DEBUG   ] [main] [READING] raw={"timestamp": "2026-07-23T09:00:00", "factory": "Ganesh Alloys", "zone": "Continuous-Casting", "temperature_unit": "celsius", "temperature": 33.8, "humidity": 60.0, "globe_temperature": 49.3, "wet_bul
[2026-07-29 03:42:18] [DEBUG   ] [main] [VALIDATE] zone=Continuous-Casting | condition=ALL_DATA | missing=[] | flags=[]
[2026-07-29 03:42:18] [INFO    ] [main] [CALC] zone=Continuous-Casting | ta=33.8 | rh=60.0 | tg=49.3 | tnwb=27.8 | wbgt=34.25
[2026-07-29 03:42:18] [DEBUG   ] [main] [CALC] data_quality={'ta': 'sensor', 'rh': 'sensor', 'tg': 'sensor', 'tnwb': 'sensor', 'wbgt': 'calculated'}
[2026-07-29 03:42:18] [INFO    ] [main] [CLASSIFY] zone=Continuous-Casting | wbgt=34.25 | risk=DANGER | action=Halt heavy work, mandatory rest, evacuate
[2026-07-29 03:42:18] [WARNING ] [main] [DANGER ALERT] zone=Continuous-Casting | wbgt=34.25 | Halt heavy work, mandatory rest, evacuate
[2026-07-29 03:42:18] [INFO    ] [main] [DB] zone=Continuous-Casting | db_id=36 | saved OK
[2026-07-29 03:42:18] [INFO    ] [main] [READING] zone=Rolling-Mill | timestamp=2026-07-23T10:00:00
[2026-07-29 03:42:18] [DEBUG   ] [main] [READING] raw={"timestamp": "2026-07-23T10:00:00", "factory": "Shree Metal Works", "zone": "Rolling-Mill", "temperature_unit": "celsius", "temperature": 36.4, "humidity": 57.3, "globe_temperature": 34.2, "wet_bulb_
[2026-07-29 03:42:18] [DEBUG   ] [main] [VALIDATE] zone=Rolling-Mill | condition=None | missing=[] | flags=[]
[2026-07-29 03:42:18] [DEBUG   ] [main] [FAULT] zone=Rolling-Mill | timestamp=2026-07-23T10:00:00 | reason=SENSOR_FAULT: globe_temp_c=34.2 is less than air_temp_c=36.4.
[2026-07-29 03:42:18] [INFO    ] [main] [READING] zone=Ladle-Metallurgy | timestamp=2026-07-23T11:00:00
[2026-07-29 03:42:18] [DEBUG   ] [main] [READING] raw={"timestamp": "2026-07-23T11:00:00", "factory": "SAIL", "zone": "Ladle-Metallurgy", "temperature_unit": "celsius", "temperature": 37.1, "humidity": 43.1, "globe_temperature": 49.6, "wet_bulb_temperatu
[2026-07-29 03:42:18] [DEBUG   ] [main] [VALIDATE] zone=Ladle-Metallurgy | condition=ALL_DATA | missing=[] | flags=[]
[2026-07-29 03:42:18] [INFO    ] [main] [CALC] zone=Ladle-Metallurgy | ta=37.1 | rh=43.1 | tg=49.6 | tnwb=26.7 | wbgt=33.57
[2026-07-29 03:42:18] [DEBUG   ] [main] [CALC] data_quality={'ta': 'sensor', 'rh': 'sensor', 'tg': 'sensor', 'tnwb': 'sensor', 'wbgt': 'calculated'}
[2026-07-29 03:42:18] [INFO    ] [main] [CLASSIFY] zone=Ladle-Metallurgy | wbgt=33.57 | risk=DANGER | action=Halt heavy work, mandatory rest, evacuate
[2026-07-29 03:42:18] [WARNING ] [main] [DANGER ALERT] zone=Ladle-Metallurgy | wbgt=33.57 | Halt heavy work, mandatory rest, evacuate
[2026-07-29 03:42:18] [INFO    ] [main] [DB] zone=Ladle-Metallurgy | db_id=37 | saved OK
[2026-07-29 03:42:18] [INFO    ] [main] [READING] zone=EAF-Bay | timestamp=2026-07-23T12:00:00
[2026-07-29 03:42:18] [DEBUG   ] [main] [READING] raw={"timestamp": "2026-07-23T12:00:00", "factory": "JSPL", "zone": "EAF-Bay", "temperature_unit": "celsius", "temperature": 41.3, "humidity": 28.4, "globe_temperature": 0, "wet_bulb_temperature": 26.5}
[2026-07-29 03:42:18] [DEBUG   ] [main] [VALIDATE] zone=EAF-Bay | condition=None | missing=[] | flags=[]
[2026-07-29 03:42:18] [DEBUG   ] [main] [FAULT] zone=EAF-Bay | timestamp=2026-07-23T12:00:00 | reason=SENSOR_FAULT: globe_temp_c=0.0 is less than air_temp_c=41.3.
[2026-07-29 03:42:18] [INFO    ] [main] [READING] zone=Furnace-2 | timestamp=2026-07-23T13:00:00
[2026-07-29 03:42:18] [DEBUG   ] [main] [READING] raw={"timestamp": "2026-07-23T13:00:00", "factory": "Vedanta", "zone": "Furnace-2", "temperature_unit": "celsius", "temperature": 38.0, "humidity": 43.1, "globe_temperature": 56.3, "wet_bulb_temperature":
[2026-07-29 03:42:18] [DEBUG   ] [main] [VALIDATE] zone=Furnace-2 | condition=ALL_DATA | missing=[] | flags=[]
[2026-07-29 03:42:18] [INFO    ] [main] [CALC] zone=Furnace-2 | ta=38.0 | rh=43.1 | tg=56.3 | tnwb=27.9 | wbgt=36.42
[2026-07-29 03:42:18] [DEBUG   ] [main] [CALC] data_quality={'ta': 'sensor', 'rh': 'sensor', 'tg': 'sensor', 'tnwb': 'sensor', 'wbgt': 'calculated'}
[2026-07-29 03:42:18] [INFO    ] [main] [CLASSIFY] zone=Furnace-2 | wbgt=36.42 | risk=DANGER | action=Halt heavy work, mandatory rest, evacuate
[2026-07-29 03:42:18] [WARNING ] [main] [DANGER ALERT] zone=Furnace-2 | wbgt=36.42 | Halt heavy work, mandatory rest, evacuate
[2026-07-29 03:42:18] [INFO    ] [main] [DB] zone=Furnace-2 | db_id=38 | saved OK
[2026-07-29 03:42:18] [INFO    ] [main] [READING] zone=EAF-Bay | timestamp=2026-07-23T14:00:00
[2026-07-29 03:42:18] [DEBUG   ] [main] [READING] raw={"timestamp": "2026-07-23T14:00:00", "factory": "SAIL", "zone": "EAF-Bay", "temperature_unit": "celsius", "temperature": 40.4, "humidity": 35.2, "globe_temperature": 60.3, "wet_bulb_temperature": 27.5
[2026-07-29 03:42:18] [DEBUG   ] [main] [VALIDATE] zone=EAF-Bay | condition=ALL_DATA | missing=[] | flags=[]
[2026-07-29 03:42:18] [INFO    ] [main] [CALC] zone=EAF-Bay | ta=40.4 | rh=35.2 | tg=60.3 | tnwb=27.5 | wbgt=37.34
[2026-07-29 03:42:18] [DEBUG   ] [main] [CALC] data_quality={'ta': 'sensor', 'rh': 'sensor', 'tg': 'sensor', 'tnwb': 'sensor', 'wbgt': 'calculated'}
[2026-07-29 03:42:18] [INFO    ] [main] [CLASSIFY] zone=EAF-Bay | wbgt=37.34 | risk=DANGER | action=Halt heavy work, mandatory rest, evacuate
[2026-07-29 03:42:18] [WARNING ] [main] [DANGER ALERT] zone=EAF-Bay | wbgt=37.34 | Halt heavy work, mandatory rest, evacuate
[2026-07-29 03:42:18] [INFO    ] [main] [DB] zone=EAF-Bay | db_id=39 | saved OK
[2026-07-29 03:42:18] [INFO    ] [main] [READING] zone=Fabrication-Shop | timestamp=2026-07-23T15:00:00
[2026-07-29 03:42:18] [DEBUG   ] [main] [READING] raw={"timestamp": "2026-07-23T15:00:00", "factory": "SAIL", "zone": "Fabrication-Shop", "temperature_unit": "celsius", "temperature": 31.9, "humidity": 59.2, "globe_temperature": 33.8, "wet_bulb_temperatu
[2026-07-29 03:42:18] [DEBUG   ] [main] [VALIDATE] zone=Fabrication-Shop | condition=ALL_DATA | missing=[] | flags=[]
[2026-07-29 03:42:18] [INFO    ] [main] [CALC] zone=Fabrication-Shop | ta=31.9 | rh=59.2 | tg=33.8 | tnwb=25.7 | wbgt=28.13
[2026-07-29 03:42:18] [DEBUG   ] [main] [CALC] data_quality={'ta': 'sensor', 'rh': 'sensor', 'tg': 'sensor', 'tnwb': 'sensor', 'wbgt': 'calculated'}
[2026-07-29 03:42:18] [INFO    ] [main] [CLASSIFY] zone=Fabrication-Shop | wbgt=28.13 | risk=CAUTION | action=Increase water breaks
[2026-07-29 03:42:18] [INFO    ] [main] [DB] zone=Fabrication-Shop | db_id=40 | saved OK
[2026-07-29 03:42:18] [INFO    ] [main] [READING] zone=Loading-Dock | timestamp=2026-07-23T16:00:00
[2026-07-29 03:42:18] [DEBUG   ] [main] [READING] raw={"timestamp": "2026-07-23T16:00:00", "factory": "Ganesh Alloys", "zone": "Loading-Dock", "temperature_unit": "celsius", "temperature": 25.5, "humidity": 57.6, "globe_temperature": 27.3, "wet_bulb_temp
[2026-07-29 03:42:18] [DEBUG   ] [main] [VALIDATE] zone=Loading-Dock | condition=ALL_DATA | missing=[] | flags=[]
[2026-07-29 03:42:18] [INFO    ] [main] [CALC] zone=Loading-Dock | ta=25.5 | rh=57.6 | tg=27.3 | tnwb=19.3 | wbgt=21.7
[2026-07-29 03:42:18] [DEBUG   ] [main] [CALC] data_quality={'ta': 'sensor', 'rh': 'sensor', 'tg': 'sensor', 'tnwb': 'sensor', 'wbgt': 'calculated'}
[2026-07-29 03:42:18] [INFO    ] [main] [CLASSIFY] zone=Loading-Dock | wbgt=21.7 | risk=SAFE | action=Normal work, no restrictions
[2026-07-29 03:42:18] [INFO    ] [main] [DB] zone=Loading-Dock | db_id=41 | saved OK
[2026-07-29 03:42:18] [INFO    ] [main] [READING] zone=Rolling-Mill | timestamp=2026-07-23T17:00:00
[2026-07-29 03:42:18] [DEBUG   ] [main] [READING] raw={"timestamp": "2026-07-23T17:00:00", "factory": "Ganesh Alloys", "zone": "Rolling-Mill", "temperature_unit": "celsius", "temperature": 35.9, "humidity": 56.0, "globe_temperature": 43.2, "wet_bulb_temp
[2026-07-29 03:42:18] [DEBUG   ] [main] [VALIDATE] zone=Rolling-Mill | condition=ALL_DATA | missing=[] | flags=[]
[2026-07-29 03:42:18] [INFO    ] [main] [CALC] zone=Rolling-Mill | ta=35.9 | rh=56.0 | tg=43.2 | tnwb=41.1 | wbgt=41.73
[2026-07-29 03:42:18] [DEBUG   ] [main] [CALC] data_quality={'ta': 'sensor', 'rh': 'sensor', 'tg': 'sensor', 'tnwb': 'sensor', 'wbgt': 'calculated'}
[2026-07-29 03:42:18] [INFO    ] [main] [CLASSIFY] zone=Rolling-Mill | wbgt=41.73 | risk=DANGER | action=Halt heavy work, mandatory rest, evacuate
[2026-07-29 03:42:18] [WARNING ] [main] [DANGER ALERT] zone=Rolling-Mill | wbgt=41.73 | Halt heavy work, mandatory rest, evacuate
[2026-07-29 03:42:18] [INFO    ] [main] [DB] zone=Rolling-Mill | db_id=42 | saved OK
[2026-07-29 03:42:18] [INFO    ] [main] [READING] zone=Continuous-Casting | timestamp=2026-07-23T18:00:00
[2026-07-29 03:42:18] [DEBUG   ] [main] [READING] raw={"timestamp": "2026-07-23T18:00:00", "factory": "Tata Steel", "zone": "Continuous-Casting", "temperature_unit": "celsius", "temperature": 31.9, "humidity": 52.8, "globe_temperature": 0, "wet_bulb_temp
[2026-07-29 03:42:18] [DEBUG   ] [main] [VALIDATE] zone=Continuous-Casting | condition=None | missing=[] | flags=[]
[2026-07-29 03:42:18] [DEBUG   ] [main] [FAULT] zone=Continuous-Casting | timestamp=2026-07-23T18:00:00 | reason=SENSOR_FAULT: globe_temp_c=0.0 is less than air_temp_c=31.9.
[2026-07-29 03:42:18] [INFO    ] [main] [READING] zone=Warehouse | timestamp=2026-07-23T19:00:00
[2026-07-29 03:42:18] [DEBUG   ] [main] [READING] raw={"timestamp": "2026-07-23T19:00:00", "factory": "SAIL", "zone": "Warehouse", "temperature_unit": "celsius", "temperature": 39.0, "humidity": 61.4, "globe_temperature": 46.0, "wet_bulb_temperature": 32
[2026-07-29 03:42:18] [DEBUG   ] [main] [VALIDATE] zone=Warehouse | condition=ALL_DATA | missing=[] | flags=[]
[2026-07-29 03:42:18] [INFO    ] [main] [CALC] zone=Warehouse | ta=39.0 | rh=61.4 | tg=46.0 | tnwb=32.3 | wbgt=36.41
[2026-07-29 03:42:18] [DEBUG   ] [main] [CALC] data_quality={'ta': 'sensor', 'rh': 'sensor', 'tg': 'sensor', 'tnwb': 'sensor', 'wbgt': 'calculated'}
[2026-07-29 03:42:18] [INFO    ] [main] [CLASSIFY] zone=Warehouse | wbgt=36.41 | risk=DANGER | action=Halt heavy work, mandatory rest, evacuate
[2026-07-29 03:42:18] [WARNING ] [main] [DANGER ALERT] zone=Warehouse | wbgt=36.41 | Halt heavy work, mandatory rest, evacuate
[2026-07-29 03:42:18] [INFO    ] [main] [DB] zone=Warehouse | db_id=43 | saved OK
[2026-07-29 03:42:18] [INFO    ] [main] [READING] zone=Furnace-1 | timestamp=2026-07-23T20:00:00
[2026-07-29 03:42:18] [DEBUG   ] [main] [READING] raw={"timestamp": "2026-07-23T20:00:00", "factory": "Tata Steel", "zone": "Furnace-1", "temperature_unit": "celsius", "temperature": 40.6, "humidity": 41.8, "globe_temperature": 58.0, "wet_bulb_temperatur
[2026-07-29 03:42:18] [DEBUG   ] [main] [VALIDATE] zone=Furnace-1 | condition=ALL_DATA | missing=[] | flags=[]
[2026-07-29 03:42:18] [INFO    ] [main] [CALC] zone=Furnace-1 | ta=40.6 | rh=41.8 | tg=58.0 | tnwb=29.8 | wbgt=38.26
[2026-07-29 03:42:18] [DEBUG   ] [main] [CALC] data_quality={'ta': 'sensor', 'rh': 'sensor', 'tg': 'sensor', 'tnwb': 'sensor', 'wbgt': 'calculated'}
[2026-07-29 03:42:18] [INFO    ] [main] [CLASSIFY] zone=Furnace-1 | wbgt=38.26 | risk=DANGER | action=Halt heavy work, mandatory rest, evacuate
[2026-07-29 03:42:18] [WARNING ] [main] [DANGER ALERT] zone=Furnace-1 | wbgt=38.26 | Halt heavy work, mandatory rest, evacuate
[2026-07-29 03:42:18] [INFO    ] [main] [DB] zone=Furnace-1 | db_id=44 | saved OK
[2026-07-29 03:42:18] [INFO    ] [main] [READING] zone=Annealing-Line | timestamp=2026-07-23T21:00:00
[2026-07-29 03:42:18] [DEBUG   ] [main] [READING] raw={"timestamp": "2026-07-23T21:00:00", "factory": "Ganesh Alloys", "zone": "Annealing-Line", "temperature_unit": "celsius", "temperature": 29.2, "humidity": 56.5, "globe_temperature": 34.3, "wet_bulb_te
[2026-07-29 03:42:18] [DEBUG   ] [main] [VALIDATE] zone=Annealing-Line | condition=ALL_DATA | missing=[] | flags=[]
[2026-07-29 03:42:18] [INFO    ] [main] [CALC] zone=Annealing-Line | ta=29.2 | rh=56.5 | tg=34.3 | tnwb=22.4 | wbgt=25.97
[2026-07-29 03:42:18] [DEBUG   ] [main] [CALC] data_quality={'ta': 'sensor', 'rh': 'sensor', 'tg': 'sensor', 'tnwb': 'sensor', 'wbgt': 'calculated'}
[2026-07-29 03:42:18] [INFO    ] [main] [CLASSIFY] zone=Annealing-Line | wbgt=25.97 | risk=SAFE | action=Normal work, no restrictions
[2026-07-29 03:42:18] [INFO    ] [main] [DB] zone=Annealing-Line | db_id=45 | saved OK
[2026-07-29 03:42:18] [INFO    ] [main] [READING] zone=Ladle-Metallurgy | timestamp=2026-07-23T22:00:00
[2026-07-29 03:42:18] [DEBUG   ] [main] [READING] raw={"timestamp": "2026-07-23T22:00:00", "factory": "Tata Steel", "zone": "Ladle-Metallurgy", "temperature_unit": "celsius", "temperature": 31.0, "humidity": 37.7, "globe_temperature": 47.6, "wet_bulb_tem
[2026-07-29 03:42:18] [DEBUG   ] [main] [VALIDATE] zone=Ladle-Metallurgy | condition=ALL_DATA | missing=[] | flags=[]
[2026-07-29 03:42:18] [INFO    ] [main] [CALC] zone=Ladle-Metallurgy | ta=31.0 | rh=37.7 | tg=47.6 | tnwb=20.4 | wbgt=28.56
[2026-07-29 03:42:18] [DEBUG   ] [main] [CALC] data_quality={'ta': 'sensor', 'rh': 'sensor', 'tg': 'sensor', 'tnwb': 'sensor', 'wbgt': 'calculated'}
[2026-07-29 03:42:18] [INFO    ] [main] [CLASSIFY] zone=Ladle-Metallurgy | wbgt=28.56 | risk=CAUTION | action=Increase water breaks
[2026-07-29 03:42:18] [INFO    ] [main] [DB] zone=Ladle-Metallurgy | db_id=46 | saved OK
[2026-07-29 03:42:18] [INFO    ] [main] [READING] zone=Continuous-Casting | timestamp=2026-07-23T23:00:00
[2026-07-29 03:42:18] [DEBUG   ] [main] [READING] raw={"timestamp": "2026-07-23T23:00:00", "factory": "Vedanta", "zone": "Continuous-Casting", "temperature_unit": "celsius", "temperature": 28.7, "humidity": 47.6, "globe_temperature": 0, "wet_bulb_tempera
[2026-07-29 03:42:18] [DEBUG   ] [main] [VALIDATE] zone=Continuous-Casting | condition=None | missing=[] | flags=[]
[2026-07-29 03:42:18] [DEBUG   ] [main] [FAULT] zone=Continuous-Casting | timestamp=2026-07-23T23:00:00 | reason=SENSOR_FAULT: globe_temp_c=0.0 is less than air_temp_c=28.7.
[2026-07-29 03:42:18] [INFO    ] [main] [READING] zone=Ladle-Metallurgy | timestamp=2026-07-24T00:00:00
[2026-07-29 03:42:18] [DEBUG   ] [main] [READING] raw={"timestamp": "2026-07-24T00:00:00", "factory": "JSW Steel", "zone": "Ladle-Metallurgy", "temperature_unit": "celsius", "temperature": 33.4, "humidity": 0, "globe_temperature": 0, "wet_bulb_temperatur
[2026-07-29 03:42:18] [DEBUG   ] [main] [VALIDATE] zone=Ladle-Metallurgy | condition=None | missing=[] | flags=[]
[2026-07-29 03:42:18] [DEBUG   ] [main] [FAULT] zone=Ladle-Metallurgy | timestamp=2026-07-24T00:00:00 | reason=SENSOR_FAULT: globe_temp_c=0.0 is less than air_temp_c=33.4.
[2026-07-29 03:42:18] [INFO    ] [main] [READING] zone=Fabrication-Shop | timestamp=2026-07-24T01:00:00
[2026-07-29 03:42:18] [DEBUG   ] [main] [READING] raw={"timestamp": "2026-07-24T01:00:00", "factory": "JSPL", "zone": "Fabrication-Shop", "temperature_unit": "celsius", "temperature": 20.9, "humidity": 0, "globe_temperature": 22.2, "wet_bulb_temperature"
[2026-07-29 03:42:18] [DEBUG   ] [main] [VALIDATE] zone=Fabrication-Shop | condition=ALL_DATA | missing=[] | flags=[]
[2026-07-29 03:42:18] [DEBUG   ] [urllib3.connectionpool] Starting new HTTPS connection (1): api.openweathermap.org:443
[2026-07-29 03:42:18] [DEBUG   ] [urllib3.connectionpool] https://api.openweathermap.org:443 "GET /data/2.5/weather?lat=12.9716&lon=77.5946&appid=88f2329e130bf480c72cfc84306978a1&units=metric HTTP/1.1" 200 525
[2026-07-29 03:42:18] [INFO    ] [main] [CALC] zone=Fabrication-Shop | ta=20.9 | rh=89.53 | tg=22.2 | tnwb=15.8 | wbgt=17.72
[2026-07-29 03:42:18] [DEBUG   ] [main] [CALC] data_quality={'ta': 'sensor', 'rh': 'estimated', 'tg': 'sensor', 'tnwb': 'sensor', 'wbgt': 'calculated'}
[2026-07-29 03:42:18] [INFO    ] [main] [CLASSIFY] zone=Fabrication-Shop | wbgt=17.72 | risk=SAFE | action=Normal work, no restrictions
[2026-07-29 03:42:18] [INFO    ] [main] [DB] zone=Fabrication-Shop | db_id=47 | saved OK
[2026-07-29 03:42:18] [INFO    ] [main] [READING] zone=EAF-Bay | timestamp=2026-07-24T02:00:00
[2026-07-29 03:42:18] [DEBUG   ] [main] [READING] raw={"timestamp": "2026-07-24T02:00:00", "factory": "SAIL", "zone": "EAF-Bay", "temperature_unit": "celsius", "temperature": 46.6, "humidity": 47.0, "globe_temperature": 0, "wet_bulb_temperature": 0}
[2026-07-29 03:42:18] [DEBUG   ] [main] [VALIDATE] zone=EAF-Bay | condition=None | missing=[] | flags=[]
[2026-07-29 03:42:18] [DEBUG   ] [main] [FAULT] zone=EAF-Bay | timestamp=2026-07-24T02:00:00 | reason=SENSOR_FAULT: globe_temp_c=0.0 is less than air_temp_c=46.6.
[2026-07-29 03:42:18] [INFO    ] [main] [READING] zone=Furnace-2 | timestamp=2026-07-24T03:00:00
[2026-07-29 03:42:18] [DEBUG   ] [main] [READING] raw={"timestamp": "2026-07-24T03:00:00", "factory": "JSPL", "zone": "Furnace-2", "temperature_unit": "celsius", "temperature": 35.3, "humidity": 35.8, "globe_temperature": 49.5, "wet_bulb_temperature": 24
[2026-07-29 03:42:18] [DEBUG   ] [main] [VALIDATE] zone=Furnace-2 | condition=ALL_DATA | missing=[] | flags=[]
[2026-07-29 03:42:18] [INFO    ] [main] [CALC] zone=Furnace-2 | ta=35.3 | rh=35.8 | tg=49.5 | tnwb=24.2 | wbgt=31.79
[2026-07-29 03:42:18] [DEBUG   ] [main] [CALC] data_quality={'ta': 'sensor', 'rh': 'sensor', 'tg': 'sensor', 'tnwb': 'sensor', 'wbgt': 'calculated'}
[2026-07-29 03:42:18] [INFO    ] [main] [CLASSIFY] zone=Furnace-2 | wbgt=31.79 | risk=DANGER | action=Halt heavy work, mandatory rest, evacuate
[2026-07-29 03:42:18] [WARNING ] [main] [DANGER ALERT] zone=Furnace-2 | wbgt=31.79 | Halt heavy work, mandatory rest, evacuate
[2026-07-29 03:42:18] [INFO    ] [main] [DB] zone=Furnace-2 | db_id=48 | saved OK
[2026-07-29 03:42:18] [INFO    ] [main] [READING] zone=Rolling-Mill | timestamp=2026-07-24T04:00:00
[2026-07-29 03:42:18] [DEBUG   ] [main] [READING] raw={"timestamp": "2026-07-24T04:00:00", "factory": "JSW Steel", "zone": "Rolling-Mill", "temperature_unit": "celsius", "temperature": 38.3, "humidity": 45.7, "globe_temperature": 51.8, "wet_bulb_temperat
[2026-07-29 03:42:18] [DEBUG   ] [main] [VALIDATE] zone=Rolling-Mill | condition=ALL_DATA | missing=[] | flags=[]
[2026-07-29 03:42:18] [INFO    ] [main] [CALC] zone=Rolling-Mill | ta=38.3 | rh=45.7 | tg=51.8 | tnwb=28.7 | wbgt=35.63
[2026-07-29 03:42:18] [DEBUG   ] [main] [CALC] data_quality={'ta': 'sensor', 'rh': 'sensor', 'tg': 'sensor', 'tnwb': 'sensor', 'wbgt': 'calculated'}
[2026-07-29 03:42:18] [INFO    ] [main] [CLASSIFY] zone=Rolling-Mill | wbgt=35.63 | risk=DANGER | action=Halt heavy work, mandatory rest, evacuate
[2026-07-29 03:42:18] [WARNING ] [main] [DANGER ALERT] zone=Rolling-Mill | wbgt=35.63 | Halt heavy work, mandatory rest, evacuate
[2026-07-29 03:42:18] [INFO    ] [main] [DB] zone=Rolling-Mill | db_id=49 | saved OK
[2026-07-29 03:42:18] [INFO    ] [main] [READING] zone=Warehouse | timestamp=2026-07-24T05:00:00
[2026-07-29 03:42:18] [DEBUG   ] [main] [READING] raw={"timestamp": "2026-07-24T05:00:00", "factory": "Vedanta", "zone": "Warehouse", "temperature_unit": "celsius", "temperature": 25.1, "humidity": 49.2, "globe_temperature": 0, "wet_bulb_temperature": 0}
[2026-07-29 03:42:18] [DEBUG   ] [main] [VALIDATE] zone=Warehouse | condition=None | missing=[] | flags=[]
[2026-07-29 03:42:18] [DEBUG   ] [main] [FAULT] zone=Warehouse | timestamp=2026-07-24T05:00:00 | reason=SENSOR_FAULT: globe_temp_c=0.0 is less than air_temp_c=25.1.
[2026-07-29 03:42:18] [INFO    ] [main] [READING] zone=Furnace-1 | timestamp=2026-07-24T06:00:00
[2026-07-29 03:42:18] [DEBUG   ] [main] [READING] raw={"timestamp": "2026-07-24T06:00:00", "factory": "Shree Metal Works", "zone": "Furnace-1", "temperature_unit": "celsius", "temperature": 33.5, "humidity": 38.2, "globe_temperature": 50.4, "wet_bulb_tem
[2026-07-29 03:42:18] [DEBUG   ] [main] [VALIDATE] zone=Furnace-1 | condition=ALL_DATA | missing=[] | flags=[]
[2026-07-29 03:42:18] [INFO    ] [main] [CALC] zone=Furnace-1 | ta=33.5 | rh=38.2 | tg=50.4 | tnwb=22.9074 | wbgt=31.1552
[2026-07-29 03:42:18] [DEBUG   ] [main] [CALC] data_quality={'ta': 'sensor', 'rh': 'sensor', 'tg': 'sensor', 'tnwb': 'calculated', 'wbgt': 'calculated'}
[2026-07-29 03:42:18] [INFO    ] [main] [CLASSIFY] zone=Furnace-1 | wbgt=31.1552 | risk=DANGER | action=Halt heavy work, mandatory rest, evacuate
[2026-07-29 03:42:18] [WARNING ] [main] [DANGER ALERT] zone=Furnace-1 | wbgt=31.1552 | Halt heavy work, mandatory rest, evacuate
[2026-07-29 03:42:18] [INFO    ] [main] [DB] zone=Furnace-1 | db_id=50 | saved OK
[2026-07-29 03:42:18] [INFO    ] [main] [READING] zone=Loading-Dock | timestamp=2026-07-24T07:00:00
[2026-07-29 03:42:18] [DEBUG   ] [main] [READING] raw={"timestamp": "2026-07-24T07:00:00", "factory": "Ganesh Alloys", "zone": "Loading-Dock", "temperature_unit": "celsius", "temperature": 21.5, "humidity": 39.1, "globe_temperature": 22.3, "wet_bulb_temp
[2026-07-29 03:42:18] [DEBUG   ] [main] [VALIDATE] zone=Loading-Dock | condition=ALL_DATA | missing=[] | flags=[]
[2026-07-29 03:42:18] [INFO    ] [main] [CALC] zone=Loading-Dock | ta=21.5 | rh=39.1 | tg=22.3 | tnwb=13.4 | wbgt=16.07
[2026-07-29 03:42:18] [DEBUG   ] [main] [CALC] data_quality={'ta': 'sensor', 'rh': 'sensor', 'tg': 'sensor', 'tnwb': 'sensor', 'wbgt': 'calculated'}
[2026-07-29 03:42:18] [INFO    ] [main] [CLASSIFY] zone=Loading-Dock | wbgt=16.07 | risk=SAFE | action=Normal work, no restrictions
[2026-07-29 03:42:18] [INFO    ] [main] [DB] zone=Loading-Dock | db_id=51 | saved OK
[2026-07-29 03:42:18] [INFO    ] [main] [READING] zone=Annealing-Line | timestamp=2026-07-24T08:00:00
[2026-07-29 03:42:18] [DEBUG   ] [main] [READING] raw={"timestamp": "2026-07-24T08:00:00", "factory": "SAIL", "zone": "Annealing-Line", "temperature_unit": "celsius", "temperature": 29.1, "humidity": 63.3, "globe_temperature": 33.1, "wet_bulb_temperature
[2026-07-29 03:42:18] [DEBUG   ] [main] [VALIDATE] zone=Annealing-Line | condition=ALL_DATA | missing=[] | flags=[]
[2026-07-29 03:42:18] [INFO    ] [main] [CALC] zone=Annealing-Line | ta=29.1 | rh=63.3 | tg=33.1 | tnwb=23.4 | wbgt=26.31
[2026-07-29 03:42:18] [DEBUG   ] [main] [CALC] data_quality={'ta': 'sensor', 'rh': 'sensor', 'tg': 'sensor', 'tnwb': 'sensor', 'wbgt': 'calculated'}
[2026-07-29 03:42:18] [INFO    ] [main] [CLASSIFY] zone=Annealing-Line | wbgt=26.31 | risk=SAFE | action=Normal work, no restrictions
[2026-07-29 03:42:18] [INFO    ] [main] [DB] zone=Annealing-Line | db_id=52 | saved OK
[2026-07-29 03:42:18] [INFO    ] [main] [READING] zone=Loading-Dock | timestamp=2026-07-24T09:00:00
[2026-07-29 03:42:18] [DEBUG   ] [main] [READING] raw={"timestamp": "2026-07-24T09:00:00", "factory": "Vedanta", "zone": "Loading-Dock", "temperature_unit": "celsius", "temperature": 32.2, "humidity": 47.5, "globe_temperature": 0, "wet_bulb_temperature":
[2026-07-29 03:42:18] [DEBUG   ] [main] [VALIDATE] zone=Loading-Dock | condition=None | missing=[] | flags=[]
[2026-07-29 03:42:18] [DEBUG   ] [main] [FAULT] zone=Loading-Dock | timestamp=2026-07-24T09:00:00 | reason=SENSOR_FAULT: globe_temp_c=0.0 is less than air_temp_c=32.2.
[2026-07-29 03:42:18] [INFO    ] [main] [READING] zone=Rolling-Mill | timestamp=2026-07-24T10:00:00
[2026-07-29 03:42:18] [DEBUG   ] [main] [READING] raw={"timestamp": "2026-07-24T10:00:00", "factory": "Vedanta", "zone": "Rolling-Mill", "temperature_unit": "celsius", "temperature": 31.2, "humidity": 57.0, "globe_temperature": 40.6, "wet_bulb_temperatur
[2026-07-29 03:42:18] [DEBUG   ] [main] [VALIDATE] zone=Rolling-Mill | condition=ALL_DATA | missing=[] | flags=[]
[2026-07-29 03:42:18] [INFO    ] [main] [CALC] zone=Rolling-Mill | ta=31.2 | rh=57.0 | tg=40.6 | tnwb=24.7 | wbgt=29.47
[2026-07-29 03:42:18] [DEBUG   ] [main] [CALC] data_quality={'ta': 'sensor', 'rh': 'sensor', 'tg': 'sensor', 'tnwb': 'sensor', 'wbgt': 'calculated'}
[2026-07-29 03:42:18] [INFO    ] [main] [CLASSIFY] zone=Rolling-Mill | wbgt=29.47 | risk=WARNING | action=Enforce work/rest cycles (50 min work, 10 min rest)
[2026-07-29 03:42:18] [WARNING ] [main] [WARNING ALERT] zone=Rolling-Mill | wbgt=29.47 | Enforce work/rest cycles (50 min work, 10 min rest)
[2026-07-29 03:42:18] [INFO    ] [main] [DB] zone=Rolling-Mill | db_id=53 | saved OK
[2026-07-29 03:42:18] [INFO    ] [main] [READING] zone=Furnace-1 | timestamp=2026-07-24T11:00:00
[2026-07-29 03:42:18] [DEBUG   ] [main] [READING] raw={"timestamp": "2026-07-24T11:00:00", "factory": "Ganesh Alloys", "zone": "Furnace-1", "temperature_unit": "celsius", "temperature": 36.9, "humidity": 35.8, "globe_temperature": 0, "wet_bulb_temperatur
[2026-07-29 03:42:18] [DEBUG   ] [main] [VALIDATE] zone=Furnace-1 | condition=None | missing=[] | flags=[]
[2026-07-29 03:42:18] [DEBUG   ] [main] [FAULT] zone=Furnace-1 | timestamp=2026-07-24T11:00:00 | reason=SENSOR_FAULT: globe_temp_c=0.0 is less than air_temp_c=36.9.
[2026-07-29 03:42:18] [INFO    ] [main] [READING] zone=EAF-Bay | timestamp=2026-07-24T12:00:00
[2026-07-29 03:42:18] [DEBUG   ] [main] [READING] raw={"timestamp": "2026-07-24T12:00:00", "factory": "JSPL", "zone": "EAF-Bay", "temperature_unit": "celsius", "temperature": 44.1, "humidity": 27.3, "globe_temperature": 60.9, "wet_bulb_temperature": 28.4
[2026-07-29 03:42:18] [DEBUG   ] [main] [VALIDATE] zone=EAF-Bay | condition=ALL_DATA | missing=[] | flags=[]
[2026-07-29 03:42:18] [INFO    ] [main] [CALC] zone=EAF-Bay | ta=44.1 | rh=27.3 | tg=60.9 | tnwb=28.4 | wbgt=38.15
[2026-07-29 03:42:18] [DEBUG   ] [main] [CALC] data_quality={'ta': 'sensor', 'rh': 'sensor', 'tg': 'sensor', 'tnwb': 'sensor', 'wbgt': 'calculated'}
[2026-07-29 03:42:18] [INFO    ] [main] [CLASSIFY] zone=EAF-Bay | wbgt=38.15 | risk=DANGER | action=Halt heavy work, mandatory rest, evacuate
[2026-07-29 03:42:18] [WARNING ] [main] [DANGER ALERT] zone=EAF-Bay | wbgt=38.15 | Halt heavy work, mandatory rest, evacuate
[2026-07-29 03:42:18] [INFO    ] [main] [DB] zone=EAF-Bay | db_id=54 | saved OK
[2026-07-29 03:42:18] [INFO    ] [main] [READING] zone=Continuous-Casting | timestamp=2026-07-24T13:00:00
[2026-07-29 03:42:18] [DEBUG   ] [main] [READING] raw={"timestamp": "2026-07-24T13:00:00", "factory": "Tata Steel", "zone": "Continuous-Casting", "temperature_unit": "celsius", "temperature": 38.3, "humidity": 52.8, "globe_temperature": 53.9, "wet_bulb_t
[2026-07-29 03:42:18] [DEBUG   ] [main] [VALIDATE] zone=Continuous-Casting | condition=ALL_DATA | missing=[] | flags=[]
[2026-07-29 03:42:18] [INFO    ] [main] [CALC] zone=Continuous-Casting | ta=38.3 | rh=52.8 | tg=53.9 | tnwb=29.8 | wbgt=37.03
[2026-07-29 03:42:18] [DEBUG   ] [main] [CALC] data_quality={'ta': 'sensor', 'rh': 'sensor', 'tg': 'sensor', 'tnwb': 'sensor', 'wbgt': 'calculated'}
[2026-07-29 03:42:18] [INFO    ] [main] [CLASSIFY] zone=Continuous-Casting | wbgt=37.03 | risk=DANGER | action=Halt heavy work, mandatory rest, evacuate
[2026-07-29 03:42:18] [WARNING ] [main] [DANGER ALERT] zone=Continuous-Casting | wbgt=37.03 | Halt heavy work, mandatory rest, evacuate
[2026-07-29 03:42:18] [INFO    ] [main] [DB] zone=Continuous-Casting | db_id=55 | saved OK
[2026-07-29 03:42:18] [INFO    ] [main] [READING] zone=Fabrication-Shop | timestamp=2026-07-24T14:00:00
[2026-07-29 03:42:18] [DEBUG   ] [main] [READING] raw={"timestamp": "2026-07-24T14:00:00", "factory": "JSPL", "zone": "Fabrication-Shop", "temperature_unit": "celsius", "temperature": 28.6, "humidity": 67.9, "globe_temperature": 30.3, "wet_bulb_temperatu
[2026-07-29 03:42:18] [DEBUG   ] [main] [VALIDATE] zone=Fabrication-Shop | condition=ALL_DATA | missing=[] | flags=[]
[2026-07-29 03:42:18] [INFO    ] [main] [CALC] zone=Fabrication-Shop | ta=28.6 | rh=67.9 | tg=30.3 | tnwb=24.4 | wbgt=26.17
[2026-07-29 03:42:18] [DEBUG   ] [main] [CALC] data_quality={'ta': 'sensor', 'rh': 'sensor', 'tg': 'sensor', 'tnwb': 'sensor', 'wbgt': 'calculated'}
[2026-07-29 03:42:18] [INFO    ] [main] [CLASSIFY] zone=Fabrication-Shop | wbgt=26.17 | risk=SAFE | action=Normal work, no restrictions
[2026-07-29 03:42:18] [INFO    ] [main] [DB] zone=Fabrication-Shop | db_id=56 | saved OK
[2026-07-29 03:42:18] [INFO    ] [main] [READING] zone=Ladle-Metallurgy | timestamp=2026-07-24T15:00:00
[2026-07-29 03:42:18] [DEBUG   ] [main] [READING] raw={"timestamp": "2026-07-24T15:00:00", "factory": "Ganesh Alloys", "zone": "Ladle-Metallurgy", "temperature_unit": "celsius", "temperature": 36.0, "humidity": 347.5, "globe_temperature": 50.2, "wet_bulb
[2026-07-29 03:42:18] [DEBUG   ] [main] [VALIDATE] zone=Ladle-Metallurgy | condition=None | missing=[] | flags=[]
[2026-07-29 03:42:18] [DEBUG   ] [main] [FAULT] zone=Ladle-Metallurgy | timestamp=2026-07-24T15:00:00 | reason=SENSOR_FAULT: relative_humidity_pct=347.5 is out of valid range 0–100 %.
[2026-07-29 03:42:18] [INFO    ] [main] [READING] zone=Warehouse | timestamp=2026-07-24T16:00:00
[2026-07-29 03:42:18] [DEBUG   ] [main] [READING] raw={"timestamp": "2026-07-24T16:00:00", "factory": "Vedanta", "zone": "Warehouse", "temperature_unit": "celsius", "temperature": 29.2, "humidity": 56.3, "globe_temperature": 30.4, "wet_bulb_temperature":
[2026-07-29 03:42:18] [DEBUG   ] [main] [VALIDATE] zone=Warehouse | condition=ALL_DATA | missing=[] | flags=[]
[2026-07-29 03:42:18] [INFO    ] [main] [CALC] zone=Warehouse | ta=29.2 | rh=56.3 | tg=30.4 | tnwb=22.6727 | wbgt=24.9909
[2026-07-29 03:42:18] [DEBUG   ] [main] [CALC] data_quality={'ta': 'sensor', 'rh': 'sensor', 'tg': 'sensor', 'tnwb': 'calculated', 'wbgt': 'calculated'}
[2026-07-29 03:42:18] [INFO    ] [main] [CLASSIFY] zone=Warehouse | wbgt=24.9909 | risk=SAFE | action=Normal work, no restrictions
[2026-07-29 03:42:18] [INFO    ] [main] [DB] zone=Warehouse | db_id=57 | saved OK
[2026-07-29 03:42:18] [INFO    ] [main] [READING] zone=Furnace-2 | timestamp=2026-07-24T17:00:00
[2026-07-29 03:42:18] [DEBUG   ] [main] [READING] raw={"timestamp": "2026-07-24T17:00:00", "factory": "Tata Steel", "zone": "Furnace-2", "temperature_unit": "celsius", "temperature": 42.1, "humidity": 0, "globe_temperature": 58.4, "wet_bulb_temperature":
[2026-07-29 03:42:18] [DEBUG   ] [main] [VALIDATE] zone=Furnace-2 | condition=ALL_DATA | missing=[] | flags=[]
[2026-07-29 03:42:18] [DEBUG   ] [urllib3.connectionpool] Starting new HTTPS connection (1): api.openweathermap.org:443
[2026-07-29 03:42:19] [DEBUG   ] [urllib3.connectionpool] https://api.openweathermap.org:443 "GET /data/2.5/weather?lat=12.9716&lon=77.5946&appid=88f2329e130bf480c72cfc84306978a1&units=metric HTTP/1.1" 200 525
[2026-07-29 03:42:19] [INFO    ] [main] [CALC] zone=Furnace-2 | ta=42.1 | rh=26.75 | tg=58.4 | tnwb=26.4899 | wbgt=36.0629
[2026-07-29 03:42:19] [DEBUG   ] [main] [CALC] data_quality={'ta': 'sensor', 'rh': 'estimated', 'tg': 'sensor', 'tnwb': 'calculated', 'wbgt': 'calculated'}
[2026-07-29 03:42:19] [INFO    ] [main] [CLASSIFY] zone=Furnace-2 | wbgt=36.0629 | risk=DANGER | action=Halt heavy work, mandatory rest, evacuate
[2026-07-29 03:42:19] [WARNING ] [main] [DANGER ALERT] zone=Furnace-2 | wbgt=36.0629 | Halt heavy work, mandatory rest, evacuate
[2026-07-29 03:42:19] [INFO    ] [main] [DB] zone=Furnace-2 | db_id=58 | saved OK
[2026-07-29 03:42:19] [INFO    ] [main] [READING] zone=Annealing-Line | timestamp=2026-07-24T18:00:00
[2026-07-29 03:42:19] [DEBUG   ] [main] [READING] raw={"timestamp": "2026-07-24T18:00:00", "factory": "SAIL", "zone": "Annealing-Line", "temperature_unit": "celsius", "temperature": 31.1, "humidity": 0, "globe_temperature": 36.2, "wet_bulb_temperature": 
[2026-07-29 03:42:19] [DEBUG   ] [main] [VALIDATE] zone=Annealing-Line | condition=ALL_DATA | missing=[] | flags=[]
[2026-07-29 03:42:19] [DEBUG   ] [urllib3.connectionpool] Starting new HTTPS connection (1): api.openweathermap.org:443
[2026-07-29 03:42:19] [DEBUG   ] [urllib3.connectionpool] https://api.openweathermap.org:443 "GET /data/2.5/weather?lat=12.9716&lon=77.5946&appid=88f2329e130bf480c72cfc84306978a1&units=metric HTTP/1.1" 200 525
[2026-07-29 03:42:19] [INFO    ] [main] [CALC] zone=Annealing-Line | ta=31.1 | rh=48.92 | tg=36.2 | tnwb=23.0455 | wbgt=26.9919
[2026-07-29 03:42:19] [DEBUG   ] [main] [CALC] data_quality={'ta': 'sensor', 'rh': 'estimated', 'tg': 'sensor', 'tnwb': 'calculated', 'wbgt': 'calculated'}
[2026-07-29 03:42:19] [INFO    ] [main] [CLASSIFY] zone=Annealing-Line | wbgt=26.9919 | risk=CAUTION | action=Increase water breaks
[2026-07-29 03:42:19] [INFO    ] [main] [DB] zone=Annealing-Line | db_id=59 | saved OK
[2026-07-29 03:42:19] [INFO    ] [main] [READING] zone=Rolling-Mill | timestamp=2026-07-24T19:00:00
[2026-07-29 03:42:19] [DEBUG   ] [main] [READING] raw={"timestamp": "2026-07-24T19:00:00", "factory": "SAIL", "zone": "Rolling-Mill", "temperature_unit": "celsius", "temperature": 29.3, "humidity": 44.0, "globe_temperature": 0, "wet_bulb_temperature": 0}
[2026-07-29 03:42:19] [DEBUG   ] [main] [VALIDATE] zone=Rolling-Mill | condition=None | missing=[] | flags=[]
[2026-07-29 03:42:19] [DEBUG   ] [main] [FAULT] zone=Rolling-Mill | timestamp=2026-07-24T19:00:00 | reason=SENSOR_FAULT: globe_temp_c=0.0 is less than air_temp_c=29.3.
[2026-07-29 03:42:19] [INFO    ] [main] [READING] zone=Furnace-2 | timestamp=2026-07-24T20:00:00
[2026-07-29 03:42:19] [DEBUG   ] [main] [READING] raw={"timestamp": "2026-07-24T20:00:00", "factory": "JSW Steel", "zone": "Furnace-2", "temperature_unit": "celsius", "temperature": 36.4, "humidity": 110.8, "globe_temperature": 52.7, "wet_bulb_temperatur
[2026-07-29 03:42:19] [DEBUG   ] [main] [VALIDATE] zone=Furnace-2 | condition=None | missing=[] | flags=[]
[2026-07-29 03:42:19] [DEBUG   ] [main] [FAULT] zone=Furnace-2 | timestamp=2026-07-24T20:00:00 | reason=SENSOR_FAULT: relative_humidity_pct=110.8 is out of valid range 0–100 %.
[2026-07-29 03:42:19] [INFO    ] [main] [READING] zone=Annealing-Line | timestamp=2026-07-24T21:00:00
[2026-07-29 03:42:19] [DEBUG   ] [main] [READING] raw={"timestamp": "2026-07-24T21:00:00", "factory": "JSW Steel", "zone": "Annealing-Line", "temperature_unit": "celsius", "temperature": 26.6, "humidity": 0, "globe_temperature": 32.5, "wet_bulb_temperatu
[2026-07-29 03:42:19] [DEBUG   ] [main] [VALIDATE] zone=Annealing-Line | condition=ALL_DATA | missing=[] | flags=[]
[2026-07-29 03:42:19] [DEBUG   ] [urllib3.connectionpool] Starting new HTTPS connection (1): api.openweathermap.org:443
[2026-07-29 03:42:20] [DEBUG   ] [urllib3.connectionpool] https://api.openweathermap.org:443 "GET /data/2.5/weather?lat=12.9716&lon=77.5946&appid=88f2329e130bf480c72cfc84306978a1&units=metric HTTP/1.1" 200 525
[2026-07-29 03:42:20] [INFO    ] [main] [CALC] zone=Annealing-Line | ta=26.6 | rh=63.51 | tg=32.5 | tnwb=19.8 | wbgt=23.61
[2026-07-29 03:42:20] [DEBUG   ] [main] [CALC] data_quality={'ta': 'sensor', 'rh': 'estimated', 'tg': 'sensor', 'tnwb': 'sensor', 'wbgt': 'calculated'}
[2026-07-29 03:42:20] [INFO    ] [main] [CLASSIFY] zone=Annealing-Line | wbgt=23.61 | risk=SAFE | action=Normal work, no restrictions
[2026-07-29 03:42:20] [INFO    ] [main] [DB] zone=Annealing-Line | db_id=60 | saved OK
[2026-07-29 03:42:20] [INFO    ] [main] [READING] zone=Continuous-Casting | timestamp=2026-07-24T22:00:00
[2026-07-29 03:42:20] [DEBUG   ] [main] [READING] raw={"timestamp": "2026-07-24T22:00:00", "factory": "SAIL", "zone": "Continuous-Casting", "temperature_unit": "celsius", "temperature": 30.7, "humidity": 60.4, "globe_temperature": 45.8, "wet_bulb_tempera
[2026-07-29 03:42:20] [DEBUG   ] [main] [VALIDATE] zone=Continuous-Casting | condition=ALL_DATA | missing=[] | flags=[]
[2026-07-29 03:42:20] [INFO    ] [main] [CALC] zone=Continuous-Casting | ta=30.7 | rh=60.4 | tg=45.8 | tnwb=24.7 | wbgt=31.03
[2026-07-29 03:42:20] [DEBUG   ] [main] [CALC] data_quality={'ta': 'sensor', 'rh': 'sensor', 'tg': 'sensor', 'tnwb': 'sensor', 'wbgt': 'calculated'}
[2026-07-29 03:42:20] [INFO    ] [main] [CLASSIFY] zone=Continuous-Casting | wbgt=31.03 | risk=WARNING | action=Enforce work/rest cycles (50 min work, 10 min rest)
[2026-07-29 03:42:20] [WARNING ] [main] [WARNING ALERT] zone=Continuous-Casting | wbgt=31.03 | Enforce work/rest cycles (50 min work, 10 min rest)
[2026-07-29 03:42:20] [INFO    ] [main] [DB] zone=Continuous-Casting | db_id=61 | saved OK
[2026-07-29 03:42:20] [INFO    ] [main] [READING] zone=Fabrication-Shop | timestamp=2026-07-24T23:00:00
[2026-07-29 03:42:20] [DEBUG   ] [main] [READING] raw={"timestamp": "2026-07-24T23:00:00", "factory": "JSPL", "zone": "Fabrication-Shop", "temperature_unit": "celsius", "temperature": 24.9, "humidity": 62.3, "globe_temperature": 28.4, "wet_bulb_temperatu
[2026-07-29 03:42:20] [DEBUG   ] [main] [VALIDATE] zone=Fabrication-Shop | condition=ALL_DATA | missing=[] | flags=[]
[2026-07-29 03:42:20] [INFO    ] [main] [CALC] zone=Fabrication-Shop | ta=24.9 | rh=62.3 | tg=28.4 | tnwb=19.8 | wbgt=22.38
[2026-07-29 03:42:20] [DEBUG   ] [main] [CALC] data_quality={'ta': 'sensor', 'rh': 'sensor', 'tg': 'sensor', 'tnwb': 'sensor', 'wbgt': 'calculated'}
[2026-07-29 03:42:20] [INFO    ] [main] [CLASSIFY] zone=Fabrication-Shop | wbgt=22.38 | risk=SAFE | action=Normal work, no restrictions
[2026-07-29 03:42:20] [INFO    ] [main] [DB] zone=Fabrication-Shop | db_id=62 | saved OK
[2026-07-29 03:42:20] [INFO    ] [main] [READING] zone=Ladle-Metallurgy | timestamp=2026-07-25T00:00:00
[2026-07-29 03:42:20] [DEBUG   ] [main] [READING] raw={"timestamp": "2026-07-25T00:00:00", "factory": "JSPL", "zone": "Ladle-Metallurgy", "temperature_unit": "celsius", "temperature": 28.8, "humidity": 60.1, "globe_temperature": 41.6, "wet_bulb_temperatu
[2026-07-29 03:42:20] [DEBUG   ] [main] [VALIDATE] zone=Ladle-Metallurgy | condition=ALL_DATA | missing=[] | flags=[]
[2026-07-29 03:42:20] [INFO    ] [main] [CALC] zone=Ladle-Metallurgy | ta=28.8 | rh=60.1 | tg=41.6 | tnwb=22.9 | wbgt=28.51
[2026-07-29 03:42:20] [DEBUG   ] [main] [CALC] data_quality={'ta': 'sensor', 'rh': 'sensor', 'tg': 'sensor', 'tnwb': 'sensor', 'wbgt': 'calculated'}
[2026-07-29 03:42:20] [INFO    ] [main] [CLASSIFY] zone=Ladle-Metallurgy | wbgt=28.51 | risk=CAUTION | action=Increase water breaks
[2026-07-29 03:42:20] [INFO    ] [main] [DB] zone=Ladle-Metallurgy | db_id=63 | saved OK
[2026-07-29 03:42:20] [INFO    ] [main] [READING] zone=Loading-Dock | timestamp=2026-07-25T01:00:00
[2026-07-29 03:42:20] [DEBUG   ] [main] [READING] raw={"timestamp": "2026-07-25T01:00:00", "factory": "Vedanta", "zone": "Loading-Dock", "temperature_unit": "celsius", "temperature": 23.2, "humidity": 0, "globe_temperature": 26.2, "wet_bulb_temperature":
[2026-07-29 03:42:20] [DEBUG   ] [main] [VALIDATE] zone=Loading-Dock | condition=ALL_DATA | missing=[] | flags=[]
[2026-07-29 03:42:20] [DEBUG   ] [urllib3.connectionpool] Starting new HTTPS connection (1): api.openweathermap.org:443
[2026-07-29 03:42:20] [DEBUG   ] [urllib3.connectionpool] https://api.openweathermap.org:443 "GET /data/2.5/weather?lat=12.9716&lon=77.5946&appid=88f2329e130bf480c72cfc84306978a1&units=metric HTTP/1.1" 200 525
[2026-07-29 03:42:20] [INFO    ] [main] [CALC] zone=Loading-Dock | ta=23.2 | rh=77.81 | tg=26.2 | tnwb=18.6 | wbgt=20.88
[2026-07-29 03:42:20] [DEBUG   ] [main] [CALC] data_quality={'ta': 'sensor', 'rh': 'estimated', 'tg': 'sensor', 'tnwb': 'sensor', 'wbgt': 'calculated'}
[2026-07-29 03:42:20] [INFO    ] [main] [CLASSIFY] zone=Loading-Dock | wbgt=20.88 | risk=SAFE | action=Normal work, no restrictions
[2026-07-29 03:42:20] [INFO    ] [main] [DB] zone=Loading-Dock | db_id=64 | saved OK
[2026-07-29 03:42:20] [INFO    ] [main] [READING] zone=EAF-Bay | timestamp=2026-07-25T02:00:00
[2026-07-29 03:42:20] [DEBUG   ] [main] [READING] raw={"timestamp": "2026-07-25T02:00:00", "factory": "JSW Steel", "zone": "EAF-Bay", "temperature_unit": "celsius", "temperature": 38.5, "humidity": 0, "globe_temperature": 0, "wet_bulb_temperature": 26.3}
[2026-07-29 03:42:20] [DEBUG   ] [main] [VALIDATE] zone=EAF-Bay | condition=None | missing=[] | flags=[]
[2026-07-29 03:42:20] [DEBUG   ] [main] [FAULT] zone=EAF-Bay | timestamp=2026-07-25T02:00:00 | reason=SENSOR_FAULT: globe_temp_c=0.0 is less than air_temp_c=38.5.
[2026-07-29 03:42:20] [INFO    ] [main] [READING] zone=Furnace-1 | timestamp=2026-07-25T03:00:00
[2026-07-29 03:42:20] [DEBUG   ] [main] [READING] raw={"timestamp": "2026-07-25T03:00:00", "factory": "Shree Metal Works", "zone": "Furnace-1", "temperature_unit": "celsius", "temperature": 36.3, "humidity": 43.1, "globe_temperature": 0, "wet_bulb_temper
[2026-07-29 03:42:20] [DEBUG   ] [main] [VALIDATE] zone=Furnace-1 | condition=None | missing=[] | flags=[]
[2026-07-29 03:42:20] [DEBUG   ] [main] [FAULT] zone=Furnace-1 | timestamp=2026-07-25T03:00:00 | reason=SENSOR_FAULT: globe_temp_c=0.0 is less than air_temp_c=36.3.
[2026-07-29 03:42:20] [INFO    ] [main] [READING] zone=Warehouse | timestamp=2026-07-25T04:00:00
[2026-07-29 03:42:20] [DEBUG   ] [main] [READING] raw={"timestamp": "2026-07-25T04:00:00", "factory": "Ganesh Alloys", "zone": "Warehouse", "temperature_unit": "celsius", "temperature": 19.6, "humidity": 62.0, "globe_temperature": 14.5, "wet_bulb_tempera
[2026-07-29 03:42:20] [DEBUG   ] [main] [VALIDATE] zone=Warehouse | condition=None | missing=[] | flags=[]
[2026-07-29 03:42:20] [DEBUG   ] [main] [FAULT] zone=Warehouse | timestamp=2026-07-25T04:00:00 | reason=SENSOR_FAULT: globe_temp_c=14.5 is less than air_temp_c=19.6.
[2026-07-29 03:42:20] [INFO    ] [main] [READING] zone=Continuous-Casting | timestamp=2026-07-25T05:00:00
[2026-07-29 03:42:20] [DEBUG   ] [main] [READING] raw={"timestamp": "2026-07-25T05:00:00", "factory": "SAIL", "zone": "Continuous-Casting", "temperature_unit": "celsius", "temperature": 29.2, "humidity": 54.1, "globe_temperature": 40.9, "wet_bulb_tempera
[2026-07-29 03:42:20] [DEBUG   ] [main] [VALIDATE] zone=Continuous-Casting | condition=ALL_DATA | missing=[] | flags=[]
[2026-07-29 03:42:20] [INFO    ] [main] [CALC] zone=Continuous-Casting | ta=29.2 | rh=54.1 | tg=40.9 | tnwb=22.3067 | wbgt=27.8847
[2026-07-29 03:42:20] [DEBUG   ] [main] [CALC] data_quality={'ta': 'sensor', 'rh': 'sensor', 'tg': 'sensor', 'tnwb': 'calculated', 'wbgt': 'calculated'}
[2026-07-29 03:42:20] [INFO    ] [main] [CLASSIFY] zone=Continuous-Casting | wbgt=27.8847 | risk=CAUTION | action=Increase water breaks
[2026-07-29 03:42:20] [INFO    ] [main] [DB] zone=Continuous-Casting | db_id=65 | saved OK
[2026-07-29 03:42:20] [INFO    ] [main] [READING] zone=Rolling-Mill | timestamp=2026-07-25T06:00:00
[2026-07-29 03:42:20] [DEBUG   ] [main] [READING] raw={"timestamp": "2026-07-25T06:00:00", "factory": "Ganesh Alloys", "zone": "Rolling-Mill", "temperature_unit": "celsius", "temperature": 29.0, "humidity": 55.1, "globe_temperature": 38.1, "wet_bulb_temp
[2026-07-29 03:42:20] [DEBUG   ] [main] [VALIDATE] zone=Rolling-Mill | condition=ALL_DATA | missing=[] | flags=[]
[2026-07-29 03:42:20] [INFO    ] [main] [CALC] zone=Rolling-Mill | ta=29.0 | rh=55.1 | tg=38.1 | tnwb=22.8 | wbgt=27.39
[2026-07-29 03:42:20] [DEBUG   ] [main] [CALC] data_quality={'ta': 'sensor', 'rh': 'sensor', 'tg': 'sensor', 'tnwb': 'sensor', 'wbgt': 'calculated'}
[2026-07-29 03:42:20] [INFO    ] [main] [CLASSIFY] zone=Rolling-Mill | wbgt=27.39 | risk=CAUTION | action=Increase water breaks
[2026-07-29 03:42:20] [INFO    ] [main] [DB] zone=Rolling-Mill | db_id=66 | saved OK
[2026-07-29 03:42:20] [INFO    ] [main] [READING] zone=Furnace-1 | timestamp=2026-07-25T07:00:00
[2026-07-29 03:42:20] [DEBUG   ] [main] [READING] raw={"timestamp": "2026-07-25T07:00:00", "factory": "JSW Steel", "zone": "Furnace-1", "temperature_unit": "celsius", "temperature": 39.7, "humidity": 43.2, "globe_temperature": 57.1, "wet_bulb_temperature
[2026-07-29 03:42:20] [DEBUG   ] [main] [VALIDATE] zone=Furnace-1 | condition=ALL_DATA | missing=[] | flags=[]
[2026-07-29 03:42:20] [INFO    ] [main] [CALC] zone=Furnace-1 | ta=39.7 | rh=43.2 | tg=57.1 | tnwb=28.8 | wbgt=37.29
[2026-07-29 03:42:20] [DEBUG   ] [main] [CALC] data_quality={'ta': 'sensor', 'rh': 'sensor', 'tg': 'sensor', 'tnwb': 'sensor', 'wbgt': 'calculated'}
[2026-07-29 03:42:20] [INFO    ] [main] [CLASSIFY] zone=Furnace-1 | wbgt=37.29 | risk=DANGER | action=Halt heavy work, mandatory rest, evacuate
[2026-07-29 03:42:20] [WARNING ] [main] [DANGER ALERT] zone=Furnace-1 | wbgt=37.29 | Halt heavy work, mandatory rest, evacuate
[2026-07-29 03:42:20] [INFO    ] [main] [DB] zone=Furnace-1 | db_id=67 | saved OK
[2026-07-29 03:42:20] [INFO    ] [main] [READING] zone=Loading-Dock | timestamp=2026-07-25T08:00:00
[2026-07-29 03:42:20] [DEBUG   ] [main] [READING] raw={"timestamp": "2026-07-25T08:00:00", "factory": "JSPL", "zone": "Loading-Dock", "temperature_unit": "celsius", "temperature": 27.1, "humidity": 71.2, "globe_temperature": 0, "wet_bulb_temperature": 22
[2026-07-29 03:42:20] [DEBUG   ] [main] [VALIDATE] zone=Loading-Dock | condition=None | missing=[] | flags=[]
[2026-07-29 03:42:20] [DEBUG   ] [main] [FAULT] zone=Loading-Dock | timestamp=2026-07-25T08:00:00 | reason=SENSOR_FAULT: globe_temp_c=0.0 is less than air_temp_c=27.1.
[2026-07-29 03:42:20] [INFO    ] [main] [READING] zone=Warehouse | timestamp=2026-07-25T09:00:00
[2026-07-29 03:42:20] [DEBUG   ] [main] [READING] raw={"timestamp": "2026-07-25T09:00:00", "factory": "Ganesh Alloys", "zone": "Warehouse", "temperature_unit": "celsius", "temperature": 27.1, "humidity": 60.4, "globe_temperature": 27.5, "wet_bulb_tempera
[2026-07-29 03:42:20] [DEBUG   ] [main] [VALIDATE] zone=Warehouse | condition=ALL_DATA | missing=[] | flags=[]
[2026-07-29 03:42:20] [INFO    ] [main] [CALC] zone=Warehouse | ta=27.1 | rh=60.4 | tg=27.5 | tnwb=21.4512 | wbgt=23.2658
[2026-07-29 03:42:20] [DEBUG   ] [main] [CALC] data_quality={'ta': 'sensor', 'rh': 'sensor', 'tg': 'sensor', 'tnwb': 'calculated', 'wbgt': 'calculated'}
[2026-07-29 03:42:20] [INFO    ] [main] [CLASSIFY] zone=Warehouse | wbgt=23.2658 | risk=SAFE | action=Normal work, no restrictions
[2026-07-29 03:42:20] [INFO    ] [main] [DB] zone=Warehouse | db_id=68 | saved OK
[2026-07-29 03:42:20] [INFO    ] [main] [READING] zone=Ladle-Metallurgy | timestamp=2026-07-25T10:00:00
[2026-07-29 03:42:20] [DEBUG   ] [main] [READING] raw={"timestamp": "2026-07-25T10:00:00", "factory": "Ganesh Alloys", "zone": "Ladle-Metallurgy", "temperature_unit": "celsius", "temperature": 34.2, "humidity": 33.8, "globe_temperature": 46.2, "wet_bulb_
[2026-07-29 03:42:20] [DEBUG   ] [main] [VALIDATE] zone=Ladle-Metallurgy | condition=ALL_DATA | missing=[] | flags=[]
[2026-07-29 03:42:20] [INFO    ] [main] [CALC] zone=Ladle-Metallurgy | ta=34.2 | rh=33.8 | tg=46.2 | tnwb=22.4 | wbgt=29.54
[2026-07-29 03:42:20] [DEBUG   ] [main] [CALC] data_quality={'ta': 'sensor', 'rh': 'sensor', 'tg': 'sensor', 'tnwb': 'sensor', 'wbgt': 'calculated'}
[2026-07-29 03:42:20] [INFO    ] [main] [CLASSIFY] zone=Ladle-Metallurgy | wbgt=29.54 | risk=WARNING | action=Enforce work/rest cycles (50 min work, 10 min rest)
[2026-07-29 03:42:20] [WARNING ] [main] [WARNING ALERT] zone=Ladle-Metallurgy | wbgt=29.54 | Enforce work/rest cycles (50 min work, 10 min rest)
[2026-07-29 03:42:20] [INFO    ] [main] [DB] zone=Ladle-Metallurgy | db_id=69 | saved OK
[2026-07-29 03:42:20] [INFO    ] [main] [READING] zone=Furnace-2 | timestamp=2026-07-25T11:00:00
[2026-07-29 03:42:20] [DEBUG   ] [main] [READING] raw={"timestamp": "2026-07-25T11:00:00", "factory": "SAIL", "zone": "Furnace-2", "temperature_unit": "celsius", "temperature": 41.3, "humidity": 32.9, "globe_temperature": 57.9, "wet_bulb_temperature": 28
[2026-07-29 03:42:20] [DEBUG   ] [main] [VALIDATE] zone=Furnace-2 | condition=ALL_DATA | missing=[] | flags=[]
[2026-07-29 03:42:20] [INFO    ] [main] [CALC] zone=Furnace-2 | ta=41.3 | rh=32.9 | tg=57.9 | tnwb=28.2 | wbgt=37.11
[2026-07-29 03:42:20] [DEBUG   ] [main] [CALC] data_quality={'ta': 'sensor', 'rh': 'sensor', 'tg': 'sensor', 'tnwb': 'sensor', 'wbgt': 'calculated'}
[2026-07-29 03:42:20] [INFO    ] [main] [CLASSIFY] zone=Furnace-2 | wbgt=37.11 | risk=DANGER | action=Halt heavy work, mandatory rest, evacuate
[2026-07-29 03:42:20] [WARNING ] [main] [DANGER ALERT] zone=Furnace-2 | wbgt=37.11 | Halt heavy work, mandatory rest, evacuate
[2026-07-29 03:42:20] [INFO    ] [main] [DB] zone=Furnace-2 | db_id=70 | saved OK
[2026-07-29 03:42:20] [INFO    ] [main] [READING] zone=EAF-Bay | timestamp=2026-07-25T12:00:00
[2026-07-29 03:42:20] [DEBUG   ] [main] [READING] raw={"timestamp": "2026-07-25T12:00:00", "factory": "SAIL", "zone": "EAF-Bay", "temperature_unit": "celsius", "temperature": 43.9, "humidity": 46.0, "globe_temperature": 0, "wet_bulb_temperature": 0}
[2026-07-29 03:42:20] [DEBUG   ] [main] [VALIDATE] zone=EAF-Bay | condition=None | missing=[] | flags=[]
[2026-07-29 03:42:20] [DEBUG   ] [main] [FAULT] zone=EAF-Bay | timestamp=2026-07-25T12:00:00 | reason=SENSOR_FAULT: globe_temp_c=0.0 is less than air_temp_c=43.9.
[2026-07-29 03:42:20] [INFO    ] [main] [READING] zone=Annealing-Line | timestamp=2026-07-25T13:00:00
[2026-07-29 03:42:20] [DEBUG   ] [main] [READING] raw={"timestamp": "2026-07-25T13:00:00", "factory": "Shree Metal Works", "zone": "Annealing-Line", "temperature_unit": "celsius", "temperature": 36.5, "humidity": 48.8, "globe_temperature": 41.3, "wet_bul
[2026-07-29 03:42:20] [DEBUG   ] [main] [VALIDATE] zone=Annealing-Line | condition=ALL_DATA | missing=[] | flags=[]
[2026-07-29 03:42:20] [INFO    ] [main] [CALC] zone=Annealing-Line | ta=36.5 | rh=48.8 | tg=41.3 | tnwb=27.5 | wbgt=31.64
[2026-07-29 03:42:20] [DEBUG   ] [main] [CALC] data_quality={'ta': 'sensor', 'rh': 'sensor', 'tg': 'sensor', 'tnwb': 'sensor', 'wbgt': 'calculated'}
[2026-07-29 03:42:20] [INFO    ] [main] [CLASSIFY] zone=Annealing-Line | wbgt=31.64 | risk=DANGER | action=Halt heavy work, mandatory rest, evacuate
[2026-07-29 03:42:20] [WARNING ] [main] [DANGER ALERT] zone=Annealing-Line | wbgt=31.64 | Halt heavy work, mandatory rest, evacuate
[2026-07-29 03:42:20] [INFO    ] [main] [DB] zone=Annealing-Line | db_id=71 | saved OK
[2026-07-29 03:42:20] [INFO    ] [main] [READING] zone=Fabrication-Shop | timestamp=2026-07-25T14:00:00
[2026-07-29 03:42:20] [DEBUG   ] [main] [READING] raw={"timestamp": "2026-07-25T14:00:00", "factory": "Vedanta", "zone": "Fabrication-Shop", "temperature_unit": "celsius", "temperature": 32.9, "humidity": 61.0, "globe_temperature": 34.9, "wet_bulb_temper
[2026-07-29 03:42:20] [DEBUG   ] [main] [VALIDATE] zone=Fabrication-Shop | condition=ALL_DATA | missing=[] | flags=[]
[2026-07-29 03:42:20] [INFO    ] [main] [CALC] zone=Fabrication-Shop | ta=32.9 | rh=61.0 | tg=34.9 | tnwb=26.5 | wbgt=29.02
[2026-07-29 03:42:20] [DEBUG   ] [main] [CALC] data_quality={'ta': 'sensor', 'rh': 'sensor', 'tg': 'sensor', 'tnwb': 'sensor', 'wbgt': 'calculated'}
[2026-07-29 03:42:20] [INFO    ] [main] [CLASSIFY] zone=Fabrication-Shop | wbgt=29.02 | risk=CAUTION | action=Increase water breaks
[2026-07-29 03:42:20] [INFO    ] [main] [DB] zone=Fabrication-Shop | db_id=72 | saved OK
[2026-07-29 03:42:20] [INFO    ] [main] [READING] zone=EAF-Bay | timestamp=2026-07-25T15:00:00
[2026-07-29 03:42:20] [DEBUG   ] [main] [READING] raw={"timestamp": "2026-07-25T15:00:00", "factory": "Ganesh Alloys", "zone": "EAF-Bay", "temperature_unit": "celsius", "temperature": 45.4, "humidity": 42.5, "globe_temperature": 64.9, "wet_bulb_temperatu
[2026-07-29 03:42:20] [DEBUG   ] [main] [VALIDATE] zone=EAF-Bay | condition=ALL_DATA | missing=[] | flags=[]
[2026-07-29 03:42:20] [INFO    ] [main] [CALC] zone=EAF-Bay | ta=45.4 | rh=42.5 | tg=64.9 | tnwb=33.6422 | wbgt=43.0195
[2026-07-29 03:42:20] [DEBUG   ] [main] [CALC] data_quality={'ta': 'sensor', 'rh': 'sensor', 'tg': 'sensor', 'tnwb': 'calculated', 'wbgt': 'calculated'}
[2026-07-29 03:42:20] [INFO    ] [main] [CLASSIFY] zone=EAF-Bay | wbgt=43.0195 | risk=DANGER | action=Halt heavy work, mandatory rest, evacuate
[2026-07-29 03:42:20] [WARNING ] [main] [DANGER ALERT] zone=EAF-Bay | wbgt=43.0195 | Halt heavy work, mandatory rest, evacuate
[2026-07-29 03:42:20] [INFO    ] [main] [DB] zone=EAF-Bay | db_id=73 | saved OK
[2026-07-29 03:42:20] [INFO    ] [main] [READING] zone=Furnace-2 | timestamp=2026-07-25T16:00:00
[2026-07-29 03:42:20] [DEBUG   ] [main] [READING] raw={"timestamp": "2026-07-25T16:00:00", "factory": "Tata Steel", "zone": "Furnace-2", "temperature_unit": "celsius", "temperature": 37.2, "humidity": 0, "globe_temperature": 0, "wet_bulb_temperature": 24
[2026-07-29 03:42:20] [DEBUG   ] [main] [VALIDATE] zone=Furnace-2 | condition=None | missing=[] | flags=[]
[2026-07-29 03:42:20] [DEBUG   ] [main] [FAULT] zone=Furnace-2 | timestamp=2026-07-25T16:00:00 | reason=SENSOR_FAULT: globe_temp_c=0.0 is less than air_temp_c=37.2.
[2026-07-29 03:42:20] [INFO    ] [main] [READING] zone=Rolling-Mill | timestamp=2026-07-25T17:00:00
[2026-07-29 03:42:20] [DEBUG   ] [main] [READING] raw={"timestamp": "2026-07-25T17:00:00", "factory": "Ganesh Alloys", "zone": "Rolling-Mill", "temperature_unit": "celsius", "temperature": 37.8, "humidity": 62.3, "globe_temperature": 44.8, "wet_bulb_temp
[2026-07-29 03:42:20] [DEBUG   ] [main] [VALIDATE] zone=Rolling-Mill | condition=ALL_DATA | missing=[] | flags=[]
[2026-07-29 03:42:20] [INFO    ] [main] [CALC] zone=Rolling-Mill | ta=37.8 | rh=62.3 | tg=44.8 | tnwb=31.7 | wbgt=35.63
[2026-07-29 03:42:20] [DEBUG   ] [main] [CALC] data_quality={'ta': 'sensor', 'rh': 'sensor', 'tg': 'sensor', 'tnwb': 'sensor', 'wbgt': 'calculated'}
[2026-07-29 03:42:20] [INFO    ] [main] [CLASSIFY] zone=Rolling-Mill | wbgt=35.63 | risk=DANGER | action=Halt heavy work, mandatory rest, evacuate
[2026-07-29 03:42:20] [WARNING ] [main] [DANGER ALERT] zone=Rolling-Mill | wbgt=35.63 | Halt heavy work, mandatory rest, evacuate
[2026-07-29 03:42:20] [INFO    ] [main] [DB] zone=Rolling-Mill | db_id=74 | saved OK
[2026-07-29 03:42:20] [INFO    ] [main] [READING] zone=Furnace-1 | timestamp=2026-07-25T18:00:00
[2026-07-29 03:42:20] [DEBUG   ] [main] [READING] raw={"timestamp": "2026-07-25T18:00:00", "factory": "Shree Metal Works", "zone": "Furnace-1", "temperature_unit": "celsius", "temperature": 43.0, "humidity": 48.4, "globe_temperature": 61.0, "wet_bulb_tem
[2026-07-29 03:42:20] [DEBUG   ] [main] [VALIDATE] zone=Furnace-1 | condition=ALL_DATA | missing=[] | flags=[]
[2026-07-29 03:42:20] [INFO    ] [main] [CALC] zone=Furnace-1 | ta=43.0 | rh=48.4 | tg=61.0 | tnwb=33.1 | wbgt=41.47
[2026-07-29 03:42:20] [DEBUG   ] [main] [CALC] data_quality={'ta': 'sensor', 'rh': 'sensor', 'tg': 'sensor', 'tnwb': 'sensor', 'wbgt': 'calculated'}
[2026-07-29 03:42:20] [INFO    ] [main] [CLASSIFY] zone=Furnace-1 | wbgt=41.47 | risk=DANGER | action=Halt heavy work, mandatory rest, evacuate
[2026-07-29 03:42:20] [WARNING ] [main] [DANGER ALERT] zone=Furnace-1 | wbgt=41.47 | Halt heavy work, mandatory rest, evacuate
[2026-07-29 03:42:20] [INFO    ] [main] [DB] zone=Furnace-1 | db_id=75 | saved OK
[2026-07-29 03:42:20] [INFO    ] [main] [READING] zone=Warehouse | timestamp=2026-07-25T19:00:00
[2026-07-29 03:42:20] [DEBUG   ] [main] [READING] raw={"timestamp": "2026-07-25T19:00:00", "factory": "Shree Metal Works", "zone": "Warehouse", "temperature_unit": "celsius", "temperature": 27.4, "humidity": 0, "globe_temperature": 0, "wet_bulb_temperatu
[2026-07-29 03:42:20] [DEBUG   ] [main] [VALIDATE] zone=Warehouse | condition=None | missing=[] | flags=[]
[2026-07-29 03:42:20] [DEBUG   ] [main] [FAULT] zone=Warehouse | timestamp=2026-07-25T19:00:00 | reason=SENSOR_FAULT: globe_temp_c=0.0 is less than air_temp_c=27.4.
[2026-07-29 03:42:20] [INFO    ] [main] [READING] zone=Ladle-Metallurgy | timestamp=2026-07-25T20:00:00
[2026-07-29 03:42:20] [DEBUG   ] [main] [READING] raw={"timestamp": "2026-07-25T20:00:00", "factory": "Shree Metal Works", "zone": "Ladle-Metallurgy", "temperature_unit": "celsius", "temperature": 33.0, "humidity": 42.0, "globe_temperature": 46.8, "wet_b
[2026-07-29 03:42:20] [DEBUG   ] [main] [VALIDATE] zone=Ladle-Metallurgy | condition=ALL_DATA | missing=[] | flags=[]
[2026-07-29 03:42:20] [INFO    ] [main] [CALC] zone=Ladle-Metallurgy | ta=33.0 | rh=42.0 | tg=46.8 | tnwb=23.1 | wbgt=30.21
[2026-07-29 03:42:20] [DEBUG   ] [main] [CALC] data_quality={'ta': 'sensor', 'rh': 'sensor', 'tg': 'sensor', 'tnwb': 'sensor', 'wbgt': 'calculated'}
[2026-07-29 03:42:20] [INFO    ] [main] [CLASSIFY] zone=Ladle-Metallurgy | wbgt=30.21 | risk=WARNING | action=Enforce work/rest cycles (50 min work, 10 min rest)
[2026-07-29 03:42:20] [WARNING ] [main] [WARNING ALERT] zone=Ladle-Metallurgy | wbgt=30.21 | Enforce work/rest cycles (50 min work, 10 min rest)
[2026-07-29 03:42:20] [INFO    ] [main] [DB] zone=Ladle-Metallurgy | db_id=76 | saved OK
[2026-07-29 03:42:20] [INFO    ] [main] [READING] zone=Fabrication-Shop | timestamp=2026-07-25T21:00:00
[2026-07-29 03:42:20] [DEBUG   ] [main] [READING] raw={"timestamp": "2026-07-25T21:00:00", "factory": "JSW Steel", "zone": "Fabrication-Shop", "temperature_unit": "celsius", "temperature": 24.1, "humidity": 57.4, "globe_temperature": 0, "wet_bulb_tempera
[2026-07-29 03:42:20] [DEBUG   ] [main] [VALIDATE] zone=Fabrication-Shop | condition=None | missing=[] | flags=[]
[2026-07-29 03:42:20] [DEBUG   ] [main] [FAULT] zone=Fabrication-Shop | timestamp=2026-07-25T21:00:00 | reason=SENSOR_FAULT: globe_temp_c=0.0 is less than air_temp_c=24.1.
[2026-07-29 03:42:20] [INFO    ] [main] [READING] zone=Annealing-Line | timestamp=2026-07-25T22:00:00
[2026-07-29 03:42:20] [DEBUG   ] [main] [READING] raw={"timestamp": "2026-07-25T22:00:00", "factory": "Shree Metal Works", "zone": "Annealing-Line", "temperature_unit": "celsius", "temperature": 24.3, "humidity": 0, "globe_temperature": 0, "wet_bulb_temp
[2026-07-29 03:42:20] [DEBUG   ] [main] [VALIDATE] zone=Annealing-Line | condition=None | missing=[] | flags=[]
[2026-07-29 03:42:20] [DEBUG   ] [main] [FAULT] zone=Annealing-Line | timestamp=2026-07-25T22:00:00 | reason=SENSOR_FAULT: globe_temp_c=0.0 is less than air_temp_c=24.3.
[2026-07-29 03:42:20] [INFO    ] [main] [READING] zone=Loading-Dock | timestamp=2026-07-25T23:00:00
[2026-07-29 03:42:20] [DEBUG   ] [main] [READING] raw={"timestamp": "2026-07-25T23:00:00", "factory": "Vedanta", "zone": "Loading-Dock", "temperature_unit": "celsius", "temperature": 31.7, "humidity": 50.1, "globe_temperature": 35.3, "wet_bulb_temperatur
[2026-07-29 03:42:20] [DEBUG   ] [main] [VALIDATE] zone=Loading-Dock | condition=ALL_DATA | missing=[] | flags=[]
[2026-07-29 03:42:20] [INFO    ] [main] [CALC] zone=Loading-Dock | ta=31.7 | rh=50.1 | tg=35.3 | tnwb=23.4 | wbgt=26.97
[2026-07-29 03:42:20] [DEBUG   ] [main] [CALC] data_quality={'ta': 'sensor', 'rh': 'sensor', 'tg': 'sensor', 'tnwb': 'sensor', 'wbgt': 'calculated'}
[2026-07-29 03:42:20] [INFO    ] [main] [CLASSIFY] zone=Loading-Dock | wbgt=26.97 | risk=CAUTION | action=Increase water breaks
[2026-07-29 03:42:20] [INFO    ] [main] [DB] zone=Loading-Dock | db_id=77 | saved OK
[2026-07-29 03:42:20] [INFO    ] [main] [READING] zone=Continuous-Casting | timestamp=2026-07-26T00:00:00
[2026-07-29 03:42:20] [DEBUG   ] [main] [READING] raw={"timestamp": "2026-07-26T00:00:00", "factory": "JSW Steel", "zone": "Continuous-Casting", "temperature_unit": "celsius", "temperature": 31.2, "humidity": 55.3, "globe_temperature": 45.6, "wet_bulb_te
[2026-07-29 03:42:20] [DEBUG   ] [main] [VALIDATE] zone=Continuous-Casting | condition=ALL_DATA | missing=[] | flags=[]
[2026-07-29 03:42:20] [INFO    ] [main] [CALC] zone=Continuous-Casting | ta=31.2 | rh=55.3 | tg=45.6 | tnwb=24.4 | wbgt=30.76
[2026-07-29 03:42:20] [DEBUG   ] [main] [CALC] data_quality={'ta': 'sensor', 'rh': 'sensor', 'tg': 'sensor', 'tnwb': 'sensor', 'wbgt': 'calculated'}
[2026-07-29 03:42:20] [INFO    ] [main] [CLASSIFY] zone=Continuous-Casting | wbgt=30.76 | risk=WARNING | action=Enforce work/rest cycles (50 min work, 10 min rest)
[2026-07-29 03:42:20] [WARNING ] [main] [WARNING ALERT] zone=Continuous-Casting | wbgt=30.76 | Enforce work/rest cycles (50 min work, 10 min rest)
[2026-07-29 03:42:20] [INFO    ] [main] [DB] zone=Continuous-Casting | db_id=78 | saved OK
[2026-07-29 03:42:20] [INFO    ] [main] [READING] zone=Fabrication-Shop | timestamp=2026-07-26T01:00:00
[2026-07-29 03:42:20] [DEBUG   ] [main] [READING] raw={"timestamp": "2026-07-26T01:00:00", "factory": "Tata Steel", "zone": "Fabrication-Shop", "temperature_unit": "celsius", "temperature": 24.7, "humidity": 0, "globe_temperature": 25.7, "wet_bulb_temper
[2026-07-29 03:42:20] [DEBUG   ] [main] [VALIDATE] zone=Fabrication-Shop | condition=ALL_DATA | missing=[] | flags=[]
[2026-07-29 03:42:20] [DEBUG   ] [urllib3.connectionpool] Starting new HTTPS connection (1): api.openweathermap.org:443
[2026-07-29 03:42:21] [DEBUG   ] [urllib3.connectionpool] https://api.openweathermap.org:443 "GET /data/2.5/weather?lat=12.9716&lon=77.5946&appid=88f2329e130bf480c72cfc84306978a1&units=metric HTTP/1.1" 200 525
[2026-07-29 03:42:21] [INFO    ] [main] [CALC] zone=Fabrication-Shop | ta=24.7 | rh=71.09 | tg=25.7 | tnwb=18.3 | wbgt=20.52
[2026-07-29 03:42:21] [DEBUG   ] [main] [CALC] data_quality={'ta': 'sensor', 'rh': 'estimated', 'tg': 'sensor', 'tnwb': 'sensor', 'wbgt': 'calculated'}
[2026-07-29 03:42:21] [INFO    ] [main] [CLASSIFY] zone=Fabrication-Shop | wbgt=20.52 | risk=SAFE | action=Normal work, no restrictions
[2026-07-29 03:42:21] [INFO    ] [main] [DB] zone=Fabrication-Shop | db_id=79 | saved OK
[2026-07-29 03:42:21] [INFO    ] [main] [READING] zone=Warehouse | timestamp=2026-07-26T02:00:00
[2026-07-29 03:42:21] [DEBUG   ] [main] [READING] raw={"timestamp": "2026-07-26T02:00:00", "factory": "Tata Steel", "zone": "Warehouse", "temperature_unit": "celsius", "temperature": 19.1, "humidity": 47.0, "globe_temperature": 20.3, "wet_bulb_temperatur
[2026-07-29 03:42:21] [DEBUG   ] [main] [VALIDATE] zone=Warehouse | condition=ALL_DATA | missing=[] | flags=[]
[2026-07-29 03:42:21] [INFO    ] [main] [CALC] zone=Warehouse | ta=19.1 | rh=47.0 | tg=20.3 | tnwb=12.6 | wbgt=14.91
[2026-07-29 03:42:21] [DEBUG   ] [main] [CALC] data_quality={'ta': 'sensor', 'rh': 'sensor', 'tg': 'sensor', 'tnwb': 'sensor', 'wbgt': 'calculated'}
[2026-07-29 03:42:21] [INFO    ] [main] [CLASSIFY] zone=Warehouse | wbgt=14.91 | risk=SAFE | action=Normal work, no restrictions
[2026-07-29 03:42:21] [INFO    ] [main] [DB] zone=Warehouse | db_id=80 | saved OK
[2026-07-29 03:42:21] [INFO    ] [main] [READING] zone=Furnace-1 | timestamp=2026-07-26T03:00:00
[2026-07-29 03:42:21] [DEBUG   ] [main] [READING] raw={"timestamp": "2026-07-26T03:00:00", "factory": "Tata Steel", "zone": "Furnace-1", "temperature_unit": "celsius", "temperature": 36.3, "humidity": 53.5, "globe_temperature": 54.5, "wet_bulb_temperatur
[2026-07-29 03:42:21] [DEBUG   ] [main] [VALIDATE] zone=Furnace-1 | condition=ALL_DATA | missing=[] | flags=[]
[2026-07-29 03:42:21] [INFO    ] [main] [CALC] zone=Furnace-1 | ta=36.3 | rh=53.5 | tg=54.5 | tnwb=28.0 | wbgt=35.95
[2026-07-29 03:42:21] [DEBUG   ] [main] [CALC] data_quality={'ta': 'sensor', 'rh': 'sensor', 'tg': 'sensor', 'tnwb': 'sensor', 'wbgt': 'calculated'}
[2026-07-29 03:42:21] [INFO    ] [main] [CLASSIFY] zone=Furnace-1 | wbgt=35.95 | risk=DANGER | action=Halt heavy work, mandatory rest, evacuate
[2026-07-29 03:42:21] [WARNING ] [main] [DANGER ALERT] zone=Furnace-1 | wbgt=35.95 | Halt heavy work, mandatory rest, evacuate
[2026-07-29 03:42:21] [INFO    ] [main] [DB] zone=Furnace-1 | db_id=81 | saved OK
[2026-07-29 03:42:21] [INFO    ] [main] [READING] zone=EAF-Bay | timestamp=2026-07-26T04:00:00
[2026-07-29 03:42:21] [DEBUG   ] [main] [READING] raw={"timestamp": "2026-07-26T04:00:00", "factory": "SAIL", "zone": "EAF-Bay", "temperature_unit": "celsius", "temperature": 33.7, "humidity": 41.7, "globe_temperature": 51.0, "wet_bulb_temperature": 0}
[2026-07-29 03:42:21] [DEBUG   ] [main] [VALIDATE] zone=EAF-Bay | condition=ALL_DATA | missing=[] | flags=[]
[2026-07-29 03:42:21] [INFO    ] [main] [CALC] zone=EAF-Bay | ta=33.7 | rh=41.7 | tg=51.0 | tnwb=23.8168 | wbgt=31.9718
[2026-07-29 03:42:21] [DEBUG   ] [main] [CALC] data_quality={'ta': 'sensor', 'rh': 'sensor', 'tg': 'sensor', 'tnwb': 'calculated', 'wbgt': 'calculated'}
[2026-07-29 03:42:21] [INFO    ] [main] [CLASSIFY] zone=EAF-Bay | wbgt=31.9718 | risk=DANGER | action=Halt heavy work, mandatory rest, evacuate
[2026-07-29 03:42:21] [WARNING ] [main] [DANGER ALERT] zone=EAF-Bay | wbgt=31.9718 | Halt heavy work, mandatory rest, evacuate
[2026-07-29 03:42:21] [INFO    ] [main] [DB] zone=EAF-Bay | db_id=82 | saved OK
[2026-07-29 03:42:21] [INFO    ] [main] [READING] zone=Furnace-2 | timestamp=2026-07-26T05:00:00
[2026-07-29 03:42:21] [DEBUG   ] [main] [READING] raw={"timestamp": "2026-07-26T05:00:00", "factory": "Vedanta", "zone": "Furnace-2", "temperature_unit": "celsius", "temperature": 35.3, "humidity": 38.7, "globe_temperature": 52.0, "wet_bulb_temperature":
[2026-07-29 03:42:21] [DEBUG   ] [main] [VALIDATE] zone=Furnace-2 | condition=ALL_DATA | missing=[] | flags=[]
[2026-07-29 03:42:21] [INFO    ] [main] [CALC] zone=Furnace-2 | ta=35.3 | rh=38.7 | tg=52.0 | tnwb=24.467 | wbgt=32.7269
[2026-07-29 03:42:21] [DEBUG   ] [main] [CALC] data_quality={'ta': 'sensor', 'rh': 'sensor', 'tg': 'sensor', 'tnwb': 'calculated', 'wbgt': 'calculated'}
[2026-07-29 03:42:21] [INFO    ] [main] [CLASSIFY] zone=Furnace-2 | wbgt=32.7269 | risk=DANGER | action=Halt heavy work, mandatory rest, evacuate
[2026-07-29 03:42:21] [WARNING ] [main] [DANGER ALERT] zone=Furnace-2 | wbgt=32.7269 | Halt heavy work, mandatory rest, evacuate
[2026-07-29 03:42:21] [INFO    ] [main] [DB] zone=Furnace-2 | db_id=83 | saved OK
[2026-07-29 03:42:21] [INFO    ] [main] [READING] zone=Ladle-Metallurgy | timestamp=2026-07-26T06:00:00
[2026-07-29 03:42:21] [DEBUG   ] [main] [READING] raw={"timestamp": "2026-07-26T06:00:00", "factory": "Shree Metal Works", "zone": "Ladle-Metallurgy", "temperature_unit": "celsius", "temperature": 34.8, "humidity": 48.2, "globe_temperature": 49.7, "wet_b
[2026-07-29 03:42:21] [DEBUG   ] [main] [VALIDATE] zone=Ladle-Metallurgy | condition=ALL_DATA | missing=[] | flags=[]
[2026-07-29 03:42:21] [INFO    ] [main] [CALC] zone=Ladle-Metallurgy | ta=34.8 | rh=48.2 | tg=49.7 | tnwb=25.9 | wbgt=33.04
[2026-07-29 03:42:21] [DEBUG   ] [main] [CALC] data_quality={'ta': 'sensor', 'rh': 'sensor', 'tg': 'sensor', 'tnwb': 'sensor', 'wbgt': 'calculated'}
[2026-07-29 03:42:21] [INFO    ] [main] [CLASSIFY] zone=Ladle-Metallurgy | wbgt=33.04 | risk=DANGER | action=Halt heavy work, mandatory rest, evacuate
[2026-07-29 03:42:21] [WARNING ] [main] [DANGER ALERT] zone=Ladle-Metallurgy | wbgt=33.04 | Halt heavy work, mandatory rest, evacuate
[2026-07-29 03:42:21] [INFO    ] [main] [DB] zone=Ladle-Metallurgy | db_id=84 | saved OK
[2026-07-29 03:42:21] [INFO    ] [main] [READING] zone=Annealing-Line | timestamp=2026-07-26T07:00:00
[2026-07-29 03:42:21] [DEBUG   ] [main] [READING] raw={"timestamp": "2026-07-26T07:00:00", "factory": "JSPL", "zone": "Annealing-Line", "temperature_unit": "celsius", "temperature": 26.4, "humidity": 0, "globe_temperature": 28.9, "wet_bulb_temperature": 
[2026-07-29 03:42:21] [DEBUG   ] [main] [VALIDATE] zone=Annealing-Line | condition=ALL_DATA | missing=[] | flags=[]
[2026-07-29 03:42:21] [DEBUG   ] [urllib3.connectionpool] Starting new HTTPS connection (1): api.openweathermap.org:443
[2026-07-29 03:42:21] [DEBUG   ] [urllib3.connectionpool] https://api.openweathermap.org:443 "GET /data/2.5/weather?lat=12.9716&lon=77.5946&appid=88f2329e130bf480c72cfc84306978a1&units=metric HTTP/1.1" 200 525
[2026-07-29 03:42:21] [INFO    ] [main] [CALC] zone=Annealing-Line | ta=26.4 | rh=64.26 | tg=28.9 | tnwb=21.3996 | wbgt=23.6497
[2026-07-29 03:42:21] [DEBUG   ] [main] [CALC] data_quality={'ta': 'sensor', 'rh': 'estimated', 'tg': 'sensor', 'tnwb': 'calculated', 'wbgt': 'calculated'}
[2026-07-29 03:42:21] [INFO    ] [main] [CLASSIFY] zone=Annealing-Line | wbgt=23.6497 | risk=SAFE | action=Normal work, no restrictions
[2026-07-29 03:42:21] [INFO    ] [main] [DB] zone=Annealing-Line | db_id=85 | saved OK
[2026-07-29 03:42:21] [INFO    ] [main] [READING] zone=Continuous-Casting | timestamp=2026-07-26T08:00:00
[2026-07-29 03:42:21] [DEBUG   ] [main] [READING] raw={"timestamp": "2026-07-26T08:00:00", "factory": "Vedanta", "zone": "Continuous-Casting", "temperature_unit": "celsius", "temperature": 35.9, "humidity": 47.5, "globe_temperature": 50.4, "wet_bulb_temp
[2026-07-29 03:42:21] [DEBUG   ] [main] [VALIDATE] zone=Continuous-Casting | condition=ALL_DATA | missing=[] | flags=[]
[2026-07-29 03:42:21] [INFO    ] [main] [CALC] zone=Continuous-Casting | ta=35.9 | rh=47.5 | tg=50.4 | tnwb=27.2 | wbgt=34.16
[2026-07-29 03:42:21] [DEBUG   ] [main] [CALC] data_quality={'ta': 'sensor', 'rh': 'sensor', 'tg': 'sensor', 'tnwb': 'sensor', 'wbgt': 'calculated'}
[2026-07-29 03:42:21] [INFO    ] [main] [CLASSIFY] zone=Continuous-Casting | wbgt=34.16 | risk=DANGER | action=Halt heavy work, mandatory rest, evacuate
[2026-07-29 03:42:21] [WARNING ] [main] [DANGER ALERT] zone=Continuous-Casting | wbgt=34.16 | Halt heavy work, mandatory rest, evacuate
[2026-07-29 03:42:21] [INFO    ] [main] [DB] zone=Continuous-Casting | db_id=86 | saved OK
[2026-07-29 03:42:21] [INFO    ] [main] [READING] zone=Loading-Dock | timestamp=2026-07-26T09:00:00
[2026-07-29 03:42:21] [DEBUG   ] [main] [READING] raw={"timestamp": "2026-07-26T09:00:00", "factory": "JSPL", "zone": "Loading-Dock", "temperature_unit": "celsius", "temperature": 31.3, "humidity": 44.0, "globe_temperature": 31.9, "wet_bulb_temperature":
[2026-07-29 03:42:21] [DEBUG   ] [main] [VALIDATE] zone=Loading-Dock | condition=ALL_DATA | missing=[] | flags=[]
[2026-07-29 03:42:21] [INFO    ] [main] [CALC] zone=Loading-Dock | ta=31.3 | rh=44.0 | tg=31.9 | tnwb=22.6 | wbgt=25.39
[2026-07-29 03:42:21] [DEBUG   ] [main] [CALC] data_quality={'ta': 'sensor', 'rh': 'sensor', 'tg': 'sensor', 'tnwb': 'sensor', 'wbgt': 'calculated'}
[2026-07-29 03:42:21] [INFO    ] [main] [CLASSIFY] zone=Loading-Dock | wbgt=25.39 | risk=SAFE | action=Normal work, no restrictions
[2026-07-29 03:42:21] [INFO    ] [main] [DB] zone=Loading-Dock | db_id=87 | saved OK
[2026-07-29 03:42:21] [INFO    ] [main] [READING] zone=Rolling-Mill | timestamp=2026-07-26T10:00:00
[2026-07-29 03:42:21] [DEBUG   ] [main] [READING] raw={"timestamp": "2026-07-26T10:00:00", "factory": "JSW Steel", "zone": "Rolling-Mill", "temperature_unit": "celsius", "temperature": 31.7, "humidity": 44.6, "globe_temperature": 41.3, "wet_bulb_temperat
[2026-07-29 03:42:21] [DEBUG   ] [main] [VALIDATE] zone=Rolling-Mill | condition=ALL_DATA | missing=[] | flags=[]
[2026-07-29 03:42:21] [INFO    ] [main] [CALC] zone=Rolling-Mill | ta=31.7 | rh=44.6 | tg=41.3 | tnwb=22.7 | wbgt=28.28
[2026-07-29 03:42:21] [DEBUG   ] [main] [CALC] data_quality={'ta': 'sensor', 'rh': 'sensor', 'tg': 'sensor', 'tnwb': 'sensor', 'wbgt': 'calculated'}
[2026-07-29 03:42:21] [INFO    ] [main] [CLASSIFY] zone=Rolling-Mill | wbgt=28.28 | risk=CAUTION | action=Increase water breaks
[2026-07-29 03:42:21] [INFO    ] [main] [DB] zone=Rolling-Mill | db_id=88 | saved OK
[2026-07-29 03:42:21] [INFO    ] [main] [READING] zone=Fabrication-Shop | timestamp=2026-07-26T11:00:00
[2026-07-29 03:42:21] [DEBUG   ] [main] [READING] raw={"timestamp": "2026-07-26T11:00:00", "factory": "Shree Metal Works", "zone": "Fabrication-Shop", "temperature_unit": "celsius", "temperature": 31.2, "humidity": 0, "globe_temperature": 32.2, "wet_bulb
[2026-07-29 03:42:21] [DEBUG   ] [main] [VALIDATE] zone=Fabrication-Shop | condition=ALL_DATA | missing=[] | flags=[]
[2026-07-29 03:42:21] [DEBUG   ] [urllib3.connectionpool] Starting new HTTPS connection (1): api.openweathermap.org:443
[2026-07-29 03:42:22] [DEBUG   ] [urllib3.connectionpool] https://api.openweathermap.org:443 "GET /data/2.5/weather?lat=12.9716&lon=77.5946&appid=88f2329e130bf480c72cfc84306978a1&units=metric HTTP/1.1" 200 525
[2026-07-29 03:42:22] [INFO    ] [main] [CALC] zone=Fabrication-Shop | ta=31.2 | rh=48.64 | tg=32.2 | tnwb=23.08 | wbgt=25.816
[2026-07-29 03:42:22] [DEBUG   ] [main] [CALC] data_quality={'ta': 'sensor', 'rh': 'estimated', 'tg': 'sensor', 'tnwb': 'calculated', 'wbgt': 'calculated'}
[2026-07-29 03:42:22] [INFO    ] [main] [CLASSIFY] zone=Fabrication-Shop | wbgt=25.816 | risk=SAFE | action=Normal work, no restrictions
[2026-07-29 03:42:22] [INFO    ] [main] [DB] zone=Fabrication-Shop | db_id=89 | saved OK
[2026-07-29 03:42:22] [INFO    ] [main] [READING] zone=Warehouse | timestamp=2026-07-26T12:00:00
[2026-07-29 03:42:22] [DEBUG   ] [main] [READING] raw={"timestamp": "2026-07-26T12:00:00", "factory": "JSW Steel", "zone": "Warehouse", "temperature_unit": "celsius", "temperature": 28.2, "humidity": 45.1, "globe_temperature": 29.8, "wet_bulb_temperature
[2026-07-29 03:42:22] [DEBUG   ] [main] [VALIDATE] zone=Warehouse | condition=ALL_DATA | missing=[] | flags=[]
[2026-07-29 03:42:22] [INFO    ] [main] [CALC] zone=Warehouse | ta=28.2 | rh=45.1 | tg=29.8 | tnwb=19.8 | wbgt=22.8
[2026-07-29 03:42:22] [DEBUG   ] [main] [CALC] data_quality={'ta': 'sensor', 'rh': 'sensor', 'tg': 'sensor', 'tnwb': 'sensor', 'wbgt': 'calculated'}
[2026-07-29 03:42:22] [INFO    ] [main] [CLASSIFY] zone=Warehouse | wbgt=22.8 | risk=SAFE | action=Normal work, no restrictions
[2026-07-29 03:42:22] [INFO    ] [main] [DB] zone=Warehouse | db_id=90 | saved OK
[2026-07-29 03:42:22] [INFO    ] [main] [READING] zone=Rolling-Mill | timestamp=2026-07-26T13:00:00
[2026-07-29 03:42:22] [DEBUG   ] [main] [READING] raw={"timestamp": "2026-07-26T13:00:00", "factory": "Vedanta", "zone": "Rolling-Mill", "temperature_unit": "celsius", "temperature": 32.9, "humidity": 0, "globe_temperature": 40.6, "wet_bulb_temperature":
[2026-07-29 03:42:22] [DEBUG   ] [main] [VALIDATE] zone=Rolling-Mill | condition=ALL_DATA | missing=[] | flags=[]
[2026-07-29 03:42:22] [DEBUG   ] [urllib3.connectionpool] Starting new HTTPS connection (1): api.openweathermap.org:443
[2026-07-29 03:42:22] [DEBUG   ] [urllib3.connectionpool] https://api.openweathermap.org:443 "GET /data/2.5/weather?lat=12.9716&lon=77.5946&appid=88f2329e130bf480c72cfc84306978a1&units=metric HTTP/1.1" 200 525
[2026-07-29 03:42:22] [INFO    ] [main] [CALC] zone=Rolling-Mill | ta=32.9 | rh=44.17 | tg=40.6 | tnwb=25.6 | wbgt=30.1
[2026-07-29 03:42:22] [DEBUG   ] [main] [CALC] data_quality={'ta': 'sensor', 'rh': 'estimated', 'tg': 'sensor', 'tnwb': 'sensor', 'wbgt': 'calculated'}
[2026-07-29 03:42:22] [INFO    ] [main] [CLASSIFY] zone=Rolling-Mill | wbgt=30.1 | risk=WARNING | action=Enforce work/rest cycles (50 min work, 10 min rest)
[2026-07-29 03:42:22] [WARNING ] [main] [WARNING ALERT] zone=Rolling-Mill | wbgt=30.1 | Enforce work/rest cycles (50 min work, 10 min rest)
[2026-07-29 03:42:22] [INFO    ] [main] [DB] zone=Rolling-Mill | db_id=91 | saved OK
[2026-07-29 03:42:22] [INFO    ] [main] [READING] zone=Furnace-2 | timestamp=2026-07-26T14:00:00
[2026-07-29 03:42:22] [DEBUG   ] [main] [READING] raw={"timestamp": "2026-07-26T14:00:00", "factory": "Tata Steel", "zone": "Furnace-2", "temperature_unit": "celsius", "temperature": 39.3, "humidity": 33.6, "globe_temperature": 53.9, "wet_bulb_temperatur
[2026-07-29 03:42:22] [DEBUG   ] [main] [VALIDATE] zone=Furnace-2 | condition=ALL_DATA | missing=[] | flags=[]
[2026-07-29 03:42:22] [INFO    ] [main] [CALC] zone=Furnace-2 | ta=39.3 | rh=33.6 | tg=53.9 | tnwb=26.1 | wbgt=34.44
[2026-07-29 03:42:22] [DEBUG   ] [main] [CALC] data_quality={'ta': 'sensor', 'rh': 'sensor', 'tg': 'sensor', 'tnwb': 'sensor', 'wbgt': 'calculated'}
[2026-07-29 03:42:22] [INFO    ] [main] [CLASSIFY] zone=Furnace-2 | wbgt=34.44 | risk=DANGER | action=Halt heavy work, mandatory rest, evacuate
[2026-07-29 03:42:22] [WARNING ] [main] [DANGER ALERT] zone=Furnace-2 | wbgt=34.44 | Halt heavy work, mandatory rest, evacuate
[2026-07-29 03:42:22] [INFO    ] [main] [DB] zone=Furnace-2 | db_id=92 | saved OK
[2026-07-29 03:42:22] [INFO    ] [main] [READING] zone=Loading-Dock | timestamp=2026-07-26T15:00:00
[2026-07-29 03:42:22] [DEBUG   ] [main] [READING] raw={"timestamp": "2026-07-26T15:00:00", "factory": "Shree Metal Works", "zone": "Loading-Dock", "temperature_unit": "celsius", "temperature": 29.7, "humidity": 46.8, "globe_temperature": 32.0, "wet_bulb_
[2026-07-29 03:42:22] [DEBUG   ] [main] [VALIDATE] zone=Loading-Dock | condition=ALL_DATA | missing=[] | flags=[]
[2026-07-29 03:42:22] [INFO    ] [main] [CALC] zone=Loading-Dock | ta=29.7 | rh=46.8 | tg=32.0 | tnwb=21.4 | wbgt=24.58
[2026-07-29 03:42:22] [DEBUG   ] [main] [CALC] data_quality={'ta': 'sensor', 'rh': 'sensor', 'tg': 'sensor', 'tnwb': 'sensor', 'wbgt': 'calculated'}
[2026-07-29 03:42:22] [INFO    ] [main] [CLASSIFY] zone=Loading-Dock | wbgt=24.58 | risk=SAFE | action=Normal work, no restrictions
[2026-07-29 03:42:22] [INFO    ] [main] [DB] zone=Loading-Dock | db_id=93 | saved OK
[2026-07-29 03:42:22] [INFO    ] [main] [READING] zone=Annealing-Line | timestamp=2026-07-26T16:00:00
[2026-07-29 03:42:22] [DEBUG   ] [main] [READING] raw={"timestamp": "2026-07-26T16:00:00", "factory": "JSPL", "zone": "Annealing-Line", "temperature_unit": "celsius", "temperature": 33.5, "humidity": 46.6, "globe_temperature": 36.2, "wet_bulb_temperature
[2026-07-29 03:42:22] [DEBUG   ] [main] [VALIDATE] zone=Annealing-Line | condition=ALL_DATA | missing=[] | flags=[]
[2026-07-29 03:42:22] [INFO    ] [main] [CALC] zone=Annealing-Line | ta=33.5 | rh=46.6 | tg=36.2 | tnwb=24.6456 | wbgt=28.1119
[2026-07-29 03:42:22] [DEBUG   ] [main] [CALC] data_quality={'ta': 'sensor', 'rh': 'sensor', 'tg': 'sensor', 'tnwb': 'calculated', 'wbgt': 'calculated'}
[2026-07-29 03:42:22] [INFO    ] [main] [CLASSIFY] zone=Annealing-Line | wbgt=28.1119 | risk=CAUTION | action=Increase water breaks
[2026-07-29 03:42:22] [INFO    ] [main] [DB] zone=Annealing-Line | db_id=94 | saved OK
[2026-07-29 03:42:22] [INFO    ] [main] [READING] zone=Ladle-Metallurgy | timestamp=2026-07-26T17:00:00
[2026-07-29 03:42:22] [DEBUG   ] [main] [READING] raw={"timestamp": "2026-07-26T17:00:00", "factory": "JSPL", "zone": "Ladle-Metallurgy", "temperature_unit": "celsius", "temperature": 36.4, "humidity": 48.6, "globe_temperature": 50.4, "wet_bulb_temperatu
[2026-07-29 03:42:22] [DEBUG   ] [main] [VALIDATE] zone=Ladle-Metallurgy | condition=ALL_DATA | missing=[] | flags=[]
[2026-07-29 03:42:22] [INFO    ] [main] [CALC] zone=Ladle-Metallurgy | ta=36.4 | rh=48.6 | tg=50.4 | tnwb=27.4 | wbgt=34.3
[2026-07-29 03:42:22] [DEBUG   ] [main] [CALC] data_quality={'ta': 'sensor', 'rh': 'sensor', 'tg': 'sensor', 'tnwb': 'sensor', 'wbgt': 'calculated'}
[2026-07-29 03:42:22] [INFO    ] [main] [CLASSIFY] zone=Ladle-Metallurgy | wbgt=34.3 | risk=DANGER | action=Halt heavy work, mandatory rest, evacuate
[2026-07-29 03:42:22] [WARNING ] [main] [DANGER ALERT] zone=Ladle-Metallurgy | wbgt=34.3 | Halt heavy work, mandatory rest, evacuate
[2026-07-29 03:42:22] [INFO    ] [main] [DB] zone=Ladle-Metallurgy | db_id=95 | saved OK
[2026-07-29 03:42:22] [INFO    ] [main] [READING] zone=Furnace-1 | timestamp=2026-07-26T18:00:00
[2026-07-29 03:42:22] [DEBUG   ] [main] [READING] raw={"timestamp": "2026-07-26T18:00:00", "factory": "Tata Steel", "zone": "Furnace-1", "temperature_unit": "celsius", "temperature": 68.5, "humidity": 35.6, "globe_temperature": 54.8, "wet_bulb_temperatur
[2026-07-29 03:42:22] [DEBUG   ] [main] [VALIDATE] zone=Furnace-1 | condition=None | missing=[] | flags=[]
[2026-07-29 03:42:22] [DEBUG   ] [main] [FAULT] zone=Furnace-1 | timestamp=2026-07-26T18:00:00 | reason=SENSOR_FAULT: globe_temp_c=54.8 is less than air_temp_c=68.5.
[2026-07-29 03:42:22] [INFO    ] [main] [READING] zone=EAF-Bay | timestamp=2026-07-26T19:00:00
[2026-07-29 03:42:22] [DEBUG   ] [main] [READING] raw={"timestamp": "2026-07-26T19:00:00", "factory": "JSPL", "zone": "EAF-Bay", "temperature_unit": "celsius", "temperature": 37.9, "humidity": 40.0, "globe_temperature": 0, "wet_bulb_temperature": 27.2}
[2026-07-29 03:42:22] [DEBUG   ] [main] [VALIDATE] zone=EAF-Bay | condition=None | missing=[] | flags=[]
[2026-07-29 03:42:22] [DEBUG   ] [main] [FAULT] zone=EAF-Bay | timestamp=2026-07-26T19:00:00 | reason=SENSOR_FAULT: globe_temp_c=0.0 is less than air_temp_c=37.9.
[2026-07-29 03:42:22] [INFO    ] [main] [READING] zone=Continuous-Casting | timestamp=2026-07-26T20:00:00
[2026-07-29 03:42:22] [DEBUG   ] [main] [READING] raw={"timestamp": "2026-07-26T20:00:00", "factory": "Ganesh Alloys", "zone": "Continuous-Casting", "temperature_unit": "celsius", "temperature": 30.8, "humidity": 0, "globe_temperature": 0, "wet_bulb_temp
[2026-07-29 03:42:22] [DEBUG   ] [main] [VALIDATE] zone=Continuous-Casting | condition=None | missing=[] | flags=[]
[2026-07-29 03:42:22] [DEBUG   ] [main] [FAULT] zone=Continuous-Casting | timestamp=2026-07-26T20:00:00 | reason=SENSOR_FAULT: globe_temp_c=0.0 is less than air_temp_c=30.8.
[2026-07-29 03:42:22] [INFO    ] [main] [READING] zone=Warehouse | timestamp=2026-07-26T21:00:00
[2026-07-29 03:42:22] [DEBUG   ] [main] [READING] raw={"timestamp": "2026-07-26T21:00:00", "factory": "SAIL", "zone": "Warehouse", "temperature_unit": "celsius", "temperature": 25.6, "humidity": 0, "globe_temperature": 26.6, "wet_bulb_temperature": 18.5}
[2026-07-29 03:42:22] [DEBUG   ] [main] [VALIDATE] zone=Warehouse | condition=ALL_DATA | missing=[] | flags=[]
[2026-07-29 03:42:22] [DEBUG   ] [urllib3.connectionpool] Starting new HTTPS connection (1): api.openweathermap.org:443
[2026-07-29 03:42:23] [DEBUG   ] [urllib3.connectionpool] https://api.openweathermap.org:443 "GET /data/2.5/weather?lat=12.9716&lon=77.5946&appid=88f2329e130bf480c72cfc84306978a1&units=metric HTTP/1.1" 200 525
[2026-07-29 03:42:23] [INFO    ] [main] [CALC] zone=Warehouse | ta=25.6 | rh=67.38 | tg=26.6 | tnwb=18.5 | wbgt=20.93
[2026-07-29 03:42:23] [DEBUG   ] [main] [CALC] data_quality={'ta': 'sensor', 'rh': 'estimated', 'tg': 'sensor', 'tnwb': 'sensor', 'wbgt': 'calculated'}
[2026-07-29 03:42:23] [INFO    ] [main] [CLASSIFY] zone=Warehouse | wbgt=20.93 | risk=SAFE | action=Normal work, no restrictions
[2026-07-29 03:42:23] [INFO    ] [main] [DB] zone=Warehouse | db_id=96 | saved OK
[2026-07-29 03:42:23] [INFO    ] [main] [READING] zone=Annealing-Line | timestamp=2026-07-26T22:00:00
[2026-07-29 03:42:23] [DEBUG   ] [main] [READING] raw={"timestamp": "2026-07-26T22:00:00", "factory": "SAIL", "zone": "Annealing-Line", "temperature_unit": "celsius", "temperature": 25.2, "humidity": 58.8, "globe_temperature": 28.2, "wet_bulb_temperature
[2026-07-29 03:42:23] [DEBUG   ] [main] [VALIDATE] zone=Annealing-Line | condition=ALL_DATA | missing=[] | flags=[]
[2026-07-29 03:42:23] [INFO    ] [main] [CALC] zone=Annealing-Line | ta=25.2 | rh=58.8 | tg=28.2 | tnwb=19.4 | wbgt=22.04
[2026-07-29 03:42:23] [DEBUG   ] [main] [CALC] data_quality={'ta': 'sensor', 'rh': 'sensor', 'tg': 'sensor', 'tnwb': 'sensor', 'wbgt': 'calculated'}
[2026-07-29 03:42:23] [INFO    ] [main] [CLASSIFY] zone=Annealing-Line | wbgt=22.04 | risk=SAFE | action=Normal work, no restrictions
[2026-07-29 03:42:23] [INFO    ] [main] [DB] zone=Annealing-Line | db_id=97 | saved OK
[2026-07-29 03:42:23] [INFO    ] [main] [READING] zone=Ladle-Metallurgy | timestamp=2026-07-26T23:00:00
[2026-07-29 03:42:23] [DEBUG   ] [main] [READING] raw={"timestamp": "2026-07-26T23:00:00", "factory": "Vedanta", "zone": "Ladle-Metallurgy", "temperature_unit": "celsius", "temperature": 32.2, "humidity": 47.6, "globe_temperature": 47.4, "wet_bulb_temper
[2026-07-29 03:42:23] [DEBUG   ] [main] [VALIDATE] zone=Ladle-Metallurgy | condition=ALL_DATA | missing=[] | flags=[]
[2026-07-29 03:42:23] [INFO    ] [main] [CALC] zone=Ladle-Metallurgy | ta=32.2 | rh=47.6 | tg=47.4 | tnwb=23.9 | wbgt=30.95
[2026-07-29 03:42:23] [DEBUG   ] [main] [CALC] data_quality={'ta': 'sensor', 'rh': 'sensor', 'tg': 'sensor', 'tnwb': 'sensor', 'wbgt': 'calculated'}
[2026-07-29 03:42:23] [INFO    ] [main] [CLASSIFY] zone=Ladle-Metallurgy | wbgt=30.95 | risk=WARNING | action=Enforce work/rest cycles (50 min work, 10 min rest)
[2026-07-29 03:42:23] [WARNING ] [main] [WARNING ALERT] zone=Ladle-Metallurgy | wbgt=30.95 | Enforce work/rest cycles (50 min work, 10 min rest)
[2026-07-29 03:42:23] [INFO    ] [main] [DB] zone=Ladle-Metallurgy | db_id=98 | saved OK
[2026-07-29 03:42:23] [INFO    ] [main] [READING] zone=Continuous-Casting | timestamp=2026-07-27T00:00:00
[2026-07-29 03:42:23] [DEBUG   ] [main] [READING] raw={"timestamp": "2026-07-27T00:00:00", "factory": "JSPL", "zone": "Continuous-Casting", "temperature_unit": "celsius", "temperature": 27.0, "humidity": 0, "globe_temperature": 42.3, "wet_bulb_temperatur
[2026-07-29 03:42:23] [DEBUG   ] [main] [VALIDATE] zone=Continuous-Casting | condition=ALL_DATA | missing=[] | flags=[]
[2026-07-29 03:42:23] [DEBUG   ] [urllib3.connectionpool] Starting new HTTPS connection (1): api.openweathermap.org:443
[2026-07-29 03:42:23] [DEBUG   ] [urllib3.connectionpool] https://api.openweathermap.org:443 "GET /data/2.5/weather?lat=12.9716&lon=77.5946&appid=88f2329e130bf480c72cfc84306978a1&units=metric HTTP/1.1" 200 525
[2026-07-29 03:42:23] [INFO    ] [main] [CALC] zone=Continuous-Casting | ta=27.0 | rh=62.03 | tg=42.3 | tnwb=20.5 | wbgt=27.04
[2026-07-29 03:42:23] [DEBUG   ] [main] [CALC] data_quality={'ta': 'sensor', 'rh': 'estimated', 'tg': 'sensor', 'tnwb': 'sensor', 'wbgt': 'calculated'}
[2026-07-29 03:42:23] [INFO    ] [main] [CLASSIFY] zone=Continuous-Casting | wbgt=27.04 | risk=CAUTION | action=Increase water breaks
[2026-07-29 03:42:23] [INFO    ] [main] [DB] zone=Continuous-Casting | db_id=99 | saved OK
[2026-07-29 03:42:23] [INFO    ] [main] [READING] zone=Rolling-Mill | timestamp=2026-07-27T01:00:00
[2026-07-29 03:42:23] [DEBUG   ] [main] [READING] raw={"timestamp": "2026-07-27T01:00:00", "factory": "JSPL", "zone": "Rolling-Mill", "temperature_unit": "celsius", "temperature": 25.8, "humidity": 46.2, "globe_temperature": 32.3, "wet_bulb_temperature":
[2026-07-29 03:42:23] [DEBUG   ] [main] [VALIDATE] zone=Rolling-Mill | condition=ALL_DATA | missing=[] | flags=[]
[2026-07-29 03:42:23] [INFO    ] [main] [CALC] zone=Rolling-Mill | ta=25.8 | rh=46.2 | tg=32.3 | tnwb=18.2 | wbgt=22.43
[2026-07-29 03:42:23] [DEBUG   ] [main] [CALC] data_quality={'ta': 'sensor', 'rh': 'sensor', 'tg': 'sensor', 'tnwb': 'sensor', 'wbgt': 'calculated'}
[2026-07-29 03:42:23] [INFO    ] [main] [CLASSIFY] zone=Rolling-Mill | wbgt=22.43 | risk=SAFE | action=Normal work, no restrictions
[2026-07-29 03:42:23] [INFO    ] [main] [DB] zone=Rolling-Mill | db_id=100 | saved OK
[2026-07-29 03:42:23] [INFO    ] [main] [READING] zone=Fabrication-Shop | timestamp=2026-07-27T02:00:00
[2026-07-29 03:42:23] [DEBUG   ] [main] [READING] raw={"timestamp": "2026-07-27T02:00:00", "factory": "Tata Steel", "zone": "Fabrication-Shop", "temperature_unit": "celsius", "temperature": 23.5, "humidity": 64.1, "globe_temperature": 25.6, "wet_bulb_tem
[2026-07-29 03:42:23] [DEBUG   ] [main] [VALIDATE] zone=Fabrication-Shop | condition=ALL_DATA | missing=[] | flags=[]
[2026-07-29 03:42:23] [INFO    ] [main] [CALC] zone=Fabrication-Shop | ta=23.5 | rh=64.1 | tg=25.6 | tnwb=18.6 | wbgt=20.7
[2026-07-29 03:42:23] [DEBUG   ] [main] [CALC] data_quality={'ta': 'sensor', 'rh': 'sensor', 'tg': 'sensor', 'tnwb': 'sensor', 'wbgt': 'calculated'}
[2026-07-29 03:42:23] [INFO    ] [main] [CLASSIFY] zone=Fabrication-Shop | wbgt=20.7 | risk=SAFE | action=Normal work, no restrictions
[2026-07-29 03:42:23] [INFO    ] [main] [DB] zone=Fabrication-Shop | db_id=101 | saved OK
[2026-07-29 03:42:23] [INFO    ] [main] [READING] zone=Furnace-1 | timestamp=2026-07-27T03:00:00
[2026-07-29 03:42:23] [DEBUG   ] [main] [READING] raw={"timestamp": "2026-07-27T03:00:00", "factory": "Tata Steel", "zone": "Furnace-1", "temperature_unit": "celsius", "temperature": 36.9, "humidity": 39.5, "globe_temperature": 52.3, "wet_bulb_temperatur
[2026-07-29 03:42:23] [DEBUG   ] [main] [VALIDATE] zone=Furnace-1 | condition=ALL_DATA | missing=[] | flags=[]
[2026-07-29 03:42:23] [INFO    ] [main] [CALC] zone=Furnace-1 | ta=36.9 | rh=39.5 | tg=52.3 | tnwb=25.9433 | wbgt=33.8503
[2026-07-29 03:42:23] [DEBUG   ] [main] [CALC] data_quality={'ta': 'sensor', 'rh': 'sensor', 'tg': 'sensor', 'tnwb': 'calculated', 'wbgt': 'calculated'}
[2026-07-29 03:42:23] [INFO    ] [main] [CLASSIFY] zone=Furnace-1 | wbgt=33.8503 | risk=DANGER | action=Halt heavy work, mandatory rest, evacuate
[2026-07-29 03:42:23] [WARNING ] [main] [DANGER ALERT] zone=Furnace-1 | wbgt=33.8503 | Halt heavy work, mandatory rest, evacuate
[2026-07-29 03:42:23] [INFO    ] [main] [DB] zone=Furnace-1 | db_id=102 | saved OK
[2026-07-29 03:42:23] [INFO    ] [main] [READING] zone=Loading-Dock | timestamp=2026-07-27T04:00:00
[2026-07-29 03:42:23] [DEBUG   ] [main] [READING] raw={"timestamp": "2026-07-27T04:00:00", "factory": "Ganesh Alloys", "zone": "Loading-Dock", "temperature_unit": "celsius", "temperature": 28.5, "humidity": 72.3, "globe_temperature": 30.0, "wet_bulb_temp
[2026-07-29 03:42:23] [DEBUG   ] [main] [VALIDATE] zone=Loading-Dock | condition=ALL_DATA | missing=[] | flags=[]
[2026-07-29 03:42:23] [INFO    ] [main] [CALC] zone=Loading-Dock | ta=28.5 | rh=72.3 | tg=30.0 | tnwb=24.5457 | wbgt=26.182
[2026-07-29 03:42:23] [DEBUG   ] [main] [CALC] data_quality={'ta': 'sensor', 'rh': 'sensor', 'tg': 'sensor', 'tnwb': 'calculated', 'wbgt': 'calculated'}
[2026-07-29 03:42:23] [INFO    ] [main] [CLASSIFY] zone=Loading-Dock | wbgt=26.182 | risk=SAFE | action=Normal work, no restrictions
[2026-07-29 03:42:23] [INFO    ] [main] [DB] zone=Loading-Dock | db_id=103 | saved OK
[2026-07-29 03:42:23] [INFO    ] [main] [READING] zone=EAF-Bay | timestamp=2026-07-27T05:00:00
[2026-07-29 03:42:23] [DEBUG   ] [main] [READING] raw={"timestamp": "2026-07-27T05:00:00", "factory": "Ganesh Alloys", "zone": "EAF-Bay", "temperature_unit": "celsius", "temperature": 50.0, "humidity": 47.9, "globe_temperature": 77.3, "wet_bulb_temperatu
[2026-07-29 03:42:23] [DEBUG   ] [main] [VALIDATE] zone=EAF-Bay | condition=ALL_DATA | missing=[] | flags=[]
[2026-07-29 03:42:23] [INFO    ] [main] [CALC] zone=EAF-Bay | ta=50.0 | rh=47.9 | tg=77.3 | tnwb=38.7 | wbgt=50.28
[2026-07-29 03:42:23] [DEBUG   ] [main] [CALC] data_quality={'ta': 'sensor', 'rh': 'sensor', 'tg': 'sensor', 'tnwb': 'sensor', 'wbgt': 'calculated'}
[2026-07-29 03:42:23] [INFO    ] [main] [CLASSIFY] zone=EAF-Bay | wbgt=50.28 | risk=DANGER | action=Halt heavy work, mandatory rest, evacuate
[2026-07-29 03:42:23] [WARNING ] [main] [DANGER ALERT] zone=EAF-Bay | wbgt=50.28 | Halt heavy work, mandatory rest, evacuate
[2026-07-29 03:42:23] [INFO    ] [main] [DB] zone=EAF-Bay | db_id=104 | saved OK
[2026-07-29 03:42:23] [INFO    ] [main] [READING] zone=Furnace-2 | timestamp=2026-07-27T06:00:00
[2026-07-29 03:42:23] [DEBUG   ] [main] [READING] raw={"timestamp": "2026-07-27T06:00:00", "factory": "Vedanta", "zone": "Furnace-2", "temperature_unit": "celsius", "temperature": 35.9, "humidity": 0, "globe_temperature": 51.4, "wet_bulb_temperature": 27
[2026-07-29 03:42:23] [DEBUG   ] [main] [VALIDATE] zone=Furnace-2 | condition=ALL_DATA | missing=[] | flags=[]
[2026-07-29 03:42:23] [DEBUG   ] [urllib3.connectionpool] Starting new HTTPS connection (1): api.openweathermap.org:443
[2026-07-29 03:42:24] [DEBUG   ] [urllib3.connectionpool] https://api.openweathermap.org:443 "GET /data/2.5/weather?lat=12.9716&lon=77.5946&appid=88f2329e130bf480c72cfc84306978a1&units=metric HTTP/1.1" 200 525
[2026-07-29 03:42:24] [INFO    ] [main] [CALC] zone=Furnace-2 | ta=35.9 | rh=37.37 | tg=51.4 | tnwb=27.5 | wbgt=34.67
[2026-07-29 03:42:24] [DEBUG   ] [main] [CALC] data_quality={'ta': 'sensor', 'rh': 'estimated', 'tg': 'sensor', 'tnwb': 'sensor', 'wbgt': 'calculated'}
[2026-07-29 03:42:24] [INFO    ] [main] [CLASSIFY] zone=Furnace-2 | wbgt=34.67 | risk=DANGER | action=Halt heavy work, mandatory rest, evacuate
[2026-07-29 03:42:24] [WARNING ] [main] [DANGER ALERT] zone=Furnace-2 | wbgt=34.67 | Halt heavy work, mandatory rest, evacuate
[2026-07-29 03:42:24] [INFO    ] [main] [DB] zone=Furnace-2 | db_id=105 | saved OK
[2026-07-29 03:42:24] [INFO    ] [main] [READING] zone=Annealing-Line | timestamp=2026-07-27T07:00:00
[2026-07-29 03:42:24] [DEBUG   ] [main] [READING] raw={"timestamp": "2026-07-27T07:00:00", "factory": "Shree Metal Works", "zone": "Annealing-Line", "temperature_unit": "celsius", "temperature": 30.6, "humidity": 0, "globe_temperature": 0, "wet_bulb_temp
[2026-07-29 03:42:24] [DEBUG   ] [main] [VALIDATE] zone=Annealing-Line | condition=None | missing=[] | flags=[]
[2026-07-29 03:42:24] [DEBUG   ] [main] [FAULT] zone=Annealing-Line | timestamp=2026-07-27T07:00:00 | reason=SENSOR_FAULT: globe_temp_c=0.0 is less than air_temp_c=30.6.
[2026-07-29 03:42:24] [INFO    ] [main] [READING] zone=Warehouse | timestamp=2026-07-27T08:00:00
[2026-07-29 03:42:24] [DEBUG   ] [main] [READING] raw={"timestamp": "2026-07-27T08:00:00", "factory": "JSPL", "zone": "Warehouse", "temperature_unit": "celsius", "temperature": 27.5, "humidity": 53.7, "globe_temperature": 28.0, "wet_bulb_temperature": 20
[2026-07-29 03:42:24] [DEBUG   ] [main] [VALIDATE] zone=Warehouse | condition=ALL_DATA | missing=[] | flags=[]
[2026-07-29 03:42:24] [INFO    ] [main] [CALC] zone=Warehouse | ta=27.5 | rh=53.7 | tg=28.0 | tnwb=20.5 | wbgt=22.75
[2026-07-29 03:42:24] [DEBUG   ] [main] [CALC] data_quality={'ta': 'sensor', 'rh': 'sensor', 'tg': 'sensor', 'tnwb': 'sensor', 'wbgt': 'calculated'}
[2026-07-29 03:42:24] [INFO    ] [main] [CLASSIFY] zone=Warehouse | wbgt=22.75 | risk=SAFE | action=Normal work, no restrictions
[2026-07-29 03:42:24] [INFO    ] [main] [DB] zone=Warehouse | db_id=106 | saved OK
[2026-07-29 03:42:24] [INFO    ] [main] [READING] zone=Fabrication-Shop | timestamp=2026-07-27T09:00:00
[2026-07-29 03:42:24] [DEBUG   ] [main] [READING] raw={"timestamp": "2026-07-27T09:00:00", "factory": "Shree Metal Works", "zone": "Fabrication-Shop", "temperature_unit": "celsius", "temperature": 29.0, "humidity": 53.7, "globe_temperature": 30.7, "wet_b
[2026-07-29 03:42:24] [DEBUG   ] [main] [VALIDATE] zone=Fabrication-Shop | condition=ALL_DATA | missing=[] | flags=[]
[2026-07-29 03:42:24] [INFO    ] [main] [CALC] zone=Fabrication-Shop | ta=29.0 | rh=53.7 | tg=30.7 | tnwb=22.3 | wbgt=24.82
[2026-07-29 03:42:24] [DEBUG   ] [main] [CALC] data_quality={'ta': 'sensor', 'rh': 'sensor', 'tg': 'sensor', 'tnwb': 'sensor', 'wbgt': 'calculated'}
[2026-07-29 03:42:24] [INFO    ] [main] [CLASSIFY] zone=Fabrication-Shop | wbgt=24.82 | risk=SAFE | action=Normal work, no restrictions
[2026-07-29 03:42:24] [INFO    ] [main] [DB] zone=Fabrication-Shop | db_id=107 | saved OK
[2026-07-29 03:42:24] [INFO    ] [main] [READING] zone=Loading-Dock | timestamp=2026-07-27T10:00:00
[2026-07-29 03:42:24] [DEBUG   ] [main] [READING] raw={"timestamp": "2026-07-27T10:00:00", "factory": "JSW Steel", "zone": "Loading-Dock", "temperature_unit": "celsius", "temperature": 36.0, "humidity": 42.7, "globe_temperature": 38.0, "wet_bulb_temperat
[2026-07-29 03:42:24] [DEBUG   ] [main] [VALIDATE] zone=Loading-Dock | condition=ALL_DATA | missing=[] | flags=[]
[2026-07-29 03:42:24] [INFO    ] [main] [CALC] zone=Loading-Dock | ta=36.0 | rh=42.7 | tg=38.0 | tnwb=26.2 | wbgt=29.74
[2026-07-29 03:42:24] [DEBUG   ] [main] [CALC] data_quality={'ta': 'sensor', 'rh': 'sensor', 'tg': 'sensor', 'tnwb': 'sensor', 'wbgt': 'calculated'}
[2026-07-29 03:42:24] [INFO    ] [main] [CLASSIFY] zone=Loading-Dock | wbgt=29.74 | risk=WARNING | action=Enforce work/rest cycles (50 min work, 10 min rest)
[2026-07-29 03:42:24] [WARNING ] [main] [WARNING ALERT] zone=Loading-Dock | wbgt=29.74 | Enforce work/rest cycles (50 min work, 10 min rest)
[2026-07-29 03:42:24] [INFO    ] [main] [DB] zone=Loading-Dock | db_id=108 | saved OK
[2026-07-29 03:42:24] [INFO    ] [main] [READING] zone=Continuous-Casting | timestamp=2026-07-27T11:00:00
[2026-07-29 03:42:24] [DEBUG   ] [main] [READING] raw={"timestamp": "2026-07-27T11:00:00", "factory": "JSW Steel", "zone": "Continuous-Casting", "temperature_unit": "celsius", "temperature": 33.3, "humidity": 0, "globe_temperature": 48.0, "wet_bulb_tempe
[2026-07-29 03:42:24] [DEBUG   ] [main] [VALIDATE] zone=Continuous-Casting | condition=ALL_DATA | missing=[] | flags=[]
[2026-07-29 03:42:24] [DEBUG   ] [urllib3.connectionpool] Starting new HTTPS connection (1): api.openweathermap.org:443
[2026-07-29 03:42:24] [DEBUG   ] [urllib3.connectionpool] https://api.openweathermap.org:443 "GET /data/2.5/weather?lat=12.9716&lon=77.5946&appid=88f2329e130bf480c72cfc84306978a1&units=metric HTTP/1.1" 200 525
[2026-07-29 03:42:24] [INFO    ] [main] [CALC] zone=Continuous-Casting | ta=33.3 | rh=43.19 | tg=48.0 | tnwb=23.2 | wbgt=30.64
[2026-07-29 03:42:24] [DEBUG   ] [main] [CALC] data_quality={'ta': 'sensor', 'rh': 'estimated', 'tg': 'sensor', 'tnwb': 'sensor', 'wbgt': 'calculated'}
[2026-07-29 03:42:24] [INFO    ] [main] [CLASSIFY] zone=Continuous-Casting | wbgt=30.64 | risk=WARNING | action=Enforce work/rest cycles (50 min work, 10 min rest)
[2026-07-29 03:42:24] [WARNING ] [main] [WARNING ALERT] zone=Continuous-Casting | wbgt=30.64 | Enforce work/rest cycles (50 min work, 10 min rest)
[2026-07-29 03:42:24] [INFO    ] [main] [DB] zone=Continuous-Casting | db_id=109 | saved OK
[2026-07-29 03:42:24] [INFO    ] [main] [READING] zone=EAF-Bay | timestamp=2026-07-27T12:00:00
[2026-07-29 03:42:24] [DEBUG   ] [main] [READING] raw={"timestamp": "2026-07-27T12:00:00", "factory": "Shree Metal Works", "zone": "EAF-Bay", "temperature_unit": "celsius", "temperature": 39.9, "humidity": 31.2, "globe_temperature": 59.1, "wet_bulb_tempe
[2026-07-29 03:42:24] [DEBUG   ] [main] [VALIDATE] zone=EAF-Bay | condition=ALL_DATA | missing=[] | flags=[]
[2026-07-29 03:42:24] [INFO    ] [main] [CALC] zone=EAF-Bay | ta=39.9 | rh=31.2 | tg=59.1 | tnwb=26.7 | wbgt=36.42
[2026-07-29 03:42:24] [DEBUG   ] [main] [CALC] data_quality={'ta': 'sensor', 'rh': 'sensor', 'tg': 'sensor', 'tnwb': 'sensor', 'wbgt': 'calculated'}
[2026-07-29 03:42:24] [INFO    ] [main] [CLASSIFY] zone=EAF-Bay | wbgt=36.42 | risk=DANGER | action=Halt heavy work, mandatory rest, evacuate
[2026-07-29 03:42:24] [WARNING ] [main] [DANGER ALERT] zone=EAF-Bay | wbgt=36.42 | Halt heavy work, mandatory rest, evacuate
[2026-07-29 03:42:24] [INFO    ] [main] [DB] zone=EAF-Bay | db_id=110 | saved OK
[2026-07-29 03:42:24] [INFO    ] [main] [READING] zone=Rolling-Mill | timestamp=2026-07-27T13:00:00
[2026-07-29 03:42:24] [DEBUG   ] [main] [READING] raw={"timestamp": "2026-07-27T13:00:00", "factory": "Vedanta", "zone": "Rolling-Mill", "temperature_unit": "celsius", "temperature": 36.2, "humidity": 41.0, "globe_temperature": 0, "wet_bulb_temperature":
[2026-07-29 03:42:24] [DEBUG   ] [main] [VALIDATE] zone=Rolling-Mill | condition=None | missing=[] | flags=[]
[2026-07-29 03:42:24] [DEBUG   ] [main] [FAULT] zone=Rolling-Mill | timestamp=2026-07-27T13:00:00 | reason=SENSOR_FAULT: globe_temp_c=0.0 is less than air_temp_c=36.2.
[2026-07-29 03:42:24] [INFO    ] [main] [READING] zone=Ladle-Metallurgy | timestamp=2026-07-27T14:00:00
[2026-07-29 03:42:24] [DEBUG   ] [main] [READING] raw={"timestamp": "2026-07-27T14:00:00", "factory": "Ganesh Alloys", "zone": "Ladle-Metallurgy", "temperature_unit": "celsius", "temperature": 36.4, "humidity": 36.3, "globe_temperature": 52.2, "wet_bulb_
[2026-07-29 03:42:24] [DEBUG   ] [main] [VALIDATE] zone=Ladle-Metallurgy | condition=ALL_DATA | missing=[] | flags=[]
[2026-07-29 03:42:24] [INFO    ] [main] [CALC] zone=Ladle-Metallurgy | ta=36.4 | rh=36.3 | tg=52.2 | tnwb=24.6 | wbgt=32.88
[2026-07-29 03:42:24] [DEBUG   ] [main] [CALC] data_quality={'ta': 'sensor', 'rh': 'sensor', 'tg': 'sensor', 'tnwb': 'sensor', 'wbgt': 'calculated'}
[2026-07-29 03:42:24] [INFO    ] [main] [CLASSIFY] zone=Ladle-Metallurgy | wbgt=32.88 | risk=DANGER | action=Halt heavy work, mandatory rest, evacuate
[2026-07-29 03:42:24] [WARNING ] [main] [DANGER ALERT] zone=Ladle-Metallurgy | wbgt=32.88 | Halt heavy work, mandatory rest, evacuate
[2026-07-29 03:42:24] [INFO    ] [main] [DB] zone=Ladle-Metallurgy | db_id=111 | saved OK
[2026-07-29 03:42:24] [INFO    ] [main] [READING] zone=Furnace-1 | timestamp=2026-07-27T15:00:00
[2026-07-29 03:42:24] [DEBUG   ] [main] [READING] raw={"timestamp": "2026-07-27T15:00:00", "factory": "Shree Metal Works", "zone": "Furnace-1", "temperature_unit": "celsius", "temperature": 40.3, "humidity": 46.4, "globe_temperature": 58.5, "wet_bulb_tem
[2026-07-29 03:42:24] [DEBUG   ] [main] [VALIDATE] zone=Furnace-1 | condition=ALL_DATA | missing=[] | flags=[]
[2026-07-29 03:42:24] [INFO    ] [main] [CALC] zone=Furnace-1 | ta=40.3 | rh=46.4 | tg=58.5 | tnwb=30.6 | wbgt=38.97
[2026-07-29 03:42:24] [DEBUG   ] [main] [CALC] data_quality={'ta': 'sensor', 'rh': 'sensor', 'tg': 'sensor', 'tnwb': 'sensor', 'wbgt': 'calculated'}
[2026-07-29 03:42:24] [INFO    ] [main] [CLASSIFY] zone=Furnace-1 | wbgt=38.97 | risk=DANGER | action=Halt heavy work, mandatory rest, evacuate
[2026-07-29 03:42:24] [WARNING ] [main] [DANGER ALERT] zone=Furnace-1 | wbgt=38.97 | Halt heavy work, mandatory rest, evacuate
[2026-07-29 03:42:24] [INFO    ] [main] [DB] zone=Furnace-1 | db_id=112 | saved OK
[2026-07-29 03:42:24] [INFO    ] [main] [READING] zone=EAF-Bay | timestamp=2026-07-27T16:00:00
[2026-07-29 03:42:24] [DEBUG   ] [main] [READING] raw={"timestamp": "2026-07-27T16:00:00", "factory": "JSPL", "zone": "EAF-Bay", "temperature_unit": "celsius", "temperature": 44.8, "humidity": 86.9, "globe_temperature": 70.1, "wet_bulb_temperature": 42.5
[2026-07-29 03:42:24] [DEBUG   ] [main] [VALIDATE] zone=EAF-Bay | condition=ALL_DATA | missing=[] | flags=[]
[2026-07-29 03:42:24] [INFO    ] [main] [CALC] zone=EAF-Bay | ta=44.8 | rh=86.9 | tg=70.1 | tnwb=42.5 | wbgt=50.78
[2026-07-29 03:42:24] [DEBUG   ] [main] [CALC] data_quality={'ta': 'sensor', 'rh': 'sensor', 'tg': 'sensor', 'tnwb': 'sensor', 'wbgt': 'calculated'}
[2026-07-29 03:42:24] [INFO    ] [main] [CLASSIFY] zone=EAF-Bay | wbgt=50.78 | risk=DANGER | action=Halt heavy work, mandatory rest, evacuate
[2026-07-29 03:42:24] [WARNING ] [main] [DANGER ALERT] zone=EAF-Bay | wbgt=50.78 | Halt heavy work, mandatory rest, evacuate
[2026-07-29 03:42:24] [INFO    ] [main] [DB] zone=EAF-Bay | db_id=113 | saved OK
[2026-07-29 03:42:24] [INFO    ] [main] [READING] zone=Furnace-2 | timestamp=2026-07-27T17:00:00
[2026-07-29 03:42:24] [DEBUG   ] [main] [READING] raw={"timestamp": "2026-07-27T17:00:00", "factory": "Shree Metal Works", "zone": "Furnace-2", "temperature_unit": "celsius", "temperature": 45.6, "humidity": 87.2, "globe_temperature": 68.4, "wet_bulb_tem
[2026-07-29 03:42:24] [DEBUG   ] [main] [VALIDATE] zone=Furnace-2 | condition=ALL_DATA | missing=[] | flags=[]
[2026-07-29 03:42:24] [INFO    ] [main] [CALC] zone=Furnace-2 | ta=45.6 | rh=87.2 | tg=68.4 | tnwb=43.2 | wbgt=50.76
[2026-07-29 03:42:24] [DEBUG   ] [main] [CALC] data_quality={'ta': 'sensor', 'rh': 'sensor', 'tg': 'sensor', 'tnwb': 'sensor', 'wbgt': 'calculated'}
[2026-07-29 03:42:24] [INFO    ] [main] [CLASSIFY] zone=Furnace-2 | wbgt=50.76 | risk=DANGER | action=Halt heavy work, mandatory rest, evacuate
[2026-07-29 03:42:24] [WARNING ] [main] [DANGER ALERT] zone=Furnace-2 | wbgt=50.76 | Halt heavy work, mandatory rest, evacuate
[2026-07-29 03:42:24] [INFO    ] [main] [DB] zone=Furnace-2 | db_id=114 | saved OK
[2026-07-29 03:42:24] [INFO    ] [main] [READING] zone=Furnace-1 | timestamp=2026-07-27T18:00:00
[2026-07-29 03:42:24] [DEBUG   ] [main] [READING] raw={"timestamp": "2026-07-27T18:00:00", "factory": "JSPL", "zone": "Furnace-1", "temperature_unit": "celsius", "temperature": 45.1, "humidity": 87.9, "globe_temperature": 65.4, "wet_bulb_temperature": 43
[2026-07-29 03:42:24] [DEBUG   ] [main] [VALIDATE] zone=Furnace-1 | condition=ALL_DATA | missing=[] | flags=[]
[2026-07-29 03:42:24] [INFO    ] [main] [CALC] zone=Furnace-1 | ta=45.1 | rh=87.9 | tg=65.4 | tnwb=43.3 | wbgt=49.93
[2026-07-29 03:42:24] [DEBUG   ] [main] [CALC] data_quality={'ta': 'sensor', 'rh': 'sensor', 'tg': 'sensor', 'tnwb': 'sensor', 'wbgt': 'calculated'}
[2026-07-29 03:42:24] [INFO    ] [main] [CLASSIFY] zone=Furnace-1 | wbgt=49.93 | risk=DANGER | action=Halt heavy work, mandatory rest, evacuate
[2026-07-29 03:42:24] [WARNING ] [main] [DANGER ALERT] zone=Furnace-1 | wbgt=49.93 | Halt heavy work, mandatory rest, evacuate
[2026-07-29 03:42:24] [INFO    ] [main] [DB] zone=Furnace-1 | db_id=115 | saved OK
[2026-07-29 03:42:24] [INFO    ] [main] [READING] zone=Furnace-1 | timestamp=2026-07-27T19:00:00
[2026-07-29 03:42:24] [DEBUG   ] [main] [READING] raw={"timestamp": "2026-07-27T19:00:00", "factory": "SAIL", "zone": "Furnace-1", "temperature_unit": "celsius", "temperature": 47.2, "humidity": 81.6, "globe_temperature": 69.6, "wet_bulb_temperature": 43
[2026-07-29 03:42:24] [DEBUG   ] [main] [VALIDATE] zone=Furnace-1 | condition=ALL_DATA | missing=[] | flags=[]
[2026-07-29 03:42:24] [INFO    ] [main] [CALC] zone=Furnace-1 | ta=47.2 | rh=81.6 | tg=69.6 | tnwb=43.9 | wbgt=51.61
[2026-07-29 03:42:24] [DEBUG   ] [main] [CALC] data_quality={'ta': 'sensor', 'rh': 'sensor', 'tg': 'sensor', 'tnwb': 'sensor', 'wbgt': 'calculated'}
[2026-07-29 03:42:24] [INFO    ] [main] [CLASSIFY] zone=Furnace-1 | wbgt=51.61 | risk=DANGER | action=Halt heavy work, mandatory rest, evacuate
[2026-07-29 03:42:24] [WARNING ] [main] [DANGER ALERT] zone=Furnace-1 | wbgt=51.61 | Halt heavy work, mandatory rest, evacuate
[2026-07-29 03:42:24] [INFO    ] [main] [DB] zone=Furnace-1 | db_id=116 | saved OK
[2026-07-29 03:42:24] [INFO    ] [main] [READING] zone=Loading-Dock | timestamp=2026-07-27T20:00:00
[2026-07-29 03:42:24] [DEBUG   ] [main] [READING] raw={"timestamp": "2026-07-27T20:00:00", "factory": "Vedanta", "zone": "Loading-Dock", "temperature_unit": "celsius", "temperature": 19.9, "humidity": 22.4, "globe_temperature": 19.9, "wet_bulb_temperatur
[2026-07-29 03:42:24] [DEBUG   ] [main] [VALIDATE] zone=Loading-Dock | condition=ALL_DATA | missing=[] | flags=[]
[2026-07-29 03:42:24] [INFO    ] [main] [CALC] zone=Loading-Dock | ta=19.9 | rh=22.4 | tg=19.9 | tnwb=9.7 | wbgt=12.76
[2026-07-29 03:42:24] [DEBUG   ] [main] [CALC] data_quality={'ta': 'sensor', 'rh': 'sensor', 'tg': 'sensor', 'tnwb': 'sensor', 'wbgt': 'calculated'}
[2026-07-29 03:42:24] [INFO    ] [main] [CLASSIFY] zone=Loading-Dock | wbgt=12.76 | risk=SAFE | action=Normal work, no restrictions
[2026-07-29 03:42:24] [INFO    ] [main] [DB] zone=Loading-Dock | db_id=117 | saved OK
[2026-07-29 03:42:24] [INFO    ] [main] [READING] zone=Loading-Dock | timestamp=2026-07-27T21:00:00
[2026-07-29 03:42:24] [DEBUG   ] [main] [READING] raw={"timestamp": "2026-07-27T21:00:00", "factory": "Ganesh Alloys", "zone": "Loading-Dock", "temperature_unit": "celsius", "temperature": 19.2, "humidity": 25.9, "globe_temperature": 18.4, "wet_bulb_temp
[2026-07-29 03:42:24] [DEBUG   ] [main] [VALIDATE] zone=Loading-Dock | condition=None | missing=[] | flags=[]
[2026-07-29 03:42:24] [DEBUG   ] [main] [FAULT] zone=Loading-Dock | timestamp=2026-07-27T21:00:00 | reason=SENSOR_FAULT: globe_temp_c=18.4 is less than air_temp_c=19.2.
[2026-07-29 03:42:24] [INFO    ] [main] [READING] zone=Warehouse | timestamp=2026-07-27T22:00:00
[2026-07-29 03:42:24] [DEBUG   ] [main] [READING] raw={"timestamp": "2026-07-27T22:00:00", "factory": "JSPL", "zone": "Warehouse", "temperature_unit": "celsius", "temperature": 18.2, "humidity": 19.8, "globe_temperature": 17.3, "wet_bulb_temperature": 7.
[2026-07-29 03:42:24] [DEBUG   ] [main] [VALIDATE] zone=Warehouse | condition=None | missing=[] | flags=[]
[2026-07-29 03:42:24] [DEBUG   ] [main] [FAULT] zone=Warehouse | timestamp=2026-07-27T22:00:00 | reason=SENSOR_FAULT: globe_temp_c=17.3 is less than air_temp_c=18.2.
[2026-07-29 03:42:24] [INFO    ] [main] [READING] zone=Loading-Dock | timestamp=2026-07-27T23:00:00
[2026-07-29 03:42:24] [DEBUG   ] [main] [READING] raw={"timestamp": "2026-07-27T23:00:00", "factory": "JSW Steel", "zone": "Loading-Dock", "temperature_unit": "celsius", "temperature": 18.4, "humidity": 21.4, "globe_temperature": 18.8, "wet_bulb_temperat
[2026-07-29 03:42:24] [DEBUG   ] [main] [VALIDATE] zone=Loading-Dock | condition=ALL_DATA | missing=[] | flags=[]
[2026-07-29 03:42:24] [INFO    ] [main] [CALC] zone=Loading-Dock | ta=18.4 | rh=21.4 | tg=18.8 | tnwb=8.2 | wbgt=11.38
[2026-07-29 03:42:24] [DEBUG   ] [main] [CALC] data_quality={'ta': 'sensor', 'rh': 'sensor', 'tg': 'sensor', 'tnwb': 'sensor', 'wbgt': 'calculated'}
[2026-07-29 03:42:24] [INFO    ] [main] [CLASSIFY] zone=Loading-Dock | wbgt=11.38 | risk=SAFE | action=Normal work, no restrictions
[2026-07-29 03:42:24] [INFO    ] [main] [DB] zone=Loading-Dock | db_id=118 | saved OK
[2026-07-29 03:42:24] [INFO    ] [report] [REPORT] Fetched 103 readings for window 2026-07-28T22:07:24.979982+00:00 → 2026-07-28T22:17:24.979982+00:00
[2026-07-29 03:42:24] [INFO    ] [report] [REPORT] Tab-separated CSV report written: ./reports\wbgt_report_20260728T221224Z.csv (103 rows)
[2026-07-29 03:54:08] [INFO    ] [root] ============================================================
[2026-07-29 03:54:08] [INFO    ] [root] WBGT Monitor logging started
[2026-07-29 03:54:08] [INFO    ] [root] Log file : C:\Users\Varsh\Desktop\updated_agis\logs\wbgt_monitor_20260729.log
[2026-07-29 03:54:08] [INFO    ] [root] ============================================================
[2026-07-29 03:54:08] [INFO    ] [main] [READING] zone=Furnace-1 | timestamp=2026-07-22T06:00:00
[2026-07-29 03:54:08] [DEBUG   ] [main] [READING] raw={"timestamp": "2026-07-22T06:00:00", "factory": "Shree Metal Works", "zone": "Furnace-1", "temperature_unit": "celsius", "temperature": 37.0, "humidity": 47.5, "globe_temperature": 52.7, "wet_bulb_tem
[2026-07-29 03:54:08] [DEBUG   ] [main] [VALIDATE] zone=Furnace-1 | condition=ALL_DATA | missing=[] | flags=[]
[2026-07-29 03:54:08] [INFO    ] [main] [CALC] zone=Furnace-1 | ta=37.0 | rh=47.5 | tg=52.7 | tnwb=28.0 | wbgt=35.41
[2026-07-29 03:54:08] [DEBUG   ] [main] [CALC] data_quality={'ta': 'sensor', 'rh': 'sensor', 'tg': 'sensor', 'tnwb': 'sensor', 'wbgt': 'calculated'}
[2026-07-29 03:54:08] [INFO    ] [main] [CLASSIFY] zone=Furnace-1 | wbgt=35.41 | risk=DANGER | action=Halt heavy work, mandatory rest, evacuate
[2026-07-29 03:54:08] [WARNING ] [main] [DANGER ALERT] zone=Furnace-1 | wbgt=35.41 | Halt heavy work, mandatory rest, evacuate
[2026-07-29 03:54:08] [INFO    ] [main] [DB] zone=Furnace-1 | db_id=1 | saved OK
[2026-07-29 03:54:08] [INFO    ] [main] [READING] zone=Fabrication-Shop | timestamp=2026-07-22T07:00:00
[2026-07-29 03:54:08] [DEBUG   ] [main] [READING] raw={"timestamp": "2026-07-22T07:00:00", "factory": "Tata Steel", "zone": "Fabrication-Shop", "temperature_unit": "celsius", "temperature": 24.4, "humidity": 54.1, "globe_temperature": 25.7, "wet_bulb_tem
[2026-07-29 03:54:08] [DEBUG   ] [main] [VALIDATE] zone=Fabrication-Shop | condition=ALL_DATA | missing=[] | flags=[]
[2026-07-29 03:54:08] [INFO    ] [main] [CALC] zone=Fabrication-Shop | ta=24.4 | rh=54.1 | tg=25.7 | tnwb=17.7 | wbgt=20.1
[2026-07-29 03:54:08] [DEBUG   ] [main] [CALC] data_quality={'ta': 'sensor', 'rh': 'sensor', 'tg': 'sensor', 'tnwb': 'sensor', 'wbgt': 'calculated'}
[2026-07-29 03:54:08] [INFO    ] [main] [CLASSIFY] zone=Fabrication-Shop | wbgt=20.1 | risk=SAFE | action=Normal work, no restrictions
[2026-07-29 03:54:08] [INFO    ] [main] [DB] zone=Fabrication-Shop | db_id=2 | saved OK
[2026-07-29 03:54:08] [INFO    ] [main] [READING] zone=EAF-Bay | timestamp=2026-07-22T08:00:00
[2026-07-29 03:54:08] [DEBUG   ] [main] [READING] raw={"timestamp": "2026-07-22T08:00:00", "factory": "JSW Steel", "zone": "EAF-Bay", "temperature_unit": "celsius", "temperature": 42.5, "humidity": 47.0, "globe_temperature": 63.9, "wet_bulb_temperature":
[2026-07-29 03:54:08] [DEBUG   ] [main] [VALIDATE] zone=EAF-Bay | condition=ALL_DATA | missing=[] | flags=[]
[2026-07-29 03:54:08] [INFO    ] [main] [CALC] zone=EAF-Bay | ta=42.5 | rh=47.0 | tg=63.9 | tnwb=32.6 | wbgt=41.99
[2026-07-29 03:54:08] [DEBUG   ] [main] [CALC] data_quality={'ta': 'sensor', 'rh': 'sensor', 'tg': 'sensor', 'tnwb': 'sensor', 'wbgt': 'calculated'}
[2026-07-29 03:54:08] [INFO    ] [main] [CLASSIFY] zone=EAF-Bay | wbgt=41.99 | risk=DANGER | action=Halt heavy work, mandatory rest, evacuate
[2026-07-29 03:54:08] [WARNING ] [main] [DANGER ALERT] zone=EAF-Bay | wbgt=41.99 | Halt heavy work, mandatory rest, evacuate
[2026-07-29 03:54:08] [INFO    ] [main] [DB] zone=EAF-Bay | db_id=3 | saved OK
[2026-07-29 03:54:08] [INFO    ] [main] [READING] zone=Loading-Dock | timestamp=2026-07-22T09:00:00
[2026-07-29 03:54:08] [DEBUG   ] [main] [READING] raw={"timestamp": "2026-07-22T09:00:00", "factory": "Tata Steel", "zone": "Loading-Dock", "temperature_unit": "celsius", "temperature": 35.0, "humidity": 68.5, "globe_temperature": 37.5, "wet_bulb_tempera
[2026-07-29 03:54:08] [DEBUG   ] [main] [VALIDATE] zone=Loading-Dock | condition=ALL_DATA | missing=[] | flags=[]
[2026-07-29 03:54:08] [INFO    ] [main] [CALC] zone=Loading-Dock | ta=35.0 | rh=68.5 | tg=37.5 | tnwb=29.6 | wbgt=31.97
[2026-07-29 03:54:08] [DEBUG   ] [main] [CALC] data_quality={'ta': 'sensor', 'rh': 'sensor', 'tg': 'sensor', 'tnwb': 'sensor', 'wbgt': 'calculated'}
[2026-07-29 03:54:08] [INFO    ] [main] [CLASSIFY] zone=Loading-Dock | wbgt=31.97 | risk=DANGER | action=Halt heavy work, mandatory rest, evacuate
[2026-07-29 03:54:08] [WARNING ] [main] [DANGER ALERT] zone=Loading-Dock | wbgt=31.97 | Halt heavy work, mandatory rest, evacuate
[2026-07-29 03:54:08] [INFO    ] [main] [DB] zone=Loading-Dock | db_id=4 | saved OK
[2026-07-29 03:54:08] [INFO    ] [main] [READING] zone=Rolling-Mill | timestamp=2026-07-22T10:00:00
[2026-07-29 03:54:08] [DEBUG   ] [main] [READING] raw={"timestamp": "2026-07-22T10:00:00", "factory": "Shree Metal Works", "zone": "Rolling-Mill", "temperature_unit": "celsius", "temperature": 32.7, "humidity": 0, "globe_temperature": 41.0, "wet_bulb_tem
[2026-07-29 03:54:08] [DEBUG   ] [main] [VALIDATE] zone=Rolling-Mill | condition=ALL_DATA | missing=[] | flags=[]
[2026-07-29 03:54:09] [DEBUG   ] [urllib3.connectionpool] Starting new HTTPS connection (1): api.openweathermap.org:443
[2026-07-29 03:54:09] [DEBUG   ] [urllib3.connectionpool] https://api.openweathermap.org:443 "GET /data/2.5/weather?lat=12.9716&lon=77.5946&appid=88f2329e130bf480c72cfc84306978a1&units=metric HTTP/1.1" 200 525
[2026-07-29 03:54:09] [INFO    ] [main] [CALC] zone=Rolling-Mill | ta=32.7 | rh=44.67 | tg=41.0 | tnwb=23.5923 | wbgt=28.8146
[2026-07-29 03:54:09] [DEBUG   ] [main] [CALC] data_quality={'ta': 'sensor', 'rh': 'estimated', 'tg': 'sensor', 'tnwb': 'calculated', 'wbgt': 'calculated'}
[2026-07-29 03:54:09] [INFO    ] [main] [CLASSIFY] zone=Rolling-Mill | wbgt=28.8146 | risk=CAUTION | action=Increase water breaks
[2026-07-29 03:54:09] [INFO    ] [main] [DB] zone=Rolling-Mill | db_id=5 | saved OK
[2026-07-29 03:54:09] [INFO    ] [main] [READING] zone=Continuous-Casting | timestamp=2026-07-22T11:00:00
[2026-07-29 03:54:09] [DEBUG   ] [main] [READING] raw={"timestamp": "2026-07-22T11:00:00", "factory": "Shree Metal Works", "zone": "Continuous-Casting", "temperature_unit": "celsius", "temperature": 49.4, "humidity": 53.3, "globe_temperature": 67.5, "wet
[2026-07-29 03:54:09] [DEBUG   ] [main] [VALIDATE] zone=Continuous-Casting | condition=ALL_DATA | missing=[] | flags=[]
[2026-07-29 03:54:09] [INFO    ] [main] [CALC] zone=Continuous-Casting | ta=49.4 | rh=53.3 | tg=67.5 | tnwb=40.0 | wbgt=48.25
[2026-07-29 03:54:09] [DEBUG   ] [main] [CALC] data_quality={'ta': 'sensor', 'rh': 'sensor', 'tg': 'sensor', 'tnwb': 'sensor', 'wbgt': 'calculated'}
[2026-07-29 03:54:09] [INFO    ] [main] [CLASSIFY] zone=Continuous-Casting | wbgt=48.25 | risk=DANGER | action=Halt heavy work, mandatory rest, evacuate
[2026-07-29 03:54:09] [WARNING ] [main] [DANGER ALERT] zone=Continuous-Casting | wbgt=48.25 | Halt heavy work, mandatory rest, evacuate
[2026-07-29 03:54:09] [INFO    ] [main] [DB] zone=Continuous-Casting | db_id=6 | saved OK
[2026-07-29 03:54:09] [INFO    ] [main] [READING] zone=Warehouse | timestamp=2026-07-22T12:00:00
[2026-07-29 03:54:09] [DEBUG   ] [main] [READING] raw={"timestamp": "2026-07-22T12:00:00", "factory": "SAIL", "zone": "Warehouse", "temperature_unit": "celsius", "temperature": 71.3, "humidity": 48.5, "globe_temperature": 0, "wet_bulb_temperature": 0}
[2026-07-29 03:54:09] [DEBUG   ] [main] [VALIDATE] zone=Warehouse | condition=None | missing=[] | flags=[]
[2026-07-29 03:54:09] [DEBUG   ] [main] [FAULT] zone=Warehouse | timestamp=2026-07-22T12:00:00 | reason=SENSOR_FAULT: globe_temp_c=0.0 is less than air_temp_c=71.3.
[2026-07-29 03:54:09] [INFO    ] [main] [READING] zone=Ladle-Metallurgy | timestamp=2026-07-22T13:00:00
[2026-07-29 03:54:09] [DEBUG   ] [main] [READING] raw={"timestamp": "2026-07-22T13:00:00", "factory": "Tata Steel", "zone": "Ladle-Metallurgy", "temperature_unit": "celsius", "temperature": 47.4, "humidity": 50.7, "globe_temperature": 65.9, "wet_bulb_tem
[2026-07-29 03:54:09] [DEBUG   ] [main] [VALIDATE] zone=Ladle-Metallurgy | condition=ALL_DATA | missing=[] | flags=[]
[2026-07-29 03:54:09] [INFO    ] [main] [CALC] zone=Ladle-Metallurgy | ta=47.4 | rh=50.7 | tg=65.9 | tnwb=37.4299 | wbgt=45.9709
[2026-07-29 03:54:09] [DEBUG   ] [main] [CALC] data_quality={'ta': 'sensor', 'rh': 'sensor', 'tg': 'sensor', 'tnwb': 'calculated', 'wbgt': 'calculated'}
[2026-07-29 03:54:09] [INFO    ] [main] [CLASSIFY] zone=Ladle-Metallurgy | wbgt=45.9709 | risk=DANGER | action=Halt heavy work, mandatory rest, evacuate
[2026-07-29 03:54:09] [WARNING ] [main] [DANGER ALERT] zone=Ladle-Metallurgy | wbgt=45.9709 | Halt heavy work, mandatory rest, evacuate
[2026-07-29 03:54:09] [INFO    ] [main] [DB] zone=Ladle-Metallurgy | db_id=7 | saved OK
[2026-07-29 03:54:09] [INFO    ] [main] [READING] zone=Furnace-2 | timestamp=2026-07-22T14:00:00
[2026-07-29 03:54:09] [DEBUG   ] [main] [READING] raw={"timestamp": "2026-07-22T14:00:00", "factory": "Ganesh Alloys", "zone": "Furnace-2", "temperature_unit": "celsius", "temperature": 59.6, "humidity": 111.3, "globe_temperature": 79.8, "wet_bulb_temper
[2026-07-29 03:54:09] [DEBUG   ] [main] [VALIDATE] zone=Furnace-2 | condition=None | missing=[] | flags=[]
[2026-07-29 03:54:09] [DEBUG   ] [main] [FAULT] zone=Furnace-2 | timestamp=2026-07-22T14:00:00 | reason=SENSOR_FAULT: relative_humidity_pct=111.3 is out of valid range 0–100 %.
[2026-07-29 03:54:09] [INFO    ] [main] [READING] zone=Furnace-1 | timestamp=2026-07-22T15:00:00
[2026-07-29 03:54:09] [DEBUG   ] [main] [READING] raw={"timestamp": "2026-07-22T15:00:00", "factory": "Vedanta", "zone": "Furnace-1", "temperature_unit": "celsius", "temperature": 56.8, "humidity": 0, "globe_temperature": 0, "wet_bulb_temperature": 45.6}
[2026-07-29 03:54:09] [DEBUG   ] [main] [VALIDATE] zone=Furnace-1 | condition=None | missing=[] | flags=[]
[2026-07-29 03:54:09] [DEBUG   ] [main] [FAULT] zone=Furnace-1 | timestamp=2026-07-22T15:00:00 | reason=SENSOR_FAULT: globe_temp_c=0.0 is less than air_temp_c=56.8.
[2026-07-29 03:54:09] [INFO    ] [main] [READING] zone=Annealing-Line | timestamp=2026-07-22T16:00:00
[2026-07-29 03:54:09] [DEBUG   ] [main] [READING] raw={"timestamp": "2026-07-22T16:00:00", "factory": "JSW Steel", "zone": "Annealing-Line", "temperature_unit": "celsius", "temperature": 34.9, "humidity": 49.5, "globe_temperature": 40.8, "wet_bulb_temper
[2026-07-29 03:54:09] [DEBUG   ] [main] [VALIDATE] zone=Annealing-Line | condition=ALL_DATA | missing=[] | flags=[]
[2026-07-29 03:54:09] [INFO    ] [main] [CALC] zone=Annealing-Line | ta=34.9 | rh=49.5 | tg=40.8 | tnwb=26.4107 | wbgt=30.7275
[2026-07-29 03:54:09] [DEBUG   ] [main] [CALC] data_quality={'ta': 'sensor', 'rh': 'sensor', 'tg': 'sensor', 'tnwb': 'calculated', 'wbgt': 'calculated'}
[2026-07-29 03:54:09] [INFO    ] [main] [CLASSIFY] zone=Annealing-Line | wbgt=30.7275 | risk=WARNING | action=Enforce work/rest cycles (50 min work, 10 min rest)
[2026-07-29 03:54:09] [WARNING ] [main] [WARNING ALERT] zone=Annealing-Line | wbgt=30.7275 | Enforce work/rest cycles (50 min work, 10 min rest)
[2026-07-29 03:54:09] [INFO    ] [main] [DB] zone=Annealing-Line | db_id=8 | saved OK
[2026-07-29 03:54:09] [INFO    ] [main] [READING] zone=Continuous-Casting | timestamp=2026-07-22T17:00:00
[2026-07-29 03:54:09] [DEBUG   ] [main] [READING] raw={"timestamp": "2026-07-22T17:00:00", "factory": "SAIL", "zone": "Continuous-Casting", "temperature_unit": "celsius", "temperature": 39.8, "humidity": 0, "globe_temperature": 0, "wet_bulb_temperature":
[2026-07-29 03:54:09] [DEBUG   ] [main] [VALIDATE] zone=Continuous-Casting | condition=None | missing=[] | flags=[]
[2026-07-29 03:54:09] [DEBUG   ] [main] [FAULT] zone=Continuous-Casting | timestamp=2026-07-22T17:00:00 | reason=SENSOR_FAULT: globe_temp_c=0.0 is less than air_temp_c=39.8.
[2026-07-29 03:54:09] [INFO    ] [main] [READING] zone=Loading-Dock | timestamp=2026-07-22T18:00:00
[2026-07-29 03:54:09] [DEBUG   ] [main] [READING] raw={"timestamp": "2026-07-22T18:00:00", "factory": "Tata Steel", "zone": "Loading-Dock", "temperature_unit": "celsius", "temperature": 27.1, "humidity": 0, "globe_temperature": 0, "wet_bulb_temperature":
[2026-07-29 03:54:09] [DEBUG   ] [main] [VALIDATE] zone=Loading-Dock | condition=None | missing=[] | flags=[]
[2026-07-29 03:54:09] [DEBUG   ] [main] [FAULT] zone=Loading-Dock | timestamp=2026-07-22T18:00:00 | reason=SENSOR_FAULT: globe_temp_c=0.0 is less than air_temp_c=27.1.
[2026-07-29 03:54:09] [INFO    ] [main] [READING] zone=Furnace-2 | timestamp=2026-07-22T19:00:00
[2026-07-29 03:54:09] [DEBUG   ] [main] [READING] raw={"timestamp": "2026-07-22T19:00:00", "factory": "Vedanta", "zone": "Furnace-2", "temperature_unit": "celsius", "temperature": 36.4, "humidity": 0, "globe_temperature": 53.2, "wet_bulb_temperature": 0}
[2026-07-29 03:54:09] [DEBUG   ] [main] [VALIDATE] zone=Furnace-2 | condition=ALL_DATA | missing=[] | flags=[]
[2026-07-29 03:54:09] [DEBUG   ] [urllib3.connectionpool] Starting new HTTPS connection (1): api.openweathermap.org:443
[2026-07-29 03:54:10] [DEBUG   ] [urllib3.connectionpool] https://api.openweathermap.org:443 "GET /data/2.5/weather?lat=12.9716&lon=77.5946&appid=88f2329e130bf480c72cfc84306978a1&units=metric HTTP/1.1" 200 525
[2026-07-29 03:54:10] [INFO    ] [main] [CALC] zone=Furnace-2 | ta=36.4 | rh=36.36 | tg=53.2 | tnwb=24.8024 | wbgt=33.3216
[2026-07-29 03:54:10] [DEBUG   ] [main] [CALC] data_quality={'ta': 'sensor', 'rh': 'estimated', 'tg': 'sensor', 'tnwb': 'calculated', 'wbgt': 'calculated'}
[2026-07-29 03:54:10] [INFO    ] [main] [CLASSIFY] zone=Furnace-2 | wbgt=33.3216 | risk=DANGER | action=Halt heavy work, mandatory rest, evacuate
[2026-07-29 03:54:10] [WARNING ] [main] [DANGER ALERT] zone=Furnace-2 | wbgt=33.3216 | Halt heavy work, mandatory rest, evacuate
[2026-07-29 03:54:10] [INFO    ] [main] [DB] zone=Furnace-2 | db_id=9 | saved OK
[2026-07-29 03:54:10] [INFO    ] [main] [READING] zone=Furnace-1 | timestamp=2026-07-22T20:00:00
[2026-07-29 03:54:10] [DEBUG   ] [main] [READING] raw={"timestamp": "2026-07-22T20:00:00", "factory": "JSW Steel", "zone": "Furnace-1", "temperature_unit": "celsius", "temperature": 39.0, "humidity": 0, "globe_temperature": 57.5, "wet_bulb_temperature": 
[2026-07-29 03:54:10] [DEBUG   ] [main] [VALIDATE] zone=Furnace-1 | condition=ALL_DATA | missing=[] | flags=[]
[2026-07-29 03:54:10] [DEBUG   ] [urllib3.connectionpool] Starting new HTTPS connection (1): api.openweathermap.org:443
[2026-07-29 03:54:10] [DEBUG   ] [urllib3.connectionpool] https://api.openweathermap.org:443 "GET /data/2.5/weather?lat=12.9716&lon=77.5946&appid=88f2329e130bf480c72cfc84306978a1&units=metric HTTP/1.1" 200 525
[2026-07-29 03:54:10] [INFO    ] [main] [CALC] zone=Furnace-1 | ta=39.0 | rh=31.56 | tg=57.5 | tnwb=29.3 | wbgt=37.76
[2026-07-29 03:54:10] [DEBUG   ] [main] [CALC] data_quality={'ta': 'sensor', 'rh': 'estimated', 'tg': 'sensor', 'tnwb': 'sensor', 'wbgt': 'calculated'}
[2026-07-29 03:54:10] [INFO    ] [main] [CLASSIFY] zone=Furnace-1 | wbgt=37.76 | risk=DANGER | action=Halt heavy work, mandatory rest, evacuate
[2026-07-29 03:54:10] [WARNING ] [main] [DANGER ALERT] zone=Furnace-1 | wbgt=37.76 | Halt heavy work, mandatory rest, evacuate
[2026-07-29 03:54:10] [INFO    ] [main] [DB] zone=Furnace-1 | db_id=10 | saved OK
[2026-07-29 03:54:10] [INFO    ] [main] [READING] zone=Warehouse | timestamp=2026-07-22T21:00:00
[2026-07-29 03:54:10] [DEBUG   ] [main] [READING] raw={"timestamp": "2026-07-22T21:00:00", "factory": "Tata Steel", "zone": "Warehouse", "temperature_unit": "celsius", "temperature": 22.9, "humidity": 0, "globe_temperature": 23.9, "wet_bulb_temperature":
[2026-07-29 03:54:10] [DEBUG   ] [main] [VALIDATE] zone=Warehouse | condition=ALL_DATA | missing=[] | flags=[]
[2026-07-29 03:54:10] [DEBUG   ] [urllib3.connectionpool] Starting new HTTPS connection (1): api.openweathermap.org:443
[2026-07-29 03:54:10] [DEBUG   ] [urllib3.connectionpool] https://api.openweathermap.org:443 "GET /data/2.5/weather?lat=12.9716&lon=77.5946&appid=88f2329e130bf480c72cfc84306978a1&units=metric HTTP/1.1" 200 525
[2026-07-29 03:54:10] [INFO    ] [main] [CALC] zone=Warehouse | ta=22.9 | rh=79.23 | tg=23.9 | tnwb=20.2122 | wbgt=21.3186
[2026-07-29 03:54:10] [DEBUG   ] [main] [CALC] data_quality={'ta': 'sensor', 'rh': 'estimated', 'tg': 'sensor', 'tnwb': 'calculated', 'wbgt': 'calculated'}
[2026-07-29 03:54:10] [INFO    ] [main] [CLASSIFY] zone=Warehouse | wbgt=21.3186 | risk=SAFE | action=Normal work, no restrictions
[2026-07-29 03:54:10] [INFO    ] [main] [DB] zone=Warehouse | db_id=11 | saved OK
[2026-07-29 03:54:10] [INFO    ] [main] [READING] zone=EAF-Bay | timestamp=2026-07-22T22:00:00
[2026-07-29 03:54:10] [DEBUG   ] [main] [READING] raw={"timestamp": "2026-07-22T22:00:00", "factory": "Shree Metal Works", "zone": "EAF-Bay", "temperature_unit": "celsius", "temperature": 41.4, "humidity": 51.4, "globe_temperature": 58.4, "wet_bulb_tempe
[2026-07-29 03:54:10] [DEBUG   ] [main] [VALIDATE] zone=EAF-Bay | condition=ALL_DATA | missing=[] | flags=[]
[2026-07-29 03:54:10] [INFO    ] [main] [CALC] zone=EAF-Bay | ta=41.4 | rh=51.4 | tg=58.4 | tnwb=32.1 | wbgt=39.99
[2026-07-29 03:54:10] [DEBUG   ] [main] [CALC] data_quality={'ta': 'sensor', 'rh': 'sensor', 'tg': 'sensor', 'tnwb': 'sensor', 'wbgt': 'calculated'}
[2026-07-29 03:54:10] [INFO    ] [main] [CLASSIFY] zone=EAF-Bay | wbgt=39.99 | risk=DANGER | action=Halt heavy work, mandatory rest, evacuate
[2026-07-29 03:54:10] [WARNING ] [main] [DANGER ALERT] zone=EAF-Bay | wbgt=39.99 | Halt heavy work, mandatory rest, evacuate
[2026-07-29 03:54:11] [INFO    ] [main] [DB] zone=EAF-Bay | db_id=12 | saved OK
[2026-07-29 03:54:11] [INFO    ] [main] [READING] zone=Fabrication-Shop | timestamp=2026-07-22T23:00:00
[2026-07-29 03:54:11] [DEBUG   ] [main] [READING] raw={"timestamp": "2026-07-22T23:00:00", "factory": "JSW Steel", "zone": "Fabrication-Shop", "temperature_unit": "celsius", "temperature": 20.6, "humidity": 71.1, "globe_temperature": 22.6, "wet_bulb_temp
[2026-07-29 03:54:11] [DEBUG   ] [main] [VALIDATE] zone=Fabrication-Shop | condition=ALL_DATA | missing=[] | flags=[]
[2026-07-29 03:54:11] [INFO    ] [main] [CALC] zone=Fabrication-Shop | ta=20.6 | rh=71.1 | tg=22.6 | tnwb=16.9792 | wbgt=18.6655
[2026-07-29 03:54:11] [DEBUG   ] [main] [CALC] data_quality={'ta': 'sensor', 'rh': 'sensor', 'tg': 'sensor', 'tnwb': 'calculated', 'wbgt': 'calculated'}
[2026-07-29 03:54:11] [INFO    ] [main] [CLASSIFY] zone=Fabrication-Shop | wbgt=18.6655 | risk=SAFE | action=Normal work, no restrictions
[2026-07-29 03:54:11] [INFO    ] [main] [DB] zone=Fabrication-Shop | db_id=13 | saved OK
[2026-07-29 03:54:11] [INFO    ] [main] [READING] zone=Annealing-Line | timestamp=2026-07-23T00:00:00
[2026-07-29 03:54:11] [DEBUG   ] [main] [READING] raw={"timestamp": "2026-07-23T00:00:00", "factory": "Shree Metal Works", "zone": "Annealing-Line", "temperature_unit": "celsius", "temperature": 24.4, "humidity": 44.4, "globe_temperature": 27.2, "wet_bul
[2026-07-29 03:54:11] [DEBUG   ] [main] [VALIDATE] zone=Annealing-Line | condition=ALL_DATA | missing=[] | flags=[]
[2026-07-29 03:54:11] [INFO    ] [main] [CALC] zone=Annealing-Line | ta=24.4 | rh=44.4 | tg=27.2 | tnwb=16.2 | wbgt=19.5
[2026-07-29 03:54:11] [DEBUG   ] [main] [CALC] data_quality={'ta': 'sensor', 'rh': 'sensor', 'tg': 'sensor', 'tnwb': 'sensor', 'wbgt': 'calculated'}
[2026-07-29 03:54:11] [INFO    ] [main] [CLASSIFY] zone=Annealing-Line | wbgt=19.5 | risk=SAFE | action=Normal work, no restrictions
[2026-07-29 03:54:11] [INFO    ] [main] [DB] zone=Annealing-Line | db_id=14 | saved OK
[2026-07-29 03:54:11] [INFO    ] [main] [READING] zone=Ladle-Metallurgy | timestamp=2026-07-23T01:00:00
[2026-07-29 03:54:11] [DEBUG   ] [main] [READING] raw={"timestamp": "2026-07-23T01:00:00", "factory": "Ganesh Alloys", "zone": "Ladle-Metallurgy", "temperature_unit": "celsius", "temperature": 30.0, "humidity": 0, "globe_temperature": 43.1, "wet_bulb_tem
[2026-07-29 03:54:11] [DEBUG   ] [main] [VALIDATE] zone=Ladle-Metallurgy | condition=ALL_DATA | missing=[] | flags=[]
[2026-07-29 03:54:11] [DEBUG   ] [urllib3.connectionpool] Starting new HTTPS connection (1): api.openweathermap.org:443
[2026-07-29 03:54:11] [DEBUG   ] [urllib3.connectionpool] https://api.openweathermap.org:443 "GET /data/2.5/weather?lat=12.9716&lon=77.5946&appid=88f2329e130bf480c72cfc84306978a1&units=metric HTTP/1.1" 200 525
[2026-07-29 03:54:11] [INFO    ] [main] [CALC] zone=Ladle-Metallurgy | ta=30.0 | rh=52.1 | tg=43.1 | tnwb=22.6635 | wbgt=28.7945
[2026-07-29 03:54:11] [DEBUG   ] [main] [CALC] data_quality={'ta': 'sensor', 'rh': 'estimated', 'tg': 'sensor', 'tnwb': 'calculated', 'wbgt': 'calculated'}
[2026-07-29 03:54:11] [INFO    ] [main] [CLASSIFY] zone=Ladle-Metallurgy | wbgt=28.7945 | risk=CAUTION | action=Increase water breaks
[2026-07-29 03:54:11] [INFO    ] [main] [DB] zone=Ladle-Metallurgy | db_id=15 | saved OK
[2026-07-29 03:54:11] [INFO    ] [main] [READING] zone=Rolling-Mill | timestamp=2026-07-23T02:00:00
[2026-07-29 03:54:11] [DEBUG   ] [main] [READING] raw={"timestamp": "2026-07-23T02:00:00", "factory": "Shree Metal Works", "zone": "Rolling-Mill", "temperature_unit": "celsius", "temperature": 27.3, "humidity": 57.4, "globe_temperature": 35.0, "wet_bulb_
[2026-07-29 03:54:11] [DEBUG   ] [main] [VALIDATE] zone=Rolling-Mill | condition=ALL_DATA | missing=[] | flags=[]
[2026-07-29 03:54:11] [INFO    ] [main] [CALC] zone=Rolling-Mill | ta=27.3 | rh=57.4 | tg=35.0 | tnwb=20.7 | wbgt=24.99
[2026-07-29 03:54:11] [DEBUG   ] [main] [CALC] data_quality={'ta': 'sensor', 'rh': 'sensor', 'tg': 'sensor', 'tnwb': 'sensor', 'wbgt': 'calculated'}
[2026-07-29 03:54:11] [INFO    ] [main] [CLASSIFY] zone=Rolling-Mill | wbgt=24.99 | risk=SAFE | action=Normal work, no restrictions
[2026-07-29 03:54:11] [INFO    ] [main] [DB] zone=Rolling-Mill | db_id=16 | saved OK
[2026-07-29 03:54:11] [INFO    ] [main] [READING] zone=Annealing-Line | timestamp=2026-07-23T03:00:00
[2026-07-29 03:54:11] [DEBUG   ] [main] [READING] raw={"timestamp": "2026-07-23T03:00:00", "factory": "Vedanta", "zone": "Annealing-Line", "temperature_unit": "celsius", "temperature": 26.8, "humidity": 51.0, "globe_temperature": 33.2, "wet_bulb_temperat
[2026-07-29 03:54:11] [DEBUG   ] [main] [VALIDATE] zone=Annealing-Line | condition=ALL_DATA | missing=[] | flags=[]
[2026-07-29 03:54:11] [INFO    ] [main] [CALC] zone=Annealing-Line | ta=26.8 | rh=51.0 | tg=33.2 | tnwb=19.6 | wbgt=23.68
[2026-07-29 03:54:11] [DEBUG   ] [main] [CALC] data_quality={'ta': 'sensor', 'rh': 'sensor', 'tg': 'sensor', 'tnwb': 'sensor', 'wbgt': 'calculated'}
[2026-07-29 03:54:11] [INFO    ] [main] [CLASSIFY] zone=Annealing-Line | wbgt=23.68 | risk=SAFE | action=Normal work, no restrictions
[2026-07-29 03:54:11] [INFO    ] [main] [DB] zone=Annealing-Line | db_id=17 | saved OK
[2026-07-29 03:54:11] [INFO    ] [main] [READING] zone=Fabrication-Shop | timestamp=2026-07-23T04:00:00
[2026-07-29 03:54:11] [DEBUG   ] [main] [READING] raw={"timestamp": "2026-07-23T04:00:00", "factory": "Ganesh Alloys", "zone": "Fabrication-Shop", "temperature_unit": "celsius", "temperature": 22.4, "humidity": 66.9, "globe_temperature": 16.9, "wet_bulb_
[2026-07-29 03:54:11] [DEBUG   ] [main] [VALIDATE] zone=Fabrication-Shop | condition=None | missing=[] | flags=[]
[2026-07-29 03:54:11] [DEBUG   ] [main] [FAULT] zone=Fabrication-Shop | timestamp=2026-07-23T04:00:00 | reason=SENSOR_FAULT: globe_temp_c=16.9 is less than air_temp_c=22.4.
[2026-07-29 03:54:11] [INFO    ] [main] [READING] zone=Loading-Dock | timestamp=2026-07-23T05:00:00
[2026-07-29 03:54:11] [DEBUG   ] [main] [READING] raw={"timestamp": "2026-07-23T05:00:00", "factory": "JSPL", "zone": "Loading-Dock", "temperature_unit": "celsius", "temperature": 19.6, "humidity": 47.8, "globe_temperature": 21.5, "wet_bulb_temperature":
[2026-07-29 03:54:11] [DEBUG   ] [main] [VALIDATE] zone=Loading-Dock | condition=ALL_DATA | missing=[] | flags=[]
[2026-07-29 03:54:11] [INFO    ] [main] [CALC] zone=Loading-Dock | ta=19.6 | rh=47.8 | tg=21.5 | tnwb=13.2 | wbgt=15.69
[2026-07-29 03:54:11] [DEBUG   ] [main] [CALC] data_quality={'ta': 'sensor', 'rh': 'sensor', 'tg': 'sensor', 'tnwb': 'sensor', 'wbgt': 'calculated'}
[2026-07-29 03:54:11] [INFO    ] [main] [CLASSIFY] zone=Loading-Dock | wbgt=15.69 | risk=SAFE | action=Normal work, no restrictions
[2026-07-29 03:54:11] [INFO    ] [main] [DB] zone=Loading-Dock | db_id=18 | saved OK
[2026-07-29 03:54:11] [INFO    ] [main] [READING] zone=Furnace-1 | timestamp=2026-07-23T06:00:00
[2026-07-29 03:54:11] [DEBUG   ] [main] [READING] raw={"timestamp": "2026-07-23T06:00:00", "factory": "SAIL", "zone": "Furnace-1", "temperature_unit": "celsius", "temperature": 47.0, "humidity": 48.9, "globe_temperature": 69.2, "wet_bulb_temperature": 36
[2026-07-29 03:54:11] [DEBUG   ] [main] [VALIDATE] zone=Furnace-1 | condition=ALL_DATA | missing=[] | flags=[]
[2026-07-29 03:54:11] [INFO    ] [main] [CALC] zone=Furnace-1 | ta=47.0 | rh=48.9 | tg=69.2 | tnwb=36.3 | wbgt=46.17
[2026-07-29 03:54:11] [DEBUG   ] [main] [CALC] data_quality={'ta': 'sensor', 'rh': 'sensor', 'tg': 'sensor', 'tnwb': 'sensor', 'wbgt': 'calculated'}
[2026-07-29 03:54:11] [INFO    ] [main] [CLASSIFY] zone=Furnace-1 | wbgt=46.17 | risk=DANGER | action=Halt heavy work, mandatory rest, evacuate
[2026-07-29 03:54:11] [WARNING ] [main] [DANGER ALERT] zone=Furnace-1 | wbgt=46.17 | Halt heavy work, mandatory rest, evacuate
[2026-07-29 03:54:11] [INFO    ] [main] [DB] zone=Furnace-1 | db_id=19 | saved OK
[2026-07-29 03:54:11] [INFO    ] [main] [READING] zone=Warehouse | timestamp=2026-07-23T07:00:00
[2026-07-29 03:54:11] [DEBUG   ] [main] [READING] raw={"timestamp": "2026-07-23T07:00:00", "factory": "Shree Metal Works", "zone": "Warehouse", "temperature_unit": "celsius", "temperature": 23.0, "humidity": 70.0, "globe_temperature": 25.2, "wet_bulb_tem
[2026-07-29 03:54:11] [DEBUG   ] [main] [VALIDATE] zone=Warehouse | condition=ALL_DATA | missing=[] | flags=[]
[2026-07-29 03:54:11] [INFO    ] [main] [CALC] zone=Warehouse | ta=23.0 | rh=70.0 | tg=25.2 | tnwb=19.1 | wbgt=20.93
[2026-07-29 03:54:11] [DEBUG   ] [main] [CALC] data_quality={'ta': 'sensor', 'rh': 'sensor', 'tg': 'sensor', 'tnwb': 'sensor', 'wbgt': 'calculated'}
[2026-07-29 03:54:11] [INFO    ] [main] [CLASSIFY] zone=Warehouse | wbgt=20.93 | risk=SAFE | action=Normal work, no restrictions
[2026-07-29 03:54:11] [INFO    ] [main] [DB] zone=Warehouse | db_id=20 | saved OK
[2026-07-29 03:54:11] [INFO    ] [main] [READING] zone=Furnace-2 | timestamp=2026-07-23T08:00:00
[2026-07-29 03:54:11] [DEBUG   ] [main] [READING] raw={"timestamp": "2026-07-23T08:00:00", "factory": "Tata Steel", "zone": "Furnace-2", "temperature_unit": "celsius", "temperature": 33.1, "humidity": 122.8, "globe_temperature": 49.2, "wet_bulb_temperatu
[2026-07-29 03:54:11] [DEBUG   ] [main] [VALIDATE] zone=Furnace-2 | condition=None | missing=[] | flags=[]
[2026-07-29 03:54:11] [DEBUG   ] [main] [FAULT] zone=Furnace-2 | timestamp=2026-07-23T08:00:00 | reason=SENSOR_FAULT: relative_humidity_pct=122.8 is out of valid range 0–100 %.
[2026-07-29 03:54:11] [INFO    ] [main] [READING] zone=Continuous-Casting | timestamp=2026-07-23T09:00:00
[2026-07-29 03:54:11] [DEBUG   ] [main] [READING] raw={"timestamp": "2026-07-23T09:00:00", "factory": "Ganesh Alloys", "zone": "Continuous-Casting", "temperature_unit": "celsius", "temperature": 33.8, "humidity": 60.0, "globe_temperature": 49.3, "wet_bul
[2026-07-29 03:54:11] [DEBUG   ] [main] [VALIDATE] zone=Continuous-Casting | condition=ALL_DATA | missing=[] | flags=[]
[2026-07-29 03:54:11] [INFO    ] [main] [CALC] zone=Continuous-Casting | ta=33.8 | rh=60.0 | tg=49.3 | tnwb=27.8 | wbgt=34.25
[2026-07-29 03:54:11] [DEBUG   ] [main] [CALC] data_quality={'ta': 'sensor', 'rh': 'sensor', 'tg': 'sensor', 'tnwb': 'sensor', 'wbgt': 'calculated'}
[2026-07-29 03:54:11] [INFO    ] [main] [CLASSIFY] zone=Continuous-Casting | wbgt=34.25 | risk=DANGER | action=Halt heavy work, mandatory rest, evacuate
[2026-07-29 03:54:11] [WARNING ] [main] [DANGER ALERT] zone=Continuous-Casting | wbgt=34.25 | Halt heavy work, mandatory rest, evacuate
[2026-07-29 03:54:11] [INFO    ] [main] [DB] zone=Continuous-Casting | db_id=21 | saved OK
[2026-07-29 03:54:11] [INFO    ] [main] [READING] zone=Rolling-Mill | timestamp=2026-07-23T10:00:00
[2026-07-29 03:54:11] [DEBUG   ] [main] [READING] raw={"timestamp": "2026-07-23T10:00:00", "factory": "Shree Metal Works", "zone": "Rolling-Mill", "temperature_unit": "celsius", "temperature": 36.4, "humidity": 57.3, "globe_temperature": 34.2, "wet_bulb_
[2026-07-29 03:54:11] [DEBUG   ] [main] [VALIDATE] zone=Rolling-Mill | condition=None | missing=[] | flags=[]
[2026-07-29 03:54:11] [DEBUG   ] [main] [FAULT] zone=Rolling-Mill | timestamp=2026-07-23T10:00:00 | reason=SENSOR_FAULT: globe_temp_c=34.2 is less than air_temp_c=36.4.
[2026-07-29 03:54:11] [INFO    ] [main] [READING] zone=Ladle-Metallurgy | timestamp=2026-07-23T11:00:00
[2026-07-29 03:54:11] [DEBUG   ] [main] [READING] raw={"timestamp": "2026-07-23T11:00:00", "factory": "SAIL", "zone": "Ladle-Metallurgy", "temperature_unit": "celsius", "temperature": 37.1, "humidity": 43.1, "globe_temperature": 49.6, "wet_bulb_temperatu
[2026-07-29 03:54:11] [DEBUG   ] [main] [VALIDATE] zone=Ladle-Metallurgy | condition=ALL_DATA | missing=[] | flags=[]
[2026-07-29 03:54:11] [INFO    ] [main] [CALC] zone=Ladle-Metallurgy | ta=37.1 | rh=43.1 | tg=49.6 | tnwb=26.7 | wbgt=33.57
[2026-07-29 03:54:11] [DEBUG   ] [main] [CALC] data_quality={'ta': 'sensor', 'rh': 'sensor', 'tg': 'sensor', 'tnwb': 'sensor', 'wbgt': 'calculated'}
[2026-07-29 03:54:11] [INFO    ] [main] [CLASSIFY] zone=Ladle-Metallurgy | wbgt=33.57 | risk=DANGER | action=Halt heavy work, mandatory rest, evacuate
[2026-07-29 03:54:11] [WARNING ] [main] [DANGER ALERT] zone=Ladle-Metallurgy | wbgt=33.57 | Halt heavy work, mandatory rest, evacuate
[2026-07-29 03:54:11] [INFO    ] [main] [DB] zone=Ladle-Metallurgy | db_id=22 | saved OK
[2026-07-29 03:54:11] [INFO    ] [main] [READING] zone=EAF-Bay | timestamp=2026-07-23T12:00:00
[2026-07-29 03:54:11] [DEBUG   ] [main] [READING] raw={"timestamp": "2026-07-23T12:00:00", "factory": "JSPL", "zone": "EAF-Bay", "temperature_unit": "celsius", "temperature": 41.3, "humidity": 28.4, "globe_temperature": 0, "wet_bulb_temperature": 26.5}
[2026-07-29 03:54:11] [DEBUG   ] [main] [VALIDATE] zone=EAF-Bay | condition=None | missing=[] | flags=[]
[2026-07-29 03:54:11] [DEBUG   ] [main] [FAULT] zone=EAF-Bay | timestamp=2026-07-23T12:00:00 | reason=SENSOR_FAULT: globe_temp_c=0.0 is less than air_temp_c=41.3.
[2026-07-29 03:54:11] [INFO    ] [main] [READING] zone=Furnace-2 | timestamp=2026-07-23T13:00:00
[2026-07-29 03:54:11] [DEBUG   ] [main] [READING] raw={"timestamp": "2026-07-23T13:00:00", "factory": "Vedanta", "zone": "Furnace-2", "temperature_unit": "celsius", "temperature": 38.0, "humidity": 43.1, "globe_temperature": 56.3, "wet_bulb_temperature":
[2026-07-29 03:54:11] [DEBUG   ] [main] [VALIDATE] zone=Furnace-2 | condition=ALL_DATA | missing=[] | flags=[]
[2026-07-29 03:54:11] [INFO    ] [main] [CALC] zone=Furnace-2 | ta=38.0 | rh=43.1 | tg=56.3 | tnwb=27.9 | wbgt=36.42
[2026-07-29 03:54:11] [DEBUG   ] [main] [CALC] data_quality={'ta': 'sensor', 'rh': 'sensor', 'tg': 'sensor', 'tnwb': 'sensor', 'wbgt': 'calculated'}
[2026-07-29 03:54:11] [INFO    ] [main] [CLASSIFY] zone=Furnace-2 | wbgt=36.42 | risk=DANGER | action=Halt heavy work, mandatory rest, evacuate
[2026-07-29 03:54:11] [WARNING ] [main] [DANGER ALERT] zone=Furnace-2 | wbgt=36.42 | Halt heavy work, mandatory rest, evacuate
[2026-07-29 03:54:11] [INFO    ] [main] [DB] zone=Furnace-2 | db_id=23 | saved OK
[2026-07-29 03:54:11] [INFO    ] [main] [READING] zone=EAF-Bay | timestamp=2026-07-23T14:00:00
[2026-07-29 03:54:11] [DEBUG   ] [main] [READING] raw={"timestamp": "2026-07-23T14:00:00", "factory": "SAIL", "zone": "EAF-Bay", "temperature_unit": "celsius", "temperature": 40.4, "humidity": 35.2, "globe_temperature": 60.3, "wet_bulb_temperature": 27.5
[2026-07-29 03:54:11] [DEBUG   ] [main] [VALIDATE] zone=EAF-Bay | condition=ALL_DATA | missing=[] | flags=[]
[2026-07-29 03:54:11] [INFO    ] [main] [CALC] zone=EAF-Bay | ta=40.4 | rh=35.2 | tg=60.3 | tnwb=27.5 | wbgt=37.34
[2026-07-29 03:54:11] [DEBUG   ] [main] [CALC] data_quality={'ta': 'sensor', 'rh': 'sensor', 'tg': 'sensor', 'tnwb': 'sensor', 'wbgt': 'calculated'}
[2026-07-29 03:54:11] [INFO    ] [main] [CLASSIFY] zone=EAF-Bay | wbgt=37.34 | risk=DANGER | action=Halt heavy work, mandatory rest, evacuate
[2026-07-29 03:54:11] [WARNING ] [main] [DANGER ALERT] zone=EAF-Bay | wbgt=37.34 | Halt heavy work, mandatory rest, evacuate
[2026-07-29 03:54:11] [INFO    ] [main] [DB] zone=EAF-Bay | db_id=24 | saved OK
[2026-07-29 03:54:11] [INFO    ] [main] [READING] zone=Fabrication-Shop | timestamp=2026-07-23T15:00:00
[2026-07-29 03:54:11] [DEBUG   ] [main] [READING] raw={"timestamp": "2026-07-23T15:00:00", "factory": "SAIL", "zone": "Fabrication-Shop", "temperature_unit": "celsius", "temperature": 31.9, "humidity": 59.2, "globe_temperature": 33.8, "wet_bulb_temperatu
[2026-07-29 03:54:11] [DEBUG   ] [main] [VALIDATE] zone=Fabrication-Shop | condition=ALL_DATA | missing=[] | flags=[]
[2026-07-29 03:54:11] [INFO    ] [main] [CALC] zone=Fabrication-Shop | ta=31.9 | rh=59.2 | tg=33.8 | tnwb=25.7 | wbgt=28.13
[2026-07-29 03:54:11] [DEBUG   ] [main] [CALC] data_quality={'ta': 'sensor', 'rh': 'sensor', 'tg': 'sensor', 'tnwb': 'sensor', 'wbgt': 'calculated'}
[2026-07-29 03:54:11] [INFO    ] [main] [CLASSIFY] zone=Fabrication-Shop | wbgt=28.13 | risk=CAUTION | action=Increase water breaks
[2026-07-29 03:54:11] [INFO    ] [main] [DB] zone=Fabrication-Shop | db_id=25 | saved OK
[2026-07-29 03:54:11] [INFO    ] [main] [READING] zone=Loading-Dock | timestamp=2026-07-23T16:00:00
[2026-07-29 03:54:11] [DEBUG   ] [main] [READING] raw={"timestamp": "2026-07-23T16:00:00", "factory": "Ganesh Alloys", "zone": "Loading-Dock", "temperature_unit": "celsius", "temperature": 25.5, "humidity": 57.6, "globe_temperature": 27.3, "wet_bulb_temp
[2026-07-29 03:54:11] [DEBUG   ] [main] [VALIDATE] zone=Loading-Dock | condition=ALL_DATA | missing=[] | flags=[]
[2026-07-29 03:54:11] [INFO    ] [main] [CALC] zone=Loading-Dock | ta=25.5 | rh=57.6 | tg=27.3 | tnwb=19.3 | wbgt=21.7
[2026-07-29 03:54:11] [DEBUG   ] [main] [CALC] data_quality={'ta': 'sensor', 'rh': 'sensor', 'tg': 'sensor', 'tnwb': 'sensor', 'wbgt': 'calculated'}
[2026-07-29 03:54:11] [INFO    ] [main] [CLASSIFY] zone=Loading-Dock | wbgt=21.7 | risk=SAFE | action=Normal work, no restrictions
[2026-07-29 03:54:11] [INFO    ] [main] [DB] zone=Loading-Dock | db_id=26 | saved OK
[2026-07-29 03:54:11] [INFO    ] [main] [READING] zone=Rolling-Mill | timestamp=2026-07-23T17:00:00
[2026-07-29 03:54:11] [DEBUG   ] [main] [READING] raw={"timestamp": "2026-07-23T17:00:00", "factory": "Ganesh Alloys", "zone": "Rolling-Mill", "temperature_unit": "celsius", "temperature": 35.9, "humidity": 56.0, "globe_temperature": 43.2, "wet_bulb_temp
[2026-07-29 03:54:11] [DEBUG   ] [main] [VALIDATE] zone=Rolling-Mill | condition=ALL_DATA | missing=[] | flags=[]
[2026-07-29 03:54:11] [INFO    ] [main] [CALC] zone=Rolling-Mill | ta=35.9 | rh=56.0 | tg=43.2 | tnwb=41.1 | wbgt=41.73
[2026-07-29 03:54:11] [DEBUG   ] [main] [CALC] data_quality={'ta': 'sensor', 'rh': 'sensor', 'tg': 'sensor', 'tnwb': 'sensor', 'wbgt': 'calculated'}
[2026-07-29 03:54:11] [INFO    ] [main] [CLASSIFY] zone=Rolling-Mill | wbgt=41.73 | risk=DANGER | action=Halt heavy work, mandatory rest, evacuate
[2026-07-29 03:54:11] [WARNING ] [main] [DANGER ALERT] zone=Rolling-Mill | wbgt=41.73 | Halt heavy work, mandatory rest, evacuate
[2026-07-29 03:54:11] [INFO    ] [main] [DB] zone=Rolling-Mill | db_id=27 | saved OK
[2026-07-29 03:54:11] [INFO    ] [main] [READING] zone=Continuous-Casting | timestamp=2026-07-23T18:00:00
[2026-07-29 03:54:11] [DEBUG   ] [main] [READING] raw={"timestamp": "2026-07-23T18:00:00", "factory": "Tata Steel", "zone": "Continuous-Casting", "temperature_unit": "celsius", "temperature": 31.9, "humidity": 52.8, "globe_temperature": 0, "wet_bulb_temp
[2026-07-29 03:54:11] [DEBUG   ] [main] [VALIDATE] zone=Continuous-Casting | condition=None | missing=[] | flags=[]
[2026-07-29 03:54:11] [DEBUG   ] [main] [FAULT] zone=Continuous-Casting | timestamp=2026-07-23T18:00:00 | reason=SENSOR_FAULT: globe_temp_c=0.0 is less than air_temp_c=31.9.
[2026-07-29 03:54:11] [INFO    ] [main] [READING] zone=Warehouse | timestamp=2026-07-23T19:00:00
[2026-07-29 03:54:11] [DEBUG   ] [main] [READING] raw={"timestamp": "2026-07-23T19:00:00", "factory": "SAIL", "zone": "Warehouse", "temperature_unit": "celsius", "temperature": 39.0, "humidity": 61.4, "globe_temperature": 46.0, "wet_bulb_temperature": 32
[2026-07-29 03:54:11] [DEBUG   ] [main] [VALIDATE] zone=Warehouse | condition=ALL_DATA | missing=[] | flags=[]
[2026-07-29 03:54:11] [INFO    ] [main] [CALC] zone=Warehouse | ta=39.0 | rh=61.4 | tg=46.0 | tnwb=32.3 | wbgt=36.41
[2026-07-29 03:54:11] [DEBUG   ] [main] [CALC] data_quality={'ta': 'sensor', 'rh': 'sensor', 'tg': 'sensor', 'tnwb': 'sensor', 'wbgt': 'calculated'}
[2026-07-29 03:54:11] [INFO    ] [main] [CLASSIFY] zone=Warehouse | wbgt=36.41 | risk=DANGER | action=Halt heavy work, mandatory rest, evacuate
[2026-07-29 03:54:11] [WARNING ] [main] [DANGER ALERT] zone=Warehouse | wbgt=36.41 | Halt heavy work, mandatory rest, evacuate
[2026-07-29 03:54:11] [INFO    ] [main] [DB] zone=Warehouse | db_id=28 | saved OK
[2026-07-29 03:54:11] [INFO    ] [main] [READING] zone=Furnace-1 | timestamp=2026-07-23T20:00:00
[2026-07-29 03:54:11] [DEBUG   ] [main] [READING] raw={"timestamp": "2026-07-23T20:00:00", "factory": "Tata Steel", "zone": "Furnace-1", "temperature_unit": "celsius", "temperature": 40.6, "humidity": 41.8, "globe_temperature": 58.0, "wet_bulb_temperatur
[2026-07-29 03:54:11] [DEBUG   ] [main] [VALIDATE] zone=Furnace-1 | condition=ALL_DATA | missing=[] | flags=[]
[2026-07-29 03:54:11] [INFO    ] [main] [CALC] zone=Furnace-1 | ta=40.6 | rh=41.8 | tg=58.0 | tnwb=29.8 | wbgt=38.26
[2026-07-29 03:54:11] [DEBUG   ] [main] [CALC] data_quality={'ta': 'sensor', 'rh': 'sensor', 'tg': 'sensor', 'tnwb': 'sensor', 'wbgt': 'calculated'}
[2026-07-29 03:54:11] [INFO    ] [main] [CLASSIFY] zone=Furnace-1 | wbgt=38.26 | risk=DANGER | action=Halt heavy work, mandatory rest, evacuate
[2026-07-29 03:54:11] [WARNING ] [main] [DANGER ALERT] zone=Furnace-1 | wbgt=38.26 | Halt heavy work, mandatory rest, evacuate
[2026-07-29 03:54:11] [INFO    ] [main] [DB] zone=Furnace-1 | db_id=29 | saved OK
[2026-07-29 03:54:11] [INFO    ] [main] [READING] zone=Annealing-Line | timestamp=2026-07-23T21:00:00
[2026-07-29 03:54:11] [DEBUG   ] [main] [READING] raw={"timestamp": "2026-07-23T21:00:00", "factory": "Ganesh Alloys", "zone": "Annealing-Line", "temperature_unit": "celsius", "temperature": 29.2, "humidity": 56.5, "globe_temperature": 34.3, "wet_bulb_te
[2026-07-29 03:54:11] [DEBUG   ] [main] [VALIDATE] zone=Annealing-Line | condition=ALL_DATA | missing=[] | flags=[]
[2026-07-29 03:54:11] [INFO    ] [main] [CALC] zone=Annealing-Line | ta=29.2 | rh=56.5 | tg=34.3 | tnwb=22.4 | wbgt=25.97
[2026-07-29 03:54:11] [DEBUG   ] [main] [CALC] data_quality={'ta': 'sensor', 'rh': 'sensor', 'tg': 'sensor', 'tnwb': 'sensor', 'wbgt': 'calculated'}
[2026-07-29 03:54:11] [INFO    ] [main] [CLASSIFY] zone=Annealing-Line | wbgt=25.97 | risk=SAFE | action=Normal work, no restrictions
[2026-07-29 03:54:11] [INFO    ] [main] [DB] zone=Annealing-Line | db_id=30 | saved OK
[2026-07-29 03:54:11] [INFO    ] [main] [READING] zone=Ladle-Metallurgy | timestamp=2026-07-23T22:00:00
[2026-07-29 03:54:11] [DEBUG   ] [main] [READING] raw={"timestamp": "2026-07-23T22:00:00", "factory": "Tata Steel", "zone": "Ladle-Metallurgy", "temperature_unit": "celsius", "temperature": 31.0, "humidity": 37.7, "globe_temperature": 47.6, "wet_bulb_tem
[2026-07-29 03:54:11] [DEBUG   ] [main] [VALIDATE] zone=Ladle-Metallurgy | condition=ALL_DATA | missing=[] | flags=[]
[2026-07-29 03:54:11] [INFO    ] [main] [CALC] zone=Ladle-Metallurgy | ta=31.0 | rh=37.7 | tg=47.6 | tnwb=20.4 | wbgt=28.56
[2026-07-29 03:54:11] [DEBUG   ] [main] [CALC] data_quality={'ta': 'sensor', 'rh': 'sensor', 'tg': 'sensor', 'tnwb': 'sensor', 'wbgt': 'calculated'}
[2026-07-29 03:54:11] [INFO    ] [main] [CLASSIFY] zone=Ladle-Metallurgy | wbgt=28.56 | risk=CAUTION | action=Increase water breaks
[2026-07-29 03:54:11] [INFO    ] [main] [DB] zone=Ladle-Metallurgy | db_id=31 | saved OK
[2026-07-29 03:54:11] [INFO    ] [main] [READING] zone=Continuous-Casting | timestamp=2026-07-23T23:00:00
[2026-07-29 03:54:11] [DEBUG   ] [main] [READING] raw={"timestamp": "2026-07-23T23:00:00", "factory": "Vedanta", "zone": "Continuous-Casting", "temperature_unit": "celsius", "temperature": 28.7, "humidity": 47.6, "globe_temperature": 0, "wet_bulb_tempera
[2026-07-29 03:54:11] [DEBUG   ] [main] [VALIDATE] zone=Continuous-Casting | condition=None | missing=[] | flags=[]
[2026-07-29 03:54:11] [DEBUG   ] [main] [FAULT] zone=Continuous-Casting | timestamp=2026-07-23T23:00:00 | reason=SENSOR_FAULT: globe_temp_c=0.0 is less than air_temp_c=28.7.
[2026-07-29 03:54:11] [INFO    ] [main] [READING] zone=Ladle-Metallurgy | timestamp=2026-07-24T00:00:00
[2026-07-29 03:54:11] [DEBUG   ] [main] [READING] raw={"timestamp": "2026-07-24T00:00:00", "factory": "JSW Steel", "zone": "Ladle-Metallurgy", "temperature_unit": "celsius", "temperature": 33.4, "humidity": 0, "globe_temperature": 0, "wet_bulb_temperatur
[2026-07-29 03:54:11] [DEBUG   ] [main] [VALIDATE] zone=Ladle-Metallurgy | condition=None | missing=[] | flags=[]
[2026-07-29 03:54:11] [DEBUG   ] [main] [FAULT] zone=Ladle-Metallurgy | timestamp=2026-07-24T00:00:00 | reason=SENSOR_FAULT: globe_temp_c=0.0 is less than air_temp_c=33.4.
[2026-07-29 03:54:11] [INFO    ] [main] [READING] zone=Fabrication-Shop | timestamp=2026-07-24T01:00:00
[2026-07-29 03:54:11] [DEBUG   ] [main] [READING] raw={"timestamp": "2026-07-24T01:00:00", "factory": "JSPL", "zone": "Fabrication-Shop", "temperature_unit": "celsius", "temperature": 20.9, "humidity": 0, "globe_temperature": 22.2, "wet_bulb_temperature"
[2026-07-29 03:54:11] [DEBUG   ] [main] [VALIDATE] zone=Fabrication-Shop | condition=ALL_DATA | missing=[] | flags=[]
[2026-07-29 03:54:11] [DEBUG   ] [urllib3.connectionpool] Starting new HTTPS connection (1): api.openweathermap.org:443
[2026-07-29 03:54:12] [DEBUG   ] [urllib3.connectionpool] https://api.openweathermap.org:443 "GET /data/2.5/weather?lat=12.9716&lon=77.5946&appid=88f2329e130bf480c72cfc84306978a1&units=metric HTTP/1.1" 200 525
[2026-07-29 03:54:12] [INFO    ] [main] [CALC] zone=Fabrication-Shop | ta=20.9 | rh=89.53 | tg=22.2 | tnwb=15.8 | wbgt=17.72
[2026-07-29 03:54:12] [DEBUG   ] [main] [CALC] data_quality={'ta': 'sensor', 'rh': 'estimated', 'tg': 'sensor', 'tnwb': 'sensor', 'wbgt': 'calculated'}
[2026-07-29 03:54:12] [INFO    ] [main] [CLASSIFY] zone=Fabrication-Shop | wbgt=17.72 | risk=SAFE | action=Normal work, no restrictions
[2026-07-29 03:54:12] [INFO    ] [main] [DB] zone=Fabrication-Shop | db_id=32 | saved OK
[2026-07-29 03:54:12] [INFO    ] [main] [READING] zone=EAF-Bay | timestamp=2026-07-24T02:00:00
[2026-07-29 03:54:12] [DEBUG   ] [main] [READING] raw={"timestamp": "2026-07-24T02:00:00", "factory": "SAIL", "zone": "EAF-Bay", "temperature_unit": "celsius", "temperature": 46.6, "humidity": 47.0, "globe_temperature": 0, "wet_bulb_temperature": 0}
[2026-07-29 03:54:12] [DEBUG   ] [main] [VALIDATE] zone=EAF-Bay | condition=None | missing=[] | flags=[]
[2026-07-29 03:54:12] [DEBUG   ] [main] [FAULT] zone=EAF-Bay | timestamp=2026-07-24T02:00:00 | reason=SENSOR_FAULT: globe_temp_c=0.0 is less than air_temp_c=46.6.
[2026-07-29 03:54:12] [INFO    ] [main] [READING] zone=Furnace-2 | timestamp=2026-07-24T03:00:00
[2026-07-29 03:54:12] [DEBUG   ] [main] [READING] raw={"timestamp": "2026-07-24T03:00:00", "factory": "JSPL", "zone": "Furnace-2", "temperature_unit": "celsius", "temperature": 35.3, "humidity": 35.8, "globe_temperature": 49.5, "wet_bulb_temperature": 24
[2026-07-29 03:54:12] [DEBUG   ] [main] [VALIDATE] zone=Furnace-2 | condition=ALL_DATA | missing=[] | flags=[]
[2026-07-29 03:54:12] [INFO    ] [main] [CALC] zone=Furnace-2 | ta=35.3 | rh=35.8 | tg=49.5 | tnwb=24.2 | wbgt=31.79
[2026-07-29 03:54:12] [DEBUG   ] [main] [CALC] data_quality={'ta': 'sensor', 'rh': 'sensor', 'tg': 'sensor', 'tnwb': 'sensor', 'wbgt': 'calculated'}
[2026-07-29 03:54:12] [INFO    ] [main] [CLASSIFY] zone=Furnace-2 | wbgt=31.79 | risk=DANGER | action=Halt heavy work, mandatory rest, evacuate
[2026-07-29 03:54:12] [WARNING ] [main] [DANGER ALERT] zone=Furnace-2 | wbgt=31.79 | Halt heavy work, mandatory rest, evacuate
[2026-07-29 03:54:12] [INFO    ] [main] [DB] zone=Furnace-2 | db_id=33 | saved OK
[2026-07-29 03:54:12] [INFO    ] [main] [READING] zone=Rolling-Mill | timestamp=2026-07-24T04:00:00
[2026-07-29 03:54:12] [DEBUG   ] [main] [READING] raw={"timestamp": "2026-07-24T04:00:00", "factory": "JSW Steel", "zone": "Rolling-Mill", "temperature_unit": "celsius", "temperature": 38.3, "humidity": 45.7, "globe_temperature": 51.8, "wet_bulb_temperat
[2026-07-29 03:54:12] [DEBUG   ] [main] [VALIDATE] zone=Rolling-Mill | condition=ALL_DATA | missing=[] | flags=[]
[2026-07-29 03:54:12] [INFO    ] [main] [CALC] zone=Rolling-Mill | ta=38.3 | rh=45.7 | tg=51.8 | tnwb=28.7 | wbgt=35.63
[2026-07-29 03:54:12] [DEBUG   ] [main] [CALC] data_quality={'ta': 'sensor', 'rh': 'sensor', 'tg': 'sensor', 'tnwb': 'sensor', 'wbgt': 'calculated'}
[2026-07-29 03:54:12] [INFO    ] [main] [CLASSIFY] zone=Rolling-Mill | wbgt=35.63 | risk=DANGER | action=Halt heavy work, mandatory rest, evacuate
[2026-07-29 03:54:12] [WARNING ] [main] [DANGER ALERT] zone=Rolling-Mill | wbgt=35.63 | Halt heavy work, mandatory rest, evacuate
[2026-07-29 03:54:12] [INFO    ] [main] [DB] zone=Rolling-Mill | db_id=34 | saved OK
[2026-07-29 03:54:12] [INFO    ] [main] [READING] zone=Warehouse | timestamp=2026-07-24T05:00:00
[2026-07-29 03:54:12] [DEBUG   ] [main] [READING] raw={"timestamp": "2026-07-24T05:00:00", "factory": "Vedanta", "zone": "Warehouse", "temperature_unit": "celsius", "temperature": 25.1, "humidity": 49.2, "globe_temperature": 0, "wet_bulb_temperature": 0}
[2026-07-29 03:54:12] [DEBUG   ] [main] [VALIDATE] zone=Warehouse | condition=None | missing=[] | flags=[]
[2026-07-29 03:54:12] [DEBUG   ] [main] [FAULT] zone=Warehouse | timestamp=2026-07-24T05:00:00 | reason=SENSOR_FAULT: globe_temp_c=0.0 is less than air_temp_c=25.1.
[2026-07-29 03:54:12] [INFO    ] [main] [READING] zone=Furnace-1 | timestamp=2026-07-24T06:00:00
[2026-07-29 03:54:12] [DEBUG   ] [main] [READING] raw={"timestamp": "2026-07-24T06:00:00", "factory": "Shree Metal Works", "zone": "Furnace-1", "temperature_unit": "celsius", "temperature": 33.5, "humidity": 38.2, "globe_temperature": 50.4, "wet_bulb_tem
[2026-07-29 03:54:12] [DEBUG   ] [main] [VALIDATE] zone=Furnace-1 | condition=ALL_DATA | missing=[] | flags=[]
[2026-07-29 03:54:12] [INFO    ] [main] [CALC] zone=Furnace-1 | ta=33.5 | rh=38.2 | tg=50.4 | tnwb=22.9074 | wbgt=31.1552
[2026-07-29 03:54:12] [DEBUG   ] [main] [CALC] data_quality={'ta': 'sensor', 'rh': 'sensor', 'tg': 'sensor', 'tnwb': 'calculated', 'wbgt': 'calculated'}
[2026-07-29 03:54:12] [INFO    ] [main] [CLASSIFY] zone=Furnace-1 | wbgt=31.1552 | risk=DANGER | action=Halt heavy work, mandatory rest, evacuate
[2026-07-29 03:54:12] [WARNING ] [main] [DANGER ALERT] zone=Furnace-1 | wbgt=31.1552 | Halt heavy work, mandatory rest, evacuate
[2026-07-29 03:54:12] [INFO    ] [main] [DB] zone=Furnace-1 | db_id=35 | saved OK
[2026-07-29 03:54:12] [INFO    ] [main] [READING] zone=Loading-Dock | timestamp=2026-07-24T07:00:00
[2026-07-29 03:54:12] [DEBUG   ] [main] [READING] raw={"timestamp": "2026-07-24T07:00:00", "factory": "Ganesh Alloys", "zone": "Loading-Dock", "temperature_unit": "celsius", "temperature": 21.5, "humidity": 39.1, "globe_temperature": 22.3, "wet_bulb_temp
[2026-07-29 03:54:12] [DEBUG   ] [main] [VALIDATE] zone=Loading-Dock | condition=ALL_DATA | missing=[] | flags=[]
[2026-07-29 03:54:12] [INFO    ] [main] [CALC] zone=Loading-Dock | ta=21.5 | rh=39.1 | tg=22.3 | tnwb=13.4 | wbgt=16.07
[2026-07-29 03:54:12] [DEBUG   ] [main] [CALC] data_quality={'ta': 'sensor', 'rh': 'sensor', 'tg': 'sensor', 'tnwb': 'sensor', 'wbgt': 'calculated'}
[2026-07-29 03:54:12] [INFO    ] [main] [CLASSIFY] zone=Loading-Dock | wbgt=16.07 | risk=SAFE | action=Normal work, no restrictions
[2026-07-29 03:54:12] [INFO    ] [main] [DB] zone=Loading-Dock | db_id=36 | saved OK
[2026-07-29 03:54:12] [INFO    ] [main] [READING] zone=Annealing-Line | timestamp=2026-07-24T08:00:00
[2026-07-29 03:54:12] [DEBUG   ] [main] [READING] raw={"timestamp": "2026-07-24T08:00:00", "factory": "SAIL", "zone": "Annealing-Line", "temperature_unit": "celsius", "temperature": 29.1, "humidity": 63.3, "globe_temperature": 33.1, "wet_bulb_temperature
[2026-07-29 03:54:12] [DEBUG   ] [main] [VALIDATE] zone=Annealing-Line | condition=ALL_DATA | missing=[] | flags=[]
[2026-07-29 03:54:12] [INFO    ] [main] [CALC] zone=Annealing-Line | ta=29.1 | rh=63.3 | tg=33.1 | tnwb=23.4 | wbgt=26.31
[2026-07-29 03:54:12] [DEBUG   ] [main] [CALC] data_quality={'ta': 'sensor', 'rh': 'sensor', 'tg': 'sensor', 'tnwb': 'sensor', 'wbgt': 'calculated'}
[2026-07-29 03:54:12] [INFO    ] [main] [CLASSIFY] zone=Annealing-Line | wbgt=26.31 | risk=SAFE | action=Normal work, no restrictions
[2026-07-29 03:54:12] [INFO    ] [main] [DB] zone=Annealing-Line | db_id=37 | saved OK
[2026-07-29 03:54:12] [INFO    ] [main] [READING] zone=Loading-Dock | timestamp=2026-07-24T09:00:00
[2026-07-29 03:54:12] [DEBUG   ] [main] [READING] raw={"timestamp": "2026-07-24T09:00:00", "factory": "Vedanta", "zone": "Loading-Dock", "temperature_unit": "celsius", "temperature": 32.2, "humidity": 47.5, "globe_temperature": 0, "wet_bulb_temperature":
[2026-07-29 03:54:12] [DEBUG   ] [main] [VALIDATE] zone=Loading-Dock | condition=None | missing=[] | flags=[]
[2026-07-29 03:54:12] [DEBUG   ] [main] [FAULT] zone=Loading-Dock | timestamp=2026-07-24T09:00:00 | reason=SENSOR_FAULT: globe_temp_c=0.0 is less than air_temp_c=32.2.
[2026-07-29 03:54:12] [INFO    ] [main] [READING] zone=Rolling-Mill | timestamp=2026-07-24T10:00:00
[2026-07-29 03:54:12] [DEBUG   ] [main] [READING] raw={"timestamp": "2026-07-24T10:00:00", "factory": "Vedanta", "zone": "Rolling-Mill", "temperature_unit": "celsius", "temperature": 31.2, "humidity": 57.0, "globe_temperature": 40.6, "wet_bulb_temperatur
[2026-07-29 03:54:12] [DEBUG   ] [main] [VALIDATE] zone=Rolling-Mill | condition=ALL_DATA | missing=[] | flags=[]
[2026-07-29 03:54:12] [INFO    ] [main] [CALC] zone=Rolling-Mill | ta=31.2 | rh=57.0 | tg=40.6 | tnwb=24.7 | wbgt=29.47
[2026-07-29 03:54:12] [DEBUG   ] [main] [CALC] data_quality={'ta': 'sensor', 'rh': 'sensor', 'tg': 'sensor', 'tnwb': 'sensor', 'wbgt': 'calculated'}
[2026-07-29 03:54:12] [INFO    ] [main] [CLASSIFY] zone=Rolling-Mill | wbgt=29.47 | risk=WARNING | action=Enforce work/rest cycles (50 min work, 10 min rest)
[2026-07-29 03:54:12] [WARNING ] [main] [WARNING ALERT] zone=Rolling-Mill | wbgt=29.47 | Enforce work/rest cycles (50 min work, 10 min rest)
[2026-07-29 03:54:12] [INFO    ] [main] [DB] zone=Rolling-Mill | db_id=38 | saved OK
[2026-07-29 03:54:12] [INFO    ] [main] [READING] zone=Furnace-1 | timestamp=2026-07-24T11:00:00
[2026-07-29 03:54:12] [DEBUG   ] [main] [READING] raw={"timestamp": "2026-07-24T11:00:00", "factory": "Ganesh Alloys", "zone": "Furnace-1", "temperature_unit": "celsius", "temperature": 36.9, "humidity": 35.8, "globe_temperature": 0, "wet_bulb_temperatur
[2026-07-29 03:54:12] [DEBUG   ] [main] [VALIDATE] zone=Furnace-1 | condition=None | missing=[] | flags=[]
[2026-07-29 03:54:12] [DEBUG   ] [main] [FAULT] zone=Furnace-1 | timestamp=2026-07-24T11:00:00 | reason=SENSOR_FAULT: globe_temp_c=0.0 is less than air_temp_c=36.9.
[2026-07-29 03:54:12] [INFO    ] [main] [READING] zone=EAF-Bay | timestamp=2026-07-24T12:00:00
[2026-07-29 03:54:12] [DEBUG   ] [main] [READING] raw={"timestamp": "2026-07-24T12:00:00", "factory": "JSPL", "zone": "EAF-Bay", "temperature_unit": "celsius", "temperature": 44.1, "humidity": 27.3, "globe_temperature": 60.9, "wet_bulb_temperature": 28.4
[2026-07-29 03:54:12] [DEBUG   ] [main] [VALIDATE] zone=EAF-Bay | condition=ALL_DATA | missing=[] | flags=[]
[2026-07-29 03:54:12] [INFO    ] [main] [CALC] zone=EAF-Bay | ta=44.1 | rh=27.3 | tg=60.9 | tnwb=28.4 | wbgt=38.15
[2026-07-29 03:54:12] [DEBUG   ] [main] [CALC] data_quality={'ta': 'sensor', 'rh': 'sensor', 'tg': 'sensor', 'tnwb': 'sensor', 'wbgt': 'calculated'}
[2026-07-29 03:54:12] [INFO    ] [main] [CLASSIFY] zone=EAF-Bay | wbgt=38.15 | risk=DANGER | action=Halt heavy work, mandatory rest, evacuate
[2026-07-29 03:54:12] [WARNING ] [main] [DANGER ALERT] zone=EAF-Bay | wbgt=38.15 | Halt heavy work, mandatory rest, evacuate
[2026-07-29 03:54:12] [INFO    ] [main] [DB] zone=EAF-Bay | db_id=39 | saved OK
[2026-07-29 03:54:12] [INFO    ] [main] [READING] zone=Continuous-Casting | timestamp=2026-07-24T13:00:00
[2026-07-29 03:54:12] [DEBUG   ] [main] [READING] raw={"timestamp": "2026-07-24T13:00:00", "factory": "Tata Steel", "zone": "Continuous-Casting", "temperature_unit": "celsius", "temperature": 38.3, "humidity": 52.8, "globe_temperature": 53.9, "wet_bulb_t
[2026-07-29 03:54:12] [DEBUG   ] [main] [VALIDATE] zone=Continuous-Casting | condition=ALL_DATA | missing=[] | flags=[]
[2026-07-29 03:54:12] [INFO    ] [main] [CALC] zone=Continuous-Casting | ta=38.3 | rh=52.8 | tg=53.9 | tnwb=29.8 | wbgt=37.03
[2026-07-29 03:54:12] [DEBUG   ] [main] [CALC] data_quality={'ta': 'sensor', 'rh': 'sensor', 'tg': 'sensor', 'tnwb': 'sensor', 'wbgt': 'calculated'}
[2026-07-29 03:54:12] [INFO    ] [main] [CLASSIFY] zone=Continuous-Casting | wbgt=37.03 | risk=DANGER | action=Halt heavy work, mandatory rest, evacuate
[2026-07-29 03:54:12] [WARNING ] [main] [DANGER ALERT] zone=Continuous-Casting | wbgt=37.03 | Halt heavy work, mandatory rest, evacuate
[2026-07-29 03:54:12] [INFO    ] [main] [DB] zone=Continuous-Casting | db_id=40 | saved OK
[2026-07-29 03:54:12] [INFO    ] [main] [READING] zone=Fabrication-Shop | timestamp=2026-07-24T14:00:00
[2026-07-29 03:54:12] [DEBUG   ] [main] [READING] raw={"timestamp": "2026-07-24T14:00:00", "factory": "JSPL", "zone": "Fabrication-Shop", "temperature_unit": "celsius", "temperature": 28.6, "humidity": 67.9, "globe_temperature": 30.3, "wet_bulb_temperatu
[2026-07-29 03:54:12] [DEBUG   ] [main] [VALIDATE] zone=Fabrication-Shop | condition=ALL_DATA | missing=[] | flags=[]
[2026-07-29 03:54:12] [INFO    ] [main] [CALC] zone=Fabrication-Shop | ta=28.6 | rh=67.9 | tg=30.3 | tnwb=24.4 | wbgt=26.17
[2026-07-29 03:54:12] [DEBUG   ] [main] [CALC] data_quality={'ta': 'sensor', 'rh': 'sensor', 'tg': 'sensor', 'tnwb': 'sensor', 'wbgt': 'calculated'}
[2026-07-29 03:54:12] [INFO    ] [main] [CLASSIFY] zone=Fabrication-Shop | wbgt=26.17 | risk=SAFE | action=Normal work, no restrictions
[2026-07-29 03:54:12] [INFO    ] [main] [DB] zone=Fabrication-Shop | db_id=41 | saved OK
[2026-07-29 03:54:12] [INFO    ] [main] [READING] zone=Ladle-Metallurgy | timestamp=2026-07-24T15:00:00
[2026-07-29 03:54:12] [DEBUG   ] [main] [READING] raw={"timestamp": "2026-07-24T15:00:00", "factory": "Ganesh Alloys", "zone": "Ladle-Metallurgy", "temperature_unit": "celsius", "temperature": 36.0, "humidity": 347.5, "globe_temperature": 50.2, "wet_bulb
[2026-07-29 03:54:12] [DEBUG   ] [main] [VALIDATE] zone=Ladle-Metallurgy | condition=None | missing=[] | flags=[]
[2026-07-29 03:54:12] [DEBUG   ] [main] [FAULT] zone=Ladle-Metallurgy | timestamp=2026-07-24T15:00:00 | reason=SENSOR_FAULT: relative_humidity_pct=347.5 is out of valid range 0–100 %.
[2026-07-29 03:54:12] [INFO    ] [main] [READING] zone=Warehouse | timestamp=2026-07-24T16:00:00
[2026-07-29 03:54:12] [DEBUG   ] [main] [READING] raw={"timestamp": "2026-07-24T16:00:00", "factory": "Vedanta", "zone": "Warehouse", "temperature_unit": "celsius", "temperature": 29.2, "humidity": 56.3, "globe_temperature": 30.4, "wet_bulb_temperature":
[2026-07-29 03:54:12] [DEBUG   ] [main] [VALIDATE] zone=Warehouse | condition=ALL_DATA | missing=[] | flags=[]
[2026-07-29 03:54:12] [INFO    ] [main] [CALC] zone=Warehouse | ta=29.2 | rh=56.3 | tg=30.4 | tnwb=22.6727 | wbgt=24.9909
[2026-07-29 03:54:12] [DEBUG   ] [main] [CALC] data_quality={'ta': 'sensor', 'rh': 'sensor', 'tg': 'sensor', 'tnwb': 'calculated', 'wbgt': 'calculated'}
[2026-07-29 03:54:12] [INFO    ] [main] [CLASSIFY] zone=Warehouse | wbgt=24.9909 | risk=SAFE | action=Normal work, no restrictions
[2026-07-29 03:54:12] [INFO    ] [main] [DB] zone=Warehouse | db_id=42 | saved OK
[2026-07-29 03:54:12] [INFO    ] [main] [READING] zone=Furnace-2 | timestamp=2026-07-24T17:00:00
[2026-07-29 03:54:12] [DEBUG   ] [main] [READING] raw={"timestamp": "2026-07-24T17:00:00", "factory": "Tata Steel", "zone": "Furnace-2", "temperature_unit": "celsius", "temperature": 42.1, "humidity": 0, "globe_temperature": 58.4, "wet_bulb_temperature":
[2026-07-29 03:54:12] [DEBUG   ] [main] [VALIDATE] zone=Furnace-2 | condition=ALL_DATA | missing=[] | flags=[]
[2026-07-29 03:54:12] [DEBUG   ] [urllib3.connectionpool] Starting new HTTPS connection (1): api.openweathermap.org:443
[2026-07-29 03:54:12] [DEBUG   ] [urllib3.connectionpool] https://api.openweathermap.org:443 "GET /data/2.5/weather?lat=12.9716&lon=77.5946&appid=88f2329e130bf480c72cfc84306978a1&units=metric HTTP/1.1" 200 525
[2026-07-29 03:54:12] [INFO    ] [main] [CALC] zone=Furnace-2 | ta=42.1 | rh=26.75 | tg=58.4 | tnwb=26.4899 | wbgt=36.0629
[2026-07-29 03:54:12] [DEBUG   ] [main] [CALC] data_quality={'ta': 'sensor', 'rh': 'estimated', 'tg': 'sensor', 'tnwb': 'calculated', 'wbgt': 'calculated'}
[2026-07-29 03:54:12] [INFO    ] [main] [CLASSIFY] zone=Furnace-2 | wbgt=36.0629 | risk=DANGER | action=Halt heavy work, mandatory rest, evacuate
[2026-07-29 03:54:12] [WARNING ] [main] [DANGER ALERT] zone=Furnace-2 | wbgt=36.0629 | Halt heavy work, mandatory rest, evacuate
[2026-07-29 03:54:12] [INFO    ] [main] [DB] zone=Furnace-2 | db_id=43 | saved OK
[2026-07-29 03:54:12] [INFO    ] [main] [READING] zone=Annealing-Line | timestamp=2026-07-24T18:00:00
[2026-07-29 03:54:12] [DEBUG   ] [main] [READING] raw={"timestamp": "2026-07-24T18:00:00", "factory": "SAIL", "zone": "Annealing-Line", "temperature_unit": "celsius", "temperature": 31.1, "humidity": 0, "globe_temperature": 36.2, "wet_bulb_temperature": 
[2026-07-29 03:54:12] [DEBUG   ] [main] [VALIDATE] zone=Annealing-Line | condition=ALL_DATA | missing=[] | flags=[]
[2026-07-29 03:54:12] [DEBUG   ] [urllib3.connectionpool] Starting new HTTPS connection (1): api.openweathermap.org:443
[2026-07-29 03:54:12] [DEBUG   ] [urllib3.connectionpool] https://api.openweathermap.org:443 "GET /data/2.5/weather?lat=12.9716&lon=77.5946&appid=88f2329e130bf480c72cfc84306978a1&units=metric HTTP/1.1" 200 525
[2026-07-29 03:54:12] [INFO    ] [main] [CALC] zone=Annealing-Line | ta=31.1 | rh=48.92 | tg=36.2 | tnwb=23.0455 | wbgt=26.9919
[2026-07-29 03:54:12] [DEBUG   ] [main] [CALC] data_quality={'ta': 'sensor', 'rh': 'estimated', 'tg': 'sensor', 'tnwb': 'calculated', 'wbgt': 'calculated'}
[2026-07-29 03:54:12] [INFO    ] [main] [CLASSIFY] zone=Annealing-Line | wbgt=26.9919 | risk=CAUTION | action=Increase water breaks
[2026-07-29 03:54:12] [INFO    ] [main] [DB] zone=Annealing-Line | db_id=44 | saved OK
[2026-07-29 03:54:12] [INFO    ] [main] [READING] zone=Rolling-Mill | timestamp=2026-07-24T19:00:00
[2026-07-29 03:54:12] [DEBUG   ] [main] [READING] raw={"timestamp": "2026-07-24T19:00:00", "factory": "SAIL", "zone": "Rolling-Mill", "temperature_unit": "celsius", "temperature": 29.3, "humidity": 44.0, "globe_temperature": 0, "wet_bulb_temperature": 0}
[2026-07-29 03:54:12] [DEBUG   ] [main] [VALIDATE] zone=Rolling-Mill | condition=None | missing=[] | flags=[]
[2026-07-29 03:54:12] [DEBUG   ] [main] [FAULT] zone=Rolling-Mill | timestamp=2026-07-24T19:00:00 | reason=SENSOR_FAULT: globe_temp_c=0.0 is less than air_temp_c=29.3.
[2026-07-29 03:54:12] [INFO    ] [main] [READING] zone=Furnace-2 | timestamp=2026-07-24T20:00:00
[2026-07-29 03:54:12] [DEBUG   ] [main] [READING] raw={"timestamp": "2026-07-24T20:00:00", "factory": "JSW Steel", "zone": "Furnace-2", "temperature_unit": "celsius", "temperature": 36.4, "humidity": 110.8, "globe_temperature": 52.7, "wet_bulb_temperatur
[2026-07-29 03:54:12] [DEBUG   ] [main] [VALIDATE] zone=Furnace-2 | condition=None | missing=[] | flags=[]
[2026-07-29 03:54:12] [DEBUG   ] [main] [FAULT] zone=Furnace-2 | timestamp=2026-07-24T20:00:00 | reason=SENSOR_FAULT: relative_humidity_pct=110.8 is out of valid range 0–100 %.
[2026-07-29 03:54:12] [INFO    ] [main] [READING] zone=Annealing-Line | timestamp=2026-07-24T21:00:00
[2026-07-29 03:54:12] [DEBUG   ] [main] [READING] raw={"timestamp": "2026-07-24T21:00:00", "factory": "JSW Steel", "zone": "Annealing-Line", "temperature_unit": "celsius", "temperature": 26.6, "humidity": 0, "globe_temperature": 32.5, "wet_bulb_temperatu
[2026-07-29 03:54:12] [DEBUG   ] [main] [VALIDATE] zone=Annealing-Line | condition=ALL_DATA | missing=[] | flags=[]
[2026-07-29 03:54:12] [DEBUG   ] [urllib3.connectionpool] Starting new HTTPS connection (1): api.openweathermap.org:443
[2026-07-29 03:54:13] [DEBUG   ] [urllib3.connectionpool] https://api.openweathermap.org:443 "GET /data/2.5/weather?lat=12.9716&lon=77.5946&appid=88f2329e130bf480c72cfc84306978a1&units=metric HTTP/1.1" 200 525
[2026-07-29 03:54:13] [INFO    ] [main] [CALC] zone=Annealing-Line | ta=26.6 | rh=63.51 | tg=32.5 | tnwb=19.8 | wbgt=23.61
[2026-07-29 03:54:13] [DEBUG   ] [main] [CALC] data_quality={'ta': 'sensor', 'rh': 'estimated', 'tg': 'sensor', 'tnwb': 'sensor', 'wbgt': 'calculated'}
[2026-07-29 03:54:13] [INFO    ] [main] [CLASSIFY] zone=Annealing-Line | wbgt=23.61 | risk=SAFE | action=Normal work, no restrictions
[2026-07-29 03:54:13] [INFO    ] [main] [DB] zone=Annealing-Line | db_id=45 | saved OK
[2026-07-29 03:54:13] [INFO    ] [main] [READING] zone=Continuous-Casting | timestamp=2026-07-24T22:00:00
[2026-07-29 03:54:13] [DEBUG   ] [main] [READING] raw={"timestamp": "2026-07-24T22:00:00", "factory": "SAIL", "zone": "Continuous-Casting", "temperature_unit": "celsius", "temperature": 30.7, "humidity": 60.4, "globe_temperature": 45.8, "wet_bulb_tempera
[2026-07-29 03:54:13] [DEBUG   ] [main] [VALIDATE] zone=Continuous-Casting | condition=ALL_DATA | missing=[] | flags=[]
[2026-07-29 03:54:13] [INFO    ] [main] [CALC] zone=Continuous-Casting | ta=30.7 | rh=60.4 | tg=45.8 | tnwb=24.7 | wbgt=31.03
[2026-07-29 03:54:13] [DEBUG   ] [main] [CALC] data_quality={'ta': 'sensor', 'rh': 'sensor', 'tg': 'sensor', 'tnwb': 'sensor', 'wbgt': 'calculated'}
[2026-07-29 03:54:13] [INFO    ] [main] [CLASSIFY] zone=Continuous-Casting | wbgt=31.03 | risk=WARNING | action=Enforce work/rest cycles (50 min work, 10 min rest)
[2026-07-29 03:54:13] [WARNING ] [main] [WARNING ALERT] zone=Continuous-Casting | wbgt=31.03 | Enforce work/rest cycles (50 min work, 10 min rest)
[2026-07-29 03:54:13] [INFO    ] [main] [DB] zone=Continuous-Casting | db_id=46 | saved OK
[2026-07-29 03:54:13] [INFO    ] [main] [READING] zone=Fabrication-Shop | timestamp=2026-07-24T23:00:00
[2026-07-29 03:54:13] [DEBUG   ] [main] [READING] raw={"timestamp": "2026-07-24T23:00:00", "factory": "JSPL", "zone": "Fabrication-Shop", "temperature_unit": "celsius", "temperature": 24.9, "humidity": 62.3, "globe_temperature": 28.4, "wet_bulb_temperatu
[2026-07-29 03:54:13] [DEBUG   ] [main] [VALIDATE] zone=Fabrication-Shop | condition=ALL_DATA | missing=[] | flags=[]
[2026-07-29 03:54:13] [INFO    ] [main] [CALC] zone=Fabrication-Shop | ta=24.9 | rh=62.3 | tg=28.4 | tnwb=19.8 | wbgt=22.38
[2026-07-29 03:54:13] [DEBUG   ] [main] [CALC] data_quality={'ta': 'sensor', 'rh': 'sensor', 'tg': 'sensor', 'tnwb': 'sensor', 'wbgt': 'calculated'}
[2026-07-29 03:54:13] [INFO    ] [main] [CLASSIFY] zone=Fabrication-Shop | wbgt=22.38 | risk=SAFE | action=Normal work, no restrictions
[2026-07-29 03:54:13] [INFO    ] [main] [DB] zone=Fabrication-Shop | db_id=47 | saved OK
[2026-07-29 03:54:13] [INFO    ] [main] [READING] zone=Ladle-Metallurgy | timestamp=2026-07-25T00:00:00
[2026-07-29 03:54:13] [DEBUG   ] [main] [READING] raw={"timestamp": "2026-07-25T00:00:00", "factory": "JSPL", "zone": "Ladle-Metallurgy", "temperature_unit": "celsius", "temperature": 28.8, "humidity": 60.1, "globe_temperature": 41.6, "wet_bulb_temperatu
[2026-07-29 03:54:13] [DEBUG   ] [main] [VALIDATE] zone=Ladle-Metallurgy | condition=ALL_DATA | missing=[] | flags=[]
[2026-07-29 03:54:13] [INFO    ] [main] [CALC] zone=Ladle-Metallurgy | ta=28.8 | rh=60.1 | tg=41.6 | tnwb=22.9 | wbgt=28.51
[2026-07-29 03:54:13] [DEBUG   ] [main] [CALC] data_quality={'ta': 'sensor', 'rh': 'sensor', 'tg': 'sensor', 'tnwb': 'sensor', 'wbgt': 'calculated'}
[2026-07-29 03:54:13] [INFO    ] [main] [CLASSIFY] zone=Ladle-Metallurgy | wbgt=28.51 | risk=CAUTION | action=Increase water breaks
[2026-07-29 03:54:13] [INFO    ] [main] [DB] zone=Ladle-Metallurgy | db_id=48 | saved OK
[2026-07-29 03:54:13] [INFO    ] [main] [READING] zone=Loading-Dock | timestamp=2026-07-25T01:00:00
[2026-07-29 03:54:13] [DEBUG   ] [main] [READING] raw={"timestamp": "2026-07-25T01:00:00", "factory": "Vedanta", "zone": "Loading-Dock", "temperature_unit": "celsius", "temperature": 23.2, "humidity": 0, "globe_temperature": 26.2, "wet_bulb_temperature":
[2026-07-29 03:54:13] [DEBUG   ] [main] [VALIDATE] zone=Loading-Dock | condition=ALL_DATA | missing=[] | flags=[]
[2026-07-29 03:54:13] [DEBUG   ] [urllib3.connectionpool] Starting new HTTPS connection (1): api.openweathermap.org:443
[2026-07-29 03:54:13] [DEBUG   ] [urllib3.connectionpool] https://api.openweathermap.org:443 "GET /data/2.5/weather?lat=12.9716&lon=77.5946&appid=88f2329e130bf480c72cfc84306978a1&units=metric HTTP/1.1" 200 525
[2026-07-29 03:54:13] [INFO    ] [main] [CALC] zone=Loading-Dock | ta=23.2 | rh=77.81 | tg=26.2 | tnwb=18.6 | wbgt=20.88
[2026-07-29 03:54:13] [DEBUG   ] [main] [CALC] data_quality={'ta': 'sensor', 'rh': 'estimated', 'tg': 'sensor', 'tnwb': 'sensor', 'wbgt': 'calculated'}
[2026-07-29 03:54:13] [INFO    ] [main] [CLASSIFY] zone=Loading-Dock | wbgt=20.88 | risk=SAFE | action=Normal work, no restrictions
[2026-07-29 03:54:13] [INFO    ] [main] [DB] zone=Loading-Dock | db_id=49 | saved OK
[2026-07-29 03:54:13] [INFO    ] [main] [READING] zone=EAF-Bay | timestamp=2026-07-25T02:00:00
[2026-07-29 03:54:13] [DEBUG   ] [main] [READING] raw={"timestamp": "2026-07-25T02:00:00", "factory": "JSW Steel", "zone": "EAF-Bay", "temperature_unit": "celsius", "temperature": 38.5, "humidity": 0, "globe_temperature": 0, "wet_bulb_temperature": 26.3}
[2026-07-29 03:54:13] [DEBUG   ] [main] [VALIDATE] zone=EAF-Bay | condition=None | missing=[] | flags=[]
[2026-07-29 03:54:13] [DEBUG   ] [main] [FAULT] zone=EAF-Bay | timestamp=2026-07-25T02:00:00 | reason=SENSOR_FAULT: globe_temp_c=0.0 is less than air_temp_c=38.5.
[2026-07-29 03:54:13] [INFO    ] [main] [READING] zone=Furnace-1 | timestamp=2026-07-25T03:00:00
[2026-07-29 03:54:13] [DEBUG   ] [main] [READING] raw={"timestamp": "2026-07-25T03:00:00", "factory": "Shree Metal Works", "zone": "Furnace-1", "temperature_unit": "celsius", "temperature": 36.3, "humidity": 43.1, "globe_temperature": 0, "wet_bulb_temper
[2026-07-29 03:54:13] [DEBUG   ] [main] [VALIDATE] zone=Furnace-1 | condition=None | missing=[] | flags=[]
[2026-07-29 03:54:13] [DEBUG   ] [main] [FAULT] zone=Furnace-1 | timestamp=2026-07-25T03:00:00 | reason=SENSOR_FAULT: globe_temp_c=0.0 is less than air_temp_c=36.3.
[2026-07-29 03:54:13] [INFO    ] [main] [READING] zone=Warehouse | timestamp=2026-07-25T04:00:00
[2026-07-29 03:54:13] [DEBUG   ] [main] [READING] raw={"timestamp": "2026-07-25T04:00:00", "factory": "Ganesh Alloys", "zone": "Warehouse", "temperature_unit": "celsius", "temperature": 19.6, "humidity": 62.0, "globe_temperature": 14.5, "wet_bulb_tempera
[2026-07-29 03:54:13] [DEBUG   ] [main] [VALIDATE] zone=Warehouse | condition=None | missing=[] | flags=[]
[2026-07-29 03:54:13] [DEBUG   ] [main] [FAULT] zone=Warehouse | timestamp=2026-07-25T04:00:00 | reason=SENSOR_FAULT: globe_temp_c=14.5 is less than air_temp_c=19.6.
[2026-07-29 03:54:13] [INFO    ] [main] [READING] zone=Continuous-Casting | timestamp=2026-07-25T05:00:00
[2026-07-29 03:54:13] [DEBUG   ] [main] [READING] raw={"timestamp": "2026-07-25T05:00:00", "factory": "SAIL", "zone": "Continuous-Casting", "temperature_unit": "celsius", "temperature": 29.2, "humidity": 54.1, "globe_temperature": 40.9, "wet_bulb_tempera
[2026-07-29 03:54:13] [DEBUG   ] [main] [VALIDATE] zone=Continuous-Casting | condition=ALL_DATA | missing=[] | flags=[]
[2026-07-29 03:54:13] [INFO    ] [main] [CALC] zone=Continuous-Casting | ta=29.2 | rh=54.1 | tg=40.9 | tnwb=22.3067 | wbgt=27.8847
[2026-07-29 03:54:13] [DEBUG   ] [main] [CALC] data_quality={'ta': 'sensor', 'rh': 'sensor', 'tg': 'sensor', 'tnwb': 'calculated', 'wbgt': 'calculated'}
[2026-07-29 03:54:13] [INFO    ] [main] [CLASSIFY] zone=Continuous-Casting | wbgt=27.8847 | risk=CAUTION | action=Increase water breaks
[2026-07-29 03:54:13] [INFO    ] [main] [DB] zone=Continuous-Casting | db_id=50 | saved OK
[2026-07-29 03:54:13] [INFO    ] [main] [READING] zone=Rolling-Mill | timestamp=2026-07-25T06:00:00
[2026-07-29 03:54:13] [DEBUG   ] [main] [READING] raw={"timestamp": "2026-07-25T06:00:00", "factory": "Ganesh Alloys", "zone": "Rolling-Mill", "temperature_unit": "celsius", "temperature": 29.0, "humidity": 55.1, "globe_temperature": 38.1, "wet_bulb_temp
[2026-07-29 03:54:13] [DEBUG   ] [main] [VALIDATE] zone=Rolling-Mill | condition=ALL_DATA | missing=[] | flags=[]
[2026-07-29 03:54:13] [INFO    ] [main] [CALC] zone=Rolling-Mill | ta=29.0 | rh=55.1 | tg=38.1 | tnwb=22.8 | wbgt=27.39
[2026-07-29 03:54:13] [DEBUG   ] [main] [CALC] data_quality={'ta': 'sensor', 'rh': 'sensor', 'tg': 'sensor', 'tnwb': 'sensor', 'wbgt': 'calculated'}
[2026-07-29 03:54:13] [INFO    ] [main] [CLASSIFY] zone=Rolling-Mill | wbgt=27.39 | risk=CAUTION | action=Increase water breaks
[2026-07-29 03:54:14] [INFO    ] [main] [DB] zone=Rolling-Mill | db_id=51 | saved OK
[2026-07-29 03:54:14] [INFO    ] [main] [READING] zone=Furnace-1 | timestamp=2026-07-25T07:00:00
[2026-07-29 03:54:14] [DEBUG   ] [main] [READING] raw={"timestamp": "2026-07-25T07:00:00", "factory": "JSW Steel", "zone": "Furnace-1", "temperature_unit": "celsius", "temperature": 39.7, "humidity": 43.2, "globe_temperature": 57.1, "wet_bulb_temperature
[2026-07-29 03:54:14] [DEBUG   ] [main] [VALIDATE] zone=Furnace-1 | condition=ALL_DATA | missing=[] | flags=[]
[2026-07-29 03:54:14] [INFO    ] [main] [CALC] zone=Furnace-1 | ta=39.7 | rh=43.2 | tg=57.1 | tnwb=28.8 | wbgt=37.29
[2026-07-29 03:54:14] [DEBUG   ] [main] [CALC] data_quality={'ta': 'sensor', 'rh': 'sensor', 'tg': 'sensor', 'tnwb': 'sensor', 'wbgt': 'calculated'}
[2026-07-29 03:54:14] [INFO    ] [main] [CLASSIFY] zone=Furnace-1 | wbgt=37.29 | risk=DANGER | action=Halt heavy work, mandatory rest, evacuate
[2026-07-29 03:54:14] [WARNING ] [main] [DANGER ALERT] zone=Furnace-1 | wbgt=37.29 | Halt heavy work, mandatory rest, evacuate
[2026-07-29 03:54:14] [INFO    ] [main] [DB] zone=Furnace-1 | db_id=52 | saved OK
[2026-07-29 03:54:14] [INFO    ] [main] [READING] zone=Loading-Dock | timestamp=2026-07-25T08:00:00
[2026-07-29 03:54:14] [DEBUG   ] [main] [READING] raw={"timestamp": "2026-07-25T08:00:00", "factory": "JSPL", "zone": "Loading-Dock", "temperature_unit": "celsius", "temperature": 27.1, "humidity": 71.2, "globe_temperature": 0, "wet_bulb_temperature": 22
[2026-07-29 03:54:14] [DEBUG   ] [main] [VALIDATE] zone=Loading-Dock | condition=None | missing=[] | flags=[]
[2026-07-29 03:54:14] [DEBUG   ] [main] [FAULT] zone=Loading-Dock | timestamp=2026-07-25T08:00:00 | reason=SENSOR_FAULT: globe_temp_c=0.0 is less than air_temp_c=27.1.
[2026-07-29 03:54:14] [INFO    ] [main] [READING] zone=Warehouse | timestamp=2026-07-25T09:00:00
[2026-07-29 03:54:14] [DEBUG   ] [main] [READING] raw={"timestamp": "2026-07-25T09:00:00", "factory": "Ganesh Alloys", "zone": "Warehouse", "temperature_unit": "celsius", "temperature": 27.1, "humidity": 60.4, "globe_temperature": 27.5, "wet_bulb_tempera
[2026-07-29 03:54:14] [DEBUG   ] [main] [VALIDATE] zone=Warehouse | condition=ALL_DATA | missing=[] | flags=[]
[2026-07-29 03:54:14] [INFO    ] [main] [CALC] zone=Warehouse | ta=27.1 | rh=60.4 | tg=27.5 | tnwb=21.4512 | wbgt=23.2658
[2026-07-29 03:54:14] [DEBUG   ] [main] [CALC] data_quality={'ta': 'sensor', 'rh': 'sensor', 'tg': 'sensor', 'tnwb': 'calculated', 'wbgt': 'calculated'}
[2026-07-29 03:54:14] [INFO    ] [main] [CLASSIFY] zone=Warehouse | wbgt=23.2658 | risk=SAFE | action=Normal work, no restrictions
[2026-07-29 03:54:14] [INFO    ] [main] [DB] zone=Warehouse | db_id=53 | saved OK
[2026-07-29 03:54:14] [INFO    ] [main] [READING] zone=Ladle-Metallurgy | timestamp=2026-07-25T10:00:00
[2026-07-29 03:54:14] [DEBUG   ] [main] [READING] raw={"timestamp": "2026-07-25T10:00:00", "factory": "Ganesh Alloys", "zone": "Ladle-Metallurgy", "temperature_unit": "celsius", "temperature": 34.2, "humidity": 33.8, "globe_temperature": 46.2, "wet_bulb_
[2026-07-29 03:54:14] [DEBUG   ] [main] [VALIDATE] zone=Ladle-Metallurgy | condition=ALL_DATA | missing=[] | flags=[]
[2026-07-29 03:54:14] [INFO    ] [main] [CALC] zone=Ladle-Metallurgy | ta=34.2 | rh=33.8 | tg=46.2 | tnwb=22.4 | wbgt=29.54
[2026-07-29 03:54:14] [DEBUG   ] [main] [CALC] data_quality={'ta': 'sensor', 'rh': 'sensor', 'tg': 'sensor', 'tnwb': 'sensor', 'wbgt': 'calculated'}
[2026-07-29 03:54:14] [INFO    ] [main] [CLASSIFY] zone=Ladle-Metallurgy | wbgt=29.54 | risk=WARNING | action=Enforce work/rest cycles (50 min work, 10 min rest)
[2026-07-29 03:54:14] [WARNING ] [main] [WARNING ALERT] zone=Ladle-Metallurgy | wbgt=29.54 | Enforce work/rest cycles (50 min work, 10 min rest)
[2026-07-29 03:54:14] [INFO    ] [main] [DB] zone=Ladle-Metallurgy | db_id=54 | saved OK
[2026-07-29 03:54:14] [INFO    ] [main] [READING] zone=Furnace-2 | timestamp=2026-07-25T11:00:00
[2026-07-29 03:54:14] [DEBUG   ] [main] [READING] raw={"timestamp": "2026-07-25T11:00:00", "factory": "SAIL", "zone": "Furnace-2", "temperature_unit": "celsius", "temperature": 41.3, "humidity": 32.9, "globe_temperature": 57.9, "wet_bulb_temperature": 28
[2026-07-29 03:54:14] [DEBUG   ] [main] [VALIDATE] zone=Furnace-2 | condition=ALL_DATA | missing=[] | flags=[]
[2026-07-29 03:54:14] [INFO    ] [main] [CALC] zone=Furnace-2 | ta=41.3 | rh=32.9 | tg=57.9 | tnwb=28.2 | wbgt=37.11
[2026-07-29 03:54:14] [DEBUG   ] [main] [CALC] data_quality={'ta': 'sensor', 'rh': 'sensor', 'tg': 'sensor', 'tnwb': 'sensor', 'wbgt': 'calculated'}
[2026-07-29 03:54:14] [INFO    ] [main] [CLASSIFY] zone=Furnace-2 | wbgt=37.11 | risk=DANGER | action=Halt heavy work, mandatory rest, evacuate
[2026-07-29 03:54:14] [WARNING ] [main] [DANGER ALERT] zone=Furnace-2 | wbgt=37.11 | Halt heavy work, mandatory rest, evacuate
[2026-07-29 03:54:14] [INFO    ] [main] [DB] zone=Furnace-2 | db_id=55 | saved OK
[2026-07-29 03:54:14] [INFO    ] [main] [READING] zone=EAF-Bay | timestamp=2026-07-25T12:00:00
[2026-07-29 03:54:14] [DEBUG   ] [main] [READING] raw={"timestamp": "2026-07-25T12:00:00", "factory": "SAIL", "zone": "EAF-Bay", "temperature_unit": "celsius", "temperature": 43.9, "humidity": 46.0, "globe_temperature": 0, "wet_bulb_temperature": 0}
[2026-07-29 03:54:14] [DEBUG   ] [main] [VALIDATE] zone=EAF-Bay | condition=None | missing=[] | flags=[]
[2026-07-29 03:54:14] [DEBUG   ] [main] [FAULT] zone=EAF-Bay | timestamp=2026-07-25T12:00:00 | reason=SENSOR_FAULT: globe_temp_c=0.0 is less than air_temp_c=43.9.
[2026-07-29 03:54:14] [INFO    ] [main] [READING] zone=Annealing-Line | timestamp=2026-07-25T13:00:00
[2026-07-29 03:54:14] [DEBUG   ] [main] [READING] raw={"timestamp": "2026-07-25T13:00:00", "factory": "Shree Metal Works", "zone": "Annealing-Line", "temperature_unit": "celsius", "temperature": 36.5, "humidity": 48.8, "globe_temperature": 41.3, "wet_bul
[2026-07-29 03:54:14] [DEBUG   ] [main] [VALIDATE] zone=Annealing-Line | condition=ALL_DATA | missing=[] | flags=[]
[2026-07-29 03:54:14] [INFO    ] [main] [CALC] zone=Annealing-Line | ta=36.5 | rh=48.8 | tg=41.3 | tnwb=27.5 | wbgt=31.64
[2026-07-29 03:54:14] [DEBUG   ] [main] [CALC] data_quality={'ta': 'sensor', 'rh': 'sensor', 'tg': 'sensor', 'tnwb': 'sensor', 'wbgt': 'calculated'}
[2026-07-29 03:54:14] [INFO    ] [main] [CLASSIFY] zone=Annealing-Line | wbgt=31.64 | risk=DANGER | action=Halt heavy work, mandatory rest, evacuate
[2026-07-29 03:54:14] [WARNING ] [main] [DANGER ALERT] zone=Annealing-Line | wbgt=31.64 | Halt heavy work, mandatory rest, evacuate
[2026-07-29 03:54:14] [INFO    ] [main] [DB] zone=Annealing-Line | db_id=56 | saved OK
[2026-07-29 03:54:14] [INFO    ] [main] [READING] zone=Fabrication-Shop | timestamp=2026-07-25T14:00:00
[2026-07-29 03:54:14] [DEBUG   ] [main] [READING] raw={"timestamp": "2026-07-25T14:00:00", "factory": "Vedanta", "zone": "Fabrication-Shop", "temperature_unit": "celsius", "temperature": 32.9, "humidity": 61.0, "globe_temperature": 34.9, "wet_bulb_temper
[2026-07-29 03:54:14] [DEBUG   ] [main] [VALIDATE] zone=Fabrication-Shop | condition=ALL_DATA | missing=[] | flags=[]
[2026-07-29 03:54:14] [INFO    ] [main] [CALC] zone=Fabrication-Shop | ta=32.9 | rh=61.0 | tg=34.9 | tnwb=26.5 | wbgt=29.02
[2026-07-29 03:54:14] [DEBUG   ] [main] [CALC] data_quality={'ta': 'sensor', 'rh': 'sensor', 'tg': 'sensor', 'tnwb': 'sensor', 'wbgt': 'calculated'}
[2026-07-29 03:54:14] [INFO    ] [main] [CLASSIFY] zone=Fabrication-Shop | wbgt=29.02 | risk=CAUTION | action=Increase water breaks
[2026-07-29 03:54:14] [INFO    ] [main] [DB] zone=Fabrication-Shop | db_id=57 | saved OK
[2026-07-29 03:54:14] [INFO    ] [main] [READING] zone=EAF-Bay | timestamp=2026-07-25T15:00:00
[2026-07-29 03:54:14] [DEBUG   ] [main] [READING] raw={"timestamp": "2026-07-25T15:00:00", "factory": "Ganesh Alloys", "zone": "EAF-Bay", "temperature_unit": "celsius", "temperature": 45.4, "humidity": 42.5, "globe_temperature": 64.9, "wet_bulb_temperatu
[2026-07-29 03:54:14] [DEBUG   ] [main] [VALIDATE] zone=EAF-Bay | condition=ALL_DATA | missing=[] | flags=[]
[2026-07-29 03:54:14] [INFO    ] [main] [CALC] zone=EAF-Bay | ta=45.4 | rh=42.5 | tg=64.9 | tnwb=33.6422 | wbgt=43.0195
[2026-07-29 03:54:14] [DEBUG   ] [main] [CALC] data_quality={'ta': 'sensor', 'rh': 'sensor', 'tg': 'sensor', 'tnwb': 'calculated', 'wbgt': 'calculated'}
[2026-07-29 03:54:14] [INFO    ] [main] [CLASSIFY] zone=EAF-Bay | wbgt=43.0195 | risk=DANGER | action=Halt heavy work, mandatory rest, evacuate
[2026-07-29 03:54:14] [WARNING ] [main] [DANGER ALERT] zone=EAF-Bay | wbgt=43.0195 | Halt heavy work, mandatory rest, evacuate
[2026-07-29 03:54:14] [INFO    ] [main] [DB] zone=EAF-Bay | db_id=58 | saved OK
[2026-07-29 03:54:14] [INFO    ] [main] [READING] zone=Furnace-2 | timestamp=2026-07-25T16:00:00
[2026-07-29 03:54:14] [DEBUG   ] [main] [READING] raw={"timestamp": "2026-07-25T16:00:00", "factory": "Tata Steel", "zone": "Furnace-2", "temperature_unit": "celsius", "temperature": 37.2, "humidity": 0, "globe_temperature": 0, "wet_bulb_temperature": 24
[2026-07-29 03:54:14] [DEBUG   ] [main] [VALIDATE] zone=Furnace-2 | condition=None | missing=[] | flags=[]
[2026-07-29 03:54:14] [DEBUG   ] [main] [FAULT] zone=Furnace-2 | timestamp=2026-07-25T16:00:00 | reason=SENSOR_FAULT: globe_temp_c=0.0 is less than air_temp_c=37.2.
[2026-07-29 03:54:14] [INFO    ] [main] [READING] zone=Rolling-Mill | timestamp=2026-07-25T17:00:00
[2026-07-29 03:54:14] [DEBUG   ] [main] [READING] raw={"timestamp": "2026-07-25T17:00:00", "factory": "Ganesh Alloys", "zone": "Rolling-Mill", "temperature_unit": "celsius", "temperature": 37.8, "humidity": 62.3, "globe_temperature": 44.8, "wet_bulb_temp
[2026-07-29 03:54:14] [DEBUG   ] [main] [VALIDATE] zone=Rolling-Mill | condition=ALL_DATA | missing=[] | flags=[]
[2026-07-29 03:54:14] [INFO    ] [main] [CALC] zone=Rolling-Mill | ta=37.8 | rh=62.3 | tg=44.8 | tnwb=31.7 | wbgt=35.63
[2026-07-29 03:54:14] [DEBUG   ] [main] [CALC] data_quality={'ta': 'sensor', 'rh': 'sensor', 'tg': 'sensor', 'tnwb': 'sensor', 'wbgt': 'calculated'}
[2026-07-29 03:54:14] [INFO    ] [main] [CLASSIFY] zone=Rolling-Mill | wbgt=35.63 | risk=DANGER | action=Halt heavy work, mandatory rest, evacuate
[2026-07-29 03:54:14] [WARNING ] [main] [DANGER ALERT] zone=Rolling-Mill | wbgt=35.63 | Halt heavy work, mandatory rest, evacuate
[2026-07-29 03:54:14] [INFO    ] [main] [DB] zone=Rolling-Mill | db_id=59 | saved OK
[2026-07-29 03:54:14] [INFO    ] [main] [READING] zone=Furnace-1 | timestamp=2026-07-25T18:00:00
[2026-07-29 03:54:14] [DEBUG   ] [main] [READING] raw={"timestamp": "2026-07-25T18:00:00", "factory": "Shree Metal Works", "zone": "Furnace-1", "temperature_unit": "celsius", "temperature": 43.0, "humidity": 48.4, "globe_temperature": 61.0, "wet_bulb_tem
[2026-07-29 03:54:14] [DEBUG   ] [main] [VALIDATE] zone=Furnace-1 | condition=ALL_DATA | missing=[] | flags=[]
[2026-07-29 03:54:14] [INFO    ] [main] [CALC] zone=Furnace-1 | ta=43.0 | rh=48.4 | tg=61.0 | tnwb=33.1 | wbgt=41.47
[2026-07-29 03:54:14] [DEBUG   ] [main] [CALC] data_quality={'ta': 'sensor', 'rh': 'sensor', 'tg': 'sensor', 'tnwb': 'sensor', 'wbgt': 'calculated'}
[2026-07-29 03:54:14] [INFO    ] [main] [CLASSIFY] zone=Furnace-1 | wbgt=41.47 | risk=DANGER | action=Halt heavy work, mandatory rest, evacuate
[2026-07-29 03:54:14] [WARNING ] [main] [DANGER ALERT] zone=Furnace-1 | wbgt=41.47 | Halt heavy work, mandatory rest, evacuate
[2026-07-29 03:54:14] [INFO    ] [main] [DB] zone=Furnace-1 | db_id=60 | saved OK
[2026-07-29 03:54:14] [INFO    ] [main] [READING] zone=Warehouse | timestamp=2026-07-25T19:00:00
[2026-07-29 03:54:14] [DEBUG   ] [main] [READING] raw={"timestamp": "2026-07-25T19:00:00", "factory": "Shree Metal Works", "zone": "Warehouse", "temperature_unit": "celsius", "temperature": 27.4, "humidity": 0, "globe_temperature": 0, "wet_bulb_temperatu
[2026-07-29 03:54:14] [DEBUG   ] [main] [VALIDATE] zone=Warehouse | condition=None | missing=[] | flags=[]
[2026-07-29 03:54:14] [DEBUG   ] [main] [FAULT] zone=Warehouse | timestamp=2026-07-25T19:00:00 | reason=SENSOR_FAULT: globe_temp_c=0.0 is less than air_temp_c=27.4.
[2026-07-29 03:54:14] [INFO    ] [main] [READING] zone=Ladle-Metallurgy | timestamp=2026-07-25T20:00:00
[2026-07-29 03:54:14] [DEBUG   ] [main] [READING] raw={"timestamp": "2026-07-25T20:00:00", "factory": "Shree Metal Works", "zone": "Ladle-Metallurgy", "temperature_unit": "celsius", "temperature": 33.0, "humidity": 42.0, "globe_temperature": 46.8, "wet_b
[2026-07-29 03:54:14] [DEBUG   ] [main] [VALIDATE] zone=Ladle-Metallurgy | condition=ALL_DATA | missing=[] | flags=[]
[2026-07-29 03:54:14] [INFO    ] [main] [CALC] zone=Ladle-Metallurgy | ta=33.0 | rh=42.0 | tg=46.8 | tnwb=23.1 | wbgt=30.21
[2026-07-29 03:54:14] [DEBUG   ] [main] [CALC] data_quality={'ta': 'sensor', 'rh': 'sensor', 'tg': 'sensor', 'tnwb': 'sensor', 'wbgt': 'calculated'}
[2026-07-29 03:54:14] [INFO    ] [main] [CLASSIFY] zone=Ladle-Metallurgy | wbgt=30.21 | risk=WARNING | action=Enforce work/rest cycles (50 min work, 10 min rest)
[2026-07-29 03:54:14] [WARNING ] [main] [WARNING ALERT] zone=Ladle-Metallurgy | wbgt=30.21 | Enforce work/rest cycles (50 min work, 10 min rest)
[2026-07-29 03:54:14] [INFO    ] [main] [DB] zone=Ladle-Metallurgy | db_id=61 | saved OK
[2026-07-29 03:54:14] [INFO    ] [main] [READING] zone=Fabrication-Shop | timestamp=2026-07-25T21:00:00
[2026-07-29 03:54:14] [DEBUG   ] [main] [READING] raw={"timestamp": "2026-07-25T21:00:00", "factory": "JSW Steel", "zone": "Fabrication-Shop", "temperature_unit": "celsius", "temperature": 24.1, "humidity": 57.4, "globe_temperature": 0, "wet_bulb_tempera
[2026-07-29 03:54:14] [DEBUG   ] [main] [VALIDATE] zone=Fabrication-Shop | condition=None | missing=[] | flags=[]
[2026-07-29 03:54:14] [DEBUG   ] [main] [FAULT] zone=Fabrication-Shop | timestamp=2026-07-25T21:00:00 | reason=SENSOR_FAULT: globe_temp_c=0.0 is less than air_temp_c=24.1.
[2026-07-29 03:54:14] [INFO    ] [main] [READING] zone=Annealing-Line | timestamp=2026-07-25T22:00:00
[2026-07-29 03:54:14] [DEBUG   ] [main] [READING] raw={"timestamp": "2026-07-25T22:00:00", "factory": "Shree Metal Works", "zone": "Annealing-Line", "temperature_unit": "celsius", "temperature": 24.3, "humidity": 0, "globe_temperature": 0, "wet_bulb_temp
[2026-07-29 03:54:14] [DEBUG   ] [main] [VALIDATE] zone=Annealing-Line | condition=None | missing=[] | flags=[]
[2026-07-29 03:54:14] [DEBUG   ] [main] [FAULT] zone=Annealing-Line | timestamp=2026-07-25T22:00:00 | reason=SENSOR_FAULT: globe_temp_c=0.0 is less than air_temp_c=24.3.
[2026-07-29 03:54:14] [INFO    ] [main] [READING] zone=Loading-Dock | timestamp=2026-07-25T23:00:00
[2026-07-29 03:54:14] [DEBUG   ] [main] [READING] raw={"timestamp": "2026-07-25T23:00:00", "factory": "Vedanta", "zone": "Loading-Dock", "temperature_unit": "celsius", "temperature": 31.7, "humidity": 50.1, "globe_temperature": 35.3, "wet_bulb_temperatur
[2026-07-29 03:54:14] [DEBUG   ] [main] [VALIDATE] zone=Loading-Dock | condition=ALL_DATA | missing=[] | flags=[]
[2026-07-29 03:54:14] [INFO    ] [main] [CALC] zone=Loading-Dock | ta=31.7 | rh=50.1 | tg=35.3 | tnwb=23.4 | wbgt=26.97
[2026-07-29 03:54:14] [DEBUG   ] [main] [CALC] data_quality={'ta': 'sensor', 'rh': 'sensor', 'tg': 'sensor', 'tnwb': 'sensor', 'wbgt': 'calculated'}
[2026-07-29 03:54:14] [INFO    ] [main] [CLASSIFY] zone=Loading-Dock | wbgt=26.97 | risk=CAUTION | action=Increase water breaks
[2026-07-29 03:54:14] [INFO    ] [main] [DB] zone=Loading-Dock | db_id=62 | saved OK
[2026-07-29 03:54:14] [INFO    ] [main] [READING] zone=Continuous-Casting | timestamp=2026-07-26T00:00:00
[2026-07-29 03:54:14] [DEBUG   ] [main] [READING] raw={"timestamp": "2026-07-26T00:00:00", "factory": "JSW Steel", "zone": "Continuous-Casting", "temperature_unit": "celsius", "temperature": 31.2, "humidity": 55.3, "globe_temperature": 45.6, "wet_bulb_te
[2026-07-29 03:54:14] [DEBUG   ] [main] [VALIDATE] zone=Continuous-Casting | condition=ALL_DATA | missing=[] | flags=[]
[2026-07-29 03:54:14] [INFO    ] [main] [CALC] zone=Continuous-Casting | ta=31.2 | rh=55.3 | tg=45.6 | tnwb=24.4 | wbgt=30.76
[2026-07-29 03:54:14] [DEBUG   ] [main] [CALC] data_quality={'ta': 'sensor', 'rh': 'sensor', 'tg': 'sensor', 'tnwb': 'sensor', 'wbgt': 'calculated'}
[2026-07-29 03:54:14] [INFO    ] [main] [CLASSIFY] zone=Continuous-Casting | wbgt=30.76 | risk=WARNING | action=Enforce work/rest cycles (50 min work, 10 min rest)
[2026-07-29 03:54:14] [WARNING ] [main] [WARNING ALERT] zone=Continuous-Casting | wbgt=30.76 | Enforce work/rest cycles (50 min work, 10 min rest)
[2026-07-29 03:54:14] [INFO    ] [main] [DB] zone=Continuous-Casting | db_id=63 | saved OK
[2026-07-29 03:54:14] [INFO    ] [main] [READING] zone=Fabrication-Shop | timestamp=2026-07-26T01:00:00
[2026-07-29 03:54:14] [DEBUG   ] [main] [READING] raw={"timestamp": "2026-07-26T01:00:00", "factory": "Tata Steel", "zone": "Fabrication-Shop", "temperature_unit": "celsius", "temperature": 24.7, "humidity": 0, "globe_temperature": 25.7, "wet_bulb_temper
[2026-07-29 03:54:14] [DEBUG   ] [main] [VALIDATE] zone=Fabrication-Shop | condition=ALL_DATA | missing=[] | flags=[]
[2026-07-29 03:54:14] [DEBUG   ] [urllib3.connectionpool] Starting new HTTPS connection (1): api.openweathermap.org:443
[2026-07-29 03:54:14] [DEBUG   ] [urllib3.connectionpool] https://api.openweathermap.org:443 "GET /data/2.5/weather?lat=12.9716&lon=77.5946&appid=88f2329e130bf480c72cfc84306978a1&units=metric HTTP/1.1" 200 525
[2026-07-29 03:54:14] [INFO    ] [main] [CALC] zone=Fabrication-Shop | ta=24.7 | rh=71.09 | tg=25.7 | tnwb=18.3 | wbgt=20.52
[2026-07-29 03:54:14] [DEBUG   ] [main] [CALC] data_quality={'ta': 'sensor', 'rh': 'estimated', 'tg': 'sensor', 'tnwb': 'sensor', 'wbgt': 'calculated'}
[2026-07-29 03:54:14] [INFO    ] [main] [CLASSIFY] zone=Fabrication-Shop | wbgt=20.52 | risk=SAFE | action=Normal work, no restrictions
[2026-07-29 03:54:14] [INFO    ] [main] [DB] zone=Fabrication-Shop | db_id=64 | saved OK
[2026-07-29 03:54:14] [INFO    ] [main] [READING] zone=Warehouse | timestamp=2026-07-26T02:00:00
[2026-07-29 03:54:14] [DEBUG   ] [main] [READING] raw={"timestamp": "2026-07-26T02:00:00", "factory": "Tata Steel", "zone": "Warehouse", "temperature_unit": "celsius", "temperature": 19.1, "humidity": 47.0, "globe_temperature": 20.3, "wet_bulb_temperatur
[2026-07-29 03:54:14] [DEBUG   ] [main] [VALIDATE] zone=Warehouse | condition=ALL_DATA | missing=[] | flags=[]
[2026-07-29 03:54:14] [INFO    ] [main] [CALC] zone=Warehouse | ta=19.1 | rh=47.0 | tg=20.3 | tnwb=12.6 | wbgt=14.91
[2026-07-29 03:54:14] [DEBUG   ] [main] [CALC] data_quality={'ta': 'sensor', 'rh': 'sensor', 'tg': 'sensor', 'tnwb': 'sensor', 'wbgt': 'calculated'}
[2026-07-29 03:54:14] [INFO    ] [main] [CLASSIFY] zone=Warehouse | wbgt=14.91 | risk=SAFE | action=Normal work, no restrictions
[2026-07-29 03:54:14] [INFO    ] [main] [DB] zone=Warehouse | db_id=65 | saved OK
[2026-07-29 03:54:14] [INFO    ] [main] [READING] zone=Furnace-1 | timestamp=2026-07-26T03:00:00
[2026-07-29 03:54:14] [DEBUG   ] [main] [READING] raw={"timestamp": "2026-07-26T03:00:00", "factory": "Tata Steel", "zone": "Furnace-1", "temperature_unit": "celsius", "temperature": 36.3, "humidity": 53.5, "globe_temperature": 54.5, "wet_bulb_temperatur
[2026-07-29 03:54:14] [DEBUG   ] [main] [VALIDATE] zone=Furnace-1 | condition=ALL_DATA | missing=[] | flags=[]
[2026-07-29 03:54:14] [INFO    ] [main] [CALC] zone=Furnace-1 | ta=36.3 | rh=53.5 | tg=54.5 | tnwb=28.0 | wbgt=35.95
[2026-07-29 03:54:14] [DEBUG   ] [main] [CALC] data_quality={'ta': 'sensor', 'rh': 'sensor', 'tg': 'sensor', 'tnwb': 'sensor', 'wbgt': 'calculated'}
[2026-07-29 03:54:14] [INFO    ] [main] [CLASSIFY] zone=Furnace-1 | wbgt=35.95 | risk=DANGER | action=Halt heavy work, mandatory rest, evacuate
[2026-07-29 03:54:14] [WARNING ] [main] [DANGER ALERT] zone=Furnace-1 | wbgt=35.95 | Halt heavy work, mandatory rest, evacuate
[2026-07-29 03:54:14] [INFO    ] [main] [DB] zone=Furnace-1 | db_id=66 | saved OK
[2026-07-29 03:54:14] [INFO    ] [main] [READING] zone=EAF-Bay | timestamp=2026-07-26T04:00:00
[2026-07-29 03:54:14] [DEBUG   ] [main] [READING] raw={"timestamp": "2026-07-26T04:00:00", "factory": "SAIL", "zone": "EAF-Bay", "temperature_unit": "celsius", "temperature": 33.7, "humidity": 41.7, "globe_temperature": 51.0, "wet_bulb_temperature": 0}
[2026-07-29 03:54:14] [DEBUG   ] [main] [VALIDATE] zone=EAF-Bay | condition=ALL_DATA | missing=[] | flags=[]
[2026-07-29 03:54:14] [INFO    ] [main] [CALC] zone=EAF-Bay | ta=33.7 | rh=41.7 | tg=51.0 | tnwb=23.8168 | wbgt=31.9718
[2026-07-29 03:54:14] [DEBUG   ] [main] [CALC] data_quality={'ta': 'sensor', 'rh': 'sensor', 'tg': 'sensor', 'tnwb': 'calculated', 'wbgt': 'calculated'}
[2026-07-29 03:54:14] [INFO    ] [main] [CLASSIFY] zone=EAF-Bay | wbgt=31.9718 | risk=DANGER | action=Halt heavy work, mandatory rest, evacuate
[2026-07-29 03:54:14] [WARNING ] [main] [DANGER ALERT] zone=EAF-Bay | wbgt=31.9718 | Halt heavy work, mandatory rest, evacuate
[2026-07-29 03:54:14] [INFO    ] [main] [DB] zone=EAF-Bay | db_id=67 | saved OK
[2026-07-29 03:54:14] [INFO    ] [main] [READING] zone=Furnace-2 | timestamp=2026-07-26T05:00:00
[2026-07-29 03:54:14] [DEBUG   ] [main] [READING] raw={"timestamp": "2026-07-26T05:00:00", "factory": "Vedanta", "zone": "Furnace-2", "temperature_unit": "celsius", "temperature": 35.3, "humidity": 38.7, "globe_temperature": 52.0, "wet_bulb_temperature":
[2026-07-29 03:54:14] [DEBUG   ] [main] [VALIDATE] zone=Furnace-2 | condition=ALL_DATA | missing=[] | flags=[]
[2026-07-29 03:54:14] [INFO    ] [main] [CALC] zone=Furnace-2 | ta=35.3 | rh=38.7 | tg=52.0 | tnwb=24.467 | wbgt=32.7269
[2026-07-29 03:54:14] [DEBUG   ] [main] [CALC] data_quality={'ta': 'sensor', 'rh': 'sensor', 'tg': 'sensor', 'tnwb': 'calculated', 'wbgt': 'calculated'}
[2026-07-29 03:54:14] [INFO    ] [main] [CLASSIFY] zone=Furnace-2 | wbgt=32.7269 | risk=DANGER | action=Halt heavy work, mandatory rest, evacuate
[2026-07-29 03:54:14] [WARNING ] [main] [DANGER ALERT] zone=Furnace-2 | wbgt=32.7269 | Halt heavy work, mandatory rest, evacuate
[2026-07-29 03:54:14] [INFO    ] [main] [DB] zone=Furnace-2 | db_id=68 | saved OK
[2026-07-29 03:54:14] [INFO    ] [main] [READING] zone=Ladle-Metallurgy | timestamp=2026-07-26T06:00:00
[2026-07-29 03:54:14] [DEBUG   ] [main] [READING] raw={"timestamp": "2026-07-26T06:00:00", "factory": "Shree Metal Works", "zone": "Ladle-Metallurgy", "temperature_unit": "celsius", "temperature": 34.8, "humidity": 48.2, "globe_temperature": 49.7, "wet_b
[2026-07-29 03:54:14] [DEBUG   ] [main] [VALIDATE] zone=Ladle-Metallurgy | condition=ALL_DATA | missing=[] | flags=[]
[2026-07-29 03:54:14] [INFO    ] [main] [CALC] zone=Ladle-Metallurgy | ta=34.8 | rh=48.2 | tg=49.7 | tnwb=25.9 | wbgt=33.04
[2026-07-29 03:54:14] [DEBUG   ] [main] [CALC] data_quality={'ta': 'sensor', 'rh': 'sensor', 'tg': 'sensor', 'tnwb': 'sensor', 'wbgt': 'calculated'}
[2026-07-29 03:54:14] [INFO    ] [main] [CLASSIFY] zone=Ladle-Metallurgy | wbgt=33.04 | risk=DANGER | action=Halt heavy work, mandatory rest, evacuate
[2026-07-29 03:54:14] [WARNING ] [main] [DANGER ALERT] zone=Ladle-Metallurgy | wbgt=33.04 | Halt heavy work, mandatory rest, evacuate
[2026-07-29 03:54:14] [INFO    ] [main] [DB] zone=Ladle-Metallurgy | db_id=69 | saved OK
[2026-07-29 03:54:14] [INFO    ] [main] [READING] zone=Annealing-Line | timestamp=2026-07-26T07:00:00
[2026-07-29 03:54:14] [DEBUG   ] [main] [READING] raw={"timestamp": "2026-07-26T07:00:00", "factory": "JSPL", "zone": "Annealing-Line", "temperature_unit": "celsius", "temperature": 26.4, "humidity": 0, "globe_temperature": 28.9, "wet_bulb_temperature": 
[2026-07-29 03:54:14] [DEBUG   ] [main] [VALIDATE] zone=Annealing-Line | condition=ALL_DATA | missing=[] | flags=[]
[2026-07-29 03:54:14] [DEBUG   ] [urllib3.connectionpool] Starting new HTTPS connection (1): api.openweathermap.org:443
[2026-07-29 03:54:14] [DEBUG   ] [urllib3.connectionpool] https://api.openweathermap.org:443 "GET /data/2.5/weather?lat=12.9716&lon=77.5946&appid=88f2329e130bf480c72cfc84306978a1&units=metric HTTP/1.1" 200 525
[2026-07-29 03:54:14] [INFO    ] [main] [CALC] zone=Annealing-Line | ta=26.4 | rh=64.26 | tg=28.9 | tnwb=21.3996 | wbgt=23.6497
[2026-07-29 03:54:14] [DEBUG   ] [main] [CALC] data_quality={'ta': 'sensor', 'rh': 'estimated', 'tg': 'sensor', 'tnwb': 'calculated', 'wbgt': 'calculated'}
[2026-07-29 03:54:14] [INFO    ] [main] [CLASSIFY] zone=Annealing-Line | wbgt=23.6497 | risk=SAFE | action=Normal work, no restrictions
[2026-07-29 03:54:14] [INFO    ] [main] [DB] zone=Annealing-Line | db_id=70 | saved OK
[2026-07-29 03:54:14] [INFO    ] [main] [READING] zone=Continuous-Casting | timestamp=2026-07-26T08:00:00
[2026-07-29 03:54:14] [DEBUG   ] [main] [READING] raw={"timestamp": "2026-07-26T08:00:00", "factory": "Vedanta", "zone": "Continuous-Casting", "temperature_unit": "celsius", "temperature": 35.9, "humidity": 47.5, "globe_temperature": 50.4, "wet_bulb_temp
[2026-07-29 03:54:14] [DEBUG   ] [main] [VALIDATE] zone=Continuous-Casting | condition=ALL_DATA | missing=[] | flags=[]
[2026-07-29 03:54:14] [INFO    ] [main] [CALC] zone=Continuous-Casting | ta=35.9 | rh=47.5 | tg=50.4 | tnwb=27.2 | wbgt=34.16
[2026-07-29 03:54:14] [DEBUG   ] [main] [CALC] data_quality={'ta': 'sensor', 'rh': 'sensor', 'tg': 'sensor', 'tnwb': 'sensor', 'wbgt': 'calculated'}
[2026-07-29 03:54:14] [INFO    ] [main] [CLASSIFY] zone=Continuous-Casting | wbgt=34.16 | risk=DANGER | action=Halt heavy work, mandatory rest, evacuate
[2026-07-29 03:54:14] [WARNING ] [main] [DANGER ALERT] zone=Continuous-Casting | wbgt=34.16 | Halt heavy work, mandatory rest, evacuate
[2026-07-29 03:54:14] [INFO    ] [main] [DB] zone=Continuous-Casting | db_id=71 | saved OK
[2026-07-29 03:54:14] [INFO    ] [main] [READING] zone=Loading-Dock | timestamp=2026-07-26T09:00:00
[2026-07-29 03:54:14] [DEBUG   ] [main] [READING] raw={"timestamp": "2026-07-26T09:00:00", "factory": "JSPL", "zone": "Loading-Dock", "temperature_unit": "celsius", "temperature": 31.3, "humidity": 44.0, "globe_temperature": 31.9, "wet_bulb_temperature":
[2026-07-29 03:54:14] [DEBUG   ] [main] [VALIDATE] zone=Loading-Dock | condition=ALL_DATA | missing=[] | flags=[]
[2026-07-29 03:54:14] [INFO    ] [main] [CALC] zone=Loading-Dock | ta=31.3 | rh=44.0 | tg=31.9 | tnwb=22.6 | wbgt=25.39
[2026-07-29 03:54:14] [DEBUG   ] [main] [CALC] data_quality={'ta': 'sensor', 'rh': 'sensor', 'tg': 'sensor', 'tnwb': 'sensor', 'wbgt': 'calculated'}
[2026-07-29 03:54:14] [INFO    ] [main] [CLASSIFY] zone=Loading-Dock | wbgt=25.39 | risk=SAFE | action=Normal work, no restrictions
[2026-07-29 03:54:14] [INFO    ] [main] [DB] zone=Loading-Dock | db_id=72 | saved OK
[2026-07-29 03:54:14] [INFO    ] [main] [READING] zone=Rolling-Mill | timestamp=2026-07-26T10:00:00
[2026-07-29 03:54:14] [DEBUG   ] [main] [READING] raw={"timestamp": "2026-07-26T10:00:00", "factory": "JSW Steel", "zone": "Rolling-Mill", "temperature_unit": "celsius", "temperature": 31.7, "humidity": 44.6, "globe_temperature": 41.3, "wet_bulb_temperat
[2026-07-29 03:54:14] [DEBUG   ] [main] [VALIDATE] zone=Rolling-Mill | condition=ALL_DATA | missing=[] | flags=[]
[2026-07-29 03:54:14] [INFO    ] [main] [CALC] zone=Rolling-Mill | ta=31.7 | rh=44.6 | tg=41.3 | tnwb=22.7 | wbgt=28.28
[2026-07-29 03:54:14] [DEBUG   ] [main] [CALC] data_quality={'ta': 'sensor', 'rh': 'sensor', 'tg': 'sensor', 'tnwb': 'sensor', 'wbgt': 'calculated'}
[2026-07-29 03:54:14] [INFO    ] [main] [CLASSIFY] zone=Rolling-Mill | wbgt=28.28 | risk=CAUTION | action=Increase water breaks
[2026-07-29 03:54:14] [INFO    ] [main] [DB] zone=Rolling-Mill | db_id=73 | saved OK
[2026-07-29 03:54:14] [INFO    ] [main] [READING] zone=Fabrication-Shop | timestamp=2026-07-26T11:00:00
[2026-07-29 03:54:14] [DEBUG   ] [main] [READING] raw={"timestamp": "2026-07-26T11:00:00", "factory": "Shree Metal Works", "zone": "Fabrication-Shop", "temperature_unit": "celsius", "temperature": 31.2, "humidity": 0, "globe_temperature": 32.2, "wet_bulb
[2026-07-29 03:54:14] [DEBUG   ] [main] [VALIDATE] zone=Fabrication-Shop | condition=ALL_DATA | missing=[] | flags=[]
[2026-07-29 03:54:14] [DEBUG   ] [urllib3.connectionpool] Starting new HTTPS connection (1): api.openweathermap.org:443
[2026-07-29 03:54:15] [DEBUG   ] [urllib3.connectionpool] https://api.openweathermap.org:443 "GET /data/2.5/weather?lat=12.9716&lon=77.5946&appid=88f2329e130bf480c72cfc84306978a1&units=metric HTTP/1.1" 200 525
[2026-07-29 03:54:15] [INFO    ] [main] [CALC] zone=Fabrication-Shop | ta=31.2 | rh=48.64 | tg=32.2 | tnwb=23.08 | wbgt=25.816
[2026-07-29 03:54:15] [DEBUG   ] [main] [CALC] data_quality={'ta': 'sensor', 'rh': 'estimated', 'tg': 'sensor', 'tnwb': 'calculated', 'wbgt': 'calculated'}
[2026-07-29 03:54:15] [INFO    ] [main] [CLASSIFY] zone=Fabrication-Shop | wbgt=25.816 | risk=SAFE | action=Normal work, no restrictions
[2026-07-29 03:54:15] [INFO    ] [main] [DB] zone=Fabrication-Shop | db_id=74 | saved OK
[2026-07-29 03:54:15] [INFO    ] [main] [READING] zone=Warehouse | timestamp=2026-07-26T12:00:00
[2026-07-29 03:54:15] [DEBUG   ] [main] [READING] raw={"timestamp": "2026-07-26T12:00:00", "factory": "JSW Steel", "zone": "Warehouse", "temperature_unit": "celsius", "temperature": 28.2, "humidity": 45.1, "globe_temperature": 29.8, "wet_bulb_temperature
[2026-07-29 03:54:15] [DEBUG   ] [main] [VALIDATE] zone=Warehouse | condition=ALL_DATA | missing=[] | flags=[]
[2026-07-29 03:54:15] [INFO    ] [main] [CALC] zone=Warehouse | ta=28.2 | rh=45.1 | tg=29.8 | tnwb=19.8 | wbgt=22.8
[2026-07-29 03:54:15] [DEBUG   ] [main] [CALC] data_quality={'ta': 'sensor', 'rh': 'sensor', 'tg': 'sensor', 'tnwb': 'sensor', 'wbgt': 'calculated'}
[2026-07-29 03:54:15] [INFO    ] [main] [CLASSIFY] zone=Warehouse | wbgt=22.8 | risk=SAFE | action=Normal work, no restrictions
[2026-07-29 03:54:15] [INFO    ] [main] [DB] zone=Warehouse | db_id=75 | saved OK
[2026-07-29 03:54:15] [INFO    ] [main] [READING] zone=Rolling-Mill | timestamp=2026-07-26T13:00:00
[2026-07-29 03:54:15] [DEBUG   ] [main] [READING] raw={"timestamp": "2026-07-26T13:00:00", "factory": "Vedanta", "zone": "Rolling-Mill", "temperature_unit": "celsius", "temperature": 32.9, "humidity": 0, "globe_temperature": 40.6, "wet_bulb_temperature":
[2026-07-29 03:54:15] [DEBUG   ] [main] [VALIDATE] zone=Rolling-Mill | condition=ALL_DATA | missing=[] | flags=[]
[2026-07-29 03:54:15] [DEBUG   ] [urllib3.connectionpool] Starting new HTTPS connection (1): api.openweathermap.org:443
[2026-07-29 03:54:15] [DEBUG   ] [urllib3.connectionpool] https://api.openweathermap.org:443 "GET /data/2.5/weather?lat=12.9716&lon=77.5946&appid=88f2329e130bf480c72cfc84306978a1&units=metric HTTP/1.1" 200 525
[2026-07-29 03:54:15] [INFO    ] [main] [CALC] zone=Rolling-Mill | ta=32.9 | rh=44.17 | tg=40.6 | tnwb=25.6 | wbgt=30.1
[2026-07-29 03:54:15] [DEBUG   ] [main] [CALC] data_quality={'ta': 'sensor', 'rh': 'estimated', 'tg': 'sensor', 'tnwb': 'sensor', 'wbgt': 'calculated'}
[2026-07-29 03:54:15] [INFO    ] [main] [CLASSIFY] zone=Rolling-Mill | wbgt=30.1 | risk=WARNING | action=Enforce work/rest cycles (50 min work, 10 min rest)
[2026-07-29 03:54:15] [WARNING ] [main] [WARNING ALERT] zone=Rolling-Mill | wbgt=30.1 | Enforce work/rest cycles (50 min work, 10 min rest)
[2026-07-29 03:54:15] [INFO    ] [main] [DB] zone=Rolling-Mill | db_id=76 | saved OK
[2026-07-29 03:54:15] [INFO    ] [main] [READING] zone=Furnace-2 | timestamp=2026-07-26T14:00:00
[2026-07-29 03:54:15] [DEBUG   ] [main] [READING] raw={"timestamp": "2026-07-26T14:00:00", "factory": "Tata Steel", "zone": "Furnace-2", "temperature_unit": "celsius", "temperature": 39.3, "humidity": 33.6, "globe_temperature": 53.9, "wet_bulb_temperatur
[2026-07-29 03:54:15] [DEBUG   ] [main] [VALIDATE] zone=Furnace-2 | condition=ALL_DATA | missing=[] | flags=[]
[2026-07-29 03:54:15] [INFO    ] [main] [CALC] zone=Furnace-2 | ta=39.3 | rh=33.6 | tg=53.9 | tnwb=26.1 | wbgt=34.44
[2026-07-29 03:54:15] [DEBUG   ] [main] [CALC] data_quality={'ta': 'sensor', 'rh': 'sensor', 'tg': 'sensor', 'tnwb': 'sensor', 'wbgt': 'calculated'}
[2026-07-29 03:54:15] [INFO    ] [main] [CLASSIFY] zone=Furnace-2 | wbgt=34.44 | risk=DANGER | action=Halt heavy work, mandatory rest, evacuate
[2026-07-29 03:54:15] [WARNING ] [main] [DANGER ALERT] zone=Furnace-2 | wbgt=34.44 | Halt heavy work, mandatory rest, evacuate
[2026-07-29 03:54:15] [INFO    ] [main] [DB] zone=Furnace-2 | db_id=77 | saved OK
[2026-07-29 03:54:15] [INFO    ] [main] [READING] zone=Loading-Dock | timestamp=2026-07-26T15:00:00
[2026-07-29 03:54:15] [DEBUG   ] [main] [READING] raw={"timestamp": "2026-07-26T15:00:00", "factory": "Shree Metal Works", "zone": "Loading-Dock", "temperature_unit": "celsius", "temperature": 29.7, "humidity": 46.8, "globe_temperature": 32.0, "wet_bulb_
[2026-07-29 03:54:15] [DEBUG   ] [main] [VALIDATE] zone=Loading-Dock | condition=ALL_DATA | missing=[] | flags=[]
[2026-07-29 03:54:15] [INFO    ] [main] [CALC] zone=Loading-Dock | ta=29.7 | rh=46.8 | tg=32.0 | tnwb=21.4 | wbgt=24.58
[2026-07-29 03:54:15] [DEBUG   ] [main] [CALC] data_quality={'ta': 'sensor', 'rh': 'sensor', 'tg': 'sensor', 'tnwb': 'sensor', 'wbgt': 'calculated'}
[2026-07-29 03:54:15] [INFO    ] [main] [CLASSIFY] zone=Loading-Dock | wbgt=24.58 | risk=SAFE | action=Normal work, no restrictions
[2026-07-29 03:54:15] [INFO    ] [main] [DB] zone=Loading-Dock | db_id=78 | saved OK
[2026-07-29 03:54:15] [INFO    ] [main] [READING] zone=Annealing-Line | timestamp=2026-07-26T16:00:00
[2026-07-29 03:54:15] [DEBUG   ] [main] [READING] raw={"timestamp": "2026-07-26T16:00:00", "factory": "JSPL", "zone": "Annealing-Line", "temperature_unit": "celsius", "temperature": 33.5, "humidity": 46.6, "globe_temperature": 36.2, "wet_bulb_temperature
[2026-07-29 03:54:15] [DEBUG   ] [main] [VALIDATE] zone=Annealing-Line | condition=ALL_DATA | missing=[] | flags=[]
[2026-07-29 03:54:15] [INFO    ] [main] [CALC] zone=Annealing-Line | ta=33.5 | rh=46.6 | tg=36.2 | tnwb=24.6456 | wbgt=28.1119
[2026-07-29 03:54:15] [DEBUG   ] [main] [CALC] data_quality={'ta': 'sensor', 'rh': 'sensor', 'tg': 'sensor', 'tnwb': 'calculated', 'wbgt': 'calculated'}
[2026-07-29 03:54:15] [INFO    ] [main] [CLASSIFY] zone=Annealing-Line | wbgt=28.1119 | risk=CAUTION | action=Increase water breaks
[2026-07-29 03:54:15] [INFO    ] [main] [DB] zone=Annealing-Line | db_id=79 | saved OK
[2026-07-29 03:54:15] [INFO    ] [main] [READING] zone=Ladle-Metallurgy | timestamp=2026-07-26T17:00:00
[2026-07-29 03:54:15] [DEBUG   ] [main] [READING] raw={"timestamp": "2026-07-26T17:00:00", "factory": "JSPL", "zone": "Ladle-Metallurgy", "temperature_unit": "celsius", "temperature": 36.4, "humidity": 48.6, "globe_temperature": 50.4, "wet_bulb_temperatu
[2026-07-29 03:54:15] [DEBUG   ] [main] [VALIDATE] zone=Ladle-Metallurgy | condition=ALL_DATA | missing=[] | flags=[]
[2026-07-29 03:54:15] [INFO    ] [main] [CALC] zone=Ladle-Metallurgy | ta=36.4 | rh=48.6 | tg=50.4 | tnwb=27.4 | wbgt=34.3
[2026-07-29 03:54:15] [DEBUG   ] [main] [CALC] data_quality={'ta': 'sensor', 'rh': 'sensor', 'tg': 'sensor', 'tnwb': 'sensor', 'wbgt': 'calculated'}
[2026-07-29 03:54:15] [INFO    ] [main] [CLASSIFY] zone=Ladle-Metallurgy | wbgt=34.3 | risk=DANGER | action=Halt heavy work, mandatory rest, evacuate
[2026-07-29 03:54:15] [WARNING ] [main] [DANGER ALERT] zone=Ladle-Metallurgy | wbgt=34.3 | Halt heavy work, mandatory rest, evacuate
[2026-07-29 03:54:15] [INFO    ] [main] [DB] zone=Ladle-Metallurgy | db_id=80 | saved OK
[2026-07-29 03:54:15] [INFO    ] [main] [READING] zone=Furnace-1 | timestamp=2026-07-26T18:00:00
[2026-07-29 03:54:15] [DEBUG   ] [main] [READING] raw={"timestamp": "2026-07-26T18:00:00", "factory": "Tata Steel", "zone": "Furnace-1", "temperature_unit": "celsius", "temperature": 68.5, "humidity": 35.6, "globe_temperature": 54.8, "wet_bulb_temperatur
[2026-07-29 03:54:15] [DEBUG   ] [main] [VALIDATE] zone=Furnace-1 | condition=None | missing=[] | flags=[]
[2026-07-29 03:54:15] [DEBUG   ] [main] [FAULT] zone=Furnace-1 | timestamp=2026-07-26T18:00:00 | reason=SENSOR_FAULT: globe_temp_c=54.8 is less than air_temp_c=68.5.
[2026-07-29 03:54:15] [INFO    ] [main] [READING] zone=EAF-Bay | timestamp=2026-07-26T19:00:00
[2026-07-29 03:54:15] [DEBUG   ] [main] [READING] raw={"timestamp": "2026-07-26T19:00:00", "factory": "JSPL", "zone": "EAF-Bay", "temperature_unit": "celsius", "temperature": 37.9, "humidity": 40.0, "globe_temperature": 0, "wet_bulb_temperature": 27.2}
[2026-07-29 03:54:15] [DEBUG   ] [main] [VALIDATE] zone=EAF-Bay | condition=None | missing=[] | flags=[]
[2026-07-29 03:54:15] [DEBUG   ] [main] [FAULT] zone=EAF-Bay | timestamp=2026-07-26T19:00:00 | reason=SENSOR_FAULT: globe_temp_c=0.0 is less than air_temp_c=37.9.
[2026-07-29 03:54:15] [INFO    ] [main] [READING] zone=Continuous-Casting | timestamp=2026-07-26T20:00:00
[2026-07-29 03:54:15] [DEBUG   ] [main] [READING] raw={"timestamp": "2026-07-26T20:00:00", "factory": "Ganesh Alloys", "zone": "Continuous-Casting", "temperature_unit": "celsius", "temperature": 30.8, "humidity": 0, "globe_temperature": 0, "wet_bulb_temp
[2026-07-29 03:54:15] [DEBUG   ] [main] [VALIDATE] zone=Continuous-Casting | condition=None | missing=[] | flags=[]
[2026-07-29 03:54:15] [DEBUG   ] [main] [FAULT] zone=Continuous-Casting | timestamp=2026-07-26T20:00:00 | reason=SENSOR_FAULT: globe_temp_c=0.0 is less than air_temp_c=30.8.
[2026-07-29 03:54:15] [INFO    ] [main] [READING] zone=Warehouse | timestamp=2026-07-26T21:00:00
[2026-07-29 03:54:15] [DEBUG   ] [main] [READING] raw={"timestamp": "2026-07-26T21:00:00", "factory": "SAIL", "zone": "Warehouse", "temperature_unit": "celsius", "temperature": 25.6, "humidity": 0, "globe_temperature": 26.6, "wet_bulb_temperature": 18.5}
[2026-07-29 03:54:15] [DEBUG   ] [main] [VALIDATE] zone=Warehouse | condition=ALL_DATA | missing=[] | flags=[]
[2026-07-29 03:54:15] [DEBUG   ] [urllib3.connectionpool] Starting new HTTPS connection (1): api.openweathermap.org:443
[2026-07-29 03:54:16] [DEBUG   ] [urllib3.connectionpool] https://api.openweathermap.org:443 "GET /data/2.5/weather?lat=12.9716&lon=77.5946&appid=88f2329e130bf480c72cfc84306978a1&units=metric HTTP/1.1" 200 525
[2026-07-29 03:54:16] [INFO    ] [main] [CALC] zone=Warehouse | ta=25.6 | rh=67.38 | tg=26.6 | tnwb=18.5 | wbgt=20.93
[2026-07-29 03:54:16] [DEBUG   ] [main] [CALC] data_quality={'ta': 'sensor', 'rh': 'estimated', 'tg': 'sensor', 'tnwb': 'sensor', 'wbgt': 'calculated'}
[2026-07-29 03:54:16] [INFO    ] [main] [CLASSIFY] zone=Warehouse | wbgt=20.93 | risk=SAFE | action=Normal work, no restrictions
[2026-07-29 03:54:16] [INFO    ] [main] [DB] zone=Warehouse | db_id=81 | saved OK
[2026-07-29 03:54:16] [INFO    ] [main] [READING] zone=Annealing-Line | timestamp=2026-07-26T22:00:00
[2026-07-29 03:54:16] [DEBUG   ] [main] [READING] raw={"timestamp": "2026-07-26T22:00:00", "factory": "SAIL", "zone": "Annealing-Line", "temperature_unit": "celsius", "temperature": 25.2, "humidity": 58.8, "globe_temperature": 28.2, "wet_bulb_temperature
[2026-07-29 03:54:16] [DEBUG   ] [main] [VALIDATE] zone=Annealing-Line | condition=ALL_DATA | missing=[] | flags=[]
[2026-07-29 03:54:16] [INFO    ] [main] [CALC] zone=Annealing-Line | ta=25.2 | rh=58.8 | tg=28.2 | tnwb=19.4 | wbgt=22.04
[2026-07-29 03:54:16] [DEBUG   ] [main] [CALC] data_quality={'ta': 'sensor', 'rh': 'sensor', 'tg': 'sensor', 'tnwb': 'sensor', 'wbgt': 'calculated'}
[2026-07-29 03:54:16] [INFO    ] [main] [CLASSIFY] zone=Annealing-Line | wbgt=22.04 | risk=SAFE | action=Normal work, no restrictions
[2026-07-29 03:54:16] [INFO    ] [main] [DB] zone=Annealing-Line | db_id=82 | saved OK
[2026-07-29 03:54:16] [INFO    ] [main] [READING] zone=Ladle-Metallurgy | timestamp=2026-07-26T23:00:00
[2026-07-29 03:54:16] [DEBUG   ] [main] [READING] raw={"timestamp": "2026-07-26T23:00:00", "factory": "Vedanta", "zone": "Ladle-Metallurgy", "temperature_unit": "celsius", "temperature": 32.2, "humidity": 47.6, "globe_temperature": 47.4, "wet_bulb_temper
[2026-07-29 03:54:16] [DEBUG   ] [main] [VALIDATE] zone=Ladle-Metallurgy | condition=ALL_DATA | missing=[] | flags=[]
[2026-07-29 03:54:16] [INFO    ] [main] [CALC] zone=Ladle-Metallurgy | ta=32.2 | rh=47.6 | tg=47.4 | tnwb=23.9 | wbgt=30.95
[2026-07-29 03:54:16] [DEBUG   ] [main] [CALC] data_quality={'ta': 'sensor', 'rh': 'sensor', 'tg': 'sensor', 'tnwb': 'sensor', 'wbgt': 'calculated'}
[2026-07-29 03:54:16] [INFO    ] [main] [CLASSIFY] zone=Ladle-Metallurgy | wbgt=30.95 | risk=WARNING | action=Enforce work/rest cycles (50 min work, 10 min rest)
[2026-07-29 03:54:16] [WARNING ] [main] [WARNING ALERT] zone=Ladle-Metallurgy | wbgt=30.95 | Enforce work/rest cycles (50 min work, 10 min rest)
[2026-07-29 03:54:16] [INFO    ] [main] [DB] zone=Ladle-Metallurgy | db_id=83 | saved OK
[2026-07-29 03:54:16] [INFO    ] [main] [READING] zone=Continuous-Casting | timestamp=2026-07-27T00:00:00
[2026-07-29 03:54:16] [DEBUG   ] [main] [READING] raw={"timestamp": "2026-07-27T00:00:00", "factory": "JSPL", "zone": "Continuous-Casting", "temperature_unit": "celsius", "temperature": 27.0, "humidity": 0, "globe_temperature": 42.3, "wet_bulb_temperatur
[2026-07-29 03:54:16] [DEBUG   ] [main] [VALIDATE] zone=Continuous-Casting | condition=ALL_DATA | missing=[] | flags=[]
[2026-07-29 03:54:16] [DEBUG   ] [urllib3.connectionpool] Starting new HTTPS connection (1): api.openweathermap.org:443
[2026-07-29 03:54:16] [DEBUG   ] [urllib3.connectionpool] https://api.openweathermap.org:443 "GET /data/2.5/weather?lat=12.9716&lon=77.5946&appid=88f2329e130bf480c72cfc84306978a1&units=metric HTTP/1.1" 200 525
[2026-07-29 03:54:16] [INFO    ] [main] [CALC] zone=Continuous-Casting | ta=27.0 | rh=62.03 | tg=42.3 | tnwb=20.5 | wbgt=27.04
[2026-07-29 03:54:16] [DEBUG   ] [main] [CALC] data_quality={'ta': 'sensor', 'rh': 'estimated', 'tg': 'sensor', 'tnwb': 'sensor', 'wbgt': 'calculated'}
[2026-07-29 03:54:16] [INFO    ] [main] [CLASSIFY] zone=Continuous-Casting | wbgt=27.04 | risk=CAUTION | action=Increase water breaks
[2026-07-29 03:54:16] [INFO    ] [main] [DB] zone=Continuous-Casting | db_id=84 | saved OK
[2026-07-29 03:54:16] [INFO    ] [main] [READING] zone=Rolling-Mill | timestamp=2026-07-27T01:00:00
[2026-07-29 03:54:16] [DEBUG   ] [main] [READING] raw={"timestamp": "2026-07-27T01:00:00", "factory": "JSPL", "zone": "Rolling-Mill", "temperature_unit": "celsius", "temperature": 25.8, "humidity": 46.2, "globe_temperature": 32.3, "wet_bulb_temperature":
[2026-07-29 03:54:16] [DEBUG   ] [main] [VALIDATE] zone=Rolling-Mill | condition=ALL_DATA | missing=[] | flags=[]
[2026-07-29 03:54:16] [INFO    ] [main] [CALC] zone=Rolling-Mill | ta=25.8 | rh=46.2 | tg=32.3 | tnwb=18.2 | wbgt=22.43
[2026-07-29 03:54:16] [DEBUG   ] [main] [CALC] data_quality={'ta': 'sensor', 'rh': 'sensor', 'tg': 'sensor', 'tnwb': 'sensor', 'wbgt': 'calculated'}
[2026-07-29 03:54:16] [INFO    ] [main] [CLASSIFY] zone=Rolling-Mill | wbgt=22.43 | risk=SAFE | action=Normal work, no restrictions
[2026-07-29 03:54:16] [INFO    ] [main] [DB] zone=Rolling-Mill | db_id=85 | saved OK
[2026-07-29 03:54:16] [INFO    ] [main] [READING] zone=Fabrication-Shop | timestamp=2026-07-27T02:00:00
[2026-07-29 03:54:16] [DEBUG   ] [main] [READING] raw={"timestamp": "2026-07-27T02:00:00", "factory": "Tata Steel", "zone": "Fabrication-Shop", "temperature_unit": "celsius", "temperature": 23.5, "humidity": 64.1, "globe_temperature": 25.6, "wet_bulb_tem
[2026-07-29 03:54:16] [DEBUG   ] [main] [VALIDATE] zone=Fabrication-Shop | condition=ALL_DATA | missing=[] | flags=[]
[2026-07-29 03:54:16] [INFO    ] [main] [CALC] zone=Fabrication-Shop | ta=23.5 | rh=64.1 | tg=25.6 | tnwb=18.6 | wbgt=20.7
[2026-07-29 03:54:16] [DEBUG   ] [main] [CALC] data_quality={'ta': 'sensor', 'rh': 'sensor', 'tg': 'sensor', 'tnwb': 'sensor', 'wbgt': 'calculated'}
[2026-07-29 03:54:16] [INFO    ] [main] [CLASSIFY] zone=Fabrication-Shop | wbgt=20.7 | risk=SAFE | action=Normal work, no restrictions
[2026-07-29 03:54:16] [INFO    ] [main] [DB] zone=Fabrication-Shop | db_id=86 | saved OK
[2026-07-29 03:54:16] [INFO    ] [main] [READING] zone=Furnace-1 | timestamp=2026-07-27T03:00:00
[2026-07-29 03:54:16] [DEBUG   ] [main] [READING] raw={"timestamp": "2026-07-27T03:00:00", "factory": "Tata Steel", "zone": "Furnace-1", "temperature_unit": "celsius", "temperature": 36.9, "humidity": 39.5, "globe_temperature": 52.3, "wet_bulb_temperatur
[2026-07-29 03:54:16] [DEBUG   ] [main] [VALIDATE] zone=Furnace-1 | condition=ALL_DATA | missing=[] | flags=[]
[2026-07-29 03:54:16] [INFO    ] [main] [CALC] zone=Furnace-1 | ta=36.9 | rh=39.5 | tg=52.3 | tnwb=25.9433 | wbgt=33.8503
[2026-07-29 03:54:16] [DEBUG   ] [main] [CALC] data_quality={'ta': 'sensor', 'rh': 'sensor', 'tg': 'sensor', 'tnwb': 'calculated', 'wbgt': 'calculated'}
[2026-07-29 03:54:16] [INFO    ] [main] [CLASSIFY] zone=Furnace-1 | wbgt=33.8503 | risk=DANGER | action=Halt heavy work, mandatory rest, evacuate
[2026-07-29 03:54:16] [WARNING ] [main] [DANGER ALERT] zone=Furnace-1 | wbgt=33.8503 | Halt heavy work, mandatory rest, evacuate
[2026-07-29 03:54:16] [INFO    ] [main] [DB] zone=Furnace-1 | db_id=87 | saved OK
[2026-07-29 03:54:16] [INFO    ] [main] [READING] zone=Loading-Dock | timestamp=2026-07-27T04:00:00
[2026-07-29 03:54:16] [DEBUG   ] [main] [READING] raw={"timestamp": "2026-07-27T04:00:00", "factory": "Ganesh Alloys", "zone": "Loading-Dock", "temperature_unit": "celsius", "temperature": 28.5, "humidity": 72.3, "globe_temperature": 30.0, "wet_bulb_temp
[2026-07-29 03:54:16] [DEBUG   ] [main] [VALIDATE] zone=Loading-Dock | condition=ALL_DATA | missing=[] | flags=[]
[2026-07-29 03:54:16] [INFO    ] [main] [CALC] zone=Loading-Dock | ta=28.5 | rh=72.3 | tg=30.0 | tnwb=24.5457 | wbgt=26.182
[2026-07-29 03:54:16] [DEBUG   ] [main] [CALC] data_quality={'ta': 'sensor', 'rh': 'sensor', 'tg': 'sensor', 'tnwb': 'calculated', 'wbgt': 'calculated'}
[2026-07-29 03:54:16] [INFO    ] [main] [CLASSIFY] zone=Loading-Dock | wbgt=26.182 | risk=SAFE | action=Normal work, no restrictions
[2026-07-29 03:54:16] [INFO    ] [main] [DB] zone=Loading-Dock | db_id=88 | saved OK
[2026-07-29 03:54:16] [INFO    ] [main] [READING] zone=EAF-Bay | timestamp=2026-07-27T05:00:00
[2026-07-29 03:54:16] [DEBUG   ] [main] [READING] raw={"timestamp": "2026-07-27T05:00:00", "factory": "Ganesh Alloys", "zone": "EAF-Bay", "temperature_unit": "celsius", "temperature": 50.0, "humidity": 47.9, "globe_temperature": 77.3, "wet_bulb_temperatu
[2026-07-29 03:54:16] [DEBUG   ] [main] [VALIDATE] zone=EAF-Bay | condition=ALL_DATA | missing=[] | flags=[]
[2026-07-29 03:54:16] [INFO    ] [main] [CALC] zone=EAF-Bay | ta=50.0 | rh=47.9 | tg=77.3 | tnwb=38.7 | wbgt=50.28
[2026-07-29 03:54:16] [DEBUG   ] [main] [CALC] data_quality={'ta': 'sensor', 'rh': 'sensor', 'tg': 'sensor', 'tnwb': 'sensor', 'wbgt': 'calculated'}
[2026-07-29 03:54:16] [INFO    ] [main] [CLASSIFY] zone=EAF-Bay | wbgt=50.28 | risk=DANGER | action=Halt heavy work, mandatory rest, evacuate
[2026-07-29 03:54:16] [WARNING ] [main] [DANGER ALERT] zone=EAF-Bay | wbgt=50.28 | Halt heavy work, mandatory rest, evacuate
[2026-07-29 03:54:16] [INFO    ] [main] [DB] zone=EAF-Bay | db_id=89 | saved OK
[2026-07-29 03:54:16] [INFO    ] [main] [READING] zone=Furnace-2 | timestamp=2026-07-27T06:00:00
[2026-07-29 03:54:16] [DEBUG   ] [main] [READING] raw={"timestamp": "2026-07-27T06:00:00", "factory": "Vedanta", "zone": "Furnace-2", "temperature_unit": "celsius", "temperature": 35.9, "humidity": 0, "globe_temperature": 51.4, "wet_bulb_temperature": 27
[2026-07-29 03:54:16] [DEBUG   ] [main] [VALIDATE] zone=Furnace-2 | condition=ALL_DATA | missing=[] | flags=[]
[2026-07-29 03:54:16] [DEBUG   ] [urllib3.connectionpool] Starting new HTTPS connection (1): api.openweathermap.org:443
[2026-07-29 03:54:17] [DEBUG   ] [urllib3.connectionpool] https://api.openweathermap.org:443 "GET /data/2.5/weather?lat=12.9716&lon=77.5946&appid=88f2329e130bf480c72cfc84306978a1&units=metric HTTP/1.1" 200 525
[2026-07-29 03:54:17] [INFO    ] [main] [CALC] zone=Furnace-2 | ta=35.9 | rh=37.37 | tg=51.4 | tnwb=27.5 | wbgt=34.67
[2026-07-29 03:54:17] [DEBUG   ] [main] [CALC] data_quality={'ta': 'sensor', 'rh': 'estimated', 'tg': 'sensor', 'tnwb': 'sensor', 'wbgt': 'calculated'}
[2026-07-29 03:54:17] [INFO    ] [main] [CLASSIFY] zone=Furnace-2 | wbgt=34.67 | risk=DANGER | action=Halt heavy work, mandatory rest, evacuate
[2026-07-29 03:54:17] [WARNING ] [main] [DANGER ALERT] zone=Furnace-2 | wbgt=34.67 | Halt heavy work, mandatory rest, evacuate
[2026-07-29 03:54:17] [INFO    ] [main] [DB] zone=Furnace-2 | db_id=90 | saved OK
[2026-07-29 03:54:17] [INFO    ] [main] [READING] zone=Annealing-Line | timestamp=2026-07-27T07:00:00
[2026-07-29 03:54:17] [DEBUG   ] [main] [READING] raw={"timestamp": "2026-07-27T07:00:00", "factory": "Shree Metal Works", "zone": "Annealing-Line", "temperature_unit": "celsius", "temperature": 30.6, "humidity": 0, "globe_temperature": 0, "wet_bulb_temp
[2026-07-29 03:54:17] [DEBUG   ] [main] [VALIDATE] zone=Annealing-Line | condition=None | missing=[] | flags=[]
[2026-07-29 03:54:17] [DEBUG   ] [main] [FAULT] zone=Annealing-Line | timestamp=2026-07-27T07:00:00 | reason=SENSOR_FAULT: globe_temp_c=0.0 is less than air_temp_c=30.6.
[2026-07-29 03:54:17] [INFO    ] [main] [READING] zone=Warehouse | timestamp=2026-07-27T08:00:00
[2026-07-29 03:54:17] [DEBUG   ] [main] [READING] raw={"timestamp": "2026-07-27T08:00:00", "factory": "JSPL", "zone": "Warehouse", "temperature_unit": "celsius", "temperature": 27.5, "humidity": 53.7, "globe_temperature": 28.0, "wet_bulb_temperature": 20
[2026-07-29 03:54:17] [DEBUG   ] [main] [VALIDATE] zone=Warehouse | condition=ALL_DATA | missing=[] | flags=[]
[2026-07-29 03:54:17] [INFO    ] [main] [CALC] zone=Warehouse | ta=27.5 | rh=53.7 | tg=28.0 | tnwb=20.5 | wbgt=22.75
[2026-07-29 03:54:17] [DEBUG   ] [main] [CALC] data_quality={'ta': 'sensor', 'rh': 'sensor', 'tg': 'sensor', 'tnwb': 'sensor', 'wbgt': 'calculated'}
[2026-07-29 03:54:17] [INFO    ] [main] [CLASSIFY] zone=Warehouse | wbgt=22.75 | risk=SAFE | action=Normal work, no restrictions
[2026-07-29 03:54:17] [INFO    ] [main] [DB] zone=Warehouse | db_id=91 | saved OK
[2026-07-29 03:54:17] [INFO    ] [main] [READING] zone=Fabrication-Shop | timestamp=2026-07-27T09:00:00
[2026-07-29 03:54:17] [DEBUG   ] [main] [READING] raw={"timestamp": "2026-07-27T09:00:00", "factory": "Shree Metal Works", "zone": "Fabrication-Shop", "temperature_unit": "celsius", "temperature": 29.0, "humidity": 53.7, "globe_temperature": 30.7, "wet_b
[2026-07-29 03:54:17] [DEBUG   ] [main] [VALIDATE] zone=Fabrication-Shop | condition=ALL_DATA | missing=[] | flags=[]
[2026-07-29 03:54:17] [INFO    ] [main] [CALC] zone=Fabrication-Shop | ta=29.0 | rh=53.7 | tg=30.7 | tnwb=22.3 | wbgt=24.82
[2026-07-29 03:54:17] [DEBUG   ] [main] [CALC] data_quality={'ta': 'sensor', 'rh': 'sensor', 'tg': 'sensor', 'tnwb': 'sensor', 'wbgt': 'calculated'}
[2026-07-29 03:54:17] [INFO    ] [main] [CLASSIFY] zone=Fabrication-Shop | wbgt=24.82 | risk=SAFE | action=Normal work, no restrictions
[2026-07-29 03:54:17] [INFO    ] [main] [DB] zone=Fabrication-Shop | db_id=92 | saved OK
[2026-07-29 03:54:17] [INFO    ] [main] [READING] zone=Loading-Dock | timestamp=2026-07-27T10:00:00
[2026-07-29 03:54:17] [DEBUG   ] [main] [READING] raw={"timestamp": "2026-07-27T10:00:00", "factory": "JSW Steel", "zone": "Loading-Dock", "temperature_unit": "celsius", "temperature": 36.0, "humidity": 42.7, "globe_temperature": 38.0, "wet_bulb_temperat
[2026-07-29 03:54:17] [DEBUG   ] [main] [VALIDATE] zone=Loading-Dock | condition=ALL_DATA | missing=[] | flags=[]
[2026-07-29 03:54:17] [INFO    ] [main] [CALC] zone=Loading-Dock | ta=36.0 | rh=42.7 | tg=38.0 | tnwb=26.2 | wbgt=29.74
[2026-07-29 03:54:17] [DEBUG   ] [main] [CALC] data_quality={'ta': 'sensor', 'rh': 'sensor', 'tg': 'sensor', 'tnwb': 'sensor', 'wbgt': 'calculated'}
[2026-07-29 03:54:17] [INFO    ] [main] [CLASSIFY] zone=Loading-Dock | wbgt=29.74 | risk=WARNING | action=Enforce work/rest cycles (50 min work, 10 min rest)
[2026-07-29 03:54:17] [WARNING ] [main] [WARNING ALERT] zone=Loading-Dock | wbgt=29.74 | Enforce work/rest cycles (50 min work, 10 min rest)
[2026-07-29 03:54:17] [INFO    ] [main] [DB] zone=Loading-Dock | db_id=93 | saved OK
[2026-07-29 03:54:17] [INFO    ] [main] [READING] zone=Continuous-Casting | timestamp=2026-07-27T11:00:00
[2026-07-29 03:54:17] [DEBUG   ] [main] [READING] raw={"timestamp": "2026-07-27T11:00:00", "factory": "JSW Steel", "zone": "Continuous-Casting", "temperature_unit": "celsius", "temperature": 33.3, "humidity": 0, "globe_temperature": 48.0, "wet_bulb_tempe
[2026-07-29 03:54:17] [DEBUG   ] [main] [VALIDATE] zone=Continuous-Casting | condition=ALL_DATA | missing=[] | flags=[]
[2026-07-29 03:54:17] [DEBUG   ] [urllib3.connectionpool] Starting new HTTPS connection (1): api.openweathermap.org:443
[2026-07-29 03:54:17] [DEBUG   ] [urllib3.connectionpool] https://api.openweathermap.org:443 "GET /data/2.5/weather?lat=12.9716&lon=77.5946&appid=88f2329e130bf480c72cfc84306978a1&units=metric HTTP/1.1" 200 525
[2026-07-29 03:54:17] [INFO    ] [main] [CALC] zone=Continuous-Casting | ta=33.3 | rh=43.19 | tg=48.0 | tnwb=23.2 | wbgt=30.64
[2026-07-29 03:54:17] [DEBUG   ] [main] [CALC] data_quality={'ta': 'sensor', 'rh': 'estimated', 'tg': 'sensor', 'tnwb': 'sensor', 'wbgt': 'calculated'}
[2026-07-29 03:54:17] [INFO    ] [main] [CLASSIFY] zone=Continuous-Casting | wbgt=30.64 | risk=WARNING | action=Enforce work/rest cycles (50 min work, 10 min rest)
[2026-07-29 03:54:17] [WARNING ] [main] [WARNING ALERT] zone=Continuous-Casting | wbgt=30.64 | Enforce work/rest cycles (50 min work, 10 min rest)
[2026-07-29 03:54:17] [INFO    ] [main] [DB] zone=Continuous-Casting | db_id=94 | saved OK
[2026-07-29 03:54:17] [INFO    ] [main] [READING] zone=EAF-Bay | timestamp=2026-07-27T12:00:00
[2026-07-29 03:54:17] [DEBUG   ] [main] [READING] raw={"timestamp": "2026-07-27T12:00:00", "factory": "Shree Metal Works", "zone": "EAF-Bay", "temperature_unit": "celsius", "temperature": 39.9, "humidity": 31.2, "globe_temperature": 59.1, "wet_bulb_tempe
[2026-07-29 03:54:17] [DEBUG   ] [main] [VALIDATE] zone=EAF-Bay | condition=ALL_DATA | missing=[] | flags=[]
[2026-07-29 03:54:17] [INFO    ] [main] [CALC] zone=EAF-Bay | ta=39.9 | rh=31.2 | tg=59.1 | tnwb=26.7 | wbgt=36.42
[2026-07-29 03:54:17] [DEBUG   ] [main] [CALC] data_quality={'ta': 'sensor', 'rh': 'sensor', 'tg': 'sensor', 'tnwb': 'sensor', 'wbgt': 'calculated'}
[2026-07-29 03:54:17] [INFO    ] [main] [CLASSIFY] zone=EAF-Bay | wbgt=36.42 | risk=DANGER | action=Halt heavy work, mandatory rest, evacuate
[2026-07-29 03:54:17] [WARNING ] [main] [DANGER ALERT] zone=EAF-Bay | wbgt=36.42 | Halt heavy work, mandatory rest, evacuate
[2026-07-29 03:54:17] [INFO    ] [main] [DB] zone=EAF-Bay | db_id=95 | saved OK
[2026-07-29 03:54:17] [INFO    ] [main] [READING] zone=Rolling-Mill | timestamp=2026-07-27T13:00:00
[2026-07-29 03:54:17] [DEBUG   ] [main] [READING] raw={"timestamp": "2026-07-27T13:00:00", "factory": "Vedanta", "zone": "Rolling-Mill", "temperature_unit": "celsius", "temperature": 36.2, "humidity": 41.0, "globe_temperature": 0, "wet_bulb_temperature":
[2026-07-29 03:54:17] [DEBUG   ] [main] [VALIDATE] zone=Rolling-Mill | condition=None | missing=[] | flags=[]
[2026-07-29 03:54:17] [DEBUG   ] [main] [FAULT] zone=Rolling-Mill | timestamp=2026-07-27T13:00:00 | reason=SENSOR_FAULT: globe_temp_c=0.0 is less than air_temp_c=36.2.
[2026-07-29 03:54:17] [INFO    ] [main] [READING] zone=Ladle-Metallurgy | timestamp=2026-07-27T14:00:00
[2026-07-29 03:54:17] [DEBUG   ] [main] [READING] raw={"timestamp": "2026-07-27T14:00:00", "factory": "Ganesh Alloys", "zone": "Ladle-Metallurgy", "temperature_unit": "celsius", "temperature": 36.4, "humidity": 36.3, "globe_temperature": 52.2, "wet_bulb_
[2026-07-29 03:54:17] [DEBUG   ] [main] [VALIDATE] zone=Ladle-Metallurgy | condition=ALL_DATA | missing=[] | flags=[]
[2026-07-29 03:54:17] [INFO    ] [main] [CALC] zone=Ladle-Metallurgy | ta=36.4 | rh=36.3 | tg=52.2 | tnwb=24.6 | wbgt=32.88
[2026-07-29 03:54:17] [DEBUG   ] [main] [CALC] data_quality={'ta': 'sensor', 'rh': 'sensor', 'tg': 'sensor', 'tnwb': 'sensor', 'wbgt': 'calculated'}
[2026-07-29 03:54:17] [INFO    ] [main] [CLASSIFY] zone=Ladle-Metallurgy | wbgt=32.88 | risk=DANGER | action=Halt heavy work, mandatory rest, evacuate
[2026-07-29 03:54:17] [WARNING ] [main] [DANGER ALERT] zone=Ladle-Metallurgy | wbgt=32.88 | Halt heavy work, mandatory rest, evacuate
[2026-07-29 03:54:17] [INFO    ] [main] [DB] zone=Ladle-Metallurgy | db_id=96 | saved OK
[2026-07-29 03:54:17] [INFO    ] [main] [READING] zone=Furnace-1 | timestamp=2026-07-27T15:00:00
[2026-07-29 03:54:17] [DEBUG   ] [main] [READING] raw={"timestamp": "2026-07-27T15:00:00", "factory": "Shree Metal Works", "zone": "Furnace-1", "temperature_unit": "celsius", "temperature": 40.3, "humidity": 46.4, "globe_temperature": 58.5, "wet_bulb_tem
[2026-07-29 03:54:17] [DEBUG   ] [main] [VALIDATE] zone=Furnace-1 | condition=ALL_DATA | missing=[] | flags=[]
[2026-07-29 03:54:17] [INFO    ] [main] [CALC] zone=Furnace-1 | ta=40.3 | rh=46.4 | tg=58.5 | tnwb=30.6 | wbgt=38.97
[2026-07-29 03:54:17] [DEBUG   ] [main] [CALC] data_quality={'ta': 'sensor', 'rh': 'sensor', 'tg': 'sensor', 'tnwb': 'sensor', 'wbgt': 'calculated'}
[2026-07-29 03:54:17] [INFO    ] [main] [CLASSIFY] zone=Furnace-1 | wbgt=38.97 | risk=DANGER | action=Halt heavy work, mandatory rest, evacuate
[2026-07-29 03:54:17] [WARNING ] [main] [DANGER ALERT] zone=Furnace-1 | wbgt=38.97 | Halt heavy work, mandatory rest, evacuate
[2026-07-29 03:54:17] [INFO    ] [main] [DB] zone=Furnace-1 | db_id=97 | saved OK
[2026-07-29 03:54:17] [INFO    ] [main] [READING] zone=EAF-Bay | timestamp=2026-07-27T16:00:00
[2026-07-29 03:54:17] [DEBUG   ] [main] [READING] raw={"timestamp": "2026-07-27T16:00:00", "factory": "JSPL", "zone": "EAF-Bay", "temperature_unit": "celsius", "temperature": 44.8, "humidity": 86.9, "globe_temperature": 70.1, "wet_bulb_temperature": 42.5
[2026-07-29 03:54:17] [DEBUG   ] [main] [VALIDATE] zone=EAF-Bay | condition=ALL_DATA | missing=[] | flags=[]
[2026-07-29 03:54:17] [INFO    ] [main] [CALC] zone=EAF-Bay | ta=44.8 | rh=86.9 | tg=70.1 | tnwb=42.5 | wbgt=50.78
[2026-07-29 03:54:17] [DEBUG   ] [main] [CALC] data_quality={'ta': 'sensor', 'rh': 'sensor', 'tg': 'sensor', 'tnwb': 'sensor', 'wbgt': 'calculated'}
[2026-07-29 03:54:17] [INFO    ] [main] [CLASSIFY] zone=EAF-Bay | wbgt=50.78 | risk=DANGER | action=Halt heavy work, mandatory rest, evacuate
[2026-07-29 03:54:17] [WARNING ] [main] [DANGER ALERT] zone=EAF-Bay | wbgt=50.78 | Halt heavy work, mandatory rest, evacuate
[2026-07-29 03:54:17] [INFO    ] [main] [DB] zone=EAF-Bay | db_id=98 | saved OK
[2026-07-29 03:54:17] [INFO    ] [main] [READING] zone=Furnace-2 | timestamp=2026-07-27T17:00:00
[2026-07-29 03:54:17] [DEBUG   ] [main] [READING] raw={"timestamp": "2026-07-27T17:00:00", "factory": "Shree Metal Works", "zone": "Furnace-2", "temperature_unit": "celsius", "temperature": 45.6, "humidity": 87.2, "globe_temperature": 68.4, "wet_bulb_tem
[2026-07-29 03:54:17] [DEBUG   ] [main] [VALIDATE] zone=Furnace-2 | condition=ALL_DATA | missing=[] | flags=[]
[2026-07-29 03:54:17] [INFO    ] [main] [CALC] zone=Furnace-2 | ta=45.6 | rh=87.2 | tg=68.4 | tnwb=43.2 | wbgt=50.76
[2026-07-29 03:54:17] [DEBUG   ] [main] [CALC] data_quality={'ta': 'sensor', 'rh': 'sensor', 'tg': 'sensor', 'tnwb': 'sensor', 'wbgt': 'calculated'}
[2026-07-29 03:54:17] [INFO    ] [main] [CLASSIFY] zone=Furnace-2 | wbgt=50.76 | risk=DANGER | action=Halt heavy work, mandatory rest, evacuate
[2026-07-29 03:54:17] [WARNING ] [main] [DANGER ALERT] zone=Furnace-2 | wbgt=50.76 | Halt heavy work, mandatory rest, evacuate
[2026-07-29 03:54:17] [INFO    ] [main] [DB] zone=Furnace-2 | db_id=99 | saved OK
[2026-07-29 03:54:17] [INFO    ] [main] [READING] zone=Furnace-1 | timestamp=2026-07-27T18:00:00
[2026-07-29 03:54:17] [DEBUG   ] [main] [READING] raw={"timestamp": "2026-07-27T18:00:00", "factory": "JSPL", "zone": "Furnace-1", "temperature_unit": "celsius", "temperature": 45.1, "humidity": 87.9, "globe_temperature": 65.4, "wet_bulb_temperature": 43
[2026-07-29 03:54:17] [DEBUG   ] [main] [VALIDATE] zone=Furnace-1 | condition=ALL_DATA | missing=[] | flags=[]
[2026-07-29 03:54:17] [INFO    ] [main] [CALC] zone=Furnace-1 | ta=45.1 | rh=87.9 | tg=65.4 | tnwb=43.3 | wbgt=49.93
[2026-07-29 03:54:17] [DEBUG   ] [main] [CALC] data_quality={'ta': 'sensor', 'rh': 'sensor', 'tg': 'sensor', 'tnwb': 'sensor', 'wbgt': 'calculated'}
[2026-07-29 03:54:17] [INFO    ] [main] [CLASSIFY] zone=Furnace-1 | wbgt=49.93 | risk=DANGER | action=Halt heavy work, mandatory rest, evacuate
[2026-07-29 03:54:17] [WARNING ] [main] [DANGER ALERT] zone=Furnace-1 | wbgt=49.93 | Halt heavy work, mandatory rest, evacuate
[2026-07-29 03:54:17] [INFO    ] [main] [DB] zone=Furnace-1 | db_id=100 | saved OK
[2026-07-29 03:54:17] [INFO    ] [main] [READING] zone=Furnace-1 | timestamp=2026-07-27T19:00:00
[2026-07-29 03:54:17] [DEBUG   ] [main] [READING] raw={"timestamp": "2026-07-27T19:00:00", "factory": "SAIL", "zone": "Furnace-1", "temperature_unit": "celsius", "temperature": 47.2, "humidity": 81.6, "globe_temperature": 69.6, "wet_bulb_temperature": 43
[2026-07-29 03:54:17] [DEBUG   ] [main] [VALIDATE] zone=Furnace-1 | condition=ALL_DATA | missing=[] | flags=[]
[2026-07-29 03:54:17] [INFO    ] [main] [CALC] zone=Furnace-1 | ta=47.2 | rh=81.6 | tg=69.6 | tnwb=43.9 | wbgt=51.61
[2026-07-29 03:54:17] [DEBUG   ] [main] [CALC] data_quality={'ta': 'sensor', 'rh': 'sensor', 'tg': 'sensor', 'tnwb': 'sensor', 'wbgt': 'calculated'}
[2026-07-29 03:54:17] [INFO    ] [main] [CLASSIFY] zone=Furnace-1 | wbgt=51.61 | risk=DANGER | action=Halt heavy work, mandatory rest, evacuate
[2026-07-29 03:54:17] [WARNING ] [main] [DANGER ALERT] zone=Furnace-1 | wbgt=51.61 | Halt heavy work, mandatory rest, evacuate
[2026-07-29 03:54:17] [INFO    ] [main] [DB] zone=Furnace-1 | db_id=101 | saved OK
[2026-07-29 03:54:17] [INFO    ] [main] [READING] zone=Loading-Dock | timestamp=2026-07-27T20:00:00
[2026-07-29 03:54:17] [DEBUG   ] [main] [READING] raw={"timestamp": "2026-07-27T20:00:00", "factory": "Vedanta", "zone": "Loading-Dock", "temperature_unit": "celsius", "temperature": 19.9, "humidity": 22.4, "globe_temperature": 19.9, "wet_bulb_temperatur
[2026-07-29 03:54:17] [DEBUG   ] [main] [VALIDATE] zone=Loading-Dock | condition=ALL_DATA | missing=[] | flags=[]
[2026-07-29 03:54:17] [INFO    ] [main] [CALC] zone=Loading-Dock | ta=19.9 | rh=22.4 | tg=19.9 | tnwb=9.7 | wbgt=12.76
[2026-07-29 03:54:17] [DEBUG   ] [main] [CALC] data_quality={'ta': 'sensor', 'rh': 'sensor', 'tg': 'sensor', 'tnwb': 'sensor', 'wbgt': 'calculated'}
[2026-07-29 03:54:17] [INFO    ] [main] [CLASSIFY] zone=Loading-Dock | wbgt=12.76 | risk=SAFE | action=Normal work, no restrictions
[2026-07-29 03:54:17] [INFO    ] [main] [DB] zone=Loading-Dock | db_id=102 | saved OK
[2026-07-29 03:54:17] [INFO    ] [main] [READING] zone=Loading-Dock | timestamp=2026-07-27T21:00:00
[2026-07-29 03:54:17] [DEBUG   ] [main] [READING] raw={"timestamp": "2026-07-27T21:00:00", "factory": "Ganesh Alloys", "zone": "Loading-Dock", "temperature_unit": "celsius", "temperature": 19.2, "humidity": 25.9, "globe_temperature": 18.4, "wet_bulb_temp
[2026-07-29 03:54:17] [DEBUG   ] [main] [VALIDATE] zone=Loading-Dock | condition=None | missing=[] | flags=[]
[2026-07-29 03:54:17] [DEBUG   ] [main] [FAULT] zone=Loading-Dock | timestamp=2026-07-27T21:00:00 | reason=SENSOR_FAULT: globe_temp_c=18.4 is less than air_temp_c=19.2.
[2026-07-29 03:54:17] [INFO    ] [main] [READING] zone=Warehouse | timestamp=2026-07-27T22:00:00
[2026-07-29 03:54:17] [DEBUG   ] [main] [READING] raw={"timestamp": "2026-07-27T22:00:00", "factory": "JSPL", "zone": "Warehouse", "temperature_unit": "celsius", "temperature": 18.2, "humidity": 19.8, "globe_temperature": 17.3, "wet_bulb_temperature": 7.
[2026-07-29 03:54:17] [DEBUG   ] [main] [VALIDATE] zone=Warehouse | condition=None | missing=[] | flags=[]
[2026-07-29 03:54:17] [DEBUG   ] [main] [FAULT] zone=Warehouse | timestamp=2026-07-27T22:00:00 | reason=SENSOR_FAULT: globe_temp_c=17.3 is less than air_temp_c=18.2.
[2026-07-29 03:54:17] [INFO    ] [main] [READING] zone=Loading-Dock | timestamp=2026-07-27T23:00:00
[2026-07-29 03:54:17] [DEBUG   ] [main] [READING] raw={"timestamp": "2026-07-27T23:00:00", "factory": "JSW Steel", "zone": "Loading-Dock", "temperature_unit": "celsius", "temperature": 18.4, "humidity": 21.4, "globe_temperature": 18.8, "wet_bulb_temperat
[2026-07-29 03:54:17] [DEBUG   ] [main] [VALIDATE] zone=Loading-Dock | condition=ALL_DATA | missing=[] | flags=[]
[2026-07-29 03:54:17] [INFO    ] [main] [CALC] zone=Loading-Dock | ta=18.4 | rh=21.4 | tg=18.8 | tnwb=8.2 | wbgt=11.38
[2026-07-29 03:54:17] [DEBUG   ] [main] [CALC] data_quality={'ta': 'sensor', 'rh': 'sensor', 'tg': 'sensor', 'tnwb': 'sensor', 'wbgt': 'calculated'}
[2026-07-29 03:54:17] [INFO    ] [main] [CLASSIFY] zone=Loading-Dock | wbgt=11.38 | risk=SAFE | action=Normal work, no restrictions
[2026-07-29 03:54:17] [INFO    ] [main] [DB] zone=Loading-Dock | db_id=103 | saved OK
[2026-07-29 03:54:17] [INFO    ] [report] [REPORT] Fetched 103 readings for window 2026-07-28T22:19:17.789439+00:00 → 2026-07-28T22:29:17.789439+00:00
[2026-07-29 03:54:17] [INFO    ] [report] [REPORT] Tab-separated CSV report written: ./reports\wbgt_report_20260728T222417Z.csv (103 rows)
[2026-07-29 04:04:43] [INFO    ] [root] ============================================================
[2026-07-29 04:04:43] [INFO    ] [root] WBGT Monitor logging started
[2026-07-29 04:04:43] [INFO    ] [root] Log file : C:\Users\Varsh\Desktop\updated_agis\logs\wbgt_monitor_20260729.log
[2026-07-29 04:04:43] [INFO    ] [root] ============================================================
[2026-07-29 04:04:44] [INFO    ] [main] [READING] zone=Furnace-1 | timestamp=2026-07-22T06:00:00
[2026-07-29 04:04:44] [DEBUG   ] [main] [READING] raw={"timestamp": "2026-07-22T06:00:00", "factory": "Shree Metal Works", "zone": "Furnace-1", "temperature_unit": "celsius", "temperature": 37.0, "humidity": 47.5, "globe_temperature": 52.7, "wet_bulb_tem
[2026-07-29 04:04:44] [DEBUG   ] [main] [VALIDATE] zone=Furnace-1 | condition=ALL_DATA | missing=[] | flags=[]
[2026-07-29 04:04:44] [INFO    ] [main] [CALC] zone=Furnace-1 | ta=37.0 | rh=47.5 | tg=52.7 | tnwb=28.0 | wbgt=35.41
[2026-07-29 04:04:44] [DEBUG   ] [main] [CALC] data_quality={'ta': 'sensor', 'rh': 'sensor', 'tg': 'sensor', 'tnwb': 'sensor', 'wbgt': 'calculated'}
[2026-07-29 04:04:44] [INFO    ] [main] [CLASSIFY] zone=Furnace-1 | wbgt=35.41 | risk=DANGER | action=Halt heavy work, mandatory rest, evacuate
[2026-07-29 04:04:44] [WARNING ] [main] [DANGER ALERT] zone=Furnace-1 | wbgt=35.41 | Halt heavy work, mandatory rest, evacuate
[2026-07-29 04:04:44] [INFO    ] [main] [DB] zone=Furnace-1 | db_id=104 | saved OK
[2026-07-29 04:04:44] [INFO    ] [main] [READING] zone=Fabrication-Shop | timestamp=2026-07-22T07:00:00
[2026-07-29 04:04:44] [DEBUG   ] [main] [READING] raw={"timestamp": "2026-07-22T07:00:00", "factory": "Tata Steel", "zone": "Fabrication-Shop", "temperature_unit": "celsius", "temperature": 24.4, "humidity": 54.1, "globe_temperature": 25.7, "wet_bulb_tem
[2026-07-29 04:04:44] [DEBUG   ] [main] [VALIDATE] zone=Fabrication-Shop | condition=ALL_DATA | missing=[] | flags=[]
[2026-07-29 04:04:44] [INFO    ] [main] [CALC] zone=Fabrication-Shop | ta=24.4 | rh=54.1 | tg=25.7 | tnwb=17.7 | wbgt=20.1
[2026-07-29 04:04:44] [DEBUG   ] [main] [CALC] data_quality={'ta': 'sensor', 'rh': 'sensor', 'tg': 'sensor', 'tnwb': 'sensor', 'wbgt': 'calculated'}
[2026-07-29 04:04:44] [INFO    ] [main] [CLASSIFY] zone=Fabrication-Shop | wbgt=20.1 | risk=SAFE | action=Normal work, no restrictions
[2026-07-29 04:04:45] [INFO    ] [main] [DB] zone=Fabrication-Shop | db_id=105 | saved OK
[2026-07-29 04:04:45] [INFO    ] [main] [READING] zone=EAF-Bay | timestamp=2026-07-22T08:00:00
[2026-07-29 04:04:45] [DEBUG   ] [main] [READING] raw={"timestamp": "2026-07-22T08:00:00", "factory": "JSW Steel", "zone": "EAF-Bay", "temperature_unit": "celsius", "temperature": 42.5, "humidity": 47.0, "globe_temperature": 63.9, "wet_bulb_temperature":
[2026-07-29 04:04:45] [DEBUG   ] [main] [VALIDATE] zone=EAF-Bay | condition=ALL_DATA | missing=[] | flags=[]
[2026-07-29 04:04:45] [INFO    ] [main] [CALC] zone=EAF-Bay | ta=42.5 | rh=47.0 | tg=63.9 | tnwb=32.6 | wbgt=41.99
[2026-07-29 04:04:45] [DEBUG   ] [main] [CALC] data_quality={'ta': 'sensor', 'rh': 'sensor', 'tg': 'sensor', 'tnwb': 'sensor', 'wbgt': 'calculated'}
[2026-07-29 04:04:45] [INFO    ] [main] [CLASSIFY] zone=EAF-Bay | wbgt=41.99 | risk=DANGER | action=Halt heavy work, mandatory rest, evacuate
[2026-07-29 04:04:45] [WARNING ] [main] [DANGER ALERT] zone=EAF-Bay | wbgt=41.99 | Halt heavy work, mandatory rest, evacuate
[2026-07-29 04:04:45] [INFO    ] [main] [DB] zone=EAF-Bay | db_id=106 | saved OK
[2026-07-29 04:04:45] [INFO    ] [main] [READING] zone=Loading-Dock | timestamp=2026-07-22T09:00:00
[2026-07-29 04:04:45] [DEBUG   ] [main] [READING] raw={"timestamp": "2026-07-22T09:00:00", "factory": "Tata Steel", "zone": "Loading-Dock", "temperature_unit": "celsius", "temperature": 35.0, "humidity": 68.5, "globe_temperature": 37.5, "wet_bulb_tempera
[2026-07-29 04:04:45] [DEBUG   ] [main] [VALIDATE] zone=Loading-Dock | condition=ALL_DATA | missing=[] | flags=[]
[2026-07-29 04:04:45] [INFO    ] [main] [CALC] zone=Loading-Dock | ta=35.0 | rh=68.5 | tg=37.5 | tnwb=29.6 | wbgt=31.97
[2026-07-29 04:04:45] [DEBUG   ] [main] [CALC] data_quality={'ta': 'sensor', 'rh': 'sensor', 'tg': 'sensor', 'tnwb': 'sensor', 'wbgt': 'calculated'}
[2026-07-29 04:04:45] [INFO    ] [main] [CLASSIFY] zone=Loading-Dock | wbgt=31.97 | risk=DANGER | action=Halt heavy work, mandatory rest, evacuate
[2026-07-29 04:04:45] [WARNING ] [main] [DANGER ALERT] zone=Loading-Dock | wbgt=31.97 | Halt heavy work, mandatory rest, evacuate
[2026-07-29 04:04:45] [INFO    ] [main] [DB] zone=Loading-Dock | db_id=107 | saved OK
[2026-07-29 04:04:45] [INFO    ] [main] [READING] zone=Rolling-Mill | timestamp=2026-07-22T10:00:00
[2026-07-29 04:04:45] [DEBUG   ] [main] [READING] raw={"timestamp": "2026-07-22T10:00:00", "factory": "Shree Metal Works", "zone": "Rolling-Mill", "temperature_unit": "celsius", "temperature": 32.7, "humidity": 0, "globe_temperature": 41.0, "wet_bulb_tem
[2026-07-29 04:04:45] [DEBUG   ] [main] [VALIDATE] zone=Rolling-Mill | condition=ALL_DATA | missing=[] | flags=[]
[2026-07-29 04:04:45] [DEBUG   ] [urllib3.connectionpool] Starting new HTTPS connection (1): api.openweathermap.org:443
[2026-07-29 04:04:45] [DEBUG   ] [urllib3.connectionpool] https://api.openweathermap.org:443 "GET /data/2.5/weather?lat=12.9716&lon=77.5946&appid=88f2329e130bf480c72cfc84306978a1&units=metric HTTP/1.1" 200 525
[2026-07-29 04:04:45] [INFO    ] [main] [CALC] zone=Rolling-Mill | ta=32.7 | rh=43.79 | tg=41.0 | tnwb=23.4168 | wbgt=28.6917
[2026-07-29 04:04:45] [DEBUG   ] [main] [CALC] data_quality={'ta': 'sensor', 'rh': 'estimated', 'tg': 'sensor', 'tnwb': 'calculated', 'wbgt': 'calculated'}
[2026-07-29 04:04:45] [INFO    ] [main] [CLASSIFY] zone=Rolling-Mill | wbgt=28.6917 | risk=CAUTION | action=Increase water breaks
[2026-07-29 04:04:45] [INFO    ] [main] [DB] zone=Rolling-Mill | db_id=108 | saved OK
[2026-07-29 04:04:45] [INFO    ] [main] [READING] zone=Continuous-Casting | timestamp=2026-07-22T11:00:00
[2026-07-29 04:04:45] [DEBUG   ] [main] [READING] raw={"timestamp": "2026-07-22T11:00:00", "factory": "Shree Metal Works", "zone": "Continuous-Casting", "temperature_unit": "celsius", "temperature": 49.4, "humidity": 53.3, "globe_temperature": 67.5, "wet
[2026-07-29 04:04:45] [DEBUG   ] [main] [VALIDATE] zone=Continuous-Casting | condition=ALL_DATA | missing=[] | flags=[]
[2026-07-29 04:04:45] [INFO    ] [main] [CALC] zone=Continuous-Casting | ta=49.4 | rh=53.3 | tg=67.5 | tnwb=40.0 | wbgt=48.25
[2026-07-29 04:04:45] [DEBUG   ] [main] [CALC] data_quality={'ta': 'sensor', 'rh': 'sensor', 'tg': 'sensor', 'tnwb': 'sensor', 'wbgt': 'calculated'}
[2026-07-29 04:04:45] [INFO    ] [main] [CLASSIFY] zone=Continuous-Casting | wbgt=48.25 | risk=DANGER | action=Halt heavy work, mandatory rest, evacuate
[2026-07-29 04:04:45] [WARNING ] [main] [DANGER ALERT] zone=Continuous-Casting | wbgt=48.25 | Halt heavy work, mandatory rest, evacuate
[2026-07-29 04:04:45] [INFO    ] [main] [DB] zone=Continuous-Casting | db_id=109 | saved OK
[2026-07-29 04:04:45] [INFO    ] [main] [READING] zone=Warehouse | timestamp=2026-07-22T12:00:00
[2026-07-29 04:04:45] [DEBUG   ] [main] [READING] raw={"timestamp": "2026-07-22T12:00:00", "factory": "SAIL", "zone": "Warehouse", "temperature_unit": "celsius", "temperature": 71.3, "humidity": 48.5, "globe_temperature": 0, "wet_bulb_temperature": 0}
[2026-07-29 04:04:45] [DEBUG   ] [main] [VALIDATE] zone=Warehouse | condition=None | missing=[] | flags=[]
[2026-07-29 04:04:45] [DEBUG   ] [main] [FAULT] zone=Warehouse | timestamp=2026-07-22T12:00:00 | reason=SENSOR_FAULT: globe_temp_c=0.0 is less than air_temp_c=71.3.
[2026-07-29 04:04:45] [INFO    ] [main] [READING] zone=Ladle-Metallurgy | timestamp=2026-07-22T13:00:00
[2026-07-29 04:04:45] [DEBUG   ] [main] [READING] raw={"timestamp": "2026-07-22T13:00:00", "factory": "Tata Steel", "zone": "Ladle-Metallurgy", "temperature_unit": "celsius", "temperature": 47.4, "humidity": 50.7, "globe_temperature": 65.9, "wet_bulb_tem
[2026-07-29 04:04:45] [DEBUG   ] [main] [VALIDATE] zone=Ladle-Metallurgy | condition=ALL_DATA | missing=[] | flags=[]
[2026-07-29 04:04:45] [INFO    ] [main] [CALC] zone=Ladle-Metallurgy | ta=47.4 | rh=50.7 | tg=65.9 | tnwb=37.4299 | wbgt=45.9709
[2026-07-29 04:04:45] [DEBUG   ] [main] [CALC] data_quality={'ta': 'sensor', 'rh': 'sensor', 'tg': 'sensor', 'tnwb': 'calculated', 'wbgt': 'calculated'}
[2026-07-29 04:04:45] [INFO    ] [main] [CLASSIFY] zone=Ladle-Metallurgy | wbgt=45.9709 | risk=DANGER | action=Halt heavy work, mandatory rest, evacuate
[2026-07-29 04:04:45] [WARNING ] [main] [DANGER ALERT] zone=Ladle-Metallurgy | wbgt=45.9709 | Halt heavy work, mandatory rest, evacuate
[2026-07-29 04:04:45] [INFO    ] [main] [DB] zone=Ladle-Metallurgy | db_id=110 | saved OK
[2026-07-29 04:04:45] [INFO    ] [main] [READING] zone=Furnace-2 | timestamp=2026-07-22T14:00:00
[2026-07-29 04:04:45] [DEBUG   ] [main] [READING] raw={"timestamp": "2026-07-22T14:00:00", "factory": "Ganesh Alloys", "zone": "Furnace-2", "temperature_unit": "celsius", "temperature": 59.6, "humidity": 111.3, "globe_temperature": 79.8, "wet_bulb_temper
[2026-07-29 04:04:45] [DEBUG   ] [main] [VALIDATE] zone=Furnace-2 | condition=None | missing=[] | flags=[]
[2026-07-29 04:04:45] [DEBUG   ] [main] [FAULT] zone=Furnace-2 | timestamp=2026-07-22T14:00:00 | reason=SENSOR_FAULT: relative_humidity_pct=111.3 is out of valid range 0–100 %.
[2026-07-29 04:04:45] [INFO    ] [main] [READING] zone=Furnace-1 | timestamp=2026-07-22T15:00:00
[2026-07-29 04:04:45] [DEBUG   ] [main] [READING] raw={"timestamp": "2026-07-22T15:00:00", "factory": "Vedanta", "zone": "Furnace-1", "temperature_unit": "celsius", "temperature": 56.8, "humidity": 0, "globe_temperature": 0, "wet_bulb_temperature": 45.6}
[2026-07-29 04:04:45] [DEBUG   ] [main] [VALIDATE] zone=Furnace-1 | condition=None | missing=[] | flags=[]
[2026-07-29 04:04:45] [DEBUG   ] [main] [FAULT] zone=Furnace-1 | timestamp=2026-07-22T15:00:00 | reason=SENSOR_FAULT: globe_temp_c=0.0 is less than air_temp_c=56.8.
[2026-07-29 04:04:45] [INFO    ] [main] [READING] zone=Annealing-Line | timestamp=2026-07-22T16:00:00
[2026-07-29 04:04:45] [DEBUG   ] [main] [READING] raw={"timestamp": "2026-07-22T16:00:00", "factory": "JSW Steel", "zone": "Annealing-Line", "temperature_unit": "celsius", "temperature": 34.9, "humidity": 49.5, "globe_temperature": 40.8, "wet_bulb_temper
[2026-07-29 04:04:45] [DEBUG   ] [main] [VALIDATE] zone=Annealing-Line | condition=ALL_DATA | missing=[] | flags=[]
[2026-07-29 04:04:45] [INFO    ] [main] [CALC] zone=Annealing-Line | ta=34.9 | rh=49.5 | tg=40.8 | tnwb=26.4107 | wbgt=30.7275
[2026-07-29 04:04:45] [DEBUG   ] [main] [CALC] data_quality={'ta': 'sensor', 'rh': 'sensor', 'tg': 'sensor', 'tnwb': 'calculated', 'wbgt': 'calculated'}
[2026-07-29 04:04:45] [INFO    ] [main] [CLASSIFY] zone=Annealing-Line | wbgt=30.7275 | risk=WARNING | action=Enforce work/rest cycles (50 min work, 10 min rest)
[2026-07-29 04:04:45] [WARNING ] [main] [WARNING ALERT] zone=Annealing-Line | wbgt=30.7275 | Enforce work/rest cycles (50 min work, 10 min rest)
[2026-07-29 04:04:45] [INFO    ] [main] [DB] zone=Annealing-Line | db_id=111 | saved OK
[2026-07-29 04:04:45] [INFO    ] [main] [READING] zone=Continuous-Casting | timestamp=2026-07-22T17:00:00
[2026-07-29 04:04:45] [DEBUG   ] [main] [READING] raw={"timestamp": "2026-07-22T17:00:00", "factory": "SAIL", "zone": "Continuous-Casting", "temperature_unit": "celsius", "temperature": 39.8, "humidity": 0, "globe_temperature": 0, "wet_bulb_temperature":
[2026-07-29 04:04:45] [DEBUG   ] [main] [VALIDATE] zone=Continuous-Casting | condition=None | missing=[] | flags=[]
[2026-07-29 04:04:45] [DEBUG   ] [main] [FAULT] zone=Continuous-Casting | timestamp=2026-07-22T17:00:00 | reason=SENSOR_FAULT: globe_temp_c=0.0 is less than air_temp_c=39.8.
[2026-07-29 04:04:45] [INFO    ] [main] [READING] zone=Loading-Dock | timestamp=2026-07-22T18:00:00
[2026-07-29 04:04:45] [DEBUG   ] [main] [READING] raw={"timestamp": "2026-07-22T18:00:00", "factory": "Tata Steel", "zone": "Loading-Dock", "temperature_unit": "celsius", "temperature": 27.1, "humidity": 0, "globe_temperature": 0, "wet_bulb_temperature":
[2026-07-29 04:04:45] [DEBUG   ] [main] [VALIDATE] zone=Loading-Dock | condition=None | missing=[] | flags=[]
[2026-07-29 04:04:45] [DEBUG   ] [main] [FAULT] zone=Loading-Dock | timestamp=2026-07-22T18:00:00 | reason=SENSOR_FAULT: globe_temp_c=0.0 is less than air_temp_c=27.1.
[2026-07-29 04:04:45] [INFO    ] [main] [READING] zone=Furnace-2 | timestamp=2026-07-22T19:00:00
[2026-07-29 04:04:45] [DEBUG   ] [main] [READING] raw={"timestamp": "2026-07-22T19:00:00", "factory": "Vedanta", "zone": "Furnace-2", "temperature_unit": "celsius", "temperature": 36.4, "humidity": 0, "globe_temperature": 53.2, "wet_bulb_temperature": 0}
[2026-07-29 04:04:45] [DEBUG   ] [main] [VALIDATE] zone=Furnace-2 | condition=ALL_DATA | missing=[] | flags=[]
[2026-07-29 04:04:45] [DEBUG   ] [urllib3.connectionpool] Starting new HTTPS connection (1): api.openweathermap.org:443
[2026-07-29 04:04:46] [DEBUG   ] [urllib3.connectionpool] https://api.openweathermap.org:443 "GET /data/2.5/weather?lat=12.9716&lon=77.5946&appid=88f2329e130bf480c72cfc84306978a1&units=metric HTTP/1.1" 200 525
[2026-07-29 04:04:46] [INFO    ] [main] [CALC] zone=Furnace-2 | ta=36.4 | rh=35.64 | tg=53.2 | tnwb=24.6292 | wbgt=33.2004
[2026-07-29 04:04:46] [DEBUG   ] [main] [CALC] data_quality={'ta': 'sensor', 'rh': 'estimated', 'tg': 'sensor', 'tnwb': 'calculated', 'wbgt': 'calculated'}
[2026-07-29 04:04:46] [INFO    ] [main] [CLASSIFY] zone=Furnace-2 | wbgt=33.2004 | risk=DANGER | action=Halt heavy work, mandatory rest, evacuate
[2026-07-29 04:04:46] [WARNING ] [main] [DANGER ALERT] zone=Furnace-2 | wbgt=33.2004 | Halt heavy work, mandatory rest, evacuate
[2026-07-29 04:04:46] [INFO    ] [main] [DB] zone=Furnace-2 | db_id=112 | saved OK
[2026-07-29 04:04:46] [INFO    ] [main] [READING] zone=Furnace-1 | timestamp=2026-07-22T20:00:00
[2026-07-29 04:04:46] [DEBUG   ] [main] [READING] raw={"timestamp": "2026-07-22T20:00:00", "factory": "JSW Steel", "zone": "Furnace-1", "temperature_unit": "celsius", "temperature": 39.0, "humidity": 0, "globe_temperature": 57.5, "wet_bulb_temperature": 
[2026-07-29 04:04:46] [DEBUG   ] [main] [VALIDATE] zone=Furnace-1 | condition=ALL_DATA | missing=[] | flags=[]
[2026-07-29 04:04:46] [DEBUG   ] [urllib3.connectionpool] Starting new HTTPS connection (1): api.openweathermap.org:443
[2026-07-29 04:04:46] [DEBUG   ] [urllib3.connectionpool] https://api.openweathermap.org:443 "GET /data/2.5/weather?lat=12.9716&lon=77.5946&appid=88f2329e130bf480c72cfc84306978a1&units=metric HTTP/1.1" 200 525
[2026-07-29 04:04:46] [INFO    ] [main] [CALC] zone=Furnace-1 | ta=39.0 | rh=30.94 | tg=57.5 | tnwb=29.3 | wbgt=37.76
[2026-07-29 04:04:46] [DEBUG   ] [main] [CALC] data_quality={'ta': 'sensor', 'rh': 'estimated', 'tg': 'sensor', 'tnwb': 'sensor', 'wbgt': 'calculated'}
[2026-07-29 04:04:46] [INFO    ] [main] [CLASSIFY] zone=Furnace-1 | wbgt=37.76 | risk=DANGER | action=Halt heavy work, mandatory rest, evacuate
[2026-07-29 04:04:46] [WARNING ] [main] [DANGER ALERT] zone=Furnace-1 | wbgt=37.76 | Halt heavy work, mandatory rest, evacuate
[2026-07-29 04:04:46] [INFO    ] [main] [DB] zone=Furnace-1 | db_id=113 | saved OK
[2026-07-29 04:04:46] [INFO    ] [main] [READING] zone=Warehouse | timestamp=2026-07-22T21:00:00
[2026-07-29 04:04:46] [DEBUG   ] [main] [READING] raw={"timestamp": "2026-07-22T21:00:00", "factory": "Tata Steel", "zone": "Warehouse", "temperature_unit": "celsius", "temperature": 22.9, "humidity": 0, "globe_temperature": 23.9, "wet_bulb_temperature":
[2026-07-29 04:04:46] [DEBUG   ] [main] [VALIDATE] zone=Warehouse | condition=ALL_DATA | missing=[] | flags=[]
[2026-07-29 04:04:46] [DEBUG   ] [urllib3.connectionpool] Starting new HTTPS connection (1): api.openweathermap.org:443
[2026-07-29 04:04:47] [DEBUG   ] [urllib3.connectionpool] https://api.openweathermap.org:443 "GET /data/2.5/weather?lat=12.9716&lon=77.5946&appid=88f2329e130bf480c72cfc84306978a1&units=metric HTTP/1.1" 200 525
[2026-07-29 04:04:47] [INFO    ] [main] [CALC] zone=Warehouse | ta=22.9 | rh=77.67 | tg=23.9 | tnwb=20.0048 | wbgt=21.1734
[2026-07-29 04:04:47] [DEBUG   ] [main] [CALC] data_quality={'ta': 'sensor', 'rh': 'estimated', 'tg': 'sensor', 'tnwb': 'calculated', 'wbgt': 'calculated'}
[2026-07-29 04:04:47] [INFO    ] [main] [CLASSIFY] zone=Warehouse | wbgt=21.1734 | risk=SAFE | action=Normal work, no restrictions
[2026-07-29 04:04:47] [INFO    ] [main] [DB] zone=Warehouse | db_id=114 | saved OK
[2026-07-29 04:04:47] [INFO    ] [main] [READING] zone=EAF-Bay | timestamp=2026-07-22T22:00:00
[2026-07-29 04:04:47] [DEBUG   ] [main] [READING] raw={"timestamp": "2026-07-22T22:00:00", "factory": "Shree Metal Works", "zone": "EAF-Bay", "temperature_unit": "celsius", "temperature": 41.4, "humidity": 51.4, "globe_temperature": 58.4, "wet_bulb_tempe
[2026-07-29 04:04:47] [DEBUG   ] [main] [VALIDATE] zone=EAF-Bay | condition=ALL_DATA | missing=[] | flags=[]
[2026-07-29 04:04:47] [INFO    ] [main] [CALC] zone=EAF-Bay | ta=41.4 | rh=51.4 | tg=58.4 | tnwb=32.1 | wbgt=39.99
[2026-07-29 04:04:47] [DEBUG   ] [main] [CALC] data_quality={'ta': 'sensor', 'rh': 'sensor', 'tg': 'sensor', 'tnwb': 'sensor', 'wbgt': 'calculated'}
[2026-07-29 04:04:47] [INFO    ] [main] [CLASSIFY] zone=EAF-Bay | wbgt=39.99 | risk=DANGER | action=Halt heavy work, mandatory rest, evacuate
[2026-07-29 04:04:47] [WARNING ] [main] [DANGER ALERT] zone=EAF-Bay | wbgt=39.99 | Halt heavy work, mandatory rest, evacuate
[2026-07-29 04:04:47] [INFO    ] [main] [DB] zone=EAF-Bay | db_id=115 | saved OK
[2026-07-29 04:04:47] [INFO    ] [main] [READING] zone=Fabrication-Shop | timestamp=2026-07-22T23:00:00
[2026-07-29 04:04:47] [DEBUG   ] [main] [READING] raw={"timestamp": "2026-07-22T23:00:00", "factory": "JSW Steel", "zone": "Fabrication-Shop", "temperature_unit": "celsius", "temperature": 20.6, "humidity": 71.1, "globe_temperature": 22.6, "wet_bulb_temp
[2026-07-29 04:04:47] [DEBUG   ] [main] [VALIDATE] zone=Fabrication-Shop | condition=ALL_DATA | missing=[] | flags=[]
[2026-07-29 04:04:47] [INFO    ] [main] [CALC] zone=Fabrication-Shop | ta=20.6 | rh=71.1 | tg=22.6 | tnwb=16.9792 | wbgt=18.6655
[2026-07-29 04:04:47] [DEBUG   ] [main] [CALC] data_quality={'ta': 'sensor', 'rh': 'sensor', 'tg': 'sensor', 'tnwb': 'calculated', 'wbgt': 'calculated'}
[2026-07-29 04:04:47] [INFO    ] [main] [CLASSIFY] zone=Fabrication-Shop | wbgt=18.6655 | risk=SAFE | action=Normal work, no restrictions
[2026-07-29 04:04:47] [INFO    ] [main] [DB] zone=Fabrication-Shop | db_id=116 | saved OK
[2026-07-29 04:04:47] [INFO    ] [main] [READING] zone=Annealing-Line | timestamp=2026-07-23T00:00:00
[2026-07-29 04:04:47] [DEBUG   ] [main] [READING] raw={"timestamp": "2026-07-23T00:00:00", "factory": "Shree Metal Works", "zone": "Annealing-Line", "temperature_unit": "celsius", "temperature": 24.4, "humidity": 44.4, "globe_temperature": 27.2, "wet_bul
[2026-07-29 04:04:47] [DEBUG   ] [main] [VALIDATE] zone=Annealing-Line | condition=ALL_DATA | missing=[] | flags=[]
[2026-07-29 04:04:47] [INFO    ] [main] [CALC] zone=Annealing-Line | ta=24.4 | rh=44.4 | tg=27.2 | tnwb=16.2 | wbgt=19.5
[2026-07-29 04:04:47] [DEBUG   ] [main] [CALC] data_quality={'ta': 'sensor', 'rh': 'sensor', 'tg': 'sensor', 'tnwb': 'sensor', 'wbgt': 'calculated'}
[2026-07-29 04:04:47] [INFO    ] [main] [CLASSIFY] zone=Annealing-Line | wbgt=19.5 | risk=SAFE | action=Normal work, no restrictions
[2026-07-29 04:04:47] [INFO    ] [main] [DB] zone=Annealing-Line | db_id=117 | saved OK
[2026-07-29 04:04:47] [INFO    ] [main] [READING] zone=Ladle-Metallurgy | timestamp=2026-07-23T01:00:00
[2026-07-29 04:04:47] [DEBUG   ] [main] [READING] raw={"timestamp": "2026-07-23T01:00:00", "factory": "Ganesh Alloys", "zone": "Ladle-Metallurgy", "temperature_unit": "celsius", "temperature": 30.0, "humidity": 0, "globe_temperature": 43.1, "wet_bulb_tem
[2026-07-29 04:04:47] [DEBUG   ] [main] [VALIDATE] zone=Ladle-Metallurgy | condition=ALL_DATA | missing=[] | flags=[]
[2026-07-29 04:04:47] [DEBUG   ] [urllib3.connectionpool] Starting new HTTPS connection (1): api.openweathermap.org:443
[2026-07-29 04:04:47] [DEBUG   ] [urllib3.connectionpool] https://api.openweathermap.org:443 "GET /data/2.5/weather?lat=12.9716&lon=77.5946&appid=88f2329e130bf480c72cfc84306978a1&units=metric HTTP/1.1" 200 525
[2026-07-29 04:04:47] [INFO    ] [main] [CALC] zone=Ladle-Metallurgy | ta=30.0 | rh=51.07 | tg=43.1 | tnwb=22.4841 | wbgt=28.6689
[2026-07-29 04:04:47] [DEBUG   ] [main] [CALC] data_quality={'ta': 'sensor', 'rh': 'estimated', 'tg': 'sensor', 'tnwb': 'calculated', 'wbgt': 'calculated'}
[2026-07-29 04:04:47] [INFO    ] [main] [CLASSIFY] zone=Ladle-Metallurgy | wbgt=28.6689 | risk=CAUTION | action=Increase water breaks
[2026-07-29 04:04:47] [INFO    ] [main] [DB] zone=Ladle-Metallurgy | db_id=118 | saved OK
[2026-07-29 04:04:47] [INFO    ] [main] [READING] zone=Rolling-Mill | timestamp=2026-07-23T02:00:00
[2026-07-29 04:04:47] [DEBUG   ] [main] [READING] raw={"timestamp": "2026-07-23T02:00:00", "factory": "Shree Metal Works", "zone": "Rolling-Mill", "temperature_unit": "celsius", "temperature": 27.3, "humidity": 57.4, "globe_temperature": 35.0, "wet_bulb_
[2026-07-29 04:04:47] [DEBUG   ] [main] [VALIDATE] zone=Rolling-Mill | condition=ALL_DATA | missing=[] | flags=[]
[2026-07-29 04:04:47] [INFO    ] [main] [CALC] zone=Rolling-Mill | ta=27.3 | rh=57.4 | tg=35.0 | tnwb=20.7 | wbgt=24.99
[2026-07-29 04:04:47] [DEBUG   ] [main] [CALC] data_quality={'ta': 'sensor', 'rh': 'sensor', 'tg': 'sensor', 'tnwb': 'sensor', 'wbgt': 'calculated'}
[2026-07-29 04:04:47] [INFO    ] [main] [CLASSIFY] zone=Rolling-Mill | wbgt=24.99 | risk=SAFE | action=Normal work, no restrictions
[2026-07-29 04:04:47] [INFO    ] [main] [DB] zone=Rolling-Mill | db_id=119 | saved OK
[2026-07-29 04:04:47] [INFO    ] [main] [READING] zone=Annealing-Line | timestamp=2026-07-23T03:00:00
[2026-07-29 04:04:47] [DEBUG   ] [main] [READING] raw={"timestamp": "2026-07-23T03:00:00", "factory": "Vedanta", "zone": "Annealing-Line", "temperature_unit": "celsius", "temperature": 26.8, "humidity": 51.0, "globe_temperature": 33.2, "wet_bulb_temperat
[2026-07-29 04:04:47] [DEBUG   ] [main] [VALIDATE] zone=Annealing-Line | condition=ALL_DATA | missing=[] | flags=[]
[2026-07-29 04:04:47] [INFO    ] [main] [CALC] zone=Annealing-Line | ta=26.8 | rh=51.0 | tg=33.2 | tnwb=19.6 | wbgt=23.68
[2026-07-29 04:04:47] [DEBUG   ] [main] [CALC] data_quality={'ta': 'sensor', 'rh': 'sensor', 'tg': 'sensor', 'tnwb': 'sensor', 'wbgt': 'calculated'}
[2026-07-29 04:04:47] [INFO    ] [main] [CLASSIFY] zone=Annealing-Line | wbgt=23.68 | risk=SAFE | action=Normal work, no restrictions
[2026-07-29 04:04:47] [INFO    ] [main] [DB] zone=Annealing-Line | db_id=120 | saved OK
[2026-07-29 04:04:47] [INFO    ] [main] [READING] zone=Fabrication-Shop | timestamp=2026-07-23T04:00:00
[2026-07-29 04:04:47] [DEBUG   ] [main] [READING] raw={"timestamp": "2026-07-23T04:00:00", "factory": "Ganesh Alloys", "zone": "Fabrication-Shop", "temperature_unit": "celsius", "temperature": 22.4, "humidity": 66.9, "globe_temperature": 16.9, "wet_bulb_
[2026-07-29 04:04:47] [DEBUG   ] [main] [VALIDATE] zone=Fabrication-Shop | condition=None | missing=[] | flags=[]
[2026-07-29 04:04:47] [DEBUG   ] [main] [FAULT] zone=Fabrication-Shop | timestamp=2026-07-23T04:00:00 | reason=SENSOR_FAULT: globe_temp_c=16.9 is less than air_temp_c=22.4.
[2026-07-29 04:04:47] [INFO    ] [main] [READING] zone=Loading-Dock | timestamp=2026-07-23T05:00:00
[2026-07-29 04:04:47] [DEBUG   ] [main] [READING] raw={"timestamp": "2026-07-23T05:00:00", "factory": "JSPL", "zone": "Loading-Dock", "temperature_unit": "celsius", "temperature": 19.6, "humidity": 47.8, "globe_temperature": 21.5, "wet_bulb_temperature":
[2026-07-29 04:04:47] [DEBUG   ] [main] [VALIDATE] zone=Loading-Dock | condition=ALL_DATA | missing=[] | flags=[]
[2026-07-29 04:04:47] [INFO    ] [main] [CALC] zone=Loading-Dock | ta=19.6 | rh=47.8 | tg=21.5 | tnwb=13.2 | wbgt=15.69
[2026-07-29 04:04:47] [DEBUG   ] [main] [CALC] data_quality={'ta': 'sensor', 'rh': 'sensor', 'tg': 'sensor', 'tnwb': 'sensor', 'wbgt': 'calculated'}
[2026-07-29 04:04:47] [INFO    ] [main] [CLASSIFY] zone=Loading-Dock | wbgt=15.69 | risk=SAFE | action=Normal work, no restrictions
[2026-07-29 04:04:47] [INFO    ] [main] [DB] zone=Loading-Dock | db_id=121 | saved OK
[2026-07-29 04:04:47] [INFO    ] [main] [READING] zone=Furnace-1 | timestamp=2026-07-23T06:00:00
[2026-07-29 04:04:47] [DEBUG   ] [main] [READING] raw={"timestamp": "2026-07-23T06:00:00", "factory": "SAIL", "zone": "Furnace-1", "temperature_unit": "celsius", "temperature": 47.0, "humidity": 48.9, "globe_temperature": 69.2, "wet_bulb_temperature": 36
[2026-07-29 04:04:47] [DEBUG   ] [main] [VALIDATE] zone=Furnace-1 | condition=ALL_DATA | missing=[] | flags=[]
[2026-07-29 04:04:47] [INFO    ] [main] [CALC] zone=Furnace-1 | ta=47.0 | rh=48.9 | tg=69.2 | tnwb=36.3 | wbgt=46.17
[2026-07-29 04:04:47] [DEBUG   ] [main] [CALC] data_quality={'ta': 'sensor', 'rh': 'sensor', 'tg': 'sensor', 'tnwb': 'sensor', 'wbgt': 'calculated'}
[2026-07-29 04:04:47] [INFO    ] [main] [CLASSIFY] zone=Furnace-1 | wbgt=46.17 | risk=DANGER | action=Halt heavy work, mandatory rest, evacuate
[2026-07-29 04:04:47] [WARNING ] [main] [DANGER ALERT] zone=Furnace-1 | wbgt=46.17 | Halt heavy work, mandatory rest, evacuate
[2026-07-29 04:04:47] [INFO    ] [main] [DB] zone=Furnace-1 | db_id=122 | saved OK
[2026-07-29 04:04:47] [INFO    ] [main] [READING] zone=Warehouse | timestamp=2026-07-23T07:00:00
[2026-07-29 04:04:47] [DEBUG   ] [main] [READING] raw={"timestamp": "2026-07-23T07:00:00", "factory": "Shree Metal Works", "zone": "Warehouse", "temperature_unit": "celsius", "temperature": 23.0, "humidity": 70.0, "globe_temperature": 25.2, "wet_bulb_tem
[2026-07-29 04:04:47] [DEBUG   ] [main] [VALIDATE] zone=Warehouse | condition=ALL_DATA | missing=[] | flags=[]
[2026-07-29 04:04:47] [INFO    ] [main] [CALC] zone=Warehouse | ta=23.0 | rh=70.0 | tg=25.2 | tnwb=19.1 | wbgt=20.93
[2026-07-29 04:04:47] [DEBUG   ] [main] [CALC] data_quality={'ta': 'sensor', 'rh': 'sensor', 'tg': 'sensor', 'tnwb': 'sensor', 'wbgt': 'calculated'}
[2026-07-29 04:04:47] [INFO    ] [main] [CLASSIFY] zone=Warehouse | wbgt=20.93 | risk=SAFE | action=Normal work, no restrictions
[2026-07-29 04:04:47] [INFO    ] [main] [DB] zone=Warehouse | db_id=123 | saved OK
[2026-07-29 04:04:47] [INFO    ] [main] [READING] zone=Furnace-2 | timestamp=2026-07-23T08:00:00
[2026-07-29 04:04:47] [DEBUG   ] [main] [READING] raw={"timestamp": "2026-07-23T08:00:00", "factory": "Tata Steel", "zone": "Furnace-2", "temperature_unit": "celsius", "temperature": 33.1, "humidity": 122.8, "globe_temperature": 49.2, "wet_bulb_temperatu
[2026-07-29 04:04:47] [DEBUG   ] [main] [VALIDATE] zone=Furnace-2 | condition=None | missing=[] | flags=[]
[2026-07-29 04:04:47] [DEBUG   ] [main] [FAULT] zone=Furnace-2 | timestamp=2026-07-23T08:00:00 | reason=SENSOR_FAULT: relative_humidity_pct=122.8 is out of valid range 0–100 %.
[2026-07-29 04:04:47] [INFO    ] [main] [READING] zone=Continuous-Casting | timestamp=2026-07-23T09:00:00
[2026-07-29 04:04:47] [DEBUG   ] [main] [READING] raw={"timestamp": "2026-07-23T09:00:00", "factory": "Ganesh Alloys", "zone": "Continuous-Casting", "temperature_unit": "celsius", "temperature": 33.8, "humidity": 60.0, "globe_temperature": 49.3, "wet_bul
[2026-07-29 04:04:47] [DEBUG   ] [main] [VALIDATE] zone=Continuous-Casting | condition=ALL_DATA | missing=[] | flags=[]
[2026-07-29 04:04:47] [INFO    ] [main] [CALC] zone=Continuous-Casting | ta=33.8 | rh=60.0 | tg=49.3 | tnwb=27.8 | wbgt=34.25
[2026-07-29 04:04:47] [DEBUG   ] [main] [CALC] data_quality={'ta': 'sensor', 'rh': 'sensor', 'tg': 'sensor', 'tnwb': 'sensor', 'wbgt': 'calculated'}
[2026-07-29 04:04:47] [INFO    ] [main] [CLASSIFY] zone=Continuous-Casting | wbgt=34.25 | risk=DANGER | action=Halt heavy work, mandatory rest, evacuate
[2026-07-29 04:04:47] [WARNING ] [main] [DANGER ALERT] zone=Continuous-Casting | wbgt=34.25 | Halt heavy work, mandatory rest, evacuate
[2026-07-29 04:04:47] [INFO    ] [main] [DB] zone=Continuous-Casting | db_id=124 | saved OK
[2026-07-29 04:04:47] [INFO    ] [main] [READING] zone=Rolling-Mill | timestamp=2026-07-23T10:00:00
[2026-07-29 04:04:47] [DEBUG   ] [main] [READING] raw={"timestamp": "2026-07-23T10:00:00", "factory": "Shree Metal Works", "zone": "Rolling-Mill", "temperature_unit": "celsius", "temperature": 36.4, "humidity": 57.3, "globe_temperature": 34.2, "wet_bulb_
[2026-07-29 04:04:47] [DEBUG   ] [main] [VALIDATE] zone=Rolling-Mill | condition=None | missing=[] | flags=[]
[2026-07-29 04:04:47] [DEBUG   ] [main] [FAULT] zone=Rolling-Mill | timestamp=2026-07-23T10:00:00 | reason=SENSOR_FAULT: globe_temp_c=34.2 is less than air_temp_c=36.4.
[2026-07-29 04:04:47] [INFO    ] [main] [READING] zone=Ladle-Metallurgy | timestamp=2026-07-23T11:00:00
[2026-07-29 04:04:47] [DEBUG   ] [main] [READING] raw={"timestamp": "2026-07-23T11:00:00", "factory": "SAIL", "zone": "Ladle-Metallurgy", "temperature_unit": "celsius", "temperature": 37.1, "humidity": 43.1, "globe_temperature": 49.6, "wet_bulb_temperatu
[2026-07-29 04:04:47] [DEBUG   ] [main] [VALIDATE] zone=Ladle-Metallurgy | condition=ALL_DATA | missing=[] | flags=[]
[2026-07-29 04:04:47] [INFO    ] [main] [CALC] zone=Ladle-Metallurgy | ta=37.1 | rh=43.1 | tg=49.6 | tnwb=26.7 | wbgt=33.57
[2026-07-29 04:04:47] [DEBUG   ] [main] [CALC] data_quality={'ta': 'sensor', 'rh': 'sensor', 'tg': 'sensor', 'tnwb': 'sensor', 'wbgt': 'calculated'}
[2026-07-29 04:04:47] [INFO    ] [main] [CLASSIFY] zone=Ladle-Metallurgy | wbgt=33.57 | risk=DANGER | action=Halt heavy work, mandatory rest, evacuate
[2026-07-29 04:04:47] [WARNING ] [main] [DANGER ALERT] zone=Ladle-Metallurgy | wbgt=33.57 | Halt heavy work, mandatory rest, evacuate
[2026-07-29 04:04:47] [INFO    ] [main] [DB] zone=Ladle-Metallurgy | db_id=125 | saved OK
[2026-07-29 04:04:47] [INFO    ] [main] [READING] zone=EAF-Bay | timestamp=2026-07-23T12:00:00
[2026-07-29 04:04:47] [DEBUG   ] [main] [READING] raw={"timestamp": "2026-07-23T12:00:00", "factory": "JSPL", "zone": "EAF-Bay", "temperature_unit": "celsius", "temperature": 41.3, "humidity": 28.4, "globe_temperature": 0, "wet_bulb_temperature": 26.5}
[2026-07-29 04:04:47] [DEBUG   ] [main] [VALIDATE] zone=EAF-Bay | condition=None | missing=[] | flags=[]
[2026-07-29 04:04:47] [DEBUG   ] [main] [FAULT] zone=EAF-Bay | timestamp=2026-07-23T12:00:00 | reason=SENSOR_FAULT: globe_temp_c=0.0 is less than air_temp_c=41.3.
[2026-07-29 04:04:47] [INFO    ] [main] [READING] zone=Furnace-2 | timestamp=2026-07-23T13:00:00
[2026-07-29 04:04:47] [DEBUG   ] [main] [READING] raw={"timestamp": "2026-07-23T13:00:00", "factory": "Vedanta", "zone": "Furnace-2", "temperature_unit": "celsius", "temperature": 38.0, "humidity": 43.1, "globe_temperature": 56.3, "wet_bulb_temperature":
[2026-07-29 04:04:47] [DEBUG   ] [main] [VALIDATE] zone=Furnace-2 | condition=ALL_DATA | missing=[] | flags=[]
[2026-07-29 04:04:47] [INFO    ] [main] [CALC] zone=Furnace-2 | ta=38.0 | rh=43.1 | tg=56.3 | tnwb=27.9 | wbgt=36.42
[2026-07-29 04:04:47] [DEBUG   ] [main] [CALC] data_quality={'ta': 'sensor', 'rh': 'sensor', 'tg': 'sensor', 'tnwb': 'sensor', 'wbgt': 'calculated'}
[2026-07-29 04:04:47] [INFO    ] [main] [CLASSIFY] zone=Furnace-2 | wbgt=36.42 | risk=DANGER | action=Halt heavy work, mandatory rest, evacuate
[2026-07-29 04:04:47] [WARNING ] [main] [DANGER ALERT] zone=Furnace-2 | wbgt=36.42 | Halt heavy work, mandatory rest, evacuate
[2026-07-29 04:04:47] [INFO    ] [main] [DB] zone=Furnace-2 | db_id=126 | saved OK
[2026-07-29 04:04:47] [INFO    ] [main] [READING] zone=EAF-Bay | timestamp=2026-07-23T14:00:00
[2026-07-29 04:04:47] [DEBUG   ] [main] [READING] raw={"timestamp": "2026-07-23T14:00:00", "factory": "SAIL", "zone": "EAF-Bay", "temperature_unit": "celsius", "temperature": 40.4, "humidity": 35.2, "globe_temperature": 60.3, "wet_bulb_temperature": 27.5
[2026-07-29 04:04:47] [DEBUG   ] [main] [VALIDATE] zone=EAF-Bay | condition=ALL_DATA | missing=[] | flags=[]
[2026-07-29 04:04:47] [INFO    ] [main] [CALC] zone=EAF-Bay | ta=40.4 | rh=35.2 | tg=60.3 | tnwb=27.5 | wbgt=37.34
[2026-07-29 04:04:47] [DEBUG   ] [main] [CALC] data_quality={'ta': 'sensor', 'rh': 'sensor', 'tg': 'sensor', 'tnwb': 'sensor', 'wbgt': 'calculated'}
[2026-07-29 04:04:47] [INFO    ] [main] [CLASSIFY] zone=EAF-Bay | wbgt=37.34 | risk=DANGER | action=Halt heavy work, mandatory rest, evacuate
[2026-07-29 04:04:47] [WARNING ] [main] [DANGER ALERT] zone=EAF-Bay | wbgt=37.34 | Halt heavy work, mandatory rest, evacuate
[2026-07-29 04:04:47] [INFO    ] [main] [DB] zone=EAF-Bay | db_id=127 | saved OK
[2026-07-29 04:04:47] [INFO    ] [main] [READING] zone=Fabrication-Shop | timestamp=2026-07-23T15:00:00
[2026-07-29 04:04:47] [DEBUG   ] [main] [READING] raw={"timestamp": "2026-07-23T15:00:00", "factory": "SAIL", "zone": "Fabrication-Shop", "temperature_unit": "celsius", "temperature": 31.9, "humidity": 59.2, "globe_temperature": 33.8, "wet_bulb_temperatu
[2026-07-29 04:04:47] [DEBUG   ] [main] [VALIDATE] zone=Fabrication-Shop | condition=ALL_DATA | missing=[] | flags=[]
[2026-07-29 04:04:47] [INFO    ] [main] [CALC] zone=Fabrication-Shop | ta=31.9 | rh=59.2 | tg=33.8 | tnwb=25.7 | wbgt=28.13
[2026-07-29 04:04:47] [DEBUG   ] [main] [CALC] data_quality={'ta': 'sensor', 'rh': 'sensor', 'tg': 'sensor', 'tnwb': 'sensor', 'wbgt': 'calculated'}
[2026-07-29 04:04:47] [INFO    ] [main] [CLASSIFY] zone=Fabrication-Shop | wbgt=28.13 | risk=CAUTION | action=Increase water breaks
[2026-07-29 04:04:47] [INFO    ] [main] [DB] zone=Fabrication-Shop | db_id=128 | saved OK
[2026-07-29 04:04:47] [INFO    ] [main] [READING] zone=Loading-Dock | timestamp=2026-07-23T16:00:00
[2026-07-29 04:04:47] [DEBUG   ] [main] [READING] raw={"timestamp": "2026-07-23T16:00:00", "factory": "Ganesh Alloys", "zone": "Loading-Dock", "temperature_unit": "celsius", "temperature": 25.5, "humidity": 57.6, "globe_temperature": 27.3, "wet_bulb_temp
[2026-07-29 04:04:47] [DEBUG   ] [main] [VALIDATE] zone=Loading-Dock | condition=ALL_DATA | missing=[] | flags=[]
[2026-07-29 04:04:47] [INFO    ] [main] [CALC] zone=Loading-Dock | ta=25.5 | rh=57.6 | tg=27.3 | tnwb=19.3 | wbgt=21.7
[2026-07-29 04:04:47] [DEBUG   ] [main] [CALC] data_quality={'ta': 'sensor', 'rh': 'sensor', 'tg': 'sensor', 'tnwb': 'sensor', 'wbgt': 'calculated'}
[2026-07-29 04:04:47] [INFO    ] [main] [CLASSIFY] zone=Loading-Dock | wbgt=21.7 | risk=SAFE | action=Normal work, no restrictions
[2026-07-29 04:04:47] [INFO    ] [main] [DB] zone=Loading-Dock | db_id=129 | saved OK
[2026-07-29 04:04:47] [INFO    ] [main] [READING] zone=Rolling-Mill | timestamp=2026-07-23T17:00:00
[2026-07-29 04:04:47] [DEBUG   ] [main] [READING] raw={"timestamp": "2026-07-23T17:00:00", "factory": "Ganesh Alloys", "zone": "Rolling-Mill", "temperature_unit": "celsius", "temperature": 35.9, "humidity": 56.0, "globe_temperature": 43.2, "wet_bulb_temp
[2026-07-29 04:04:47] [DEBUG   ] [main] [VALIDATE] zone=Rolling-Mill | condition=ALL_DATA | missing=[] | flags=[]
[2026-07-29 04:04:47] [INFO    ] [main] [CALC] zone=Rolling-Mill | ta=35.9 | rh=56.0 | tg=43.2 | tnwb=41.1 | wbgt=41.73
[2026-07-29 04:04:47] [DEBUG   ] [main] [CALC] data_quality={'ta': 'sensor', 'rh': 'sensor', 'tg': 'sensor', 'tnwb': 'sensor', 'wbgt': 'calculated'}
[2026-07-29 04:04:47] [INFO    ] [main] [CLASSIFY] zone=Rolling-Mill | wbgt=41.73 | risk=DANGER | action=Halt heavy work, mandatory rest, evacuate
[2026-07-29 04:04:47] [WARNING ] [main] [DANGER ALERT] zone=Rolling-Mill | wbgt=41.73 | Halt heavy work, mandatory rest, evacuate
[2026-07-29 04:04:47] [INFO    ] [main] [DB] zone=Rolling-Mill | db_id=130 | saved OK
[2026-07-29 04:04:47] [INFO    ] [main] [READING] zone=Continuous-Casting | timestamp=2026-07-23T18:00:00
[2026-07-29 04:04:47] [DEBUG   ] [main] [READING] raw={"timestamp": "2026-07-23T18:00:00", "factory": "Tata Steel", "zone": "Continuous-Casting", "temperature_unit": "celsius", "temperature": 31.9, "humidity": 52.8, "globe_temperature": 0, "wet_bulb_temp
[2026-07-29 04:04:47] [DEBUG   ] [main] [VALIDATE] zone=Continuous-Casting | condition=None | missing=[] | flags=[]
[2026-07-29 04:04:47] [DEBUG   ] [main] [FAULT] zone=Continuous-Casting | timestamp=2026-07-23T18:00:00 | reason=SENSOR_FAULT: globe_temp_c=0.0 is less than air_temp_c=31.9.
[2026-07-29 04:04:47] [INFO    ] [main] [READING] zone=Warehouse | timestamp=2026-07-23T19:00:00
[2026-07-29 04:04:47] [DEBUG   ] [main] [READING] raw={"timestamp": "2026-07-23T19:00:00", "factory": "SAIL", "zone": "Warehouse", "temperature_unit": "celsius", "temperature": 39.0, "humidity": 61.4, "globe_temperature": 46.0, "wet_bulb_temperature": 32
[2026-07-29 04:04:47] [DEBUG   ] [main] [VALIDATE] zone=Warehouse | condition=ALL_DATA | missing=[] | flags=[]
[2026-07-29 04:04:47] [INFO    ] [main] [CALC] zone=Warehouse | ta=39.0 | rh=61.4 | tg=46.0 | tnwb=32.3 | wbgt=36.41
[2026-07-29 04:04:47] [DEBUG   ] [main] [CALC] data_quality={'ta': 'sensor', 'rh': 'sensor', 'tg': 'sensor', 'tnwb': 'sensor', 'wbgt': 'calculated'}
[2026-07-29 04:04:47] [INFO    ] [main] [CLASSIFY] zone=Warehouse | wbgt=36.41 | risk=DANGER | action=Halt heavy work, mandatory rest, evacuate
[2026-07-29 04:04:47] [WARNING ] [main] [DANGER ALERT] zone=Warehouse | wbgt=36.41 | Halt heavy work, mandatory rest, evacuate
[2026-07-29 04:04:47] [INFO    ] [main] [DB] zone=Warehouse | db_id=131 | saved OK
[2026-07-29 04:04:47] [INFO    ] [main] [READING] zone=Furnace-1 | timestamp=2026-07-23T20:00:00
[2026-07-29 04:04:47] [DEBUG   ] [main] [READING] raw={"timestamp": "2026-07-23T20:00:00", "factory": "Tata Steel", "zone": "Furnace-1", "temperature_unit": "celsius", "temperature": 40.6, "humidity": 41.8, "globe_temperature": 58.0, "wet_bulb_temperatur
[2026-07-29 04:04:47] [DEBUG   ] [main] [VALIDATE] zone=Furnace-1 | condition=ALL_DATA | missing=[] | flags=[]
[2026-07-29 04:04:47] [INFO    ] [main] [CALC] zone=Furnace-1 | ta=40.6 | rh=41.8 | tg=58.0 | tnwb=29.8 | wbgt=38.26
[2026-07-29 04:04:47] [DEBUG   ] [main] [CALC] data_quality={'ta': 'sensor', 'rh': 'sensor', 'tg': 'sensor', 'tnwb': 'sensor', 'wbgt': 'calculated'}
[2026-07-29 04:04:47] [INFO    ] [main] [CLASSIFY] zone=Furnace-1 | wbgt=38.26 | risk=DANGER | action=Halt heavy work, mandatory rest, evacuate
[2026-07-29 04:04:47] [WARNING ] [main] [DANGER ALERT] zone=Furnace-1 | wbgt=38.26 | Halt heavy work, mandatory rest, evacuate
[2026-07-29 04:04:47] [INFO    ] [main] [DB] zone=Furnace-1 | db_id=132 | saved OK
[2026-07-29 04:04:47] [INFO    ] [main] [READING] zone=Annealing-Line | timestamp=2026-07-23T21:00:00
[2026-07-29 04:04:47] [DEBUG   ] [main] [READING] raw={"timestamp": "2026-07-23T21:00:00", "factory": "Ganesh Alloys", "zone": "Annealing-Line", "temperature_unit": "celsius", "temperature": 29.2, "humidity": 56.5, "globe_temperature": 34.3, "wet_bulb_te
[2026-07-29 04:04:47] [DEBUG   ] [main] [VALIDATE] zone=Annealing-Line | condition=ALL_DATA | missing=[] | flags=[]
[2026-07-29 04:04:47] [INFO    ] [main] [CALC] zone=Annealing-Line | ta=29.2 | rh=56.5 | tg=34.3 | tnwb=22.4 | wbgt=25.97
[2026-07-29 04:04:47] [DEBUG   ] [main] [CALC] data_quality={'ta': 'sensor', 'rh': 'sensor', 'tg': 'sensor', 'tnwb': 'sensor', 'wbgt': 'calculated'}
[2026-07-29 04:04:47] [INFO    ] [main] [CLASSIFY] zone=Annealing-Line | wbgt=25.97 | risk=SAFE | action=Normal work, no restrictions
[2026-07-29 04:04:47] [INFO    ] [main] [DB] zone=Annealing-Line | db_id=133 | saved OK
[2026-07-29 04:04:47] [INFO    ] [main] [READING] zone=Ladle-Metallurgy | timestamp=2026-07-23T22:00:00
[2026-07-29 04:04:47] [DEBUG   ] [main] [READING] raw={"timestamp": "2026-07-23T22:00:00", "factory": "Tata Steel", "zone": "Ladle-Metallurgy", "temperature_unit": "celsius", "temperature": 31.0, "humidity": 37.7, "globe_temperature": 47.6, "wet_bulb_tem
[2026-07-29 04:04:47] [DEBUG   ] [main] [VALIDATE] zone=Ladle-Metallurgy | condition=ALL_DATA | missing=[] | flags=[]
[2026-07-29 04:04:47] [INFO    ] [main] [CALC] zone=Ladle-Metallurgy | ta=31.0 | rh=37.7 | tg=47.6 | tnwb=20.4 | wbgt=28.56
[2026-07-29 04:04:47] [DEBUG   ] [main] [CALC] data_quality={'ta': 'sensor', 'rh': 'sensor', 'tg': 'sensor', 'tnwb': 'sensor', 'wbgt': 'calculated'}
[2026-07-29 04:04:47] [INFO    ] [main] [CLASSIFY] zone=Ladle-Metallurgy | wbgt=28.56 | risk=CAUTION | action=Increase water breaks
[2026-07-29 04:04:47] [INFO    ] [main] [DB] zone=Ladle-Metallurgy | db_id=134 | saved OK
[2026-07-29 04:04:47] [INFO    ] [main] [READING] zone=Continuous-Casting | timestamp=2026-07-23T23:00:00
[2026-07-29 04:04:47] [DEBUG   ] [main] [READING] raw={"timestamp": "2026-07-23T23:00:00", "factory": "Vedanta", "zone": "Continuous-Casting", "temperature_unit": "celsius", "temperature": 28.7, "humidity": 47.6, "globe_temperature": 0, "wet_bulb_tempera
[2026-07-29 04:04:47] [DEBUG   ] [main] [VALIDATE] zone=Continuous-Casting | condition=None | missing=[] | flags=[]
[2026-07-29 04:04:47] [DEBUG   ] [main] [FAULT] zone=Continuous-Casting | timestamp=2026-07-23T23:00:00 | reason=SENSOR_FAULT: globe_temp_c=0.0 is less than air_temp_c=28.7.
[2026-07-29 04:04:47] [INFO    ] [main] [READING] zone=Ladle-Metallurgy | timestamp=2026-07-24T00:00:00
[2026-07-29 04:04:47] [DEBUG   ] [main] [READING] raw={"timestamp": "2026-07-24T00:00:00", "factory": "JSW Steel", "zone": "Ladle-Metallurgy", "temperature_unit": "celsius", "temperature": 33.4, "humidity": 0, "globe_temperature": 0, "wet_bulb_temperatur
[2026-07-29 04:04:47] [DEBUG   ] [main] [VALIDATE] zone=Ladle-Metallurgy | condition=None | missing=[] | flags=[]
[2026-07-29 04:04:47] [DEBUG   ] [main] [FAULT] zone=Ladle-Metallurgy | timestamp=2026-07-24T00:00:00 | reason=SENSOR_FAULT: globe_temp_c=0.0 is less than air_temp_c=33.4.
[2026-07-29 04:04:47] [INFO    ] [main] [READING] zone=Fabrication-Shop | timestamp=2026-07-24T01:00:00
[2026-07-29 04:04:47] [DEBUG   ] [main] [READING] raw={"timestamp": "2026-07-24T01:00:00", "factory": "JSPL", "zone": "Fabrication-Shop", "temperature_unit": "celsius", "temperature": 20.9, "humidity": 0, "globe_temperature": 22.2, "wet_bulb_temperature"
[2026-07-29 04:04:47] [DEBUG   ] [main] [VALIDATE] zone=Fabrication-Shop | condition=ALL_DATA | missing=[] | flags=[]
[2026-07-29 04:04:47] [DEBUG   ] [urllib3.connectionpool] Starting new HTTPS connection (1): api.openweathermap.org:443
[2026-07-29 04:04:48] [DEBUG   ] [urllib3.connectionpool] https://api.openweathermap.org:443 "GET /data/2.5/weather?lat=12.9716&lon=77.5946&appid=88f2329e130bf480c72cfc84306978a1&units=metric HTTP/1.1" 200 525
[2026-07-29 04:04:48] [INFO    ] [main] [CALC] zone=Fabrication-Shop | ta=20.9 | rh=87.76 | tg=22.2 | tnwb=15.8 | wbgt=17.72
[2026-07-29 04:04:48] [DEBUG   ] [main] [CALC] data_quality={'ta': 'sensor', 'rh': 'estimated', 'tg': 'sensor', 'tnwb': 'sensor', 'wbgt': 'calculated'}
[2026-07-29 04:04:48] [INFO    ] [main] [CLASSIFY] zone=Fabrication-Shop | wbgt=17.72 | risk=SAFE | action=Normal work, no restrictions
[2026-07-29 04:04:48] [INFO    ] [main] [DB] zone=Fabrication-Shop | db_id=135 | saved OK
[2026-07-29 04:04:48] [INFO    ] [main] [READING] zone=EAF-Bay | timestamp=2026-07-24T02:00:00
[2026-07-29 04:04:48] [DEBUG   ] [main] [READING] raw={"timestamp": "2026-07-24T02:00:00", "factory": "SAIL", "zone": "EAF-Bay", "temperature_unit": "celsius", "temperature": 46.6, "humidity": 47.0, "globe_temperature": 0, "wet_bulb_temperature": 0}
[2026-07-29 04:04:48] [DEBUG   ] [main] [VALIDATE] zone=EAF-Bay | condition=None | missing=[] | flags=[]
[2026-07-29 04:04:48] [DEBUG   ] [main] [FAULT] zone=EAF-Bay | timestamp=2026-07-24T02:00:00 | reason=SENSOR_FAULT: globe_temp_c=0.0 is less than air_temp_c=46.6.
[2026-07-29 04:04:48] [INFO    ] [main] [READING] zone=Furnace-2 | timestamp=2026-07-24T03:00:00
[2026-07-29 04:04:48] [DEBUG   ] [main] [READING] raw={"timestamp": "2026-07-24T03:00:00", "factory": "JSPL", "zone": "Furnace-2", "temperature_unit": "celsius", "temperature": 35.3, "humidity": 35.8, "globe_temperature": 49.5, "wet_bulb_temperature": 24
[2026-07-29 04:04:48] [DEBUG   ] [main] [VALIDATE] zone=Furnace-2 | condition=ALL_DATA | missing=[] | flags=[]
[2026-07-29 04:04:48] [INFO    ] [main] [CALC] zone=Furnace-2 | ta=35.3 | rh=35.8 | tg=49.5 | tnwb=24.2 | wbgt=31.79
[2026-07-29 04:04:48] [DEBUG   ] [main] [CALC] data_quality={'ta': 'sensor', 'rh': 'sensor', 'tg': 'sensor', 'tnwb': 'sensor', 'wbgt': 'calculated'}
[2026-07-29 04:04:48] [INFO    ] [main] [CLASSIFY] zone=Furnace-2 | wbgt=31.79 | risk=DANGER | action=Halt heavy work, mandatory rest, evacuate
[2026-07-29 04:04:48] [WARNING ] [main] [DANGER ALERT] zone=Furnace-2 | wbgt=31.79 | Halt heavy work, mandatory rest, evacuate
[2026-07-29 04:04:48] [INFO    ] [main] [DB] zone=Furnace-2 | db_id=136 | saved OK
[2026-07-29 04:04:48] [INFO    ] [main] [READING] zone=Rolling-Mill | timestamp=2026-07-24T04:00:00
[2026-07-29 04:04:48] [DEBUG   ] [main] [READING] raw={"timestamp": "2026-07-24T04:00:00", "factory": "JSW Steel", "zone": "Rolling-Mill", "temperature_unit": "celsius", "temperature": 38.3, "humidity": 45.7, "globe_temperature": 51.8, "wet_bulb_temperat
[2026-07-29 04:04:48] [DEBUG   ] [main] [VALIDATE] zone=Rolling-Mill | condition=ALL_DATA | missing=[] | flags=[]
[2026-07-29 04:04:48] [INFO    ] [main] [CALC] zone=Rolling-Mill | ta=38.3 | rh=45.7 | tg=51.8 | tnwb=28.7 | wbgt=35.63
[2026-07-29 04:04:48] [DEBUG   ] [main] [CALC] data_quality={'ta': 'sensor', 'rh': 'sensor', 'tg': 'sensor', 'tnwb': 'sensor', 'wbgt': 'calculated'}
[2026-07-29 04:04:48] [INFO    ] [main] [CLASSIFY] zone=Rolling-Mill | wbgt=35.63 | risk=DANGER | action=Halt heavy work, mandatory rest, evacuate
[2026-07-29 04:04:48] [WARNING ] [main] [DANGER ALERT] zone=Rolling-Mill | wbgt=35.63 | Halt heavy work, mandatory rest, evacuate
[2026-07-29 04:04:48] [INFO    ] [main] [DB] zone=Rolling-Mill | db_id=137 | saved OK
[2026-07-29 04:04:48] [INFO    ] [main] [READING] zone=Warehouse | timestamp=2026-07-24T05:00:00
[2026-07-29 04:04:48] [DEBUG   ] [main] [READING] raw={"timestamp": "2026-07-24T05:00:00", "factory": "Vedanta", "zone": "Warehouse", "temperature_unit": "celsius", "temperature": 25.1, "humidity": 49.2, "globe_temperature": 0, "wet_bulb_temperature": 0}
[2026-07-29 04:04:48] [DEBUG   ] [main] [VALIDATE] zone=Warehouse | condition=None | missing=[] | flags=[]
[2026-07-29 04:04:48] [DEBUG   ] [main] [FAULT] zone=Warehouse | timestamp=2026-07-24T05:00:00 | reason=SENSOR_FAULT: globe_temp_c=0.0 is less than air_temp_c=25.1.
[2026-07-29 04:04:48] [INFO    ] [main] [READING] zone=Furnace-1 | timestamp=2026-07-24T06:00:00
[2026-07-29 04:04:48] [DEBUG   ] [main] [READING] raw={"timestamp": "2026-07-24T06:00:00", "factory": "Shree Metal Works", "zone": "Furnace-1", "temperature_unit": "celsius", "temperature": 33.5, "humidity": 38.2, "globe_temperature": 50.4, "wet_bulb_tem
[2026-07-29 04:04:48] [DEBUG   ] [main] [VALIDATE] zone=Furnace-1 | condition=ALL_DATA | missing=[] | flags=[]
[2026-07-29 04:04:48] [INFO    ] [main] [CALC] zone=Furnace-1 | ta=33.5 | rh=38.2 | tg=50.4 | tnwb=22.9074 | wbgt=31.1552
[2026-07-29 04:04:48] [DEBUG   ] [main] [CALC] data_quality={'ta': 'sensor', 'rh': 'sensor', 'tg': 'sensor', 'tnwb': 'calculated', 'wbgt': 'calculated'}
[2026-07-29 04:04:48] [INFO    ] [main] [CLASSIFY] zone=Furnace-1 | wbgt=31.1552 | risk=DANGER | action=Halt heavy work, mandatory rest, evacuate
[2026-07-29 04:04:48] [WARNING ] [main] [DANGER ALERT] zone=Furnace-1 | wbgt=31.1552 | Halt heavy work, mandatory rest, evacuate
[2026-07-29 04:04:48] [INFO    ] [main] [DB] zone=Furnace-1 | db_id=138 | saved OK
[2026-07-29 04:04:48] [INFO    ] [main] [READING] zone=Loading-Dock | timestamp=2026-07-24T07:00:00
[2026-07-29 04:04:48] [DEBUG   ] [main] [READING] raw={"timestamp": "2026-07-24T07:00:00", "factory": "Ganesh Alloys", "zone": "Loading-Dock", "temperature_unit": "celsius", "temperature": 21.5, "humidity": 39.1, "globe_temperature": 22.3, "wet_bulb_temp
[2026-07-29 04:04:48] [DEBUG   ] [main] [VALIDATE] zone=Loading-Dock | condition=ALL_DATA | missing=[] | flags=[]
[2026-07-29 04:04:48] [INFO    ] [main] [CALC] zone=Loading-Dock | ta=21.5 | rh=39.1 | tg=22.3 | tnwb=13.4 | wbgt=16.07
[2026-07-29 04:04:48] [DEBUG   ] [main] [CALC] data_quality={'ta': 'sensor', 'rh': 'sensor', 'tg': 'sensor', 'tnwb': 'sensor', 'wbgt': 'calculated'}
[2026-07-29 04:04:48] [INFO    ] [main] [CLASSIFY] zone=Loading-Dock | wbgt=16.07 | risk=SAFE | action=Normal work, no restrictions
[2026-07-29 04:04:48] [INFO    ] [main] [DB] zone=Loading-Dock | db_id=139 | saved OK
[2026-07-29 04:04:48] [INFO    ] [main] [READING] zone=Annealing-Line | timestamp=2026-07-24T08:00:00
[2026-07-29 04:04:48] [DEBUG   ] [main] [READING] raw={"timestamp": "2026-07-24T08:00:00", "factory": "SAIL", "zone": "Annealing-Line", "temperature_unit": "celsius", "temperature": 29.1, "humidity": 63.3, "globe_temperature": 33.1, "wet_bulb_temperature
[2026-07-29 04:04:48] [DEBUG   ] [main] [VALIDATE] zone=Annealing-Line | condition=ALL_DATA | missing=[] | flags=[]
[2026-07-29 04:04:48] [INFO    ] [main] [CALC] zone=Annealing-Line | ta=29.1 | rh=63.3 | tg=33.1 | tnwb=23.4 | wbgt=26.31
[2026-07-29 04:04:48] [DEBUG   ] [main] [CALC] data_quality={'ta': 'sensor', 'rh': 'sensor', 'tg': 'sensor', 'tnwb': 'sensor', 'wbgt': 'calculated'}
[2026-07-29 04:04:48] [INFO    ] [main] [CLASSIFY] zone=Annealing-Line | wbgt=26.31 | risk=SAFE | action=Normal work, no restrictions
[2026-07-29 04:04:48] [INFO    ] [main] [DB] zone=Annealing-Line | db_id=140 | saved OK
[2026-07-29 04:04:48] [INFO    ] [main] [READING] zone=Loading-Dock | timestamp=2026-07-24T09:00:00
[2026-07-29 04:04:48] [DEBUG   ] [main] [READING] raw={"timestamp": "2026-07-24T09:00:00", "factory": "Vedanta", "zone": "Loading-Dock", "temperature_unit": "celsius", "temperature": 32.2, "humidity": 47.5, "globe_temperature": 0, "wet_bulb_temperature":
[2026-07-29 04:04:48] [DEBUG   ] [main] [VALIDATE] zone=Loading-Dock | condition=None | missing=[] | flags=[]
[2026-07-29 04:04:48] [DEBUG   ] [main] [FAULT] zone=Loading-Dock | timestamp=2026-07-24T09:00:00 | reason=SENSOR_FAULT: globe_temp_c=0.0 is less than air_temp_c=32.2.
[2026-07-29 04:04:48] [INFO    ] [main] [READING] zone=Rolling-Mill | timestamp=2026-07-24T10:00:00
[2026-07-29 04:04:48] [DEBUG   ] [main] [READING] raw={"timestamp": "2026-07-24T10:00:00", "factory": "Vedanta", "zone": "Rolling-Mill", "temperature_unit": "celsius", "temperature": 31.2, "humidity": 57.0, "globe_temperature": 40.6, "wet_bulb_temperatur
[2026-07-29 04:04:48] [DEBUG   ] [main] [VALIDATE] zone=Rolling-Mill | condition=ALL_DATA | missing=[] | flags=[]
[2026-07-29 04:04:48] [INFO    ] [main] [CALC] zone=Rolling-Mill | ta=31.2 | rh=57.0 | tg=40.6 | tnwb=24.7 | wbgt=29.47
[2026-07-29 04:04:48] [DEBUG   ] [main] [CALC] data_quality={'ta': 'sensor', 'rh': 'sensor', 'tg': 'sensor', 'tnwb': 'sensor', 'wbgt': 'calculated'}
[2026-07-29 04:04:48] [INFO    ] [main] [CLASSIFY] zone=Rolling-Mill | wbgt=29.47 | risk=WARNING | action=Enforce work/rest cycles (50 min work, 10 min rest)
[2026-07-29 04:04:48] [WARNING ] [main] [WARNING ALERT] zone=Rolling-Mill | wbgt=29.47 | Enforce work/rest cycles (50 min work, 10 min rest)
[2026-07-29 04:04:48] [INFO    ] [main] [DB] zone=Rolling-Mill | db_id=141 | saved OK
[2026-07-29 04:04:48] [INFO    ] [main] [READING] zone=Furnace-1 | timestamp=2026-07-24T11:00:00
[2026-07-29 04:04:48] [DEBUG   ] [main] [READING] raw={"timestamp": "2026-07-24T11:00:00", "factory": "Ganesh Alloys", "zone": "Furnace-1", "temperature_unit": "celsius", "temperature": 36.9, "humidity": 35.8, "globe_temperature": 0, "wet_bulb_temperatur
[2026-07-29 04:04:48] [DEBUG   ] [main] [VALIDATE] zone=Furnace-1 | condition=None | missing=[] | flags=[]
[2026-07-29 04:04:48] [DEBUG   ] [main] [FAULT] zone=Furnace-1 | timestamp=2026-07-24T11:00:00 | reason=SENSOR_FAULT: globe_temp_c=0.0 is less than air_temp_c=36.9.
[2026-07-29 04:04:48] [INFO    ] [main] [READING] zone=EAF-Bay | timestamp=2026-07-24T12:00:00
[2026-07-29 04:04:48] [DEBUG   ] [main] [READING] raw={"timestamp": "2026-07-24T12:00:00", "factory": "JSPL", "zone": "EAF-Bay", "temperature_unit": "celsius", "temperature": 44.1, "humidity": 27.3, "globe_temperature": 60.9, "wet_bulb_temperature": 28.4
[2026-07-29 04:04:48] [DEBUG   ] [main] [VALIDATE] zone=EAF-Bay | condition=ALL_DATA | missing=[] | flags=[]
[2026-07-29 04:04:48] [INFO    ] [main] [CALC] zone=EAF-Bay | ta=44.1 | rh=27.3 | tg=60.9 | tnwb=28.4 | wbgt=38.15
[2026-07-29 04:04:48] [DEBUG   ] [main] [CALC] data_quality={'ta': 'sensor', 'rh': 'sensor', 'tg': 'sensor', 'tnwb': 'sensor', 'wbgt': 'calculated'}
[2026-07-29 04:04:48] [INFO    ] [main] [CLASSIFY] zone=EAF-Bay | wbgt=38.15 | risk=DANGER | action=Halt heavy work, mandatory rest, evacuate
[2026-07-29 04:04:48] [WARNING ] [main] [DANGER ALERT] zone=EAF-Bay | wbgt=38.15 | Halt heavy work, mandatory rest, evacuate
[2026-07-29 04:04:48] [INFO    ] [main] [DB] zone=EAF-Bay | db_id=142 | saved OK
[2026-07-29 04:04:48] [INFO    ] [main] [READING] zone=Continuous-Casting | timestamp=2026-07-24T13:00:00
[2026-07-29 04:04:48] [DEBUG   ] [main] [READING] raw={"timestamp": "2026-07-24T13:00:00", "factory": "Tata Steel", "zone": "Continuous-Casting", "temperature_unit": "celsius", "temperature": 38.3, "humidity": 52.8, "globe_temperature": 53.9, "wet_bulb_t
[2026-07-29 04:04:48] [DEBUG   ] [main] [VALIDATE] zone=Continuous-Casting | condition=ALL_DATA | missing=[] | flags=[]
[2026-07-29 04:04:48] [INFO    ] [main] [CALC] zone=Continuous-Casting | ta=38.3 | rh=52.8 | tg=53.9 | tnwb=29.8 | wbgt=37.03
[2026-07-29 04:04:48] [DEBUG   ] [main] [CALC] data_quality={'ta': 'sensor', 'rh': 'sensor', 'tg': 'sensor', 'tnwb': 'sensor', 'wbgt': 'calculated'}
[2026-07-29 04:04:48] [INFO    ] [main] [CLASSIFY] zone=Continuous-Casting | wbgt=37.03 | risk=DANGER | action=Halt heavy work, mandatory rest, evacuate
[2026-07-29 04:04:48] [WARNING ] [main] [DANGER ALERT] zone=Continuous-Casting | wbgt=37.03 | Halt heavy work, mandatory rest, evacuate
[2026-07-29 04:04:48] [INFO    ] [main] [DB] zone=Continuous-Casting | db_id=143 | saved OK
[2026-07-29 04:04:48] [INFO    ] [main] [READING] zone=Fabrication-Shop | timestamp=2026-07-24T14:00:00
[2026-07-29 04:04:48] [DEBUG   ] [main] [READING] raw={"timestamp": "2026-07-24T14:00:00", "factory": "JSPL", "zone": "Fabrication-Shop", "temperature_unit": "celsius", "temperature": 28.6, "humidity": 67.9, "globe_temperature": 30.3, "wet_bulb_temperatu
[2026-07-29 04:04:48] [DEBUG   ] [main] [VALIDATE] zone=Fabrication-Shop | condition=ALL_DATA | missing=[] | flags=[]
[2026-07-29 04:04:48] [INFO    ] [main] [CALC] zone=Fabrication-Shop | ta=28.6 | rh=67.9 | tg=30.3 | tnwb=24.4 | wbgt=26.17
[2026-07-29 04:04:48] [DEBUG   ] [main] [CALC] data_quality={'ta': 'sensor', 'rh': 'sensor', 'tg': 'sensor', 'tnwb': 'sensor', 'wbgt': 'calculated'}
[2026-07-29 04:04:48] [INFO    ] [main] [CLASSIFY] zone=Fabrication-Shop | wbgt=26.17 | risk=SAFE | action=Normal work, no restrictions
[2026-07-29 04:04:48] [INFO    ] [main] [DB] zone=Fabrication-Shop | db_id=144 | saved OK
[2026-07-29 04:04:48] [INFO    ] [main] [READING] zone=Ladle-Metallurgy | timestamp=2026-07-24T15:00:00
[2026-07-29 04:04:48] [DEBUG   ] [main] [READING] raw={"timestamp": "2026-07-24T15:00:00", "factory": "Ganesh Alloys", "zone": "Ladle-Metallurgy", "temperature_unit": "celsius", "temperature": 36.0, "humidity": 347.5, "globe_temperature": 50.2, "wet_bulb
[2026-07-29 04:04:48] [DEBUG   ] [main] [VALIDATE] zone=Ladle-Metallurgy | condition=None | missing=[] | flags=[]
[2026-07-29 04:04:48] [DEBUG   ] [main] [FAULT] zone=Ladle-Metallurgy | timestamp=2026-07-24T15:00:00 | reason=SENSOR_FAULT: relative_humidity_pct=347.5 is out of valid range 0–100 %.
[2026-07-29 04:04:48] [INFO    ] [main] [READING] zone=Warehouse | timestamp=2026-07-24T16:00:00
[2026-07-29 04:04:48] [DEBUG   ] [main] [READING] raw={"timestamp": "2026-07-24T16:00:00", "factory": "Vedanta", "zone": "Warehouse", "temperature_unit": "celsius", "temperature": 29.2, "humidity": 56.3, "globe_temperature": 30.4, "wet_bulb_temperature":
[2026-07-29 04:04:48] [DEBUG   ] [main] [VALIDATE] zone=Warehouse | condition=ALL_DATA | missing=[] | flags=[]
[2026-07-29 04:04:48] [INFO    ] [main] [CALC] zone=Warehouse | ta=29.2 | rh=56.3 | tg=30.4 | tnwb=22.6727 | wbgt=24.9909
[2026-07-29 04:04:48] [DEBUG   ] [main] [CALC] data_quality={'ta': 'sensor', 'rh': 'sensor', 'tg': 'sensor', 'tnwb': 'calculated', 'wbgt': 'calculated'}
[2026-07-29 04:04:48] [INFO    ] [main] [CLASSIFY] zone=Warehouse | wbgt=24.9909 | risk=SAFE | action=Normal work, no restrictions
[2026-07-29 04:04:48] [INFO    ] [main] [DB] zone=Warehouse | db_id=145 | saved OK
[2026-07-29 04:04:48] [INFO    ] [main] [READING] zone=Furnace-2 | timestamp=2026-07-24T17:00:00
[2026-07-29 04:04:48] [DEBUG   ] [main] [READING] raw={"timestamp": "2026-07-24T17:00:00", "factory": "Tata Steel", "zone": "Furnace-2", "temperature_unit": "celsius", "temperature": 42.1, "humidity": 0, "globe_temperature": 58.4, "wet_bulb_temperature":
[2026-07-29 04:04:48] [DEBUG   ] [main] [VALIDATE] zone=Furnace-2 | condition=ALL_DATA | missing=[] | flags=[]
[2026-07-29 04:04:48] [DEBUG   ] [urllib3.connectionpool] Starting new HTTPS connection (1): api.openweathermap.org:443
[2026-07-29 04:04:48] [DEBUG   ] [urllib3.connectionpool] https://api.openweathermap.org:443 "GET /data/2.5/weather?lat=12.9716&lon=77.5946&appid=88f2329e130bf480c72cfc84306978a1&units=metric HTTP/1.1" 200 525
[2026-07-29 04:04:48] [INFO    ] [main] [CALC] zone=Furnace-2 | ta=42.1 | rh=26.22 | tg=58.4 | tnwb=26.318 | wbgt=35.9426
[2026-07-29 04:04:48] [DEBUG   ] [main] [CALC] data_quality={'ta': 'sensor', 'rh': 'estimated', 'tg': 'sensor', 'tnwb': 'calculated', 'wbgt': 'calculated'}
[2026-07-29 04:04:48] [INFO    ] [main] [CLASSIFY] zone=Furnace-2 | wbgt=35.9426 | risk=DANGER | action=Halt heavy work, mandatory rest, evacuate
[2026-07-29 04:04:48] [WARNING ] [main] [DANGER ALERT] zone=Furnace-2 | wbgt=35.9426 | Halt heavy work, mandatory rest, evacuate
[2026-07-29 04:04:48] [INFO    ] [main] [DB] zone=Furnace-2 | db_id=146 | saved OK
[2026-07-29 04:04:48] [INFO    ] [main] [READING] zone=Annealing-Line | timestamp=2026-07-24T18:00:00
[2026-07-29 04:04:48] [DEBUG   ] [main] [READING] raw={"timestamp": "2026-07-24T18:00:00", "factory": "SAIL", "zone": "Annealing-Line", "temperature_unit": "celsius", "temperature": 31.1, "humidity": 0, "globe_temperature": 36.2, "wet_bulb_temperature": 
[2026-07-29 04:04:48] [DEBUG   ] [main] [VALIDATE] zone=Annealing-Line | condition=ALL_DATA | missing=[] | flags=[]
[2026-07-29 04:04:48] [DEBUG   ] [urllib3.connectionpool] Starting new HTTPS connection (1): api.openweathermap.org:443
[2026-07-29 04:04:49] [DEBUG   ] [urllib3.connectionpool] https://api.openweathermap.org:443 "GET /data/2.5/weather?lat=12.9716&lon=77.5946&appid=88f2329e130bf480c72cfc84306978a1&units=metric HTTP/1.1" 200 525
[2026-07-29 04:04:49] [INFO    ] [main] [CALC] zone=Annealing-Line | ta=31.1 | rh=47.95 | tg=36.2 | tnwb=22.868 | wbgt=26.8676
[2026-07-29 04:04:49] [DEBUG   ] [main] [CALC] data_quality={'ta': 'sensor', 'rh': 'estimated', 'tg': 'sensor', 'tnwb': 'calculated', 'wbgt': 'calculated'}
[2026-07-29 04:04:49] [INFO    ] [main] [CLASSIFY] zone=Annealing-Line | wbgt=26.8676 | risk=CAUTION | action=Increase water breaks
[2026-07-29 04:04:49] [INFO    ] [main] [DB] zone=Annealing-Line | db_id=147 | saved OK
[2026-07-29 04:04:49] [INFO    ] [main] [READING] zone=Rolling-Mill | timestamp=2026-07-24T19:00:00
[2026-07-29 04:04:49] [DEBUG   ] [main] [READING] raw={"timestamp": "2026-07-24T19:00:00", "factory": "SAIL", "zone": "Rolling-Mill", "temperature_unit": "celsius", "temperature": 29.3, "humidity": 44.0, "globe_temperature": 0, "wet_bulb_temperature": 0}
[2026-07-29 04:04:49] [DEBUG   ] [main] [VALIDATE] zone=Rolling-Mill | condition=None | missing=[] | flags=[]
[2026-07-29 04:04:49] [DEBUG   ] [main] [FAULT] zone=Rolling-Mill | timestamp=2026-07-24T19:00:00 | reason=SENSOR_FAULT: globe_temp_c=0.0 is less than air_temp_c=29.3.
[2026-07-29 04:04:49] [INFO    ] [main] [READING] zone=Furnace-2 | timestamp=2026-07-24T20:00:00
[2026-07-29 04:04:49] [DEBUG   ] [main] [READING] raw={"timestamp": "2026-07-24T20:00:00", "factory": "JSW Steel", "zone": "Furnace-2", "temperature_unit": "celsius", "temperature": 36.4, "humidity": 110.8, "globe_temperature": 52.7, "wet_bulb_temperatur
[2026-07-29 04:04:49] [DEBUG   ] [main] [VALIDATE] zone=Furnace-2 | condition=None | missing=[] | flags=[]
[2026-07-29 04:04:49] [DEBUG   ] [main] [FAULT] zone=Furnace-2 | timestamp=2026-07-24T20:00:00 | reason=SENSOR_FAULT: relative_humidity_pct=110.8 is out of valid range 0–100 %.
[2026-07-29 04:04:49] [INFO    ] [main] [READING] zone=Annealing-Line | timestamp=2026-07-24T21:00:00
[2026-07-29 04:04:49] [DEBUG   ] [main] [READING] raw={"timestamp": "2026-07-24T21:00:00", "factory": "JSW Steel", "zone": "Annealing-Line", "temperature_unit": "celsius", "temperature": 26.6, "humidity": 0, "globe_temperature": 32.5, "wet_bulb_temperatu
[2026-07-29 04:04:49] [DEBUG   ] [main] [VALIDATE] zone=Annealing-Line | condition=ALL_DATA | missing=[] | flags=[]
[2026-07-29 04:04:49] [DEBUG   ] [urllib3.connectionpool] Starting new HTTPS connection (1): api.openweathermap.org:443
[2026-07-29 04:04:49] [DEBUG   ] [urllib3.connectionpool] https://api.openweathermap.org:443 "GET /data/2.5/weather?lat=12.9716&lon=77.5946&appid=88f2329e130bf480c72cfc84306978a1&units=metric HTTP/1.1" 200 525
[2026-07-29 04:04:49] [INFO    ] [main] [CALC] zone=Annealing-Line | ta=26.6 | rh=62.25 | tg=32.5 | tnwb=19.8 | wbgt=23.61
[2026-07-29 04:04:49] [DEBUG   ] [main] [CALC] data_quality={'ta': 'sensor', 'rh': 'estimated', 'tg': 'sensor', 'tnwb': 'sensor', 'wbgt': 'calculated'}
[2026-07-29 04:04:49] [INFO    ] [main] [CLASSIFY] zone=Annealing-Line | wbgt=23.61 | risk=SAFE | action=Normal work, no restrictions
[2026-07-29 04:04:49] [INFO    ] [main] [DB] zone=Annealing-Line | db_id=148 | saved OK
[2026-07-29 04:04:49] [INFO    ] [main] [READING] zone=Continuous-Casting | timestamp=2026-07-24T22:00:00
[2026-07-29 04:04:49] [DEBUG   ] [main] [READING] raw={"timestamp": "2026-07-24T22:00:00", "factory": "SAIL", "zone": "Continuous-Casting", "temperature_unit": "celsius", "temperature": 30.7, "humidity": 60.4, "globe_temperature": 45.8, "wet_bulb_tempera
[2026-07-29 04:04:49] [DEBUG   ] [main] [VALIDATE] zone=Continuous-Casting | condition=ALL_DATA | missing=[] | flags=[]
[2026-07-29 04:04:49] [INFO    ] [main] [CALC] zone=Continuous-Casting | ta=30.7 | rh=60.4 | tg=45.8 | tnwb=24.7 | wbgt=31.03
[2026-07-29 04:04:49] [DEBUG   ] [main] [CALC] data_quality={'ta': 'sensor', 'rh': 'sensor', 'tg': 'sensor', 'tnwb': 'sensor', 'wbgt': 'calculated'}
[2026-07-29 04:04:49] [INFO    ] [main] [CLASSIFY] zone=Continuous-Casting | wbgt=31.03 | risk=WARNING | action=Enforce work/rest cycles (50 min work, 10 min rest)
[2026-07-29 04:04:49] [WARNING ] [main] [WARNING ALERT] zone=Continuous-Casting | wbgt=31.03 | Enforce work/rest cycles (50 min work, 10 min rest)
[2026-07-29 04:04:49] [INFO    ] [main] [DB] zone=Continuous-Casting | db_id=149 | saved OK
[2026-07-29 04:04:49] [INFO    ] [main] [READING] zone=Fabrication-Shop | timestamp=2026-07-24T23:00:00
[2026-07-29 04:04:49] [DEBUG   ] [main] [READING] raw={"timestamp": "2026-07-24T23:00:00", "factory": "JSPL", "zone": "Fabrication-Shop", "temperature_unit": "celsius", "temperature": 24.9, "humidity": 62.3, "globe_temperature": 28.4, "wet_bulb_temperatu
[2026-07-29 04:04:49] [DEBUG   ] [main] [VALIDATE] zone=Fabrication-Shop | condition=ALL_DATA | missing=[] | flags=[]
[2026-07-29 04:04:49] [INFO    ] [main] [CALC] zone=Fabrication-Shop | ta=24.9 | rh=62.3 | tg=28.4 | tnwb=19.8 | wbgt=22.38
[2026-07-29 04:04:49] [DEBUG   ] [main] [CALC] data_quality={'ta': 'sensor', 'rh': 'sensor', 'tg': 'sensor', 'tnwb': 'sensor', 'wbgt': 'calculated'}
[2026-07-29 04:04:49] [INFO    ] [main] [CLASSIFY] zone=Fabrication-Shop | wbgt=22.38 | risk=SAFE | action=Normal work, no restrictions
[2026-07-29 04:04:49] [INFO    ] [main] [DB] zone=Fabrication-Shop | db_id=150 | saved OK
[2026-07-29 04:04:49] [INFO    ] [main] [READING] zone=Ladle-Metallurgy | timestamp=2026-07-25T00:00:00
[2026-07-29 04:04:49] [DEBUG   ] [main] [READING] raw={"timestamp": "2026-07-25T00:00:00", "factory": "JSPL", "zone": "Ladle-Metallurgy", "temperature_unit": "celsius", "temperature": 28.8, "humidity": 60.1, "globe_temperature": 41.6, "wet_bulb_temperatu
[2026-07-29 04:04:49] [DEBUG   ] [main] [VALIDATE] zone=Ladle-Metallurgy | condition=ALL_DATA | missing=[] | flags=[]
[2026-07-29 04:04:49] [INFO    ] [main] [CALC] zone=Ladle-Metallurgy | ta=28.8 | rh=60.1 | tg=41.6 | tnwb=22.9 | wbgt=28.51
[2026-07-29 04:04:49] [DEBUG   ] [main] [CALC] data_quality={'ta': 'sensor', 'rh': 'sensor', 'tg': 'sensor', 'tnwb': 'sensor', 'wbgt': 'calculated'}
[2026-07-29 04:04:49] [INFO    ] [main] [CLASSIFY] zone=Ladle-Metallurgy | wbgt=28.51 | risk=CAUTION | action=Increase water breaks
[2026-07-29 04:04:49] [INFO    ] [main] [DB] zone=Ladle-Metallurgy | db_id=151 | saved OK
[2026-07-29 04:04:49] [INFO    ] [main] [READING] zone=Loading-Dock | timestamp=2026-07-25T01:00:00
[2026-07-29 04:04:49] [DEBUG   ] [main] [READING] raw={"timestamp": "2026-07-25T01:00:00", "factory": "Vedanta", "zone": "Loading-Dock", "temperature_unit": "celsius", "temperature": 23.2, "humidity": 0, "globe_temperature": 26.2, "wet_bulb_temperature":
[2026-07-29 04:04:49] [DEBUG   ] [main] [VALIDATE] zone=Loading-Dock | condition=ALL_DATA | missing=[] | flags=[]
[2026-07-29 04:04:49] [DEBUG   ] [urllib3.connectionpool] Starting new HTTPS connection (1): api.openweathermap.org:443
[2026-07-29 04:04:50] [DEBUG   ] [urllib3.connectionpool] https://api.openweathermap.org:443 "GET /data/2.5/weather?lat=12.9716&lon=77.5946&appid=88f2329e130bf480c72cfc84306978a1&units=metric HTTP/1.1" 200 525
[2026-07-29 04:04:50] [INFO    ] [main] [CALC] zone=Loading-Dock | ta=23.2 | rh=76.27 | tg=26.2 | tnwb=18.6 | wbgt=20.88
[2026-07-29 04:04:50] [DEBUG   ] [main] [CALC] data_quality={'ta': 'sensor', 'rh': 'estimated', 'tg': 'sensor', 'tnwb': 'sensor', 'wbgt': 'calculated'}
[2026-07-29 04:04:50] [INFO    ] [main] [CLASSIFY] zone=Loading-Dock | wbgt=20.88 | risk=SAFE | action=Normal work, no restrictions
[2026-07-29 04:04:50] [INFO    ] [main] [DB] zone=Loading-Dock | db_id=152 | saved OK
[2026-07-29 04:04:50] [INFO    ] [main] [READING] zone=EAF-Bay | timestamp=2026-07-25T02:00:00
[2026-07-29 04:04:50] [DEBUG   ] [main] [READING] raw={"timestamp": "2026-07-25T02:00:00", "factory": "JSW Steel", "zone": "EAF-Bay", "temperature_unit": "celsius", "temperature": 38.5, "humidity": 0, "globe_temperature": 0, "wet_bulb_temperature": 26.3}
[2026-07-29 04:04:50] [DEBUG   ] [main] [VALIDATE] zone=EAF-Bay | condition=None | missing=[] | flags=[]
[2026-07-29 04:04:50] [DEBUG   ] [main] [FAULT] zone=EAF-Bay | timestamp=2026-07-25T02:00:00 | reason=SENSOR_FAULT: globe_temp_c=0.0 is less than air_temp_c=38.5.
[2026-07-29 04:04:50] [INFO    ] [main] [READING] zone=Furnace-1 | timestamp=2026-07-25T03:00:00
[2026-07-29 04:04:50] [DEBUG   ] [main] [READING] raw={"timestamp": "2026-07-25T03:00:00", "factory": "Shree Metal Works", "zone": "Furnace-1", "temperature_unit": "celsius", "temperature": 36.3, "humidity": 43.1, "globe_temperature": 0, "wet_bulb_temper
[2026-07-29 04:04:50] [DEBUG   ] [main] [VALIDATE] zone=Furnace-1 | condition=None | missing=[] | flags=[]
[2026-07-29 04:04:50] [DEBUG   ] [main] [FAULT] zone=Furnace-1 | timestamp=2026-07-25T03:00:00 | reason=SENSOR_FAULT: globe_temp_c=0.0 is less than air_temp_c=36.3.
[2026-07-29 04:04:50] [INFO    ] [main] [READING] zone=Warehouse | timestamp=2026-07-25T04:00:00
[2026-07-29 04:04:50] [DEBUG   ] [main] [READING] raw={"timestamp": "2026-07-25T04:00:00", "factory": "Ganesh Alloys", "zone": "Warehouse", "temperature_unit": "celsius", "temperature": 19.6, "humidity": 62.0, "globe_temperature": 14.5, "wet_bulb_tempera
[2026-07-29 04:04:50] [DEBUG   ] [main] [VALIDATE] zone=Warehouse | condition=None | missing=[] | flags=[]
[2026-07-29 04:04:50] [DEBUG   ] [main] [FAULT] zone=Warehouse | timestamp=2026-07-25T04:00:00 | reason=SENSOR_FAULT: globe_temp_c=14.5 is less than air_temp_c=19.6.
[2026-07-29 04:04:50] [INFO    ] [main] [READING] zone=Continuous-Casting | timestamp=2026-07-25T05:00:00
[2026-07-29 04:04:50] [DEBUG   ] [main] [READING] raw={"timestamp": "2026-07-25T05:00:00", "factory": "SAIL", "zone": "Continuous-Casting", "temperature_unit": "celsius", "temperature": 29.2, "humidity": 54.1, "globe_temperature": 40.9, "wet_bulb_tempera
[2026-07-29 04:04:50] [DEBUG   ] [main] [VALIDATE] zone=Continuous-Casting | condition=ALL_DATA | missing=[] | flags=[]
[2026-07-29 04:04:50] [INFO    ] [main] [CALC] zone=Continuous-Casting | ta=29.2 | rh=54.1 | tg=40.9 | tnwb=22.3067 | wbgt=27.8847
[2026-07-29 04:04:50] [DEBUG   ] [main] [CALC] data_quality={'ta': 'sensor', 'rh': 'sensor', 'tg': 'sensor', 'tnwb': 'calculated', 'wbgt': 'calculated'}
[2026-07-29 04:04:50] [INFO    ] [main] [CLASSIFY] zone=Continuous-Casting | wbgt=27.8847 | risk=CAUTION | action=Increase water breaks
[2026-07-29 04:04:50] [INFO    ] [main] [DB] zone=Continuous-Casting | db_id=153 | saved OK
[2026-07-29 04:04:50] [INFO    ] [main] [READING] zone=Rolling-Mill | timestamp=2026-07-25T06:00:00
[2026-07-29 04:04:50] [DEBUG   ] [main] [READING] raw={"timestamp": "2026-07-25T06:00:00", "factory": "Ganesh Alloys", "zone": "Rolling-Mill", "temperature_unit": "celsius", "temperature": 29.0, "humidity": 55.1, "globe_temperature": 38.1, "wet_bulb_temp
[2026-07-29 04:04:50] [DEBUG   ] [main] [VALIDATE] zone=Rolling-Mill | condition=ALL_DATA | missing=[] | flags=[]
[2026-07-29 04:04:50] [INFO    ] [main] [CALC] zone=Rolling-Mill | ta=29.0 | rh=55.1 | tg=38.1 | tnwb=22.8 | wbgt=27.39
[2026-07-29 04:04:50] [DEBUG   ] [main] [CALC] data_quality={'ta': 'sensor', 'rh': 'sensor', 'tg': 'sensor', 'tnwb': 'sensor', 'wbgt': 'calculated'}
[2026-07-29 04:04:50] [INFO    ] [main] [CLASSIFY] zone=Rolling-Mill | wbgt=27.39 | risk=CAUTION | action=Increase water breaks
[2026-07-29 04:04:50] [INFO    ] [main] [DB] zone=Rolling-Mill | db_id=154 | saved OK
[2026-07-29 04:04:50] [INFO    ] [main] [READING] zone=Furnace-1 | timestamp=2026-07-25T07:00:00
[2026-07-29 04:04:50] [DEBUG   ] [main] [READING] raw={"timestamp": "2026-07-25T07:00:00", "factory": "JSW Steel", "zone": "Furnace-1", "temperature_unit": "celsius", "temperature": 39.7, "humidity": 43.2, "globe_temperature": 57.1, "wet_bulb_temperature
[2026-07-29 04:04:50] [DEBUG   ] [main] [VALIDATE] zone=Furnace-1 | condition=ALL_DATA | missing=[] | flags=[]
[2026-07-29 04:04:50] [INFO    ] [main] [CALC] zone=Furnace-1 | ta=39.7 | rh=43.2 | tg=57.1 | tnwb=28.8 | wbgt=37.29
[2026-07-29 04:04:50] [DEBUG   ] [main] [CALC] data_quality={'ta': 'sensor', 'rh': 'sensor', 'tg': 'sensor', 'tnwb': 'sensor', 'wbgt': 'calculated'}
[2026-07-29 04:04:50] [INFO    ] [main] [CLASSIFY] zone=Furnace-1 | wbgt=37.29 | risk=DANGER | action=Halt heavy work, mandatory rest, evacuate
[2026-07-29 04:04:50] [WARNING ] [main] [DANGER ALERT] zone=Furnace-1 | wbgt=37.29 | Halt heavy work, mandatory rest, evacuate
[2026-07-29 04:04:50] [INFO    ] [main] [DB] zone=Furnace-1 | db_id=155 | saved OK
[2026-07-29 04:04:50] [INFO    ] [main] [READING] zone=Loading-Dock | timestamp=2026-07-25T08:00:00
[2026-07-29 04:04:50] [DEBUG   ] [main] [READING] raw={"timestamp": "2026-07-25T08:00:00", "factory": "JSPL", "zone": "Loading-Dock", "temperature_unit": "celsius", "temperature": 27.1, "humidity": 71.2, "globe_temperature": 0, "wet_bulb_temperature": 22
[2026-07-29 04:04:50] [DEBUG   ] [main] [VALIDATE] zone=Loading-Dock | condition=None | missing=[] | flags=[]
[2026-07-29 04:04:50] [DEBUG   ] [main] [FAULT] zone=Loading-Dock | timestamp=2026-07-25T08:00:00 | reason=SENSOR_FAULT: globe_temp_c=0.0 is less than air_temp_c=27.1.
[2026-07-29 04:04:50] [INFO    ] [main] [READING] zone=Warehouse | timestamp=2026-07-25T09:00:00
[2026-07-29 04:04:50] [DEBUG   ] [main] [READING] raw={"timestamp": "2026-07-25T09:00:00", "factory": "Ganesh Alloys", "zone": "Warehouse", "temperature_unit": "celsius", "temperature": 27.1, "humidity": 60.4, "globe_temperature": 27.5, "wet_bulb_tempera
[2026-07-29 04:04:50] [DEBUG   ] [main] [VALIDATE] zone=Warehouse | condition=ALL_DATA | missing=[] | flags=[]
[2026-07-29 04:04:50] [INFO    ] [main] [CALC] zone=Warehouse | ta=27.1 | rh=60.4 | tg=27.5 | tnwb=21.4512 | wbgt=23.2658
[2026-07-29 04:04:50] [DEBUG   ] [main] [CALC] data_quality={'ta': 'sensor', 'rh': 'sensor', 'tg': 'sensor', 'tnwb': 'calculated', 'wbgt': 'calculated'}
[2026-07-29 04:04:50] [INFO    ] [main] [CLASSIFY] zone=Warehouse | wbgt=23.2658 | risk=SAFE | action=Normal work, no restrictions
[2026-07-29 04:04:50] [INFO    ] [main] [DB] zone=Warehouse | db_id=156 | saved OK
[2026-07-29 04:04:50] [INFO    ] [main] [READING] zone=Ladle-Metallurgy | timestamp=2026-07-25T10:00:00
[2026-07-29 04:04:50] [DEBUG   ] [main] [READING] raw={"timestamp": "2026-07-25T10:00:00", "factory": "Ganesh Alloys", "zone": "Ladle-Metallurgy", "temperature_unit": "celsius", "temperature": 34.2, "humidity": 33.8, "globe_temperature": 46.2, "wet_bulb_
[2026-07-29 04:04:50] [DEBUG   ] [main] [VALIDATE] zone=Ladle-Metallurgy | condition=ALL_DATA | missing=[] | flags=[]
[2026-07-29 04:04:50] [INFO    ] [main] [CALC] zone=Ladle-Metallurgy | ta=34.2 | rh=33.8 | tg=46.2 | tnwb=22.4 | wbgt=29.54
[2026-07-29 04:04:50] [DEBUG   ] [main] [CALC] data_quality={'ta': 'sensor', 'rh': 'sensor', 'tg': 'sensor', 'tnwb': 'sensor', 'wbgt': 'calculated'}
[2026-07-29 04:04:50] [INFO    ] [main] [CLASSIFY] zone=Ladle-Metallurgy | wbgt=29.54 | risk=WARNING | action=Enforce work/rest cycles (50 min work, 10 min rest)
[2026-07-29 04:04:50] [WARNING ] [main] [WARNING ALERT] zone=Ladle-Metallurgy | wbgt=29.54 | Enforce work/rest cycles (50 min work, 10 min rest)
[2026-07-29 04:04:50] [INFO    ] [main] [DB] zone=Ladle-Metallurgy | db_id=157 | saved OK
[2026-07-29 04:04:50] [INFO    ] [main] [READING] zone=Furnace-2 | timestamp=2026-07-25T11:00:00
[2026-07-29 04:04:50] [DEBUG   ] [main] [READING] raw={"timestamp": "2026-07-25T11:00:00", "factory": "SAIL", "zone": "Furnace-2", "temperature_unit": "celsius", "temperature": 41.3, "humidity": 32.9, "globe_temperature": 57.9, "wet_bulb_temperature": 28
[2026-07-29 04:04:50] [DEBUG   ] [main] [VALIDATE] zone=Furnace-2 | condition=ALL_DATA | missing=[] | flags=[]
[2026-07-29 04:04:50] [INFO    ] [main] [CALC] zone=Furnace-2 | ta=41.3 | rh=32.9 | tg=57.9 | tnwb=28.2 | wbgt=37.11
[2026-07-29 04:04:50] [DEBUG   ] [main] [CALC] data_quality={'ta': 'sensor', 'rh': 'sensor', 'tg': 'sensor', 'tnwb': 'sensor', 'wbgt': 'calculated'}
[2026-07-29 04:04:50] [INFO    ] [main] [CLASSIFY] zone=Furnace-2 | wbgt=37.11 | risk=DANGER | action=Halt heavy work, mandatory rest, evacuate
[2026-07-29 04:04:50] [WARNING ] [main] [DANGER ALERT] zone=Furnace-2 | wbgt=37.11 | Halt heavy work, mandatory rest, evacuate
[2026-07-29 04:04:50] [INFO    ] [main] [DB] zone=Furnace-2 | db_id=158 | saved OK
[2026-07-29 04:04:50] [INFO    ] [main] [READING] zone=EAF-Bay | timestamp=2026-07-25T12:00:00
[2026-07-29 04:04:50] [DEBUG   ] [main] [READING] raw={"timestamp": "2026-07-25T12:00:00", "factory": "SAIL", "zone": "EAF-Bay", "temperature_unit": "celsius", "temperature": 43.9, "humidity": 46.0, "globe_temperature": 0, "wet_bulb_temperature": 0}
[2026-07-29 04:04:50] [DEBUG   ] [main] [VALIDATE] zone=EAF-Bay | condition=None | missing=[] | flags=[]
[2026-07-29 04:04:50] [DEBUG   ] [main] [FAULT] zone=EAF-Bay | timestamp=2026-07-25T12:00:00 | reason=SENSOR_FAULT: globe_temp_c=0.0 is less than air_temp_c=43.9.
[2026-07-29 04:04:50] [INFO    ] [main] [READING] zone=Annealing-Line | timestamp=2026-07-25T13:00:00
[2026-07-29 04:04:50] [DEBUG   ] [main] [READING] raw={"timestamp": "2026-07-25T13:00:00", "factory": "Shree Metal Works", "zone": "Annealing-Line", "temperature_unit": "celsius", "temperature": 36.5, "humidity": 48.8, "globe_temperature": 41.3, "wet_bul
[2026-07-29 04:04:50] [DEBUG   ] [main] [VALIDATE] zone=Annealing-Line | condition=ALL_DATA | missing=[] | flags=[]
[2026-07-29 04:04:50] [INFO    ] [main] [CALC] zone=Annealing-Line | ta=36.5 | rh=48.8 | tg=41.3 | tnwb=27.5 | wbgt=31.64
[2026-07-29 04:04:50] [DEBUG   ] [main] [CALC] data_quality={'ta': 'sensor', 'rh': 'sensor', 'tg': 'sensor', 'tnwb': 'sensor', 'wbgt': 'calculated'}
[2026-07-29 04:04:50] [INFO    ] [main] [CLASSIFY] zone=Annealing-Line | wbgt=31.64 | risk=DANGER | action=Halt heavy work, mandatory rest, evacuate
[2026-07-29 04:04:50] [WARNING ] [main] [DANGER ALERT] zone=Annealing-Line | wbgt=31.64 | Halt heavy work, mandatory rest, evacuate
[2026-07-29 04:04:50] [INFO    ] [main] [DB] zone=Annealing-Line | db_id=159 | saved OK
[2026-07-29 04:04:50] [INFO    ] [main] [READING] zone=Fabrication-Shop | timestamp=2026-07-25T14:00:00
[2026-07-29 04:04:50] [DEBUG   ] [main] [READING] raw={"timestamp": "2026-07-25T14:00:00", "factory": "Vedanta", "zone": "Fabrication-Shop", "temperature_unit": "celsius", "temperature": 32.9, "humidity": 61.0, "globe_temperature": 34.9, "wet_bulb_temper
[2026-07-29 04:04:50] [DEBUG   ] [main] [VALIDATE] zone=Fabrication-Shop | condition=ALL_DATA | missing=[] | flags=[]
[2026-07-29 04:04:50] [INFO    ] [main] [CALC] zone=Fabrication-Shop | ta=32.9 | rh=61.0 | tg=34.9 | tnwb=26.5 | wbgt=29.02
[2026-07-29 04:04:50] [DEBUG   ] [main] [CALC] data_quality={'ta': 'sensor', 'rh': 'sensor', 'tg': 'sensor', 'tnwb': 'sensor', 'wbgt': 'calculated'}
[2026-07-29 04:04:50] [INFO    ] [main] [CLASSIFY] zone=Fabrication-Shop | wbgt=29.02 | risk=CAUTION | action=Increase water breaks
[2026-07-29 04:04:50] [INFO    ] [main] [DB] zone=Fabrication-Shop | db_id=160 | saved OK
[2026-07-29 04:04:50] [INFO    ] [main] [READING] zone=EAF-Bay | timestamp=2026-07-25T15:00:00
[2026-07-29 04:04:50] [DEBUG   ] [main] [READING] raw={"timestamp": "2026-07-25T15:00:00", "factory": "Ganesh Alloys", "zone": "EAF-Bay", "temperature_unit": "celsius", "temperature": 45.4, "humidity": 42.5, "globe_temperature": 64.9, "wet_bulb_temperatu
[2026-07-29 04:04:50] [DEBUG   ] [main] [VALIDATE] zone=EAF-Bay | condition=ALL_DATA | missing=[] | flags=[]
[2026-07-29 04:04:50] [INFO    ] [main] [CALC] zone=EAF-Bay | ta=45.4 | rh=42.5 | tg=64.9 | tnwb=33.6422 | wbgt=43.0195
[2026-07-29 04:04:50] [DEBUG   ] [main] [CALC] data_quality={'ta': 'sensor', 'rh': 'sensor', 'tg': 'sensor', 'tnwb': 'calculated', 'wbgt': 'calculated'}
[2026-07-29 04:04:50] [INFO    ] [main] [CLASSIFY] zone=EAF-Bay | wbgt=43.0195 | risk=DANGER | action=Halt heavy work, mandatory rest, evacuate
[2026-07-29 04:04:50] [WARNING ] [main] [DANGER ALERT] zone=EAF-Bay | wbgt=43.0195 | Halt heavy work, mandatory rest, evacuate
[2026-07-29 04:04:50] [INFO    ] [main] [DB] zone=EAF-Bay | db_id=161 | saved OK
[2026-07-29 04:04:50] [INFO    ] [main] [READING] zone=Furnace-2 | timestamp=2026-07-25T16:00:00
[2026-07-29 04:04:50] [DEBUG   ] [main] [READING] raw={"timestamp": "2026-07-25T16:00:00", "factory": "Tata Steel", "zone": "Furnace-2", "temperature_unit": "celsius", "temperature": 37.2, "humidity": 0, "globe_temperature": 0, "wet_bulb_temperature": 24
[2026-07-29 04:04:50] [DEBUG   ] [main] [VALIDATE] zone=Furnace-2 | condition=None | missing=[] | flags=[]
[2026-07-29 04:04:50] [DEBUG   ] [main] [FAULT] zone=Furnace-2 | timestamp=2026-07-25T16:00:00 | reason=SENSOR_FAULT: globe_temp_c=0.0 is less than air_temp_c=37.2.
[2026-07-29 04:04:50] [INFO    ] [main] [READING] zone=Rolling-Mill | timestamp=2026-07-25T17:00:00
[2026-07-29 04:04:50] [DEBUG   ] [main] [READING] raw={"timestamp": "2026-07-25T17:00:00", "factory": "Ganesh Alloys", "zone": "Rolling-Mill", "temperature_unit": "celsius", "temperature": 37.8, "humidity": 62.3, "globe_temperature": 44.8, "wet_bulb_temp
[2026-07-29 04:04:50] [DEBUG   ] [main] [VALIDATE] zone=Rolling-Mill | condition=ALL_DATA | missing=[] | flags=[]
[2026-07-29 04:04:50] [INFO    ] [main] [CALC] zone=Rolling-Mill | ta=37.8 | rh=62.3 | tg=44.8 | tnwb=31.7 | wbgt=35.63
[2026-07-29 04:04:50] [DEBUG   ] [main] [CALC] data_quality={'ta': 'sensor', 'rh': 'sensor', 'tg': 'sensor', 'tnwb': 'sensor', 'wbgt': 'calculated'}
[2026-07-29 04:04:50] [INFO    ] [main] [CLASSIFY] zone=Rolling-Mill | wbgt=35.63 | risk=DANGER | action=Halt heavy work, mandatory rest, evacuate
[2026-07-29 04:04:50] [WARNING ] [main] [DANGER ALERT] zone=Rolling-Mill | wbgt=35.63 | Halt heavy work, mandatory rest, evacuate
[2026-07-29 04:04:50] [INFO    ] [main] [DB] zone=Rolling-Mill | db_id=162 | saved OK
[2026-07-29 04:04:50] [INFO    ] [main] [READING] zone=Furnace-1 | timestamp=2026-07-25T18:00:00
[2026-07-29 04:04:50] [DEBUG   ] [main] [READING] raw={"timestamp": "2026-07-25T18:00:00", "factory": "Shree Metal Works", "zone": "Furnace-1", "temperature_unit": "celsius", "temperature": 43.0, "humidity": 48.4, "globe_temperature": 61.0, "wet_bulb_tem
[2026-07-29 04:04:50] [DEBUG   ] [main] [VALIDATE] zone=Furnace-1 | condition=ALL_DATA | missing=[] | flags=[]
[2026-07-29 04:04:50] [INFO    ] [main] [CALC] zone=Furnace-1 | ta=43.0 | rh=48.4 | tg=61.0 | tnwb=33.1 | wbgt=41.47
[2026-07-29 04:04:50] [DEBUG   ] [main] [CALC] data_quality={'ta': 'sensor', 'rh': 'sensor', 'tg': 'sensor', 'tnwb': 'sensor', 'wbgt': 'calculated'}
[2026-07-29 04:04:50] [INFO    ] [main] [CLASSIFY] zone=Furnace-1 | wbgt=41.47 | risk=DANGER | action=Halt heavy work, mandatory rest, evacuate
[2026-07-29 04:04:50] [WARNING ] [main] [DANGER ALERT] zone=Furnace-1 | wbgt=41.47 | Halt heavy work, mandatory rest, evacuate
[2026-07-29 04:04:50] [INFO    ] [main] [DB] zone=Furnace-1 | db_id=163 | saved OK
[2026-07-29 04:04:50] [INFO    ] [main] [READING] zone=Warehouse | timestamp=2026-07-25T19:00:00
[2026-07-29 04:04:50] [DEBUG   ] [main] [READING] raw={"timestamp": "2026-07-25T19:00:00", "factory": "Shree Metal Works", "zone": "Warehouse", "temperature_unit": "celsius", "temperature": 27.4, "humidity": 0, "globe_temperature": 0, "wet_bulb_temperatu
[2026-07-29 04:04:50] [DEBUG   ] [main] [VALIDATE] zone=Warehouse | condition=None | missing=[] | flags=[]
[2026-07-29 04:04:50] [DEBUG   ] [main] [FAULT] zone=Warehouse | timestamp=2026-07-25T19:00:00 | reason=SENSOR_FAULT: globe_temp_c=0.0 is less than air_temp_c=27.4.
[2026-07-29 04:04:50] [INFO    ] [main] [READING] zone=Ladle-Metallurgy | timestamp=2026-07-25T20:00:00
[2026-07-29 04:04:50] [DEBUG   ] [main] [READING] raw={"timestamp": "2026-07-25T20:00:00", "factory": "Shree Metal Works", "zone": "Ladle-Metallurgy", "temperature_unit": "celsius", "temperature": 33.0, "humidity": 42.0, "globe_temperature": 46.8, "wet_b
[2026-07-29 04:04:50] [DEBUG   ] [main] [VALIDATE] zone=Ladle-Metallurgy | condition=ALL_DATA | missing=[] | flags=[]
[2026-07-29 04:04:50] [INFO    ] [main] [CALC] zone=Ladle-Metallurgy | ta=33.0 | rh=42.0 | tg=46.8 | tnwb=23.1 | wbgt=30.21
[2026-07-29 04:04:50] [DEBUG   ] [main] [CALC] data_quality={'ta': 'sensor', 'rh': 'sensor', 'tg': 'sensor', 'tnwb': 'sensor', 'wbgt': 'calculated'}
[2026-07-29 04:04:50] [INFO    ] [main] [CLASSIFY] zone=Ladle-Metallurgy | wbgt=30.21 | risk=WARNING | action=Enforce work/rest cycles (50 min work, 10 min rest)
[2026-07-29 04:04:50] [WARNING ] [main] [WARNING ALERT] zone=Ladle-Metallurgy | wbgt=30.21 | Enforce work/rest cycles (50 min work, 10 min rest)
[2026-07-29 04:04:50] [INFO    ] [main] [DB] zone=Ladle-Metallurgy | db_id=164 | saved OK
[2026-07-29 04:04:50] [INFO    ] [main] [READING] zone=Fabrication-Shop | timestamp=2026-07-25T21:00:00
[2026-07-29 04:04:50] [DEBUG   ] [main] [READING] raw={"timestamp": "2026-07-25T21:00:00", "factory": "JSW Steel", "zone": "Fabrication-Shop", "temperature_unit": "celsius", "temperature": 24.1, "humidity": 57.4, "globe_temperature": 0, "wet_bulb_tempera
[2026-07-29 04:04:50] [DEBUG   ] [main] [VALIDATE] zone=Fabrication-Shop | condition=None | missing=[] | flags=[]
[2026-07-29 04:04:50] [DEBUG   ] [main] [FAULT] zone=Fabrication-Shop | timestamp=2026-07-25T21:00:00 | reason=SENSOR_FAULT: globe_temp_c=0.0 is less than air_temp_c=24.1.
[2026-07-29 04:04:50] [INFO    ] [main] [READING] zone=Annealing-Line | timestamp=2026-07-25T22:00:00
[2026-07-29 04:04:50] [DEBUG   ] [main] [READING] raw={"timestamp": "2026-07-25T22:00:00", "factory": "Shree Metal Works", "zone": "Annealing-Line", "temperature_unit": "celsius", "temperature": 24.3, "humidity": 0, "globe_temperature": 0, "wet_bulb_temp
[2026-07-29 04:04:50] [DEBUG   ] [main] [VALIDATE] zone=Annealing-Line | condition=None | missing=[] | flags=[]
[2026-07-29 04:04:50] [DEBUG   ] [main] [FAULT] zone=Annealing-Line | timestamp=2026-07-25T22:00:00 | reason=SENSOR_FAULT: globe_temp_c=0.0 is less than air_temp_c=24.3.
[2026-07-29 04:04:50] [INFO    ] [main] [READING] zone=Loading-Dock | timestamp=2026-07-25T23:00:00
[2026-07-29 04:04:50] [DEBUG   ] [main] [READING] raw={"timestamp": "2026-07-25T23:00:00", "factory": "Vedanta", "zone": "Loading-Dock", "temperature_unit": "celsius", "temperature": 31.7, "humidity": 50.1, "globe_temperature": 35.3, "wet_bulb_temperatur
[2026-07-29 04:04:50] [DEBUG   ] [main] [VALIDATE] zone=Loading-Dock | condition=ALL_DATA | missing=[] | flags=[]
[2026-07-29 04:04:50] [INFO    ] [main] [CALC] zone=Loading-Dock | ta=31.7 | rh=50.1 | tg=35.3 | tnwb=23.4 | wbgt=26.97
[2026-07-29 04:04:50] [DEBUG   ] [main] [CALC] data_quality={'ta': 'sensor', 'rh': 'sensor', 'tg': 'sensor', 'tnwb': 'sensor', 'wbgt': 'calculated'}
[2026-07-29 04:04:50] [INFO    ] [main] [CLASSIFY] zone=Loading-Dock | wbgt=26.97 | risk=CAUTION | action=Increase water breaks
[2026-07-29 04:04:50] [INFO    ] [main] [DB] zone=Loading-Dock | db_id=165 | saved OK
[2026-07-29 04:04:50] [INFO    ] [main] [READING] zone=Continuous-Casting | timestamp=2026-07-26T00:00:00
[2026-07-29 04:04:50] [DEBUG   ] [main] [READING] raw={"timestamp": "2026-07-26T00:00:00", "factory": "JSW Steel", "zone": "Continuous-Casting", "temperature_unit": "celsius", "temperature": 31.2, "humidity": 55.3, "globe_temperature": 45.6, "wet_bulb_te
[2026-07-29 04:04:50] [DEBUG   ] [main] [VALIDATE] zone=Continuous-Casting | condition=ALL_DATA | missing=[] | flags=[]
[2026-07-29 04:04:50] [INFO    ] [main] [CALC] zone=Continuous-Casting | ta=31.2 | rh=55.3 | tg=45.6 | tnwb=24.4 | wbgt=30.76
[2026-07-29 04:04:50] [DEBUG   ] [main] [CALC] data_quality={'ta': 'sensor', 'rh': 'sensor', 'tg': 'sensor', 'tnwb': 'sensor', 'wbgt': 'calculated'}
[2026-07-29 04:04:50] [INFO    ] [main] [CLASSIFY] zone=Continuous-Casting | wbgt=30.76 | risk=WARNING | action=Enforce work/rest cycles (50 min work, 10 min rest)
[2026-07-29 04:04:50] [WARNING ] [main] [WARNING ALERT] zone=Continuous-Casting | wbgt=30.76 | Enforce work/rest cycles (50 min work, 10 min rest)
[2026-07-29 04:04:50] [INFO    ] [main] [DB] zone=Continuous-Casting | db_id=166 | saved OK
[2026-07-29 04:04:50] [INFO    ] [main] [READING] zone=Fabrication-Shop | timestamp=2026-07-26T01:00:00
[2026-07-29 04:04:50] [DEBUG   ] [main] [READING] raw={"timestamp": "2026-07-26T01:00:00", "factory": "Tata Steel", "zone": "Fabrication-Shop", "temperature_unit": "celsius", "temperature": 24.7, "humidity": 0, "globe_temperature": 25.7, "wet_bulb_temper
[2026-07-29 04:04:50] [DEBUG   ] [main] [VALIDATE] zone=Fabrication-Shop | condition=ALL_DATA | missing=[] | flags=[]
[2026-07-29 04:04:50] [DEBUG   ] [urllib3.connectionpool] Starting new HTTPS connection (1): api.openweathermap.org:443
[2026-07-29 04:04:50] [DEBUG   ] [urllib3.connectionpool] https://api.openweathermap.org:443 "GET /data/2.5/weather?lat=12.9716&lon=77.5946&appid=88f2329e130bf480c72cfc84306978a1&units=metric HTTP/1.1" 200 525
[2026-07-29 04:04:50] [INFO    ] [main] [CALC] zone=Fabrication-Shop | ta=24.7 | rh=69.69 | tg=25.7 | tnwb=18.3 | wbgt=20.52
[2026-07-29 04:04:50] [DEBUG   ] [main] [CALC] data_quality={'ta': 'sensor', 'rh': 'estimated', 'tg': 'sensor', 'tnwb': 'sensor', 'wbgt': 'calculated'}
[2026-07-29 04:04:50] [INFO    ] [main] [CLASSIFY] zone=Fabrication-Shop | wbgt=20.52 | risk=SAFE | action=Normal work, no restrictions
[2026-07-29 04:04:50] [INFO    ] [main] [DB] zone=Fabrication-Shop | db_id=167 | saved OK
[2026-07-29 04:04:50] [INFO    ] [main] [READING] zone=Warehouse | timestamp=2026-07-26T02:00:00
[2026-07-29 04:04:50] [DEBUG   ] [main] [READING] raw={"timestamp": "2026-07-26T02:00:00", "factory": "Tata Steel", "zone": "Warehouse", "temperature_unit": "celsius", "temperature": 19.1, "humidity": 47.0, "globe_temperature": 20.3, "wet_bulb_temperatur
[2026-07-29 04:04:50] [DEBUG   ] [main] [VALIDATE] zone=Warehouse | condition=ALL_DATA | missing=[] | flags=[]
[2026-07-29 04:04:50] [INFO    ] [main] [CALC] zone=Warehouse | ta=19.1 | rh=47.0 | tg=20.3 | tnwb=12.6 | wbgt=14.91
[2026-07-29 04:04:50] [DEBUG   ] [main] [CALC] data_quality={'ta': 'sensor', 'rh': 'sensor', 'tg': 'sensor', 'tnwb': 'sensor', 'wbgt': 'calculated'}
[2026-07-29 04:04:50] [INFO    ] [main] [CLASSIFY] zone=Warehouse | wbgt=14.91 | risk=SAFE | action=Normal work, no restrictions
[2026-07-29 04:04:50] [INFO    ] [main] [DB] zone=Warehouse | db_id=168 | saved OK
[2026-07-29 04:04:50] [INFO    ] [main] [READING] zone=Furnace-1 | timestamp=2026-07-26T03:00:00
[2026-07-29 04:04:50] [DEBUG   ] [main] [READING] raw={"timestamp": "2026-07-26T03:00:00", "factory": "Tata Steel", "zone": "Furnace-1", "temperature_unit": "celsius", "temperature": 36.3, "humidity": 53.5, "globe_temperature": 54.5, "wet_bulb_temperatur
[2026-07-29 04:04:50] [DEBUG   ] [main] [VALIDATE] zone=Furnace-1 | condition=ALL_DATA | missing=[] | flags=[]
[2026-07-29 04:04:50] [INFO    ] [main] [CALC] zone=Furnace-1 | ta=36.3 | rh=53.5 | tg=54.5 | tnwb=28.0 | wbgt=35.95
[2026-07-29 04:04:50] [DEBUG   ] [main] [CALC] data_quality={'ta': 'sensor', 'rh': 'sensor', 'tg': 'sensor', 'tnwb': 'sensor', 'wbgt': 'calculated'}
[2026-07-29 04:04:50] [INFO    ] [main] [CLASSIFY] zone=Furnace-1 | wbgt=35.95 | risk=DANGER | action=Halt heavy work, mandatory rest, evacuate
[2026-07-29 04:04:50] [WARNING ] [main] [DANGER ALERT] zone=Furnace-1 | wbgt=35.95 | Halt heavy work, mandatory rest, evacuate
[2026-07-29 04:04:50] [INFO    ] [main] [DB] zone=Furnace-1 | db_id=169 | saved OK
[2026-07-29 04:04:50] [INFO    ] [main] [READING] zone=EAF-Bay | timestamp=2026-07-26T04:00:00
[2026-07-29 04:04:50] [DEBUG   ] [main] [READING] raw={"timestamp": "2026-07-26T04:00:00", "factory": "SAIL", "zone": "EAF-Bay", "temperature_unit": "celsius", "temperature": 33.7, "humidity": 41.7, "globe_temperature": 51.0, "wet_bulb_temperature": 0}
[2026-07-29 04:04:50] [DEBUG   ] [main] [VALIDATE] zone=EAF-Bay | condition=ALL_DATA | missing=[] | flags=[]
[2026-07-29 04:04:50] [INFO    ] [main] [CALC] zone=EAF-Bay | ta=33.7 | rh=41.7 | tg=51.0 | tnwb=23.8168 | wbgt=31.9718
[2026-07-29 04:04:50] [DEBUG   ] [main] [CALC] data_quality={'ta': 'sensor', 'rh': 'sensor', 'tg': 'sensor', 'tnwb': 'calculated', 'wbgt': 'calculated'}
[2026-07-29 04:04:50] [INFO    ] [main] [CLASSIFY] zone=EAF-Bay | wbgt=31.9718 | risk=DANGER | action=Halt heavy work, mandatory rest, evacuate
[2026-07-29 04:04:50] [WARNING ] [main] [DANGER ALERT] zone=EAF-Bay | wbgt=31.9718 | Halt heavy work, mandatory rest, evacuate
[2026-07-29 04:04:50] [INFO    ] [main] [DB] zone=EAF-Bay | db_id=170 | saved OK
[2026-07-29 04:04:50] [INFO    ] [main] [READING] zone=Furnace-2 | timestamp=2026-07-26T05:00:00
[2026-07-29 04:04:50] [DEBUG   ] [main] [READING] raw={"timestamp": "2026-07-26T05:00:00", "factory": "Vedanta", "zone": "Furnace-2", "temperature_unit": "celsius", "temperature": 35.3, "humidity": 38.7, "globe_temperature": 52.0, "wet_bulb_temperature":
[2026-07-29 04:04:50] [DEBUG   ] [main] [VALIDATE] zone=Furnace-2 | condition=ALL_DATA | missing=[] | flags=[]
[2026-07-29 04:04:50] [INFO    ] [main] [CALC] zone=Furnace-2 | ta=35.3 | rh=38.7 | tg=52.0 | tnwb=24.467 | wbgt=32.7269
[2026-07-29 04:04:50] [DEBUG   ] [main] [CALC] data_quality={'ta': 'sensor', 'rh': 'sensor', 'tg': 'sensor', 'tnwb': 'calculated', 'wbgt': 'calculated'}
[2026-07-29 04:04:50] [INFO    ] [main] [CLASSIFY] zone=Furnace-2 | wbgt=32.7269 | risk=DANGER | action=Halt heavy work, mandatory rest, evacuate
[2026-07-29 04:04:50] [WARNING ] [main] [DANGER ALERT] zone=Furnace-2 | wbgt=32.7269 | Halt heavy work, mandatory rest, evacuate
[2026-07-29 04:04:50] [INFO    ] [main] [DB] zone=Furnace-2 | db_id=171 | saved OK
[2026-07-29 04:04:50] [INFO    ] [main] [READING] zone=Ladle-Metallurgy | timestamp=2026-07-26T06:00:00
[2026-07-29 04:04:50] [DEBUG   ] [main] [READING] raw={"timestamp": "2026-07-26T06:00:00", "factory": "Shree Metal Works", "zone": "Ladle-Metallurgy", "temperature_unit": "celsius", "temperature": 34.8, "humidity": 48.2, "globe_temperature": 49.7, "wet_b
[2026-07-29 04:04:50] [DEBUG   ] [main] [VALIDATE] zone=Ladle-Metallurgy | condition=ALL_DATA | missing=[] | flags=[]
[2026-07-29 04:04:50] [INFO    ] [main] [CALC] zone=Ladle-Metallurgy | ta=34.8 | rh=48.2 | tg=49.7 | tnwb=25.9 | wbgt=33.04
[2026-07-29 04:04:50] [DEBUG   ] [main] [CALC] data_quality={'ta': 'sensor', 'rh': 'sensor', 'tg': 'sensor', 'tnwb': 'sensor', 'wbgt': 'calculated'}
[2026-07-29 04:04:50] [INFO    ] [main] [CLASSIFY] zone=Ladle-Metallurgy | wbgt=33.04 | risk=DANGER | action=Halt heavy work, mandatory rest, evacuate
[2026-07-29 04:04:50] [WARNING ] [main] [DANGER ALERT] zone=Ladle-Metallurgy | wbgt=33.04 | Halt heavy work, mandatory rest, evacuate
[2026-07-29 04:04:50] [INFO    ] [main] [DB] zone=Ladle-Metallurgy | db_id=172 | saved OK
[2026-07-29 04:04:50] [INFO    ] [main] [READING] zone=Annealing-Line | timestamp=2026-07-26T07:00:00
[2026-07-29 04:04:50] [DEBUG   ] [main] [READING] raw={"timestamp": "2026-07-26T07:00:00", "factory": "JSPL", "zone": "Annealing-Line", "temperature_unit": "celsius", "temperature": 26.4, "humidity": 0, "globe_temperature": 28.9, "wet_bulb_temperature": 
[2026-07-29 04:04:50] [DEBUG   ] [main] [VALIDATE] zone=Annealing-Line | condition=ALL_DATA | missing=[] | flags=[]
[2026-07-29 04:04:50] [DEBUG   ] [urllib3.connectionpool] Starting new HTTPS connection (1): api.openweathermap.org:443
[2026-07-29 04:04:51] [DEBUG   ] [urllib3.connectionpool] https://api.openweathermap.org:443 "GET /data/2.5/weather?lat=12.9716&lon=77.5946&appid=88f2329e130bf480c72cfc84306978a1&units=metric HTTP/1.1" 200 525
[2026-07-29 04:04:51] [INFO    ] [main] [CALC] zone=Annealing-Line | ta=26.4 | rh=62.99 | tg=28.9 | tnwb=21.2103 | wbgt=23.5172
[2026-07-29 04:04:51] [DEBUG   ] [main] [CALC] data_quality={'ta': 'sensor', 'rh': 'estimated', 'tg': 'sensor', 'tnwb': 'calculated', 'wbgt': 'calculated'}
[2026-07-29 04:04:51] [INFO    ] [main] [CLASSIFY] zone=Annealing-Line | wbgt=23.5172 | risk=SAFE | action=Normal work, no restrictions
[2026-07-29 04:04:51] [INFO    ] [main] [DB] zone=Annealing-Line | db_id=173 | saved OK
[2026-07-29 04:04:51] [INFO    ] [main] [READING] zone=Continuous-Casting | timestamp=2026-07-26T08:00:00
[2026-07-29 04:04:51] [DEBUG   ] [main] [READING] raw={"timestamp": "2026-07-26T08:00:00", "factory": "Vedanta", "zone": "Continuous-Casting", "temperature_unit": "celsius", "temperature": 35.9, "humidity": 47.5, "globe_temperature": 50.4, "wet_bulb_temp
[2026-07-29 04:04:51] [DEBUG   ] [main] [VALIDATE] zone=Continuous-Casting | condition=ALL_DATA | missing=[] | flags=[]
[2026-07-29 04:04:51] [INFO    ] [main] [CALC] zone=Continuous-Casting | ta=35.9 | rh=47.5 | tg=50.4 | tnwb=27.2 | wbgt=34.16
[2026-07-29 04:04:51] [DEBUG   ] [main] [CALC] data_quality={'ta': 'sensor', 'rh': 'sensor', 'tg': 'sensor', 'tnwb': 'sensor', 'wbgt': 'calculated'}
[2026-07-29 04:04:51] [INFO    ] [main] [CLASSIFY] zone=Continuous-Casting | wbgt=34.16 | risk=DANGER | action=Halt heavy work, mandatory rest, evacuate
[2026-07-29 04:04:51] [WARNING ] [main] [DANGER ALERT] zone=Continuous-Casting | wbgt=34.16 | Halt heavy work, mandatory rest, evacuate
[2026-07-29 04:04:51] [INFO    ] [main] [DB] zone=Continuous-Casting | db_id=174 | saved OK
[2026-07-29 04:04:51] [INFO    ] [main] [READING] zone=Loading-Dock | timestamp=2026-07-26T09:00:00
[2026-07-29 04:04:51] [DEBUG   ] [main] [READING] raw={"timestamp": "2026-07-26T09:00:00", "factory": "JSPL", "zone": "Loading-Dock", "temperature_unit": "celsius", "temperature": 31.3, "humidity": 44.0, "globe_temperature": 31.9, "wet_bulb_temperature":
[2026-07-29 04:04:51] [DEBUG   ] [main] [VALIDATE] zone=Loading-Dock | condition=ALL_DATA | missing=[] | flags=[]
[2026-07-29 04:04:51] [INFO    ] [main] [CALC] zone=Loading-Dock | ta=31.3 | rh=44.0 | tg=31.9 | tnwb=22.6 | wbgt=25.39
[2026-07-29 04:04:51] [DEBUG   ] [main] [CALC] data_quality={'ta': 'sensor', 'rh': 'sensor', 'tg': 'sensor', 'tnwb': 'sensor', 'wbgt': 'calculated'}
[2026-07-29 04:04:51] [INFO    ] [main] [CLASSIFY] zone=Loading-Dock | wbgt=25.39 | risk=SAFE | action=Normal work, no restrictions
[2026-07-29 04:04:51] [INFO    ] [main] [DB] zone=Loading-Dock | db_id=175 | saved OK
[2026-07-29 04:04:51] [INFO    ] [main] [READING] zone=Rolling-Mill | timestamp=2026-07-26T10:00:00
[2026-07-29 04:04:51] [DEBUG   ] [main] [READING] raw={"timestamp": "2026-07-26T10:00:00", "factory": "JSW Steel", "zone": "Rolling-Mill", "temperature_unit": "celsius", "temperature": 31.7, "humidity": 44.6, "globe_temperature": 41.3, "wet_bulb_temperat
[2026-07-29 04:04:51] [DEBUG   ] [main] [VALIDATE] zone=Rolling-Mill | condition=ALL_DATA | missing=[] | flags=[]
[2026-07-29 04:04:51] [INFO    ] [main] [CALC] zone=Rolling-Mill | ta=31.7 | rh=44.6 | tg=41.3 | tnwb=22.7 | wbgt=28.28
[2026-07-29 04:04:51] [DEBUG   ] [main] [CALC] data_quality={'ta': 'sensor', 'rh': 'sensor', 'tg': 'sensor', 'tnwb': 'sensor', 'wbgt': 'calculated'}
[2026-07-29 04:04:51] [INFO    ] [main] [CLASSIFY] zone=Rolling-Mill | wbgt=28.28 | risk=CAUTION | action=Increase water breaks
[2026-07-29 04:04:51] [INFO    ] [main] [DB] zone=Rolling-Mill | db_id=176 | saved OK
[2026-07-29 04:04:51] [INFO    ] [main] [READING] zone=Fabrication-Shop | timestamp=2026-07-26T11:00:00
[2026-07-29 04:04:51] [DEBUG   ] [main] [READING] raw={"timestamp": "2026-07-26T11:00:00", "factory": "Shree Metal Works", "zone": "Fabrication-Shop", "temperature_unit": "celsius", "temperature": 31.2, "humidity": 0, "globe_temperature": 32.2, "wet_bulb
[2026-07-29 04:04:51] [DEBUG   ] [main] [VALIDATE] zone=Fabrication-Shop | condition=ALL_DATA | missing=[] | flags=[]
[2026-07-29 04:04:51] [DEBUG   ] [urllib3.connectionpool] Starting new HTTPS connection (1): api.openweathermap.org:443
[2026-07-29 04:04:51] [DEBUG   ] [urllib3.connectionpool] https://api.openweathermap.org:443 "GET /data/2.5/weather?lat=12.9716&lon=77.5946&appid=88f2329e130bf480c72cfc84306978a1&units=metric HTTP/1.1" 200 525
[2026-07-29 04:04:51] [INFO    ] [main] [CALC] zone=Fabrication-Shop | ta=31.2 | rh=47.68 | tg=32.2 | tnwb=22.9026 | wbgt=25.6918
[2026-07-29 04:04:51] [DEBUG   ] [main] [CALC] data_quality={'ta': 'sensor', 'rh': 'estimated', 'tg': 'sensor', 'tnwb': 'calculated', 'wbgt': 'calculated'}
[2026-07-29 04:04:51] [INFO    ] [main] [CLASSIFY] zone=Fabrication-Shop | wbgt=25.6918 | risk=SAFE | action=Normal work, no restrictions
[2026-07-29 04:04:51] [INFO    ] [main] [DB] zone=Fabrication-Shop | db_id=177 | saved OK
[2026-07-29 04:04:51] [INFO    ] [main] [READING] zone=Warehouse | timestamp=2026-07-26T12:00:00
[2026-07-29 04:04:51] [DEBUG   ] [main] [READING] raw={"timestamp": "2026-07-26T12:00:00", "factory": "JSW Steel", "zone": "Warehouse", "temperature_unit": "celsius", "temperature": 28.2, "humidity": 45.1, "globe_temperature": 29.8, "wet_bulb_temperature
[2026-07-29 04:04:51] [DEBUG   ] [main] [VALIDATE] zone=Warehouse | condition=ALL_DATA | missing=[] | flags=[]
[2026-07-29 04:04:51] [INFO    ] [main] [CALC] zone=Warehouse | ta=28.2 | rh=45.1 | tg=29.8 | tnwb=19.8 | wbgt=22.8
[2026-07-29 04:04:51] [DEBUG   ] [main] [CALC] data_quality={'ta': 'sensor', 'rh': 'sensor', 'tg': 'sensor', 'tnwb': 'sensor', 'wbgt': 'calculated'}
[2026-07-29 04:04:51] [INFO    ] [main] [CLASSIFY] zone=Warehouse | wbgt=22.8 | risk=SAFE | action=Normal work, no restrictions
[2026-07-29 04:04:51] [INFO    ] [main] [DB] zone=Warehouse | db_id=178 | saved OK
[2026-07-29 04:04:51] [INFO    ] [main] [READING] zone=Rolling-Mill | timestamp=2026-07-26T13:00:00
[2026-07-29 04:04:51] [DEBUG   ] [main] [READING] raw={"timestamp": "2026-07-26T13:00:00", "factory": "Vedanta", "zone": "Rolling-Mill", "temperature_unit": "celsius", "temperature": 32.9, "humidity": 0, "globe_temperature": 40.6, "wet_bulb_temperature":
[2026-07-29 04:04:51] [DEBUG   ] [main] [VALIDATE] zone=Rolling-Mill | condition=ALL_DATA | missing=[] | flags=[]
[2026-07-29 04:04:51] [DEBUG   ] [urllib3.connectionpool] Starting new HTTPS connection (1): api.openweathermap.org:443
[2026-07-29 04:04:52] [DEBUG   ] [urllib3.connectionpool] https://api.openweathermap.org:443 "GET /data/2.5/weather?lat=12.9716&lon=77.5946&appid=88f2329e130bf480c72cfc84306978a1&units=metric HTTP/1.1" 200 525
[2026-07-29 04:04:52] [INFO    ] [main] [CALC] zone=Rolling-Mill | ta=32.9 | rh=43.3 | tg=40.6 | tnwb=25.6 | wbgt=30.1
[2026-07-29 04:04:52] [DEBUG   ] [main] [CALC] data_quality={'ta': 'sensor', 'rh': 'estimated', 'tg': 'sensor', 'tnwb': 'sensor', 'wbgt': 'calculated'}
[2026-07-29 04:04:52] [INFO    ] [main] [CLASSIFY] zone=Rolling-Mill | wbgt=30.1 | risk=WARNING | action=Enforce work/rest cycles (50 min work, 10 min rest)
[2026-07-29 04:04:52] [WARNING ] [main] [WARNING ALERT] zone=Rolling-Mill | wbgt=30.1 | Enforce work/rest cycles (50 min work, 10 min rest)
[2026-07-29 04:04:52] [INFO    ] [main] [DB] zone=Rolling-Mill | db_id=179 | saved OK
[2026-07-29 04:04:52] [INFO    ] [main] [READING] zone=Furnace-2 | timestamp=2026-07-26T14:00:00
[2026-07-29 04:04:52] [DEBUG   ] [main] [READING] raw={"timestamp": "2026-07-26T14:00:00", "factory": "Tata Steel", "zone": "Furnace-2", "temperature_unit": "celsius", "temperature": 39.3, "humidity": 33.6, "globe_temperature": 53.9, "wet_bulb_temperatur
[2026-07-29 04:04:52] [DEBUG   ] [main] [VALIDATE] zone=Furnace-2 | condition=ALL_DATA | missing=[] | flags=[]
[2026-07-29 04:04:52] [INFO    ] [main] [CALC] zone=Furnace-2 | ta=39.3 | rh=33.6 | tg=53.9 | tnwb=26.1 | wbgt=34.44
[2026-07-29 04:04:52] [DEBUG   ] [main] [CALC] data_quality={'ta': 'sensor', 'rh': 'sensor', 'tg': 'sensor', 'tnwb': 'sensor', 'wbgt': 'calculated'}
[2026-07-29 04:04:52] [INFO    ] [main] [CLASSIFY] zone=Furnace-2 | wbgt=34.44 | risk=DANGER | action=Halt heavy work, mandatory rest, evacuate
[2026-07-29 04:04:52] [WARNING ] [main] [DANGER ALERT] zone=Furnace-2 | wbgt=34.44 | Halt heavy work, mandatory rest, evacuate
[2026-07-29 04:04:52] [INFO    ] [main] [DB] zone=Furnace-2 | db_id=180 | saved OK
[2026-07-29 04:04:52] [INFO    ] [main] [READING] zone=Loading-Dock | timestamp=2026-07-26T15:00:00
[2026-07-29 04:04:52] [DEBUG   ] [main] [READING] raw={"timestamp": "2026-07-26T15:00:00", "factory": "Shree Metal Works", "zone": "Loading-Dock", "temperature_unit": "celsius", "temperature": 29.7, "humidity": 46.8, "globe_temperature": 32.0, "wet_bulb_
[2026-07-29 04:04:52] [DEBUG   ] [main] [VALIDATE] zone=Loading-Dock | condition=ALL_DATA | missing=[] | flags=[]
[2026-07-29 04:04:52] [INFO    ] [main] [CALC] zone=Loading-Dock | ta=29.7 | rh=46.8 | tg=32.0 | tnwb=21.4 | wbgt=24.58
[2026-07-29 04:04:52] [DEBUG   ] [main] [CALC] data_quality={'ta': 'sensor', 'rh': 'sensor', 'tg': 'sensor', 'tnwb': 'sensor', 'wbgt': 'calculated'}
[2026-07-29 04:04:52] [INFO    ] [main] [CLASSIFY] zone=Loading-Dock | wbgt=24.58 | risk=SAFE | action=Normal work, no restrictions
[2026-07-29 04:04:52] [INFO    ] [main] [DB] zone=Loading-Dock | db_id=181 | saved OK
[2026-07-29 04:04:52] [INFO    ] [main] [READING] zone=Annealing-Line | timestamp=2026-07-26T16:00:00
[2026-07-29 04:04:52] [DEBUG   ] [main] [READING] raw={"timestamp": "2026-07-26T16:00:00", "factory": "JSPL", "zone": "Annealing-Line", "temperature_unit": "celsius", "temperature": 33.5, "humidity": 46.6, "globe_temperature": 36.2, "wet_bulb_temperature
[2026-07-29 04:04:52] [DEBUG   ] [main] [VALIDATE] zone=Annealing-Line | condition=ALL_DATA | missing=[] | flags=[]
[2026-07-29 04:04:52] [INFO    ] [main] [CALC] zone=Annealing-Line | ta=33.5 | rh=46.6 | tg=36.2 | tnwb=24.6456 | wbgt=28.1119
[2026-07-29 04:04:52] [DEBUG   ] [main] [CALC] data_quality={'ta': 'sensor', 'rh': 'sensor', 'tg': 'sensor', 'tnwb': 'calculated', 'wbgt': 'calculated'}
[2026-07-29 04:04:52] [INFO    ] [main] [CLASSIFY] zone=Annealing-Line | wbgt=28.1119 | risk=CAUTION | action=Increase water breaks
[2026-07-29 04:04:52] [INFO    ] [main] [DB] zone=Annealing-Line | db_id=182 | saved OK
[2026-07-29 04:04:52] [INFO    ] [main] [READING] zone=Ladle-Metallurgy | timestamp=2026-07-26T17:00:00
[2026-07-29 04:04:52] [DEBUG   ] [main] [READING] raw={"timestamp": "2026-07-26T17:00:00", "factory": "JSPL", "zone": "Ladle-Metallurgy", "temperature_unit": "celsius", "temperature": 36.4, "humidity": 48.6, "globe_temperature": 50.4, "wet_bulb_temperatu
[2026-07-29 04:04:52] [DEBUG   ] [main] [VALIDATE] zone=Ladle-Metallurgy | condition=ALL_DATA | missing=[] | flags=[]
[2026-07-29 04:04:52] [INFO    ] [main] [CALC] zone=Ladle-Metallurgy | ta=36.4 | rh=48.6 | tg=50.4 | tnwb=27.4 | wbgt=34.3
[2026-07-29 04:04:52] [DEBUG   ] [main] [CALC] data_quality={'ta': 'sensor', 'rh': 'sensor', 'tg': 'sensor', 'tnwb': 'sensor', 'wbgt': 'calculated'}
[2026-07-29 04:04:52] [INFO    ] [main] [CLASSIFY] zone=Ladle-Metallurgy | wbgt=34.3 | risk=DANGER | action=Halt heavy work, mandatory rest, evacuate
[2026-07-29 04:04:52] [WARNING ] [main] [DANGER ALERT] zone=Ladle-Metallurgy | wbgt=34.3 | Halt heavy work, mandatory rest, evacuate
[2026-07-29 04:04:52] [INFO    ] [main] [DB] zone=Ladle-Metallurgy | db_id=183 | saved OK
[2026-07-29 04:04:52] [INFO    ] [main] [READING] zone=Furnace-1 | timestamp=2026-07-26T18:00:00
[2026-07-29 04:04:52] [DEBUG   ] [main] [READING] raw={"timestamp": "2026-07-26T18:00:00", "factory": "Tata Steel", "zone": "Furnace-1", "temperature_unit": "celsius", "temperature": 68.5, "humidity": 35.6, "globe_temperature": 54.8, "wet_bulb_temperatur
[2026-07-29 04:04:52] [DEBUG   ] [main] [VALIDATE] zone=Furnace-1 | condition=None | missing=[] | flags=[]
[2026-07-29 04:04:52] [DEBUG   ] [main] [FAULT] zone=Furnace-1 | timestamp=2026-07-26T18:00:00 | reason=SENSOR_FAULT: globe_temp_c=54.8 is less than air_temp_c=68.5.
[2026-07-29 04:04:52] [INFO    ] [main] [READING] zone=EAF-Bay | timestamp=2026-07-26T19:00:00
[2026-07-29 04:04:52] [DEBUG   ] [main] [READING] raw={"timestamp": "2026-07-26T19:00:00", "factory": "JSPL", "zone": "EAF-Bay", "temperature_unit": "celsius", "temperature": 37.9, "humidity": 40.0, "globe_temperature": 0, "wet_bulb_temperature": 27.2}
[2026-07-29 04:04:52] [DEBUG   ] [main] [VALIDATE] zone=EAF-Bay | condition=None | missing=[] | flags=[]
[2026-07-29 04:04:52] [DEBUG   ] [main] [FAULT] zone=EAF-Bay | timestamp=2026-07-26T19:00:00 | reason=SENSOR_FAULT: globe_temp_c=0.0 is less than air_temp_c=37.9.
[2026-07-29 04:04:52] [INFO    ] [main] [READING] zone=Continuous-Casting | timestamp=2026-07-26T20:00:00
[2026-07-29 04:04:52] [DEBUG   ] [main] [READING] raw={"timestamp": "2026-07-26T20:00:00", "factory": "Ganesh Alloys", "zone": "Continuous-Casting", "temperature_unit": "celsius", "temperature": 30.8, "humidity": 0, "globe_temperature": 0, "wet_bulb_temp
[2026-07-29 04:04:52] [DEBUG   ] [main] [VALIDATE] zone=Continuous-Casting | condition=None | missing=[] | flags=[]
[2026-07-29 04:04:52] [DEBUG   ] [main] [FAULT] zone=Continuous-Casting | timestamp=2026-07-26T20:00:00 | reason=SENSOR_FAULT: globe_temp_c=0.0 is less than air_temp_c=30.8.
[2026-07-29 04:04:52] [INFO    ] [main] [READING] zone=Warehouse | timestamp=2026-07-26T21:00:00
[2026-07-29 04:04:52] [DEBUG   ] [main] [READING] raw={"timestamp": "2026-07-26T21:00:00", "factory": "SAIL", "zone": "Warehouse", "temperature_unit": "celsius", "temperature": 25.6, "humidity": 0, "globe_temperature": 26.6, "wet_bulb_temperature": 18.5}
[2026-07-29 04:04:52] [DEBUG   ] [main] [VALIDATE] zone=Warehouse | condition=ALL_DATA | missing=[] | flags=[]
[2026-07-29 04:04:52] [DEBUG   ] [urllib3.connectionpool] Starting new HTTPS connection (1): api.openweathermap.org:443
[2026-07-29 04:04:52] [DEBUG   ] [urllib3.connectionpool] https://api.openweathermap.org:443 "GET /data/2.5/weather?lat=12.9716&lon=77.5946&appid=88f2329e130bf480c72cfc84306978a1&units=metric HTTP/1.1" 200 525
[2026-07-29 04:04:52] [INFO    ] [main] [CALC] zone=Warehouse | ta=25.6 | rh=66.05 | tg=26.6 | tnwb=18.5 | wbgt=20.93
[2026-07-29 04:04:52] [DEBUG   ] [main] [CALC] data_quality={'ta': 'sensor', 'rh': 'estimated', 'tg': 'sensor', 'tnwb': 'sensor', 'wbgt': 'calculated'}
[2026-07-29 04:04:52] [INFO    ] [main] [CLASSIFY] zone=Warehouse | wbgt=20.93 | risk=SAFE | action=Normal work, no restrictions
[2026-07-29 04:04:52] [INFO    ] [main] [DB] zone=Warehouse | db_id=184 | saved OK
[2026-07-29 04:04:52] [INFO    ] [main] [READING] zone=Annealing-Line | timestamp=2026-07-26T22:00:00
[2026-07-29 04:04:52] [DEBUG   ] [main] [READING] raw={"timestamp": "2026-07-26T22:00:00", "factory": "SAIL", "zone": "Annealing-Line", "temperature_unit": "celsius", "temperature": 25.2, "humidity": 58.8, "globe_temperature": 28.2, "wet_bulb_temperature
[2026-07-29 04:04:52] [DEBUG   ] [main] [VALIDATE] zone=Annealing-Line | condition=ALL_DATA | missing=[] | flags=[]
[2026-07-29 04:04:52] [INFO    ] [main] [CALC] zone=Annealing-Line | ta=25.2 | rh=58.8 | tg=28.2 | tnwb=19.4 | wbgt=22.04
[2026-07-29 04:04:52] [DEBUG   ] [main] [CALC] data_quality={'ta': 'sensor', 'rh': 'sensor', 'tg': 'sensor', 'tnwb': 'sensor', 'wbgt': 'calculated'}
[2026-07-29 04:04:52] [INFO    ] [main] [CLASSIFY] zone=Annealing-Line | wbgt=22.04 | risk=SAFE | action=Normal work, no restrictions
[2026-07-29 04:04:52] [INFO    ] [main] [DB] zone=Annealing-Line | db_id=185 | saved OK
[2026-07-29 04:04:52] [INFO    ] [main] [READING] zone=Ladle-Metallurgy | timestamp=2026-07-26T23:00:00
[2026-07-29 04:04:52] [DEBUG   ] [main] [READING] raw={"timestamp": "2026-07-26T23:00:00", "factory": "Vedanta", "zone": "Ladle-Metallurgy", "temperature_unit": "celsius", "temperature": 32.2, "humidity": 47.6, "globe_temperature": 47.4, "wet_bulb_temper
[2026-07-29 04:04:52] [DEBUG   ] [main] [VALIDATE] zone=Ladle-Metallurgy | condition=ALL_DATA | missing=[] | flags=[]
[2026-07-29 04:04:52] [INFO    ] [main] [CALC] zone=Ladle-Metallurgy | ta=32.2 | rh=47.6 | tg=47.4 | tnwb=23.9 | wbgt=30.95
[2026-07-29 04:04:52] [DEBUG   ] [main] [CALC] data_quality={'ta': 'sensor', 'rh': 'sensor', 'tg': 'sensor', 'tnwb': 'sensor', 'wbgt': 'calculated'}
[2026-07-29 04:04:52] [INFO    ] [main] [CLASSIFY] zone=Ladle-Metallurgy | wbgt=30.95 | risk=WARNING | action=Enforce work/rest cycles (50 min work, 10 min rest)
[2026-07-29 04:04:52] [WARNING ] [main] [WARNING ALERT] zone=Ladle-Metallurgy | wbgt=30.95 | Enforce work/rest cycles (50 min work, 10 min rest)
[2026-07-29 04:04:52] [INFO    ] [main] [DB] zone=Ladle-Metallurgy | db_id=186 | saved OK
[2026-07-29 04:04:52] [INFO    ] [main] [READING] zone=Continuous-Casting | timestamp=2026-07-27T00:00:00
[2026-07-29 04:04:52] [DEBUG   ] [main] [READING] raw={"timestamp": "2026-07-27T00:00:00", "factory": "JSPL", "zone": "Continuous-Casting", "temperature_unit": "celsius", "temperature": 27.0, "humidity": 0, "globe_temperature": 42.3, "wet_bulb_temperatur
[2026-07-29 04:04:52] [DEBUG   ] [main] [VALIDATE] zone=Continuous-Casting | condition=ALL_DATA | missing=[] | flags=[]
[2026-07-29 04:04:52] [DEBUG   ] [urllib3.connectionpool] Starting new HTTPS connection (1): api.openweathermap.org:443
[2026-07-29 04:04:53] [DEBUG   ] [urllib3.connectionpool] https://api.openweathermap.org:443 "GET /data/2.5/weather?lat=12.9716&lon=77.5946&appid=88f2329e130bf480c72cfc84306978a1&units=metric HTTP/1.1" 200 525
[2026-07-29 04:04:53] [INFO    ] [main] [CALC] zone=Continuous-Casting | ta=27.0 | rh=60.8 | tg=42.3 | tnwb=20.5 | wbgt=27.04
[2026-07-29 04:04:53] [DEBUG   ] [main] [CALC] data_quality={'ta': 'sensor', 'rh': 'estimated', 'tg': 'sensor', 'tnwb': 'sensor', 'wbgt': 'calculated'}
[2026-07-29 04:04:53] [INFO    ] [main] [CLASSIFY] zone=Continuous-Casting | wbgt=27.04 | risk=CAUTION | action=Increase water breaks
[2026-07-29 04:04:53] [INFO    ] [main] [DB] zone=Continuous-Casting | db_id=187 | saved OK
[2026-07-29 04:04:53] [INFO    ] [main] [READING] zone=Rolling-Mill | timestamp=2026-07-27T01:00:00
[2026-07-29 04:04:53] [DEBUG   ] [main] [READING] raw={"timestamp": "2026-07-27T01:00:00", "factory": "JSPL", "zone": "Rolling-Mill", "temperature_unit": "celsius", "temperature": 25.8, "humidity": 46.2, "globe_temperature": 32.3, "wet_bulb_temperature":
[2026-07-29 04:04:53] [DEBUG   ] [main] [VALIDATE] zone=Rolling-Mill | condition=ALL_DATA | missing=[] | flags=[]
[2026-07-29 04:04:53] [INFO    ] [main] [CALC] zone=Rolling-Mill | ta=25.8 | rh=46.2 | tg=32.3 | tnwb=18.2 | wbgt=22.43
[2026-07-29 04:04:53] [DEBUG   ] [main] [CALC] data_quality={'ta': 'sensor', 'rh': 'sensor', 'tg': 'sensor', 'tnwb': 'sensor', 'wbgt': 'calculated'}
[2026-07-29 04:04:53] [INFO    ] [main] [CLASSIFY] zone=Rolling-Mill | wbgt=22.43 | risk=SAFE | action=Normal work, no restrictions
[2026-07-29 04:04:53] [INFO    ] [main] [DB] zone=Rolling-Mill | db_id=188 | saved OK
[2026-07-29 04:04:53] [INFO    ] [main] [READING] zone=Fabrication-Shop | timestamp=2026-07-27T02:00:00
[2026-07-29 04:04:53] [DEBUG   ] [main] [READING] raw={"timestamp": "2026-07-27T02:00:00", "factory": "Tata Steel", "zone": "Fabrication-Shop", "temperature_unit": "celsius", "temperature": 23.5, "humidity": 64.1, "globe_temperature": 25.6, "wet_bulb_tem
[2026-07-29 04:04:53] [DEBUG   ] [main] [VALIDATE] zone=Fabrication-Shop | condition=ALL_DATA | missing=[] | flags=[]
[2026-07-29 04:04:53] [INFO    ] [main] [CALC] zone=Fabrication-Shop | ta=23.5 | rh=64.1 | tg=25.6 | tnwb=18.6 | wbgt=20.7
[2026-07-29 04:04:53] [DEBUG   ] [main] [CALC] data_quality={'ta': 'sensor', 'rh': 'sensor', 'tg': 'sensor', 'tnwb': 'sensor', 'wbgt': 'calculated'}
[2026-07-29 04:04:53] [INFO    ] [main] [CLASSIFY] zone=Fabrication-Shop | wbgt=20.7 | risk=SAFE | action=Normal work, no restrictions
[2026-07-29 04:04:53] [INFO    ] [main] [DB] zone=Fabrication-Shop | db_id=189 | saved OK
[2026-07-29 04:04:53] [INFO    ] [main] [READING] zone=Furnace-1 | timestamp=2026-07-27T03:00:00
[2026-07-29 04:04:53] [DEBUG   ] [main] [READING] raw={"timestamp": "2026-07-27T03:00:00", "factory": "Tata Steel", "zone": "Furnace-1", "temperature_unit": "celsius", "temperature": 36.9, "humidity": 39.5, "globe_temperature": 52.3, "wet_bulb_temperatur
[2026-07-29 04:04:53] [DEBUG   ] [main] [VALIDATE] zone=Furnace-1 | condition=ALL_DATA | missing=[] | flags=[]
[2026-07-29 04:04:53] [INFO    ] [main] [CALC] zone=Furnace-1 | ta=36.9 | rh=39.5 | tg=52.3 | tnwb=25.9433 | wbgt=33.8503
[2026-07-29 04:04:53] [DEBUG   ] [main] [CALC] data_quality={'ta': 'sensor', 'rh': 'sensor', 'tg': 'sensor', 'tnwb': 'calculated', 'wbgt': 'calculated'}
[2026-07-29 04:04:53] [INFO    ] [main] [CLASSIFY] zone=Furnace-1 | wbgt=33.8503 | risk=DANGER | action=Halt heavy work, mandatory rest, evacuate
[2026-07-29 04:04:53] [WARNING ] [main] [DANGER ALERT] zone=Furnace-1 | wbgt=33.8503 | Halt heavy work, mandatory rest, evacuate
[2026-07-29 04:04:53] [INFO    ] [main] [DB] zone=Furnace-1 | db_id=190 | saved OK
[2026-07-29 04:04:53] [INFO    ] [main] [READING] zone=Loading-Dock | timestamp=2026-07-27T04:00:00
[2026-07-29 04:04:53] [DEBUG   ] [main] [READING] raw={"timestamp": "2026-07-27T04:00:00", "factory": "Ganesh Alloys", "zone": "Loading-Dock", "temperature_unit": "celsius", "temperature": 28.5, "humidity": 72.3, "globe_temperature": 30.0, "wet_bulb_temp
[2026-07-29 04:04:53] [DEBUG   ] [main] [VALIDATE] zone=Loading-Dock | condition=ALL_DATA | missing=[] | flags=[]
[2026-07-29 04:04:53] [INFO    ] [main] [CALC] zone=Loading-Dock | ta=28.5 | rh=72.3 | tg=30.0 | tnwb=24.5457 | wbgt=26.182
[2026-07-29 04:04:53] [DEBUG   ] [main] [CALC] data_quality={'ta': 'sensor', 'rh': 'sensor', 'tg': 'sensor', 'tnwb': 'calculated', 'wbgt': 'calculated'}
[2026-07-29 04:04:53] [INFO    ] [main] [CLASSIFY] zone=Loading-Dock | wbgt=26.182 | risk=SAFE | action=Normal work, no restrictions
[2026-07-29 04:04:53] [INFO    ] [main] [DB] zone=Loading-Dock | db_id=191 | saved OK
[2026-07-29 04:04:53] [INFO    ] [main] [READING] zone=EAF-Bay | timestamp=2026-07-27T05:00:00
[2026-07-29 04:04:53] [DEBUG   ] [main] [READING] raw={"timestamp": "2026-07-27T05:00:00", "factory": "Ganesh Alloys", "zone": "EAF-Bay", "temperature_unit": "celsius", "temperature": 50.0, "humidity": 47.9, "globe_temperature": 77.3, "wet_bulb_temperatu
[2026-07-29 04:04:53] [DEBUG   ] [main] [VALIDATE] zone=EAF-Bay | condition=ALL_DATA | missing=[] | flags=[]
[2026-07-29 04:04:53] [INFO    ] [main] [CALC] zone=EAF-Bay | ta=50.0 | rh=47.9 | tg=77.3 | tnwb=38.7 | wbgt=50.28
[2026-07-29 04:04:53] [DEBUG   ] [main] [CALC] data_quality={'ta': 'sensor', 'rh': 'sensor', 'tg': 'sensor', 'tnwb': 'sensor', 'wbgt': 'calculated'}
[2026-07-29 04:04:53] [INFO    ] [main] [CLASSIFY] zone=EAF-Bay | wbgt=50.28 | risk=DANGER | action=Halt heavy work, mandatory rest, evacuate
[2026-07-29 04:04:53] [WARNING ] [main] [DANGER ALERT] zone=EAF-Bay | wbgt=50.28 | Halt heavy work, mandatory rest, evacuate
[2026-07-29 04:04:53] [INFO    ] [main] [DB] zone=EAF-Bay | db_id=192 | saved OK
[2026-07-29 04:04:53] [INFO    ] [main] [READING] zone=Furnace-2 | timestamp=2026-07-27T06:00:00
[2026-07-29 04:04:53] [DEBUG   ] [main] [READING] raw={"timestamp": "2026-07-27T06:00:00", "factory": "Vedanta", "zone": "Furnace-2", "temperature_unit": "celsius", "temperature": 35.9, "humidity": 0, "globe_temperature": 51.4, "wet_bulb_temperature": 27
[2026-07-29 04:04:53] [DEBUG   ] [main] [VALIDATE] zone=Furnace-2 | condition=ALL_DATA | missing=[] | flags=[]
[2026-07-29 04:04:53] [DEBUG   ] [urllib3.connectionpool] Starting new HTTPS connection (1): api.openweathermap.org:443
[2026-07-29 04:04:53] [DEBUG   ] [urllib3.connectionpool] https://api.openweathermap.org:443 "GET /data/2.5/weather?lat=12.9716&lon=77.5946&appid=88f2329e130bf480c72cfc84306978a1&units=metric HTTP/1.1" 200 525
[2026-07-29 04:04:53] [INFO    ] [main] [CALC] zone=Furnace-2 | ta=35.9 | rh=36.63 | tg=51.4 | tnwb=27.5 | wbgt=34.67
[2026-07-29 04:04:53] [DEBUG   ] [main] [CALC] data_quality={'ta': 'sensor', 'rh': 'estimated', 'tg': 'sensor', 'tnwb': 'sensor', 'wbgt': 'calculated'}
[2026-07-29 04:04:53] [INFO    ] [main] [CLASSIFY] zone=Furnace-2 | wbgt=34.67 | risk=DANGER | action=Halt heavy work, mandatory rest, evacuate
[2026-07-29 04:04:53] [WARNING ] [main] [DANGER ALERT] zone=Furnace-2 | wbgt=34.67 | Halt heavy work, mandatory rest, evacuate
[2026-07-29 04:04:53] [INFO    ] [main] [DB] zone=Furnace-2 | db_id=193 | saved OK
[2026-07-29 04:04:53] [INFO    ] [main] [READING] zone=Annealing-Line | timestamp=2026-07-27T07:00:00
[2026-07-29 04:04:53] [DEBUG   ] [main] [READING] raw={"timestamp": "2026-07-27T07:00:00", "factory": "Shree Metal Works", "zone": "Annealing-Line", "temperature_unit": "celsius", "temperature": 30.6, "humidity": 0, "globe_temperature": 0, "wet_bulb_temp
[2026-07-29 04:04:53] [DEBUG   ] [main] [VALIDATE] zone=Annealing-Line | condition=None | missing=[] | flags=[]
[2026-07-29 04:04:53] [DEBUG   ] [main] [FAULT] zone=Annealing-Line | timestamp=2026-07-27T07:00:00 | reason=SENSOR_FAULT: globe_temp_c=0.0 is less than air_temp_c=30.6.
[2026-07-29 04:04:53] [INFO    ] [main] [READING] zone=Warehouse | timestamp=2026-07-27T08:00:00
[2026-07-29 04:04:53] [DEBUG   ] [main] [READING] raw={"timestamp": "2026-07-27T08:00:00", "factory": "JSPL", "zone": "Warehouse", "temperature_unit": "celsius", "temperature": 27.5, "humidity": 53.7, "globe_temperature": 28.0, "wet_bulb_temperature": 20
[2026-07-29 04:04:53] [DEBUG   ] [main] [VALIDATE] zone=Warehouse | condition=ALL_DATA | missing=[] | flags=[]
[2026-07-29 04:04:53] [INFO    ] [main] [CALC] zone=Warehouse | ta=27.5 | rh=53.7 | tg=28.0 | tnwb=20.5 | wbgt=22.75
[2026-07-29 04:04:53] [DEBUG   ] [main] [CALC] data_quality={'ta': 'sensor', 'rh': 'sensor', 'tg': 'sensor', 'tnwb': 'sensor', 'wbgt': 'calculated'}
[2026-07-29 04:04:53] [INFO    ] [main] [CLASSIFY] zone=Warehouse | wbgt=22.75 | risk=SAFE | action=Normal work, no restrictions
[2026-07-29 04:04:53] [INFO    ] [main] [DB] zone=Warehouse | db_id=194 | saved OK
[2026-07-29 04:04:53] [INFO    ] [main] [READING] zone=Fabrication-Shop | timestamp=2026-07-27T09:00:00
[2026-07-29 04:04:53] [DEBUG   ] [main] [READING] raw={"timestamp": "2026-07-27T09:00:00", "factory": "Shree Metal Works", "zone": "Fabrication-Shop", "temperature_unit": "celsius", "temperature": 29.0, "humidity": 53.7, "globe_temperature": 30.7, "wet_b
[2026-07-29 04:04:53] [DEBUG   ] [main] [VALIDATE] zone=Fabrication-Shop | condition=ALL_DATA | missing=[] | flags=[]
[2026-07-29 04:04:53] [INFO    ] [main] [CALC] zone=Fabrication-Shop | ta=29.0 | rh=53.7 | tg=30.7 | tnwb=22.3 | wbgt=24.82
[2026-07-29 04:04:53] [DEBUG   ] [main] [CALC] data_quality={'ta': 'sensor', 'rh': 'sensor', 'tg': 'sensor', 'tnwb': 'sensor', 'wbgt': 'calculated'}
[2026-07-29 04:04:53] [INFO    ] [main] [CLASSIFY] zone=Fabrication-Shop | wbgt=24.82 | risk=SAFE | action=Normal work, no restrictions
[2026-07-29 04:04:53] [INFO    ] [main] [DB] zone=Fabrication-Shop | db_id=195 | saved OK
[2026-07-29 04:04:53] [INFO    ] [main] [READING] zone=Loading-Dock | timestamp=2026-07-27T10:00:00
[2026-07-29 04:04:53] [DEBUG   ] [main] [READING] raw={"timestamp": "2026-07-27T10:00:00", "factory": "JSW Steel", "zone": "Loading-Dock", "temperature_unit": "celsius", "temperature": 36.0, "humidity": 42.7, "globe_temperature": 38.0, "wet_bulb_temperat
[2026-07-29 04:04:53] [DEBUG   ] [main] [VALIDATE] zone=Loading-Dock | condition=ALL_DATA | missing=[] | flags=[]
[2026-07-29 04:04:53] [INFO    ] [main] [CALC] zone=Loading-Dock | ta=36.0 | rh=42.7 | tg=38.0 | tnwb=26.2 | wbgt=29.74
[2026-07-29 04:04:53] [DEBUG   ] [main] [CALC] data_quality={'ta': 'sensor', 'rh': 'sensor', 'tg': 'sensor', 'tnwb': 'sensor', 'wbgt': 'calculated'}
[2026-07-29 04:04:53] [INFO    ] [main] [CLASSIFY] zone=Loading-Dock | wbgt=29.74 | risk=WARNING | action=Enforce work/rest cycles (50 min work, 10 min rest)
[2026-07-29 04:04:53] [WARNING ] [main] [WARNING ALERT] zone=Loading-Dock | wbgt=29.74 | Enforce work/rest cycles (50 min work, 10 min rest)
[2026-07-29 04:04:53] [INFO    ] [main] [DB] zone=Loading-Dock | db_id=196 | saved OK
[2026-07-29 04:04:53] [INFO    ] [main] [READING] zone=Continuous-Casting | timestamp=2026-07-27T11:00:00
[2026-07-29 04:04:53] [DEBUG   ] [main] [READING] raw={"timestamp": "2026-07-27T11:00:00", "factory": "JSW Steel", "zone": "Continuous-Casting", "temperature_unit": "celsius", "temperature": 33.3, "humidity": 0, "globe_temperature": 48.0, "wet_bulb_tempe
[2026-07-29 04:04:53] [DEBUG   ] [main] [VALIDATE] zone=Continuous-Casting | condition=ALL_DATA | missing=[] | flags=[]
[2026-07-29 04:04:53] [DEBUG   ] [urllib3.connectionpool] Starting new HTTPS connection (1): api.openweathermap.org:443
[2026-07-29 04:04:54] [DEBUG   ] [urllib3.connectionpool] https://api.openweathermap.org:443 "GET /data/2.5/weather?lat=12.9716&lon=77.5946&appid=88f2329e130bf480c72cfc84306978a1&units=metric HTTP/1.1" 200 525
[2026-07-29 04:04:54] [INFO    ] [main] [CALC] zone=Continuous-Casting | ta=33.3 | rh=42.33 | tg=48.0 | tnwb=23.2 | wbgt=30.64
[2026-07-29 04:04:54] [DEBUG   ] [main] [CALC] data_quality={'ta': 'sensor', 'rh': 'estimated', 'tg': 'sensor', 'tnwb': 'sensor', 'wbgt': 'calculated'}
[2026-07-29 04:04:54] [INFO    ] [main] [CLASSIFY] zone=Continuous-Casting | wbgt=30.64 | risk=WARNING | action=Enforce work/rest cycles (50 min work, 10 min rest)
[2026-07-29 04:04:54] [WARNING ] [main] [WARNING ALERT] zone=Continuous-Casting | wbgt=30.64 | Enforce work/rest cycles (50 min work, 10 min rest)
[2026-07-29 04:04:54] [INFO    ] [main] [DB] zone=Continuous-Casting | db_id=197 | saved OK
[2026-07-29 04:04:54] [INFO    ] [main] [READING] zone=EAF-Bay | timestamp=2026-07-27T12:00:00
[2026-07-29 04:04:54] [DEBUG   ] [main] [READING] raw={"timestamp": "2026-07-27T12:00:00", "factory": "Shree Metal Works", "zone": "EAF-Bay", "temperature_unit": "celsius", "temperature": 39.9, "humidity": 31.2, "globe_temperature": 59.1, "wet_bulb_tempe
[2026-07-29 04:04:54] [DEBUG   ] [main] [VALIDATE] zone=EAF-Bay | condition=ALL_DATA | missing=[] | flags=[]
[2026-07-29 04:04:54] [INFO    ] [main] [CALC] zone=EAF-Bay | ta=39.9 | rh=31.2 | tg=59.1 | tnwb=26.7 | wbgt=36.42
[2026-07-29 04:04:54] [DEBUG   ] [main] [CALC] data_quality={'ta': 'sensor', 'rh': 'sensor', 'tg': 'sensor', 'tnwb': 'sensor', 'wbgt': 'calculated'}
[2026-07-29 04:04:54] [INFO    ] [main] [CLASSIFY] zone=EAF-Bay | wbgt=36.42 | risk=DANGER | action=Halt heavy work, mandatory rest, evacuate
[2026-07-29 04:04:54] [WARNING ] [main] [DANGER ALERT] zone=EAF-Bay | wbgt=36.42 | Halt heavy work, mandatory rest, evacuate
[2026-07-29 04:04:54] [INFO    ] [main] [DB] zone=EAF-Bay | db_id=198 | saved OK
[2026-07-29 04:04:54] [INFO    ] [main] [READING] zone=Rolling-Mill | timestamp=2026-07-27T13:00:00
[2026-07-29 04:04:54] [DEBUG   ] [main] [READING] raw={"timestamp": "2026-07-27T13:00:00", "factory": "Vedanta", "zone": "Rolling-Mill", "temperature_unit": "celsius", "temperature": 36.2, "humidity": 41.0, "globe_temperature": 0, "wet_bulb_temperature":
[2026-07-29 04:04:54] [DEBUG   ] [main] [VALIDATE] zone=Rolling-Mill | condition=None | missing=[] | flags=[]
[2026-07-29 04:04:54] [DEBUG   ] [main] [FAULT] zone=Rolling-Mill | timestamp=2026-07-27T13:00:00 | reason=SENSOR_FAULT: globe_temp_c=0.0 is less than air_temp_c=36.2.
[2026-07-29 04:04:54] [INFO    ] [main] [READING] zone=Ladle-Metallurgy | timestamp=2026-07-27T14:00:00
[2026-07-29 04:04:54] [DEBUG   ] [main] [READING] raw={"timestamp": "2026-07-27T14:00:00", "factory": "Ganesh Alloys", "zone": "Ladle-Metallurgy", "temperature_unit": "celsius", "temperature": 36.4, "humidity": 36.3, "globe_temperature": 52.2, "wet_bulb_
[2026-07-29 04:04:54] [DEBUG   ] [main] [VALIDATE] zone=Ladle-Metallurgy | condition=ALL_DATA | missing=[] | flags=[]
[2026-07-29 04:04:54] [INFO    ] [main] [CALC] zone=Ladle-Metallurgy | ta=36.4 | rh=36.3 | tg=52.2 | tnwb=24.6 | wbgt=32.88
[2026-07-29 04:04:54] [DEBUG   ] [main] [CALC] data_quality={'ta': 'sensor', 'rh': 'sensor', 'tg': 'sensor', 'tnwb': 'sensor', 'wbgt': 'calculated'}
[2026-07-29 04:04:54] [INFO    ] [main] [CLASSIFY] zone=Ladle-Metallurgy | wbgt=32.88 | risk=DANGER | action=Halt heavy work, mandatory rest, evacuate
[2026-07-29 04:04:54] [WARNING ] [main] [DANGER ALERT] zone=Ladle-Metallurgy | wbgt=32.88 | Halt heavy work, mandatory rest, evacuate
[2026-07-29 04:04:54] [INFO    ] [main] [DB] zone=Ladle-Metallurgy | db_id=199 | saved OK
[2026-07-29 04:04:54] [INFO    ] [main] [READING] zone=Furnace-1 | timestamp=2026-07-27T15:00:00
[2026-07-29 04:04:54] [DEBUG   ] [main] [READING] raw={"timestamp": "2026-07-27T15:00:00", "factory": "Shree Metal Works", "zone": "Furnace-1", "temperature_unit": "celsius", "temperature": 40.3, "humidity": 46.4, "globe_temperature": 58.5, "wet_bulb_tem
[2026-07-29 04:04:54] [DEBUG   ] [main] [VALIDATE] zone=Furnace-1 | condition=ALL_DATA | missing=[] | flags=[]
[2026-07-29 04:04:54] [INFO    ] [main] [CALC] zone=Furnace-1 | ta=40.3 | rh=46.4 | tg=58.5 | tnwb=30.6 | wbgt=38.97
[2026-07-29 04:04:54] [DEBUG   ] [main] [CALC] data_quality={'ta': 'sensor', 'rh': 'sensor', 'tg': 'sensor', 'tnwb': 'sensor', 'wbgt': 'calculated'}
[2026-07-29 04:04:54] [INFO    ] [main] [CLASSIFY] zone=Furnace-1 | wbgt=38.97 | risk=DANGER | action=Halt heavy work, mandatory rest, evacuate
[2026-07-29 04:04:54] [WARNING ] [main] [DANGER ALERT] zone=Furnace-1 | wbgt=38.97 | Halt heavy work, mandatory rest, evacuate
[2026-07-29 04:04:54] [INFO    ] [main] [DB] zone=Furnace-1 | db_id=200 | saved OK
[2026-07-29 04:04:54] [INFO    ] [main] [READING] zone=EAF-Bay | timestamp=2026-07-27T16:00:00
[2026-07-29 04:04:54] [DEBUG   ] [main] [READING] raw={"timestamp": "2026-07-27T16:00:00", "factory": "JSPL", "zone": "EAF-Bay", "temperature_unit": "celsius", "temperature": 44.8, "humidity": 86.9, "globe_temperature": 70.1, "wet_bulb_temperature": 42.5
[2026-07-29 04:04:54] [DEBUG   ] [main] [VALIDATE] zone=EAF-Bay | condition=ALL_DATA | missing=[] | flags=[]
[2026-07-29 04:04:54] [INFO    ] [main] [CALC] zone=EAF-Bay | ta=44.8 | rh=86.9 | tg=70.1 | tnwb=42.5 | wbgt=50.78
[2026-07-29 04:04:54] [DEBUG   ] [main] [CALC] data_quality={'ta': 'sensor', 'rh': 'sensor', 'tg': 'sensor', 'tnwb': 'sensor', 'wbgt': 'calculated'}
[2026-07-29 04:04:54] [INFO    ] [main] [CLASSIFY] zone=EAF-Bay | wbgt=50.78 | risk=DANGER | action=Halt heavy work, mandatory rest, evacuate
[2026-07-29 04:04:54] [WARNING ] [main] [DANGER ALERT] zone=EAF-Bay | wbgt=50.78 | Halt heavy work, mandatory rest, evacuate
[2026-07-29 04:04:54] [INFO    ] [main] [DB] zone=EAF-Bay | db_id=201 | saved OK
[2026-07-29 04:04:54] [INFO    ] [main] [READING] zone=Furnace-2 | timestamp=2026-07-27T17:00:00
[2026-07-29 04:04:54] [DEBUG   ] [main] [READING] raw={"timestamp": "2026-07-27T17:00:00", "factory": "Shree Metal Works", "zone": "Furnace-2", "temperature_unit": "celsius", "temperature": 45.6, "humidity": 87.2, "globe_temperature": 68.4, "wet_bulb_tem
[2026-07-29 04:04:54] [DEBUG   ] [main] [VALIDATE] zone=Furnace-2 | condition=ALL_DATA | missing=[] | flags=[]
[2026-07-29 04:04:54] [INFO    ] [main] [CALC] zone=Furnace-2 | ta=45.6 | rh=87.2 | tg=68.4 | tnwb=43.2 | wbgt=50.76
[2026-07-29 04:04:54] [DEBUG   ] [main] [CALC] data_quality={'ta': 'sensor', 'rh': 'sensor', 'tg': 'sensor', 'tnwb': 'sensor', 'wbgt': 'calculated'}
[2026-07-29 04:04:54] [INFO    ] [main] [CLASSIFY] zone=Furnace-2 | wbgt=50.76 | risk=DANGER | action=Halt heavy work, mandatory rest, evacuate
[2026-07-29 04:04:54] [WARNING ] [main] [DANGER ALERT] zone=Furnace-2 | wbgt=50.76 | Halt heavy work, mandatory rest, evacuate
[2026-07-29 04:04:54] [INFO    ] [main] [DB] zone=Furnace-2 | db_id=202 | saved OK
[2026-07-29 04:04:54] [INFO    ] [main] [READING] zone=Furnace-1 | timestamp=2026-07-27T18:00:00
[2026-07-29 04:04:54] [DEBUG   ] [main] [READING] raw={"timestamp": "2026-07-27T18:00:00", "factory": "JSPL", "zone": "Furnace-1", "temperature_unit": "celsius", "temperature": 45.1, "humidity": 87.9, "globe_temperature": 65.4, "wet_bulb_temperature": 43
[2026-07-29 04:04:54] [DEBUG   ] [main] [VALIDATE] zone=Furnace-1 | condition=ALL_DATA | missing=[] | flags=[]
[2026-07-29 04:04:54] [INFO    ] [main] [CALC] zone=Furnace-1 | ta=45.1 | rh=87.9 | tg=65.4 | tnwb=43.3 | wbgt=49.93
[2026-07-29 04:04:54] [DEBUG   ] [main] [CALC] data_quality={'ta': 'sensor', 'rh': 'sensor', 'tg': 'sensor', 'tnwb': 'sensor', 'wbgt': 'calculated'}
[2026-07-29 04:04:54] [INFO    ] [main] [CLASSIFY] zone=Furnace-1 | wbgt=49.93 | risk=DANGER | action=Halt heavy work, mandatory rest, evacuate
[2026-07-29 04:04:54] [WARNING ] [main] [DANGER ALERT] zone=Furnace-1 | wbgt=49.93 | Halt heavy work, mandatory rest, evacuate
[2026-07-29 04:04:54] [INFO    ] [main] [DB] zone=Furnace-1 | db_id=203 | saved OK
[2026-07-29 04:04:54] [INFO    ] [main] [READING] zone=Furnace-1 | timestamp=2026-07-27T19:00:00
[2026-07-29 04:04:54] [DEBUG   ] [main] [READING] raw={"timestamp": "2026-07-27T19:00:00", "factory": "SAIL", "zone": "Furnace-1", "temperature_unit": "celsius", "temperature": 47.2, "humidity": 81.6, "globe_temperature": 69.6, "wet_bulb_temperature": 43
[2026-07-29 04:04:54] [DEBUG   ] [main] [VALIDATE] zone=Furnace-1 | condition=ALL_DATA | missing=[] | flags=[]
[2026-07-29 04:04:54] [INFO    ] [main] [CALC] zone=Furnace-1 | ta=47.2 | rh=81.6 | tg=69.6 | tnwb=43.9 | wbgt=51.61
[2026-07-29 04:04:54] [DEBUG   ] [main] [CALC] data_quality={'ta': 'sensor', 'rh': 'sensor', 'tg': 'sensor', 'tnwb': 'sensor', 'wbgt': 'calculated'}
[2026-07-29 04:04:54] [INFO    ] [main] [CLASSIFY] zone=Furnace-1 | wbgt=51.61 | risk=DANGER | action=Halt heavy work, mandatory rest, evacuate
[2026-07-29 04:04:54] [WARNING ] [main] [DANGER ALERT] zone=Furnace-1 | wbgt=51.61 | Halt heavy work, mandatory rest, evacuate
[2026-07-29 04:04:54] [INFO    ] [main] [DB] zone=Furnace-1 | db_id=204 | saved OK
[2026-07-29 04:04:54] [INFO    ] [main] [READING] zone=Loading-Dock | timestamp=2026-07-27T20:00:00
[2026-07-29 04:04:54] [DEBUG   ] [main] [READING] raw={"timestamp": "2026-07-27T20:00:00", "factory": "Vedanta", "zone": "Loading-Dock", "temperature_unit": "celsius", "temperature": 19.9, "humidity": 22.4, "globe_temperature": 19.9, "wet_bulb_temperatur
[2026-07-29 04:04:54] [DEBUG   ] [main] [VALIDATE] zone=Loading-Dock | condition=ALL_DATA | missing=[] | flags=[]
[2026-07-29 04:04:54] [INFO    ] [main] [CALC] zone=Loading-Dock | ta=19.9 | rh=22.4 | tg=19.9 | tnwb=9.7 | wbgt=12.76
[2026-07-29 04:04:54] [DEBUG   ] [main] [CALC] data_quality={'ta': 'sensor', 'rh': 'sensor', 'tg': 'sensor', 'tnwb': 'sensor', 'wbgt': 'calculated'}
[2026-07-29 04:04:54] [INFO    ] [main] [CLASSIFY] zone=Loading-Dock | wbgt=12.76 | risk=SAFE | action=Normal work, no restrictions
[2026-07-29 04:04:54] [INFO    ] [main] [DB] zone=Loading-Dock | db_id=205 | saved OK
[2026-07-29 04:04:54] [INFO    ] [main] [READING] zone=Loading-Dock | timestamp=2026-07-27T21:00:00
[2026-07-29 04:04:54] [DEBUG   ] [main] [READING] raw={"timestamp": "2026-07-27T21:00:00", "factory": "Ganesh Alloys", "zone": "Loading-Dock", "temperature_unit": "celsius", "temperature": 19.2, "humidity": 25.9, "globe_temperature": 18.4, "wet_bulb_temp
[2026-07-29 04:04:54] [DEBUG   ] [main] [VALIDATE] zone=Loading-Dock | condition=None | missing=[] | flags=[]
[2026-07-29 04:04:54] [DEBUG   ] [main] [FAULT] zone=Loading-Dock | timestamp=2026-07-27T21:00:00 | reason=SENSOR_FAULT: globe_temp_c=18.4 is less than air_temp_c=19.2.
[2026-07-29 04:04:54] [INFO    ] [main] [READING] zone=Warehouse | timestamp=2026-07-27T22:00:00
[2026-07-29 04:04:54] [DEBUG   ] [main] [READING] raw={"timestamp": "2026-07-27T22:00:00", "factory": "JSPL", "zone": "Warehouse", "temperature_unit": "celsius", "temperature": 18.2, "humidity": 19.8, "globe_temperature": 17.3, "wet_bulb_temperature": 7.
[2026-07-29 04:04:54] [DEBUG   ] [main] [VALIDATE] zone=Warehouse | condition=None | missing=[] | flags=[]
[2026-07-29 04:04:54] [DEBUG   ] [main] [FAULT] zone=Warehouse | timestamp=2026-07-27T22:00:00 | reason=SENSOR_FAULT: globe_temp_c=17.3 is less than air_temp_c=18.2.
[2026-07-29 04:04:54] [INFO    ] [main] [READING] zone=Loading-Dock | timestamp=2026-07-27T23:00:00
[2026-07-29 04:04:54] [DEBUG   ] [main] [READING] raw={"timestamp": "2026-07-27T23:00:00", "factory": "JSW Steel", "zone": "Loading-Dock", "temperature_unit": "celsius", "temperature": 18.4, "humidity": 21.4, "globe_temperature": 18.8, "wet_bulb_temperat
[2026-07-29 04:04:54] [DEBUG   ] [main] [VALIDATE] zone=Loading-Dock | condition=ALL_DATA | missing=[] | flags=[]
[2026-07-29 04:04:54] [INFO    ] [main] [CALC] zone=Loading-Dock | ta=18.4 | rh=21.4 | tg=18.8 | tnwb=8.2 | wbgt=11.38
[2026-07-29 04:04:54] [DEBUG   ] [main] [CALC] data_quality={'ta': 'sensor', 'rh': 'sensor', 'tg': 'sensor', 'tnwb': 'sensor', 'wbgt': 'calculated'}
[2026-07-29 04:04:54] [INFO    ] [main] [CLASSIFY] zone=Loading-Dock | wbgt=11.38 | risk=SAFE | action=Normal work, no restrictions
[2026-07-29 04:04:54] [INFO    ] [main] [DB] zone=Loading-Dock | db_id=206 | saved OK
[2026-07-29 04:04:54] [INFO    ] [report] [REPORT] Fetched 103 readings for window 2026-07-28T22:29:54.367675+00:00 → 2026-07-28T22:39:54.367675+00:00
[2026-07-29 04:04:54] [INFO    ] [report] [REPORT] CSV report written: ./reports\wbgt_report_20260728T223454Z.csv (103 rows)
[2026-07-29 04:34:28] [INFO    ] [root] ============================================================
[2026-07-29 04:34:28] [INFO    ] [root] WBGT Monitor logging started
[2026-07-29 04:34:28] [INFO    ] [root] Log file : C:\Users\Varsh\Desktop\updated_agis\logs\wbgt_monitor_20260729.log
[2026-07-29 04:34:28] [INFO    ] [root] ============================================================
[2026-07-29 04:34:29] [INFO    ] [main] [READING] zone=Furnace-1 | timestamp=2026-07-22T06:00:00
[2026-07-29 04:34:29] [DEBUG   ] [main] [READING] raw={"timestamp": "2026-07-22T06:00:00", "factory": "Shree Metal Works", "zone": "Furnace-1", "temperature_unit": "celsius", "temperature": 37.0, "humidity": 47.5, "globe_temperature": 52.7, "wet_bulb_tem
[2026-07-29 04:34:29] [DEBUG   ] [main] [VALIDATE] zone=Furnace-1 | condition=ALL_DATA | missing=[] | flags=[]
[2026-07-29 04:34:29] [INFO    ] [main] [CALC] zone=Furnace-1 | ta=37.0 | rh=47.5 | tg=52.7 | tnwb=28.0 | wbgt=35.41
[2026-07-29 04:34:29] [DEBUG   ] [main] [CALC] data_quality={'ta': 'sensor', 'rh': 'sensor', 'tg': 'sensor', 'tnwb': 'sensor', 'wbgt': 'calculated'}
[2026-07-29 04:34:29] [INFO    ] [main] [CLASSIFY] zone=Furnace-1 | wbgt=35.41 | risk=DANGER | action=Halt heavy work, mandatory rest, evacuate
[2026-07-29 04:34:29] [WARNING ] [main] [DANGER ALERT] zone=Furnace-1 | wbgt=35.41 | Halt heavy work, mandatory rest, evacuate
[2026-07-29 04:34:29] [INFO    ] [main] [DB] zone=Furnace-1 | db_id=208 | saved OK
[2026-07-29 04:34:29] [INFO    ] [main] [READING] zone=Fabrication-Shop | timestamp=2026-07-22T07:00:00
[2026-07-29 04:34:29] [DEBUG   ] [main] [READING] raw={"timestamp": "2026-07-22T07:00:00", "factory": "Tata Steel", "zone": "Fabrication-Shop", "temperature_unit": "celsius", "temperature": 24.4, "humidity": 54.1, "globe_temperature": 25.7, "wet_bulb_tem
[2026-07-29 04:34:29] [DEBUG   ] [main] [VALIDATE] zone=Fabrication-Shop | condition=ALL_DATA | missing=[] | flags=[]
[2026-07-29 04:34:29] [INFO    ] [main] [CALC] zone=Fabrication-Shop | ta=24.4 | rh=54.1 | tg=25.7 | tnwb=17.7 | wbgt=20.1
[2026-07-29 04:34:29] [DEBUG   ] [main] [CALC] data_quality={'ta': 'sensor', 'rh': 'sensor', 'tg': 'sensor', 'tnwb': 'sensor', 'wbgt': 'calculated'}
[2026-07-29 04:34:29] [INFO    ] [main] [CLASSIFY] zone=Fabrication-Shop | wbgt=20.1 | risk=SAFE | action=Normal work, no restrictions
[2026-07-29 04:34:29] [INFO    ] [main] [DB] zone=Fabrication-Shop | db_id=209 | saved OK
[2026-07-29 04:34:29] [INFO    ] [main] [READING] zone=EAF-Bay | timestamp=2026-07-22T08:00:00
[2026-07-29 04:34:29] [DEBUG   ] [main] [READING] raw={"timestamp": "2026-07-22T08:00:00", "factory": "JSW Steel", "zone": "EAF-Bay", "temperature_unit": "celsius", "temperature": 42.5, "humidity": 47.0, "globe_temperature": 63.9, "wet_bulb_temperature":
[2026-07-29 04:34:29] [DEBUG   ] [main] [VALIDATE] zone=EAF-Bay | condition=ALL_DATA | missing=[] | flags=[]
[2026-07-29 04:34:29] [INFO    ] [main] [CALC] zone=EAF-Bay | ta=42.5 | rh=47.0 | tg=63.9 | tnwb=32.6 | wbgt=41.99
[2026-07-29 04:34:29] [DEBUG   ] [main] [CALC] data_quality={'ta': 'sensor', 'rh': 'sensor', 'tg': 'sensor', 'tnwb': 'sensor', 'wbgt': 'calculated'}
[2026-07-29 04:34:29] [INFO    ] [main] [CLASSIFY] zone=EAF-Bay | wbgt=41.99 | risk=DANGER | action=Halt heavy work, mandatory rest, evacuate
[2026-07-29 04:34:29] [WARNING ] [main] [DANGER ALERT] zone=EAF-Bay | wbgt=41.99 | Halt heavy work, mandatory rest, evacuate
[2026-07-29 04:34:29] [INFO    ] [main] [DB] zone=EAF-Bay | db_id=210 | saved OK
[2026-07-29 04:34:29] [INFO    ] [main] [READING] zone=Loading-Dock | timestamp=2026-07-22T09:00:00
[2026-07-29 04:34:29] [DEBUG   ] [main] [READING] raw={"timestamp": "2026-07-22T09:00:00", "factory": "Tata Steel", "zone": "Loading-Dock", "temperature_unit": "celsius", "temperature": 35.0, "humidity": 68.5, "globe_temperature": 37.5, "wet_bulb_tempera
[2026-07-29 04:34:29] [DEBUG   ] [main] [VALIDATE] zone=Loading-Dock | condition=ALL_DATA | missing=[] | flags=[]
[2026-07-29 04:34:29] [INFO    ] [main] [CALC] zone=Loading-Dock | ta=35.0 | rh=68.5 | tg=37.5 | tnwb=29.6 | wbgt=31.97
[2026-07-29 04:34:29] [DEBUG   ] [main] [CALC] data_quality={'ta': 'sensor', 'rh': 'sensor', 'tg': 'sensor', 'tnwb': 'sensor', 'wbgt': 'calculated'}
[2026-07-29 04:34:29] [INFO    ] [main] [CLASSIFY] zone=Loading-Dock | wbgt=31.97 | risk=DANGER | action=Halt heavy work, mandatory rest, evacuate
[2026-07-29 04:34:29] [WARNING ] [main] [DANGER ALERT] zone=Loading-Dock | wbgt=31.97 | Halt heavy work, mandatory rest, evacuate
[2026-07-29 04:34:29] [INFO    ] [main] [DB] zone=Loading-Dock | db_id=211 | saved OK
[2026-07-29 04:34:29] [INFO    ] [main] [READING] zone=Rolling-Mill | timestamp=2026-07-22T10:00:00
[2026-07-29 04:34:29] [DEBUG   ] [main] [READING] raw={"timestamp": "2026-07-22T10:00:00", "factory": "Shree Metal Works", "zone": "Rolling-Mill", "temperature_unit": "celsius", "temperature": 32.7, "humidity": 0, "globe_temperature": 41.0, "wet_bulb_tem
[2026-07-29 04:34:29] [DEBUG   ] [main] [VALIDATE] zone=Rolling-Mill | condition=ALL_DATA | missing=[] | flags=[]
[2026-07-29 04:34:29] [DEBUG   ] [urllib3.connectionpool] Starting new HTTPS connection (1): api.openweathermap.org:443
[2026-07-29 04:34:29] [DEBUG   ] [urllib3.connectionpool] https://api.openweathermap.org:443 "GET /data/2.5/weather?lat=12.9716&lon=77.5946&appid=88f2329e130bf480c72cfc84306978a1&units=metric HTTP/1.1" 200 524
[2026-07-29 04:34:29] [INFO    ] [main] [CALC] zone=Rolling-Mill | ta=32.7 | rh=43.3 | tg=41.0 | tnwb=23.3196 | wbgt=28.6237
[2026-07-29 04:34:29] [DEBUG   ] [main] [CALC] data_quality={'ta': 'sensor', 'rh': 'estimated', 'tg': 'sensor', 'tnwb': 'calculated', 'wbgt': 'calculated'}
[2026-07-29 04:34:29] [INFO    ] [main] [CLASSIFY] zone=Rolling-Mill | wbgt=28.6237 | risk=CAUTION | action=Increase water breaks
[2026-07-29 04:34:29] [INFO    ] [main] [DB] zone=Rolling-Mill | db_id=212 | saved OK
[2026-07-29 04:34:29] [INFO    ] [main] [READING] zone=Continuous-Casting | timestamp=2026-07-22T11:00:00
[2026-07-29 04:34:29] [DEBUG   ] [main] [READING] raw={"timestamp": "2026-07-22T11:00:00", "factory": "Shree Metal Works", "zone": "Continuous-Casting", "temperature_unit": "celsius", "temperature": 49.4, "humidity": 53.3, "globe_temperature": 67.5, "wet
[2026-07-29 04:34:29] [DEBUG   ] [main] [VALIDATE] zone=Continuous-Casting | condition=ALL_DATA | missing=[] | flags=[]
[2026-07-29 04:34:29] [INFO    ] [main] [CALC] zone=Continuous-Casting | ta=49.4 | rh=53.3 | tg=67.5 | tnwb=40.0 | wbgt=48.25
[2026-07-29 04:34:29] [DEBUG   ] [main] [CALC] data_quality={'ta': 'sensor', 'rh': 'sensor', 'tg': 'sensor', 'tnwb': 'sensor', 'wbgt': 'calculated'}
[2026-07-29 04:34:29] [INFO    ] [main] [CLASSIFY] zone=Continuous-Casting | wbgt=48.25 | risk=DANGER | action=Halt heavy work, mandatory rest, evacuate
[2026-07-29 04:34:29] [WARNING ] [main] [DANGER ALERT] zone=Continuous-Casting | wbgt=48.25 | Halt heavy work, mandatory rest, evacuate
[2026-07-29 04:34:29] [INFO    ] [main] [DB] zone=Continuous-Casting | db_id=213 | saved OK
[2026-07-29 04:34:29] [INFO    ] [main] [READING] zone=Warehouse | timestamp=2026-07-22T12:00:00
[2026-07-29 04:34:29] [DEBUG   ] [main] [READING] raw={"timestamp": "2026-07-22T12:00:00", "factory": "SAIL", "zone": "Warehouse", "temperature_unit": "celsius", "temperature": 71.3, "humidity": 48.5, "globe_temperature": 0, "wet_bulb_temperature": 0}
[2026-07-29 04:34:29] [DEBUG   ] [main] [VALIDATE] zone=Warehouse | condition=None | missing=[] | flags=[]
[2026-07-29 04:34:29] [DEBUG   ] [main] [FAULT] zone=Warehouse | timestamp=2026-07-22T12:00:00 | reason=SENSOR_FAULT: globe_temp_c=0.0 is less than air_temp_c=71.3.
[2026-07-29 04:34:29] [INFO    ] [main] [READING] zone=Ladle-Metallurgy | timestamp=2026-07-22T13:00:00
[2026-07-29 04:34:29] [DEBUG   ] [main] [READING] raw={"timestamp": "2026-07-22T13:00:00", "factory": "Tata Steel", "zone": "Ladle-Metallurgy", "temperature_unit": "celsius", "temperature": 47.4, "humidity": 50.7, "globe_temperature": 65.9, "wet_bulb_tem
[2026-07-29 04:34:29] [DEBUG   ] [main] [VALIDATE] zone=Ladle-Metallurgy | condition=ALL_DATA | missing=[] | flags=[]
[2026-07-29 04:34:29] [INFO    ] [main] [CALC] zone=Ladle-Metallurgy | ta=47.4 | rh=50.7 | tg=65.9 | tnwb=37.4299 | wbgt=45.9709
[2026-07-29 04:34:29] [DEBUG   ] [main] [CALC] data_quality={'ta': 'sensor', 'rh': 'sensor', 'tg': 'sensor', 'tnwb': 'calculated', 'wbgt': 'calculated'}
[2026-07-29 04:34:29] [INFO    ] [main] [CLASSIFY] zone=Ladle-Metallurgy | wbgt=45.9709 | risk=DANGER | action=Halt heavy work, mandatory rest, evacuate
[2026-07-29 04:34:29] [WARNING ] [main] [DANGER ALERT] zone=Ladle-Metallurgy | wbgt=45.9709 | Halt heavy work, mandatory rest, evacuate
[2026-07-29 04:34:29] [INFO    ] [main] [DB] zone=Ladle-Metallurgy | db_id=214 | saved OK
[2026-07-29 04:34:29] [INFO    ] [main] [READING] zone=Furnace-2 | timestamp=2026-07-22T14:00:00
[2026-07-29 04:34:29] [DEBUG   ] [main] [READING] raw={"timestamp": "2026-07-22T14:00:00", "factory": "Ganesh Alloys", "zone": "Furnace-2", "temperature_unit": "celsius", "temperature": 59.6, "humidity": 111.3, "globe_temperature": 79.8, "wet_bulb_temper
[2026-07-29 04:34:29] [DEBUG   ] [main] [VALIDATE] zone=Furnace-2 | condition=None | missing=[] | flags=[]
[2026-07-29 04:34:29] [DEBUG   ] [main] [FAULT] zone=Furnace-2 | timestamp=2026-07-22T14:00:00 | reason=SENSOR_FAULT: relative_humidity_pct=111.3 is out of valid range 0–100 %.
[2026-07-29 04:34:29] [INFO    ] [main] [READING] zone=Furnace-1 | timestamp=2026-07-22T15:00:00
[2026-07-29 04:34:29] [DEBUG   ] [main] [READING] raw={"timestamp": "2026-07-22T15:00:00", "factory": "Vedanta", "zone": "Furnace-1", "temperature_unit": "celsius", "temperature": 56.8, "humidity": 0, "globe_temperature": 0, "wet_bulb_temperature": 45.6}
[2026-07-29 04:34:29] [DEBUG   ] [main] [VALIDATE] zone=Furnace-1 | condition=None | missing=[] | flags=[]
[2026-07-29 04:34:29] [DEBUG   ] [main] [FAULT] zone=Furnace-1 | timestamp=2026-07-22T15:00:00 | reason=SENSOR_FAULT: globe_temp_c=0.0 is less than air_temp_c=56.8.
[2026-07-29 04:34:29] [INFO    ] [main] [READING] zone=Annealing-Line | timestamp=2026-07-22T16:00:00
[2026-07-29 04:34:29] [DEBUG   ] [main] [READING] raw={"timestamp": "2026-07-22T16:00:00", "factory": "JSW Steel", "zone": "Annealing-Line", "temperature_unit": "celsius", "temperature": 34.9, "humidity": 49.5, "globe_temperature": 40.8, "wet_bulb_temper
[2026-07-29 04:34:29] [DEBUG   ] [main] [VALIDATE] zone=Annealing-Line | condition=ALL_DATA | missing=[] | flags=[]
[2026-07-29 04:34:29] [INFO    ] [main] [CALC] zone=Annealing-Line | ta=34.9 | rh=49.5 | tg=40.8 | tnwb=26.4107 | wbgt=30.7275
[2026-07-29 04:34:29] [DEBUG   ] [main] [CALC] data_quality={'ta': 'sensor', 'rh': 'sensor', 'tg': 'sensor', 'tnwb': 'calculated', 'wbgt': 'calculated'}
[2026-07-29 04:34:29] [INFO    ] [main] [CLASSIFY] zone=Annealing-Line | wbgt=30.7275 | risk=WARNING | action=Enforce work/rest cycles (50 min work, 10 min rest)
[2026-07-29 04:34:29] [WARNING ] [main] [WARNING ALERT] zone=Annealing-Line | wbgt=30.7275 | Enforce work/rest cycles (50 min work, 10 min rest)
[2026-07-29 04:34:29] [INFO    ] [main] [DB] zone=Annealing-Line | db_id=215 | saved OK
[2026-07-29 04:34:29] [INFO    ] [main] [READING] zone=Continuous-Casting | timestamp=2026-07-22T17:00:00
[2026-07-29 04:34:29] [DEBUG   ] [main] [READING] raw={"timestamp": "2026-07-22T17:00:00", "factory": "SAIL", "zone": "Continuous-Casting", "temperature_unit": "celsius", "temperature": 39.8, "humidity": 0, "globe_temperature": 0, "wet_bulb_temperature":
[2026-07-29 04:34:29] [DEBUG   ] [main] [VALIDATE] zone=Continuous-Casting | condition=None | missing=[] | flags=[]
[2026-07-29 04:34:29] [DEBUG   ] [main] [FAULT] zone=Continuous-Casting | timestamp=2026-07-22T17:00:00 | reason=SENSOR_FAULT: globe_temp_c=0.0 is less than air_temp_c=39.8.
[2026-07-29 04:34:29] [INFO    ] [main] [READING] zone=Loading-Dock | timestamp=2026-07-22T18:00:00
[2026-07-29 04:34:29] [DEBUG   ] [main] [READING] raw={"timestamp": "2026-07-22T18:00:00", "factory": "Tata Steel", "zone": "Loading-Dock", "temperature_unit": "celsius", "temperature": 27.1, "humidity": 0, "globe_temperature": 0, "wet_bulb_temperature":
[2026-07-29 04:34:29] [DEBUG   ] [main] [VALIDATE] zone=Loading-Dock | condition=None | missing=[] | flags=[]
[2026-07-29 04:34:29] [DEBUG   ] [main] [FAULT] zone=Loading-Dock | timestamp=2026-07-22T18:00:00 | reason=SENSOR_FAULT: globe_temp_c=0.0 is less than air_temp_c=27.1.
[2026-07-29 04:34:29] [INFO    ] [main] [READING] zone=Furnace-2 | timestamp=2026-07-22T19:00:00
[2026-07-29 04:34:29] [DEBUG   ] [main] [READING] raw={"timestamp": "2026-07-22T19:00:00", "factory": "Vedanta", "zone": "Furnace-2", "temperature_unit": "celsius", "temperature": 36.4, "humidity": 0, "globe_temperature": 53.2, "wet_bulb_temperature": 0}
[2026-07-29 04:34:29] [DEBUG   ] [main] [VALIDATE] zone=Furnace-2 | condition=ALL_DATA | missing=[] | flags=[]
[2026-07-29 04:34:29] [DEBUG   ] [urllib3.connectionpool] Starting new HTTPS connection (1): api.openweathermap.org:443
[2026-07-29 04:34:30] [DEBUG   ] [urllib3.connectionpool] https://api.openweathermap.org:443 "GET /data/2.5/weather?lat=12.9716&lon=77.5946&appid=88f2329e130bf480c72cfc84306978a1&units=metric HTTP/1.1" 200 524
[2026-07-29 04:34:30] [INFO    ] [main] [CALC] zone=Furnace-2 | ta=36.4 | rh=35.24 | tg=53.2 | tnwb=24.5333 | wbgt=33.1333
[2026-07-29 04:34:30] [DEBUG   ] [main] [CALC] data_quality={'ta': 'sensor', 'rh': 'estimated', 'tg': 'sensor', 'tnwb': 'calculated', 'wbgt': 'calculated'}
[2026-07-29 04:34:30] [INFO    ] [main] [CLASSIFY] zone=Furnace-2 | wbgt=33.1333 | risk=DANGER | action=Halt heavy work, mandatory rest, evacuate
[2026-07-29 04:34:30] [WARNING ] [main] [DANGER ALERT] zone=Furnace-2 | wbgt=33.1333 | Halt heavy work, mandatory rest, evacuate
[2026-07-29 04:34:30] [INFO    ] [main] [DB] zone=Furnace-2 | db_id=216 | saved OK
[2026-07-29 04:34:30] [INFO    ] [main] [READING] zone=Furnace-1 | timestamp=2026-07-22T20:00:00
[2026-07-29 04:34:30] [DEBUG   ] [main] [READING] raw={"timestamp": "2026-07-22T20:00:00", "factory": "JSW Steel", "zone": "Furnace-1", "temperature_unit": "celsius", "temperature": 39.0, "humidity": 0, "globe_temperature": 57.5, "wet_bulb_temperature": 
[2026-07-29 04:34:30] [DEBUG   ] [main] [VALIDATE] zone=Furnace-1 | condition=ALL_DATA | missing=[] | flags=[]
[2026-07-29 04:34:30] [DEBUG   ] [urllib3.connectionpool] Starting new HTTPS connection (1): api.openweathermap.org:443
[2026-07-29 04:34:30] [DEBUG   ] [urllib3.connectionpool] https://api.openweathermap.org:443 "GET /data/2.5/weather?lat=12.9716&lon=77.5946&appid=88f2329e130bf480c72cfc84306978a1&units=metric HTTP/1.1" 200 524
[2026-07-29 04:34:30] [INFO    ] [main] [CALC] zone=Furnace-1 | ta=39.0 | rh=30.59 | tg=57.5 | tnwb=29.3 | wbgt=37.76
[2026-07-29 04:34:30] [DEBUG   ] [main] [CALC] data_quality={'ta': 'sensor', 'rh': 'estimated', 'tg': 'sensor', 'tnwb': 'sensor', 'wbgt': 'calculated'}
[2026-07-29 04:34:30] [INFO    ] [main] [CLASSIFY] zone=Furnace-1 | wbgt=37.76 | risk=DANGER | action=Halt heavy work, mandatory rest, evacuate
[2026-07-29 04:34:30] [WARNING ] [main] [DANGER ALERT] zone=Furnace-1 | wbgt=37.76 | Halt heavy work, mandatory rest, evacuate
[2026-07-29 04:34:30] [INFO    ] [main] [DB] zone=Furnace-1 | db_id=217 | saved OK
[2026-07-29 04:34:30] [INFO    ] [main] [READING] zone=Warehouse | timestamp=2026-07-22T21:00:00
[2026-07-29 04:34:30] [DEBUG   ] [main] [READING] raw={"timestamp": "2026-07-22T21:00:00", "factory": "Tata Steel", "zone": "Warehouse", "temperature_unit": "celsius", "temperature": 22.9, "humidity": 0, "globe_temperature": 23.9, "wet_bulb_temperature":
[2026-07-29 04:34:30] [DEBUG   ] [main] [VALIDATE] zone=Warehouse | condition=ALL_DATA | missing=[] | flags=[]
[2026-07-29 04:34:30] [DEBUG   ] [urllib3.connectionpool] Starting new HTTPS connection (1): api.openweathermap.org:443
[2026-07-29 04:34:31] [DEBUG   ] [urllib3.connectionpool] https://api.openweathermap.org:443 "GET /data/2.5/weather?lat=12.9716&lon=77.5946&appid=88f2329e130bf480c72cfc84306978a1&units=metric HTTP/1.1" 200 524
[2026-07-29 04:34:31] [INFO    ] [main] [CALC] zone=Warehouse | ta=22.9 | rh=76.81 | tg=23.9 | tnwb=19.8906 | wbgt=21.0934
[2026-07-29 04:34:31] [DEBUG   ] [main] [CALC] data_quality={'ta': 'sensor', 'rh': 'estimated', 'tg': 'sensor', 'tnwb': 'calculated', 'wbgt': 'calculated'}
[2026-07-29 04:34:31] [INFO    ] [main] [CLASSIFY] zone=Warehouse | wbgt=21.0934 | risk=SAFE | action=Normal work, no restrictions
[2026-07-29 04:34:31] [INFO    ] [main] [DB] zone=Warehouse | db_id=218 | saved OK
[2026-07-29 04:34:31] [INFO    ] [main] [READING] zone=EAF-Bay | timestamp=2026-07-22T22:00:00
[2026-07-29 04:34:31] [DEBUG   ] [main] [READING] raw={"timestamp": "2026-07-22T22:00:00", "factory": "Shree Metal Works", "zone": "EAF-Bay", "temperature_unit": "celsius", "temperature": 41.4, "humidity": 51.4, "globe_temperature": 58.4, "wet_bulb_tempe
[2026-07-29 04:34:31] [DEBUG   ] [main] [VALIDATE] zone=EAF-Bay | condition=ALL_DATA | missing=[] | flags=[]
[2026-07-29 04:34:31] [INFO    ] [main] [CALC] zone=EAF-Bay | ta=41.4 | rh=51.4 | tg=58.4 | tnwb=32.1 | wbgt=39.99
[2026-07-29 04:34:31] [DEBUG   ] [main] [CALC] data_quality={'ta': 'sensor', 'rh': 'sensor', 'tg': 'sensor', 'tnwb': 'sensor', 'wbgt': 'calculated'}
[2026-07-29 04:34:31] [INFO    ] [main] [CLASSIFY] zone=EAF-Bay | wbgt=39.99 | risk=DANGER | action=Halt heavy work, mandatory rest, evacuate
[2026-07-29 04:34:31] [WARNING ] [main] [DANGER ALERT] zone=EAF-Bay | wbgt=39.99 | Halt heavy work, mandatory rest, evacuate
[2026-07-29 04:34:31] [INFO    ] [main] [DB] zone=EAF-Bay | db_id=219 | saved OK
[2026-07-29 04:34:31] [INFO    ] [main] [READING] zone=Fabrication-Shop | timestamp=2026-07-22T23:00:00
[2026-07-29 04:34:31] [DEBUG   ] [main] [READING] raw={"timestamp": "2026-07-22T23:00:00", "factory": "JSW Steel", "zone": "Fabrication-Shop", "temperature_unit": "celsius", "temperature": 20.6, "humidity": 71.1, "globe_temperature": 22.6, "wet_bulb_temp
[2026-07-29 04:34:31] [DEBUG   ] [main] [VALIDATE] zone=Fabrication-Shop | condition=ALL_DATA | missing=[] | flags=[]
[2026-07-29 04:34:31] [INFO    ] [main] [CALC] zone=Fabrication-Shop | ta=20.6 | rh=71.1 | tg=22.6 | tnwb=16.9792 | wbgt=18.6655
[2026-07-29 04:34:31] [DEBUG   ] [main] [CALC] data_quality={'ta': 'sensor', 'rh': 'sensor', 'tg': 'sensor', 'tnwb': 'calculated', 'wbgt': 'calculated'}
[2026-07-29 04:34:31] [INFO    ] [main] [CLASSIFY] zone=Fabrication-Shop | wbgt=18.6655 | risk=SAFE | action=Normal work, no restrictions
[2026-07-29 04:34:31] [INFO    ] [main] [DB] zone=Fabrication-Shop | db_id=220 | saved OK
[2026-07-29 04:34:31] [INFO    ] [main] [READING] zone=Annealing-Line | timestamp=2026-07-23T00:00:00
[2026-07-29 04:34:31] [DEBUG   ] [main] [READING] raw={"timestamp": "2026-07-23T00:00:00", "factory": "Shree Metal Works", "zone": "Annealing-Line", "temperature_unit": "celsius", "temperature": 24.4, "humidity": 44.4, "globe_temperature": 27.2, "wet_bul
[2026-07-29 04:34:31] [DEBUG   ] [main] [VALIDATE] zone=Annealing-Line | condition=ALL_DATA | missing=[] | flags=[]
[2026-07-29 04:34:31] [INFO    ] [main] [CALC] zone=Annealing-Line | ta=24.4 | rh=44.4 | tg=27.2 | tnwb=16.2 | wbgt=19.5
[2026-07-29 04:34:31] [DEBUG   ] [main] [CALC] data_quality={'ta': 'sensor', 'rh': 'sensor', 'tg': 'sensor', 'tnwb': 'sensor', 'wbgt': 'calculated'}
[2026-07-29 04:34:31] [INFO    ] [main] [CLASSIFY] zone=Annealing-Line | wbgt=19.5 | risk=SAFE | action=Normal work, no restrictions
[2026-07-29 04:34:31] [INFO    ] [main] [DB] zone=Annealing-Line | db_id=221 | saved OK
[2026-07-29 04:34:31] [INFO    ] [main] [READING] zone=Ladle-Metallurgy | timestamp=2026-07-23T01:00:00
[2026-07-29 04:34:31] [DEBUG   ] [main] [READING] raw={"timestamp": "2026-07-23T01:00:00", "factory": "Ganesh Alloys", "zone": "Ladle-Metallurgy", "temperature_unit": "celsius", "temperature": 30.0, "humidity": 0, "globe_temperature": 43.1, "wet_bulb_tem
[2026-07-29 04:34:31] [DEBUG   ] [main] [VALIDATE] zone=Ladle-Metallurgy | condition=ALL_DATA | missing=[] | flags=[]
[2026-07-29 04:34:31] [DEBUG   ] [urllib3.connectionpool] Starting new HTTPS connection (1): api.openweathermap.org:443
[2026-07-29 04:34:31] [DEBUG   ] [urllib3.connectionpool] https://api.openweathermap.org:443 "GET /data/2.5/weather?lat=12.9716&lon=77.5946&appid=88f2329e130bf480c72cfc84306978a1&units=metric HTTP/1.1" 200 524
[2026-07-29 04:34:31] [INFO    ] [main] [CALC] zone=Ladle-Metallurgy | ta=30.0 | rh=50.5 | tg=43.1 | tnwb=22.385 | wbgt=28.5995
[2026-07-29 04:34:31] [DEBUG   ] [main] [CALC] data_quality={'ta': 'sensor', 'rh': 'estimated', 'tg': 'sensor', 'tnwb': 'calculated', 'wbgt': 'calculated'}
[2026-07-29 04:34:31] [INFO    ] [main] [CLASSIFY] zone=Ladle-Metallurgy | wbgt=28.5995 | risk=CAUTION | action=Increase water breaks
[2026-07-29 04:34:31] [INFO    ] [main] [DB] zone=Ladle-Metallurgy | db_id=222 | saved OK
[2026-07-29 04:34:31] [INFO    ] [main] [READING] zone=Rolling-Mill | timestamp=2026-07-23T02:00:00
[2026-07-29 04:34:31] [DEBUG   ] [main] [READING] raw={"timestamp": "2026-07-23T02:00:00", "factory": "Shree Metal Works", "zone": "Rolling-Mill", "temperature_unit": "celsius", "temperature": 27.3, "humidity": 57.4, "globe_temperature": 35.0, "wet_bulb_
[2026-07-29 04:34:31] [DEBUG   ] [main] [VALIDATE] zone=Rolling-Mill | condition=ALL_DATA | missing=[] | flags=[]
[2026-07-29 04:34:31] [INFO    ] [main] [CALC] zone=Rolling-Mill | ta=27.3 | rh=57.4 | tg=35.0 | tnwb=20.7 | wbgt=24.99
[2026-07-29 04:34:31] [DEBUG   ] [main] [CALC] data_quality={'ta': 'sensor', 'rh': 'sensor', 'tg': 'sensor', 'tnwb': 'sensor', 'wbgt': 'calculated'}
[2026-07-29 04:34:31] [INFO    ] [main] [CLASSIFY] zone=Rolling-Mill | wbgt=24.99 | risk=SAFE | action=Normal work, no restrictions
[2026-07-29 04:34:31] [INFO    ] [main] [DB] zone=Rolling-Mill | db_id=223 | saved OK
[2026-07-29 04:34:31] [INFO    ] [main] [READING] zone=Annealing-Line | timestamp=2026-07-23T03:00:00
[2026-07-29 04:34:31] [DEBUG   ] [main] [READING] raw={"timestamp": "2026-07-23T03:00:00", "factory": "Vedanta", "zone": "Annealing-Line", "temperature_unit": "celsius", "temperature": 26.8, "humidity": 51.0, "globe_temperature": 33.2, "wet_bulb_temperat
[2026-07-29 04:34:31] [DEBUG   ] [main] [VALIDATE] zone=Annealing-Line | condition=ALL_DATA | missing=[] | flags=[]
[2026-07-29 04:34:31] [INFO    ] [main] [CALC] zone=Annealing-Line | ta=26.8 | rh=51.0 | tg=33.2 | tnwb=19.6 | wbgt=23.68
[2026-07-29 04:34:31] [DEBUG   ] [main] [CALC] data_quality={'ta': 'sensor', 'rh': 'sensor', 'tg': 'sensor', 'tnwb': 'sensor', 'wbgt': 'calculated'}
[2026-07-29 04:34:31] [INFO    ] [main] [CLASSIFY] zone=Annealing-Line | wbgt=23.68 | risk=SAFE | action=Normal work, no restrictions
[2026-07-29 04:34:31] [INFO    ] [main] [DB] zone=Annealing-Line | db_id=224 | saved OK
[2026-07-29 04:34:31] [INFO    ] [main] [READING] zone=Fabrication-Shop | timestamp=2026-07-23T04:00:00
[2026-07-29 04:34:31] [DEBUG   ] [main] [READING] raw={"timestamp": "2026-07-23T04:00:00", "factory": "Ganesh Alloys", "zone": "Fabrication-Shop", "temperature_unit": "celsius", "temperature": 22.4, "humidity": 66.9, "globe_temperature": 16.9, "wet_bulb_
[2026-07-29 04:34:31] [DEBUG   ] [main] [VALIDATE] zone=Fabrication-Shop | condition=None | missing=[] | flags=[]
[2026-07-29 04:34:31] [DEBUG   ] [main] [FAULT] zone=Fabrication-Shop | timestamp=2026-07-23T04:00:00 | reason=SENSOR_FAULT: globe_temp_c=16.9 is less than air_temp_c=22.4.
[2026-07-29 04:34:31] [INFO    ] [main] [READING] zone=Loading-Dock | timestamp=2026-07-23T05:00:00
[2026-07-29 04:34:31] [DEBUG   ] [main] [READING] raw={"timestamp": "2026-07-23T05:00:00", "factory": "JSPL", "zone": "Loading-Dock", "temperature_unit": "celsius", "temperature": 19.6, "humidity": 47.8, "globe_temperature": 21.5, "wet_bulb_temperature":
[2026-07-29 04:34:31] [DEBUG   ] [main] [VALIDATE] zone=Loading-Dock | condition=ALL_DATA | missing=[] | flags=[]
[2026-07-29 04:34:31] [INFO    ] [main] [CALC] zone=Loading-Dock | ta=19.6 | rh=47.8 | tg=21.5 | tnwb=13.2 | wbgt=15.69
[2026-07-29 04:34:31] [DEBUG   ] [main] [CALC] data_quality={'ta': 'sensor', 'rh': 'sensor', 'tg': 'sensor', 'tnwb': 'sensor', 'wbgt': 'calculated'}
[2026-07-29 04:34:31] [INFO    ] [main] [CLASSIFY] zone=Loading-Dock | wbgt=15.69 | risk=SAFE | action=Normal work, no restrictions
[2026-07-29 04:34:31] [INFO    ] [main] [DB] zone=Loading-Dock | db_id=225 | saved OK
[2026-07-29 04:34:31] [INFO    ] [main] [READING] zone=Furnace-1 | timestamp=2026-07-23T06:00:00
[2026-07-29 04:34:31] [DEBUG   ] [main] [READING] raw={"timestamp": "2026-07-23T06:00:00", "factory": "SAIL", "zone": "Furnace-1", "temperature_unit": "celsius", "temperature": 47.0, "humidity": 48.9, "globe_temperature": 69.2, "wet_bulb_temperature": 36
[2026-07-29 04:34:31] [DEBUG   ] [main] [VALIDATE] zone=Furnace-1 | condition=ALL_DATA | missing=[] | flags=[]
[2026-07-29 04:34:31] [INFO    ] [main] [CALC] zone=Furnace-1 | ta=47.0 | rh=48.9 | tg=69.2 | tnwb=36.3 | wbgt=46.17
[2026-07-29 04:34:31] [DEBUG   ] [main] [CALC] data_quality={'ta': 'sensor', 'rh': 'sensor', 'tg': 'sensor', 'tnwb': 'sensor', 'wbgt': 'calculated'}
[2026-07-29 04:34:31] [INFO    ] [main] [CLASSIFY] zone=Furnace-1 | wbgt=46.17 | risk=DANGER | action=Halt heavy work, mandatory rest, evacuate
[2026-07-29 04:34:31] [WARNING ] [main] [DANGER ALERT] zone=Furnace-1 | wbgt=46.17 | Halt heavy work, mandatory rest, evacuate
[2026-07-29 04:34:31] [INFO    ] [main] [DB] zone=Furnace-1 | db_id=226 | saved OK
[2026-07-29 04:34:31] [INFO    ] [main] [READING] zone=Warehouse | timestamp=2026-07-23T07:00:00
[2026-07-29 04:34:31] [DEBUG   ] [main] [READING] raw={"timestamp": "2026-07-23T07:00:00", "factory": "Shree Metal Works", "zone": "Warehouse", "temperature_unit": "celsius", "temperature": 23.0, "humidity": 70.0, "globe_temperature": 25.2, "wet_bulb_tem
[2026-07-29 04:34:31] [DEBUG   ] [main] [VALIDATE] zone=Warehouse | condition=ALL_DATA | missing=[] | flags=[]
[2026-07-29 04:34:31] [INFO    ] [main] [CALC] zone=Warehouse | ta=23.0 | rh=70.0 | tg=25.2 | tnwb=19.1 | wbgt=20.93
[2026-07-29 04:34:31] [DEBUG   ] [main] [CALC] data_quality={'ta': 'sensor', 'rh': 'sensor', 'tg': 'sensor', 'tnwb': 'sensor', 'wbgt': 'calculated'}
[2026-07-29 04:34:31] [INFO    ] [main] [CLASSIFY] zone=Warehouse | wbgt=20.93 | risk=SAFE | action=Normal work, no restrictions
[2026-07-29 04:34:31] [INFO    ] [main] [DB] zone=Warehouse | db_id=227 | saved OK
[2026-07-29 04:34:31] [INFO    ] [main] [READING] zone=Furnace-2 | timestamp=2026-07-23T08:00:00
[2026-07-29 04:34:31] [DEBUG   ] [main] [READING] raw={"timestamp": "2026-07-23T08:00:00", "factory": "Tata Steel", "zone": "Furnace-2", "temperature_unit": "celsius", "temperature": 33.1, "humidity": 122.8, "globe_temperature": 49.2, "wet_bulb_temperatu
[2026-07-29 04:34:31] [DEBUG   ] [main] [VALIDATE] zone=Furnace-2 | condition=None | missing=[] | flags=[]
[2026-07-29 04:34:31] [DEBUG   ] [main] [FAULT] zone=Furnace-2 | timestamp=2026-07-23T08:00:00 | reason=SENSOR_FAULT: relative_humidity_pct=122.8 is out of valid range 0–100 %.
[2026-07-29 04:34:31] [INFO    ] [main] [READING] zone=Continuous-Casting | timestamp=2026-07-23T09:00:00
[2026-07-29 04:34:31] [DEBUG   ] [main] [READING] raw={"timestamp": "2026-07-23T09:00:00", "factory": "Ganesh Alloys", "zone": "Continuous-Casting", "temperature_unit": "celsius", "temperature": 33.8, "humidity": 60.0, "globe_temperature": 49.3, "wet_bul
[2026-07-29 04:34:31] [DEBUG   ] [main] [VALIDATE] zone=Continuous-Casting | condition=ALL_DATA | missing=[] | flags=[]
[2026-07-29 04:34:31] [INFO    ] [main] [CALC] zone=Continuous-Casting | ta=33.8 | rh=60.0 | tg=49.3 | tnwb=27.8 | wbgt=34.25
[2026-07-29 04:34:31] [DEBUG   ] [main] [CALC] data_quality={'ta': 'sensor', 'rh': 'sensor', 'tg': 'sensor', 'tnwb': 'sensor', 'wbgt': 'calculated'}
[2026-07-29 04:34:31] [INFO    ] [main] [CLASSIFY] zone=Continuous-Casting | wbgt=34.25 | risk=DANGER | action=Halt heavy work, mandatory rest, evacuate
[2026-07-29 04:34:31] [WARNING ] [main] [DANGER ALERT] zone=Continuous-Casting | wbgt=34.25 | Halt heavy work, mandatory rest, evacuate
[2026-07-29 04:34:31] [INFO    ] [main] [DB] zone=Continuous-Casting | db_id=228 | saved OK
[2026-07-29 04:34:31] [INFO    ] [main] [READING] zone=Rolling-Mill | timestamp=2026-07-23T10:00:00
[2026-07-29 04:34:31] [DEBUG   ] [main] [READING] raw={"timestamp": "2026-07-23T10:00:00", "factory": "Shree Metal Works", "zone": "Rolling-Mill", "temperature_unit": "celsius", "temperature": 36.4, "humidity": 57.3, "globe_temperature": 34.2, "wet_bulb_
[2026-07-29 04:34:31] [DEBUG   ] [main] [VALIDATE] zone=Rolling-Mill | condition=None | missing=[] | flags=[]
[2026-07-29 04:34:31] [DEBUG   ] [main] [FAULT] zone=Rolling-Mill | timestamp=2026-07-23T10:00:00 | reason=SENSOR_FAULT: globe_temp_c=34.2 is less than air_temp_c=36.4.
[2026-07-29 04:34:31] [INFO    ] [main] [READING] zone=Ladle-Metallurgy | timestamp=2026-07-23T11:00:00
[2026-07-29 04:34:31] [DEBUG   ] [main] [READING] raw={"timestamp": "2026-07-23T11:00:00", "factory": "SAIL", "zone": "Ladle-Metallurgy", "temperature_unit": "celsius", "temperature": 37.1, "humidity": 43.1, "globe_temperature": 49.6, "wet_bulb_temperatu
[2026-07-29 04:34:31] [DEBUG   ] [main] [VALIDATE] zone=Ladle-Metallurgy | condition=ALL_DATA | missing=[] | flags=[]
[2026-07-29 04:34:31] [INFO    ] [main] [CALC] zone=Ladle-Metallurgy | ta=37.1 | rh=43.1 | tg=49.6 | tnwb=26.7 | wbgt=33.57
[2026-07-29 04:34:31] [DEBUG   ] [main] [CALC] data_quality={'ta': 'sensor', 'rh': 'sensor', 'tg': 'sensor', 'tnwb': 'sensor', 'wbgt': 'calculated'}
[2026-07-29 04:34:31] [INFO    ] [main] [CLASSIFY] zone=Ladle-Metallurgy | wbgt=33.57 | risk=DANGER | action=Halt heavy work, mandatory rest, evacuate
[2026-07-29 04:34:31] [WARNING ] [main] [DANGER ALERT] zone=Ladle-Metallurgy | wbgt=33.57 | Halt heavy work, mandatory rest, evacuate
[2026-07-29 04:34:31] [INFO    ] [main] [DB] zone=Ladle-Metallurgy | db_id=229 | saved OK
[2026-07-29 04:34:31] [INFO    ] [main] [READING] zone=EAF-Bay | timestamp=2026-07-23T12:00:00
[2026-07-29 04:34:31] [DEBUG   ] [main] [READING] raw={"timestamp": "2026-07-23T12:00:00", "factory": "JSPL", "zone": "EAF-Bay", "temperature_unit": "celsius", "temperature": 41.3, "humidity": 28.4, "globe_temperature": 0, "wet_bulb_temperature": 26.5}
[2026-07-29 04:34:31] [DEBUG   ] [main] [VALIDATE] zone=EAF-Bay | condition=None | missing=[] | flags=[]
[2026-07-29 04:34:31] [DEBUG   ] [main] [FAULT] zone=EAF-Bay | timestamp=2026-07-23T12:00:00 | reason=SENSOR_FAULT: globe_temp_c=0.0 is less than air_temp_c=41.3.
[2026-07-29 04:34:31] [INFO    ] [main] [READING] zone=Furnace-2 | timestamp=2026-07-23T13:00:00
[2026-07-29 04:34:31] [DEBUG   ] [main] [READING] raw={"timestamp": "2026-07-23T13:00:00", "factory": "Vedanta", "zone": "Furnace-2", "temperature_unit": "celsius", "temperature": 38.0, "humidity": 43.1, "globe_temperature": 56.3, "wet_bulb_temperature":
[2026-07-29 04:34:31] [DEBUG   ] [main] [VALIDATE] zone=Furnace-2 | condition=ALL_DATA | missing=[] | flags=[]
[2026-07-29 04:34:31] [INFO    ] [main] [CALC] zone=Furnace-2 | ta=38.0 | rh=43.1 | tg=56.3 | tnwb=27.9 | wbgt=36.42
[2026-07-29 04:34:31] [DEBUG   ] [main] [CALC] data_quality={'ta': 'sensor', 'rh': 'sensor', 'tg': 'sensor', 'tnwb': 'sensor', 'wbgt': 'calculated'}
[2026-07-29 04:34:31] [INFO    ] [main] [CLASSIFY] zone=Furnace-2 | wbgt=36.42 | risk=DANGER | action=Halt heavy work, mandatory rest, evacuate
[2026-07-29 04:34:31] [WARNING ] [main] [DANGER ALERT] zone=Furnace-2 | wbgt=36.42 | Halt heavy work, mandatory rest, evacuate
[2026-07-29 04:34:31] [INFO    ] [main] [DB] zone=Furnace-2 | db_id=230 | saved OK
[2026-07-29 04:34:31] [INFO    ] [main] [READING] zone=EAF-Bay | timestamp=2026-07-23T14:00:00
[2026-07-29 04:34:31] [DEBUG   ] [main] [READING] raw={"timestamp": "2026-07-23T14:00:00", "factory": "SAIL", "zone": "EAF-Bay", "temperature_unit": "celsius", "temperature": 40.4, "humidity": 35.2, "globe_temperature": 60.3, "wet_bulb_temperature": 27.5
[2026-07-29 04:34:31] [DEBUG   ] [main] [VALIDATE] zone=EAF-Bay | condition=ALL_DATA | missing=[] | flags=[]
[2026-07-29 04:34:31] [INFO    ] [main] [CALC] zone=EAF-Bay | ta=40.4 | rh=35.2 | tg=60.3 | tnwb=27.5 | wbgt=37.34
[2026-07-29 04:34:31] [DEBUG   ] [main] [CALC] data_quality={'ta': 'sensor', 'rh': 'sensor', 'tg': 'sensor', 'tnwb': 'sensor', 'wbgt': 'calculated'}
[2026-07-29 04:34:31] [INFO    ] [main] [CLASSIFY] zone=EAF-Bay | wbgt=37.34 | risk=DANGER | action=Halt heavy work, mandatory rest, evacuate
[2026-07-29 04:34:31] [WARNING ] [main] [DANGER ALERT] zone=EAF-Bay | wbgt=37.34 | Halt heavy work, mandatory rest, evacuate
[2026-07-29 04:34:31] [INFO    ] [main] [DB] zone=EAF-Bay | db_id=231 | saved OK
[2026-07-29 04:34:31] [INFO    ] [main] [READING] zone=Fabrication-Shop | timestamp=2026-07-23T15:00:00
[2026-07-29 04:34:31] [DEBUG   ] [main] [READING] raw={"timestamp": "2026-07-23T15:00:00", "factory": "SAIL", "zone": "Fabrication-Shop", "temperature_unit": "celsius", "temperature": 31.9, "humidity": 59.2, "globe_temperature": 33.8, "wet_bulb_temperatu
[2026-07-29 04:34:31] [DEBUG   ] [main] [VALIDATE] zone=Fabrication-Shop | condition=ALL_DATA | missing=[] | flags=[]
[2026-07-29 04:34:31] [INFO    ] [main] [CALC] zone=Fabrication-Shop | ta=31.9 | rh=59.2 | tg=33.8 | tnwb=25.7 | wbgt=28.13
[2026-07-29 04:34:31] [DEBUG   ] [main] [CALC] data_quality={'ta': 'sensor', 'rh': 'sensor', 'tg': 'sensor', 'tnwb': 'sensor', 'wbgt': 'calculated'}
[2026-07-29 04:34:31] [INFO    ] [main] [CLASSIFY] zone=Fabrication-Shop | wbgt=28.13 | risk=CAUTION | action=Increase water breaks
[2026-07-29 04:34:31] [INFO    ] [main] [DB] zone=Fabrication-Shop | db_id=232 | saved OK
[2026-07-29 04:34:31] [INFO    ] [main] [READING] zone=Loading-Dock | timestamp=2026-07-23T16:00:00
[2026-07-29 04:34:31] [DEBUG   ] [main] [READING] raw={"timestamp": "2026-07-23T16:00:00", "factory": "Ganesh Alloys", "zone": "Loading-Dock", "temperature_unit": "celsius", "temperature": 25.5, "humidity": 57.6, "globe_temperature": 27.3, "wet_bulb_temp
[2026-07-29 04:34:31] [DEBUG   ] [main] [VALIDATE] zone=Loading-Dock | condition=ALL_DATA | missing=[] | flags=[]
[2026-07-29 04:34:31] [INFO    ] [main] [CALC] zone=Loading-Dock | ta=25.5 | rh=57.6 | tg=27.3 | tnwb=19.3 | wbgt=21.7
[2026-07-29 04:34:31] [DEBUG   ] [main] [CALC] data_quality={'ta': 'sensor', 'rh': 'sensor', 'tg': 'sensor', 'tnwb': 'sensor', 'wbgt': 'calculated'}
[2026-07-29 04:34:31] [INFO    ] [main] [CLASSIFY] zone=Loading-Dock | wbgt=21.7 | risk=SAFE | action=Normal work, no restrictions
[2026-07-29 04:34:31] [INFO    ] [main] [DB] zone=Loading-Dock | db_id=233 | saved OK
[2026-07-29 04:34:31] [INFO    ] [main] [READING] zone=Rolling-Mill | timestamp=2026-07-23T17:00:00
[2026-07-29 04:34:31] [DEBUG   ] [main] [READING] raw={"timestamp": "2026-07-23T17:00:00", "factory": "Ganesh Alloys", "zone": "Rolling-Mill", "temperature_unit": "celsius", "temperature": 35.9, "humidity": 56.0, "globe_temperature": 43.2, "wet_bulb_temp
[2026-07-29 04:34:31] [DEBUG   ] [main] [VALIDATE] zone=Rolling-Mill | condition=ALL_DATA | missing=[] | flags=[]
[2026-07-29 04:34:31] [INFO    ] [main] [CALC] zone=Rolling-Mill | ta=35.9 | rh=56.0 | tg=43.2 | tnwb=41.1 | wbgt=41.73
[2026-07-29 04:34:31] [DEBUG   ] [main] [CALC] data_quality={'ta': 'sensor', 'rh': 'sensor', 'tg': 'sensor', 'tnwb': 'sensor', 'wbgt': 'calculated'}
[2026-07-29 04:34:31] [INFO    ] [main] [CLASSIFY] zone=Rolling-Mill | wbgt=41.73 | risk=DANGER | action=Halt heavy work, mandatory rest, evacuate
[2026-07-29 04:34:31] [WARNING ] [main] [DANGER ALERT] zone=Rolling-Mill | wbgt=41.73 | Halt heavy work, mandatory rest, evacuate
[2026-07-29 04:34:31] [INFO    ] [main] [DB] zone=Rolling-Mill | db_id=234 | saved OK
[2026-07-29 04:34:31] [INFO    ] [main] [READING] zone=Continuous-Casting | timestamp=2026-07-23T18:00:00
[2026-07-29 04:34:31] [DEBUG   ] [main] [READING] raw={"timestamp": "2026-07-23T18:00:00", "factory": "Tata Steel", "zone": "Continuous-Casting", "temperature_unit": "celsius", "temperature": 31.9, "humidity": 52.8, "globe_temperature": 0, "wet_bulb_temp
[2026-07-29 04:34:31] [DEBUG   ] [main] [VALIDATE] zone=Continuous-Casting | condition=None | missing=[] | flags=[]
[2026-07-29 04:34:31] [DEBUG   ] [main] [FAULT] zone=Continuous-Casting | timestamp=2026-07-23T18:00:00 | reason=SENSOR_FAULT: globe_temp_c=0.0 is less than air_temp_c=31.9.
[2026-07-29 04:34:31] [INFO    ] [main] [READING] zone=Warehouse | timestamp=2026-07-23T19:00:00
[2026-07-29 04:34:31] [DEBUG   ] [main] [READING] raw={"timestamp": "2026-07-23T19:00:00", "factory": "SAIL", "zone": "Warehouse", "temperature_unit": "celsius", "temperature": 39.0, "humidity": 61.4, "globe_temperature": 46.0, "wet_bulb_temperature": 32
[2026-07-29 04:34:31] [DEBUG   ] [main] [VALIDATE] zone=Warehouse | condition=ALL_DATA | missing=[] | flags=[]
[2026-07-29 04:34:31] [INFO    ] [main] [CALC] zone=Warehouse | ta=39.0 | rh=61.4 | tg=46.0 | tnwb=32.3 | wbgt=36.41
[2026-07-29 04:34:31] [DEBUG   ] [main] [CALC] data_quality={'ta': 'sensor', 'rh': 'sensor', 'tg': 'sensor', 'tnwb': 'sensor', 'wbgt': 'calculated'}
[2026-07-29 04:34:31] [INFO    ] [main] [CLASSIFY] zone=Warehouse | wbgt=36.41 | risk=DANGER | action=Halt heavy work, mandatory rest, evacuate
[2026-07-29 04:34:31] [WARNING ] [main] [DANGER ALERT] zone=Warehouse | wbgt=36.41 | Halt heavy work, mandatory rest, evacuate
[2026-07-29 04:34:31] [INFO    ] [main] [DB] zone=Warehouse | db_id=235 | saved OK
[2026-07-29 04:34:31] [INFO    ] [main] [READING] zone=Furnace-1 | timestamp=2026-07-23T20:00:00
[2026-07-29 04:34:31] [DEBUG   ] [main] [READING] raw={"timestamp": "2026-07-23T20:00:00", "factory": "Tata Steel", "zone": "Furnace-1", "temperature_unit": "celsius", "temperature": 40.6, "humidity": 41.8, "globe_temperature": 58.0, "wet_bulb_temperatur
[2026-07-29 04:34:31] [DEBUG   ] [main] [VALIDATE] zone=Furnace-1 | condition=ALL_DATA | missing=[] | flags=[]
[2026-07-29 04:34:31] [INFO    ] [main] [CALC] zone=Furnace-1 | ta=40.6 | rh=41.8 | tg=58.0 | tnwb=29.8 | wbgt=38.26
[2026-07-29 04:34:31] [DEBUG   ] [main] [CALC] data_quality={'ta': 'sensor', 'rh': 'sensor', 'tg': 'sensor', 'tnwb': 'sensor', 'wbgt': 'calculated'}
[2026-07-29 04:34:31] [INFO    ] [main] [CLASSIFY] zone=Furnace-1 | wbgt=38.26 | risk=DANGER | action=Halt heavy work, mandatory rest, evacuate
[2026-07-29 04:34:31] [WARNING ] [main] [DANGER ALERT] zone=Furnace-1 | wbgt=38.26 | Halt heavy work, mandatory rest, evacuate
[2026-07-29 04:34:31] [INFO    ] [main] [DB] zone=Furnace-1 | db_id=236 | saved OK
[2026-07-29 04:34:31] [INFO    ] [main] [READING] zone=Annealing-Line | timestamp=2026-07-23T21:00:00
[2026-07-29 04:34:31] [DEBUG   ] [main] [READING] raw={"timestamp": "2026-07-23T21:00:00", "factory": "Ganesh Alloys", "zone": "Annealing-Line", "temperature_unit": "celsius", "temperature": 29.2, "humidity": 56.5, "globe_temperature": 34.3, "wet_bulb_te
[2026-07-29 04:34:31] [DEBUG   ] [main] [VALIDATE] zone=Annealing-Line | condition=ALL_DATA | missing=[] | flags=[]
[2026-07-29 04:34:31] [INFO    ] [main] [CALC] zone=Annealing-Line | ta=29.2 | rh=56.5 | tg=34.3 | tnwb=22.4 | wbgt=25.97
[2026-07-29 04:34:31] [DEBUG   ] [main] [CALC] data_quality={'ta': 'sensor', 'rh': 'sensor', 'tg': 'sensor', 'tnwb': 'sensor', 'wbgt': 'calculated'}
[2026-07-29 04:34:31] [INFO    ] [main] [CLASSIFY] zone=Annealing-Line | wbgt=25.97 | risk=SAFE | action=Normal work, no restrictions
[2026-07-29 04:34:31] [INFO    ] [main] [DB] zone=Annealing-Line | db_id=237 | saved OK
[2026-07-29 04:34:31] [INFO    ] [main] [READING] zone=Ladle-Metallurgy | timestamp=2026-07-23T22:00:00
[2026-07-29 04:34:31] [DEBUG   ] [main] [READING] raw={"timestamp": "2026-07-23T22:00:00", "factory": "Tata Steel", "zone": "Ladle-Metallurgy", "temperature_unit": "celsius", "temperature": 31.0, "humidity": 37.7, "globe_temperature": 47.6, "wet_bulb_tem
[2026-07-29 04:34:31] [DEBUG   ] [main] [VALIDATE] zone=Ladle-Metallurgy | condition=ALL_DATA | missing=[] | flags=[]
[2026-07-29 04:34:31] [INFO    ] [main] [CALC] zone=Ladle-Metallurgy | ta=31.0 | rh=37.7 | tg=47.6 | tnwb=20.4 | wbgt=28.56
[2026-07-29 04:34:31] [DEBUG   ] [main] [CALC] data_quality={'ta': 'sensor', 'rh': 'sensor', 'tg': 'sensor', 'tnwb': 'sensor', 'wbgt': 'calculated'}
[2026-07-29 04:34:31] [INFO    ] [main] [CLASSIFY] zone=Ladle-Metallurgy | wbgt=28.56 | risk=CAUTION | action=Increase water breaks
[2026-07-29 04:34:31] [INFO    ] [main] [DB] zone=Ladle-Metallurgy | db_id=238 | saved OK
[2026-07-29 04:34:31] [INFO    ] [main] [READING] zone=Continuous-Casting | timestamp=2026-07-23T23:00:00
[2026-07-29 04:34:31] [DEBUG   ] [main] [READING] raw={"timestamp": "2026-07-23T23:00:00", "factory": "Vedanta", "zone": "Continuous-Casting", "temperature_unit": "celsius", "temperature": 28.7, "humidity": 47.6, "globe_temperature": 0, "wet_bulb_tempera
[2026-07-29 04:34:31] [DEBUG   ] [main] [VALIDATE] zone=Continuous-Casting | condition=None | missing=[] | flags=[]
[2026-07-29 04:34:31] [DEBUG   ] [main] [FAULT] zone=Continuous-Casting | timestamp=2026-07-23T23:00:00 | reason=SENSOR_FAULT: globe_temp_c=0.0 is less than air_temp_c=28.7.
[2026-07-29 04:34:31] [INFO    ] [main] [READING] zone=Ladle-Metallurgy | timestamp=2026-07-24T00:00:00
[2026-07-29 04:34:31] [DEBUG   ] [main] [READING] raw={"timestamp": "2026-07-24T00:00:00", "factory": "JSW Steel", "zone": "Ladle-Metallurgy", "temperature_unit": "celsius", "temperature": 33.4, "humidity": 0, "globe_temperature": 0, "wet_bulb_temperatur
[2026-07-29 04:34:31] [DEBUG   ] [main] [VALIDATE] zone=Ladle-Metallurgy | condition=None | missing=[] | flags=[]
[2026-07-29 04:34:31] [DEBUG   ] [main] [FAULT] zone=Ladle-Metallurgy | timestamp=2026-07-24T00:00:00 | reason=SENSOR_FAULT: globe_temp_c=0.0 is less than air_temp_c=33.4.
[2026-07-29 04:34:31] [INFO    ] [main] [READING] zone=Fabrication-Shop | timestamp=2026-07-24T01:00:00
[2026-07-29 04:34:31] [DEBUG   ] [main] [READING] raw={"timestamp": "2026-07-24T01:00:00", "factory": "JSPL", "zone": "Fabrication-Shop", "temperature_unit": "celsius", "temperature": 20.9, "humidity": 0, "globe_temperature": 22.2, "wet_bulb_temperature"
[2026-07-29 04:34:31] [DEBUG   ] [main] [VALIDATE] zone=Fabrication-Shop | condition=ALL_DATA | missing=[] | flags=[]
[2026-07-29 04:34:31] [DEBUG   ] [urllib3.connectionpool] Starting new HTTPS connection (1): api.openweathermap.org:443
[2026-07-29 04:34:32] [DEBUG   ] [urllib3.connectionpool] https://api.openweathermap.org:443 "GET /data/2.5/weather?lat=12.9716&lon=77.5946&appid=88f2329e130bf480c72cfc84306978a1&units=metric HTTP/1.1" 200 524
[2026-07-29 04:34:32] [INFO    ] [main] [CALC] zone=Fabrication-Shop | ta=20.9 | rh=86.79 | tg=22.2 | tnwb=15.8 | wbgt=17.72
[2026-07-29 04:34:32] [DEBUG   ] [main] [CALC] data_quality={'ta': 'sensor', 'rh': 'estimated', 'tg': 'sensor', 'tnwb': 'sensor', 'wbgt': 'calculated'}
[2026-07-29 04:34:32] [INFO    ] [main] [CLASSIFY] zone=Fabrication-Shop | wbgt=17.72 | risk=SAFE | action=Normal work, no restrictions
[2026-07-29 04:34:32] [INFO    ] [main] [DB] zone=Fabrication-Shop | db_id=239 | saved OK
[2026-07-29 04:34:32] [INFO    ] [main] [READING] zone=EAF-Bay | timestamp=2026-07-24T02:00:00
[2026-07-29 04:34:32] [DEBUG   ] [main] [READING] raw={"timestamp": "2026-07-24T02:00:00", "factory": "SAIL", "zone": "EAF-Bay", "temperature_unit": "celsius", "temperature": 46.6, "humidity": 47.0, "globe_temperature": 0, "wet_bulb_temperature": 0}
[2026-07-29 04:34:32] [DEBUG   ] [main] [VALIDATE] zone=EAF-Bay | condition=None | missing=[] | flags=[]
[2026-07-29 04:34:32] [DEBUG   ] [main] [FAULT] zone=EAF-Bay | timestamp=2026-07-24T02:00:00 | reason=SENSOR_FAULT: globe_temp_c=0.0 is less than air_temp_c=46.6.
[2026-07-29 04:34:32] [INFO    ] [main] [READING] zone=Furnace-2 | timestamp=2026-07-24T03:00:00
[2026-07-29 04:34:32] [DEBUG   ] [main] [READING] raw={"timestamp": "2026-07-24T03:00:00", "factory": "JSPL", "zone": "Furnace-2", "temperature_unit": "celsius", "temperature": 35.3, "humidity": 35.8, "globe_temperature": 49.5, "wet_bulb_temperature": 24
[2026-07-29 04:34:32] [DEBUG   ] [main] [VALIDATE] zone=Furnace-2 | condition=ALL_DATA | missing=[] | flags=[]
[2026-07-29 04:34:32] [INFO    ] [main] [CALC] zone=Furnace-2 | ta=35.3 | rh=35.8 | tg=49.5 | tnwb=24.2 | wbgt=31.79
[2026-07-29 04:34:32] [DEBUG   ] [main] [CALC] data_quality={'ta': 'sensor', 'rh': 'sensor', 'tg': 'sensor', 'tnwb': 'sensor', 'wbgt': 'calculated'}
[2026-07-29 04:34:32] [INFO    ] [main] [CLASSIFY] zone=Furnace-2 | wbgt=31.79 | risk=DANGER | action=Halt heavy work, mandatory rest, evacuate
[2026-07-29 04:34:32] [WARNING ] [main] [DANGER ALERT] zone=Furnace-2 | wbgt=31.79 | Halt heavy work, mandatory rest, evacuate
[2026-07-29 04:34:32] [INFO    ] [main] [DB] zone=Furnace-2 | db_id=240 | saved OK
[2026-07-29 04:34:32] [INFO    ] [main] [READING] zone=Rolling-Mill | timestamp=2026-07-24T04:00:00
[2026-07-29 04:34:32] [DEBUG   ] [main] [READING] raw={"timestamp": "2026-07-24T04:00:00", "factory": "JSW Steel", "zone": "Rolling-Mill", "temperature_unit": "celsius", "temperature": 38.3, "humidity": 45.7, "globe_temperature": 51.8, "wet_bulb_temperat
[2026-07-29 04:34:32] [DEBUG   ] [main] [VALIDATE] zone=Rolling-Mill | condition=ALL_DATA | missing=[] | flags=[]
[2026-07-29 04:34:32] [INFO    ] [main] [CALC] zone=Rolling-Mill | ta=38.3 | rh=45.7 | tg=51.8 | tnwb=28.7 | wbgt=35.63
[2026-07-29 04:34:32] [DEBUG   ] [main] [CALC] data_quality={'ta': 'sensor', 'rh': 'sensor', 'tg': 'sensor', 'tnwb': 'sensor', 'wbgt': 'calculated'}
[2026-07-29 04:34:32] [INFO    ] [main] [CLASSIFY] zone=Rolling-Mill | wbgt=35.63 | risk=DANGER | action=Halt heavy work, mandatory rest, evacuate
[2026-07-29 04:34:32] [WARNING ] [main] [DANGER ALERT] zone=Rolling-Mill | wbgt=35.63 | Halt heavy work, mandatory rest, evacuate
[2026-07-29 04:34:32] [INFO    ] [main] [DB] zone=Rolling-Mill | db_id=241 | saved OK
[2026-07-29 04:34:32] [INFO    ] [main] [READING] zone=Warehouse | timestamp=2026-07-24T05:00:00
[2026-07-29 04:34:32] [DEBUG   ] [main] [READING] raw={"timestamp": "2026-07-24T05:00:00", "factory": "Vedanta", "zone": "Warehouse", "temperature_unit": "celsius", "temperature": 25.1, "humidity": 49.2, "globe_temperature": 0, "wet_bulb_temperature": 0}
[2026-07-29 04:34:32] [DEBUG   ] [main] [VALIDATE] zone=Warehouse | condition=None | missing=[] | flags=[]
[2026-07-29 04:34:32] [DEBUG   ] [main] [FAULT] zone=Warehouse | timestamp=2026-07-24T05:00:00 | reason=SENSOR_FAULT: globe_temp_c=0.0 is less than air_temp_c=25.1.
[2026-07-29 04:34:32] [INFO    ] [main] [READING] zone=Furnace-1 | timestamp=2026-07-24T06:00:00
[2026-07-29 04:34:32] [DEBUG   ] [main] [READING] raw={"timestamp": "2026-07-24T06:00:00", "factory": "Shree Metal Works", "zone": "Furnace-1", "temperature_unit": "celsius", "temperature": 33.5, "humidity": 38.2, "globe_temperature": 50.4, "wet_bulb_tem
[2026-07-29 04:34:32] [DEBUG   ] [main] [VALIDATE] zone=Furnace-1 | condition=ALL_DATA | missing=[] | flags=[]
[2026-07-29 04:34:32] [INFO    ] [main] [CALC] zone=Furnace-1 | ta=33.5 | rh=38.2 | tg=50.4 | tnwb=22.9074 | wbgt=31.1552
[2026-07-29 04:34:32] [DEBUG   ] [main] [CALC] data_quality={'ta': 'sensor', 'rh': 'sensor', 'tg': 'sensor', 'tnwb': 'calculated', 'wbgt': 'calculated'}
[2026-07-29 04:34:32] [INFO    ] [main] [CLASSIFY] zone=Furnace-1 | wbgt=31.1552 | risk=DANGER | action=Halt heavy work, mandatory rest, evacuate
[2026-07-29 04:34:32] [WARNING ] [main] [DANGER ALERT] zone=Furnace-1 | wbgt=31.1552 | Halt heavy work, mandatory rest, evacuate
[2026-07-29 04:34:32] [INFO    ] [main] [DB] zone=Furnace-1 | db_id=242 | saved OK
[2026-07-29 04:34:32] [INFO    ] [main] [READING] zone=Loading-Dock | timestamp=2026-07-24T07:00:00
[2026-07-29 04:34:32] [DEBUG   ] [main] [READING] raw={"timestamp": "2026-07-24T07:00:00", "factory": "Ganesh Alloys", "zone": "Loading-Dock", "temperature_unit": "celsius", "temperature": 21.5, "humidity": 39.1, "globe_temperature": 22.3, "wet_bulb_temp
[2026-07-29 04:34:32] [DEBUG   ] [main] [VALIDATE] zone=Loading-Dock | condition=ALL_DATA | missing=[] | flags=[]
[2026-07-29 04:34:32] [INFO    ] [main] [CALC] zone=Loading-Dock | ta=21.5 | rh=39.1 | tg=22.3 | tnwb=13.4 | wbgt=16.07
[2026-07-29 04:34:32] [DEBUG   ] [main] [CALC] data_quality={'ta': 'sensor', 'rh': 'sensor', 'tg': 'sensor', 'tnwb': 'sensor', 'wbgt': 'calculated'}
[2026-07-29 04:34:32] [INFO    ] [main] [CLASSIFY] zone=Loading-Dock | wbgt=16.07 | risk=SAFE | action=Normal work, no restrictions
[2026-07-29 04:34:32] [INFO    ] [main] [DB] zone=Loading-Dock | db_id=243 | saved OK
[2026-07-29 04:34:32] [INFO    ] [main] [READING] zone=Annealing-Line | timestamp=2026-07-24T08:00:00
[2026-07-29 04:34:32] [DEBUG   ] [main] [READING] raw={"timestamp": "2026-07-24T08:00:00", "factory": "SAIL", "zone": "Annealing-Line", "temperature_unit": "celsius", "temperature": 29.1, "humidity": 63.3, "globe_temperature": 33.1, "wet_bulb_temperature
[2026-07-29 04:34:32] [DEBUG   ] [main] [VALIDATE] zone=Annealing-Line | condition=ALL_DATA | missing=[] | flags=[]
[2026-07-29 04:34:32] [INFO    ] [main] [CALC] zone=Annealing-Line | ta=29.1 | rh=63.3 | tg=33.1 | tnwb=23.4 | wbgt=26.31
[2026-07-29 04:34:32] [DEBUG   ] [main] [CALC] data_quality={'ta': 'sensor', 'rh': 'sensor', 'tg': 'sensor', 'tnwb': 'sensor', 'wbgt': 'calculated'}
[2026-07-29 04:34:32] [INFO    ] [main] [CLASSIFY] zone=Annealing-Line | wbgt=26.31 | risk=SAFE | action=Normal work, no restrictions
[2026-07-29 04:34:32] [INFO    ] [main] [DB] zone=Annealing-Line | db_id=244 | saved OK
[2026-07-29 04:34:32] [INFO    ] [main] [READING] zone=Loading-Dock | timestamp=2026-07-24T09:00:00
[2026-07-29 04:34:32] [DEBUG   ] [main] [READING] raw={"timestamp": "2026-07-24T09:00:00", "factory": "Vedanta", "zone": "Loading-Dock", "temperature_unit": "celsius", "temperature": 32.2, "humidity": 47.5, "globe_temperature": 0, "wet_bulb_temperature":
[2026-07-29 04:34:32] [DEBUG   ] [main] [VALIDATE] zone=Loading-Dock | condition=None | missing=[] | flags=[]
[2026-07-29 04:34:32] [DEBUG   ] [main] [FAULT] zone=Loading-Dock | timestamp=2026-07-24T09:00:00 | reason=SENSOR_FAULT: globe_temp_c=0.0 is less than air_temp_c=32.2.
[2026-07-29 04:34:32] [INFO    ] [main] [READING] zone=Rolling-Mill | timestamp=2026-07-24T10:00:00
[2026-07-29 04:34:32] [DEBUG   ] [main] [READING] raw={"timestamp": "2026-07-24T10:00:00", "factory": "Vedanta", "zone": "Rolling-Mill", "temperature_unit": "celsius", "temperature": 31.2, "humidity": 57.0, "globe_temperature": 40.6, "wet_bulb_temperatur
[2026-07-29 04:34:32] [DEBUG   ] [main] [VALIDATE] zone=Rolling-Mill | condition=ALL_DATA | missing=[] | flags=[]
[2026-07-29 04:34:32] [INFO    ] [main] [CALC] zone=Rolling-Mill | ta=31.2 | rh=57.0 | tg=40.6 | tnwb=24.7 | wbgt=29.47
[2026-07-29 04:34:32] [DEBUG   ] [main] [CALC] data_quality={'ta': 'sensor', 'rh': 'sensor', 'tg': 'sensor', 'tnwb': 'sensor', 'wbgt': 'calculated'}
[2026-07-29 04:34:32] [INFO    ] [main] [CLASSIFY] zone=Rolling-Mill | wbgt=29.47 | risk=WARNING | action=Enforce work/rest cycles (50 min work, 10 min rest)
[2026-07-29 04:34:32] [WARNING ] [main] [WARNING ALERT] zone=Rolling-Mill | wbgt=29.47 | Enforce work/rest cycles (50 min work, 10 min rest)
[2026-07-29 04:34:32] [INFO    ] [main] [DB] zone=Rolling-Mill | db_id=245 | saved OK
[2026-07-29 04:34:32] [INFO    ] [main] [READING] zone=Furnace-1 | timestamp=2026-07-24T11:00:00
[2026-07-29 04:34:32] [DEBUG   ] [main] [READING] raw={"timestamp": "2026-07-24T11:00:00", "factory": "Ganesh Alloys", "zone": "Furnace-1", "temperature_unit": "celsius", "temperature": 36.9, "humidity": 35.8, "globe_temperature": 0, "wet_bulb_temperatur
[2026-07-29 04:34:32] [DEBUG   ] [main] [VALIDATE] zone=Furnace-1 | condition=None | missing=[] | flags=[]
[2026-07-29 04:34:32] [DEBUG   ] [main] [FAULT] zone=Furnace-1 | timestamp=2026-07-24T11:00:00 | reason=SENSOR_FAULT: globe_temp_c=0.0 is less than air_temp_c=36.9.
[2026-07-29 04:34:32] [INFO    ] [main] [READING] zone=EAF-Bay | timestamp=2026-07-24T12:00:00
[2026-07-29 04:34:32] [DEBUG   ] [main] [READING] raw={"timestamp": "2026-07-24T12:00:00", "factory": "JSPL", "zone": "EAF-Bay", "temperature_unit": "celsius", "temperature": 44.1, "humidity": 27.3, "globe_temperature": 60.9, "wet_bulb_temperature": 28.4
[2026-07-29 04:34:32] [DEBUG   ] [main] [VALIDATE] zone=EAF-Bay | condition=ALL_DATA | missing=[] | flags=[]
[2026-07-29 04:34:32] [INFO    ] [main] [CALC] zone=EAF-Bay | ta=44.1 | rh=27.3 | tg=60.9 | tnwb=28.4 | wbgt=38.15
[2026-07-29 04:34:32] [DEBUG   ] [main] [CALC] data_quality={'ta': 'sensor', 'rh': 'sensor', 'tg': 'sensor', 'tnwb': 'sensor', 'wbgt': 'calculated'}
[2026-07-29 04:34:32] [INFO    ] [main] [CLASSIFY] zone=EAF-Bay | wbgt=38.15 | risk=DANGER | action=Halt heavy work, mandatory rest, evacuate
[2026-07-29 04:34:32] [WARNING ] [main] [DANGER ALERT] zone=EAF-Bay | wbgt=38.15 | Halt heavy work, mandatory rest, evacuate
[2026-07-29 04:34:32] [INFO    ] [main] [DB] zone=EAF-Bay | db_id=246 | saved OK
[2026-07-29 04:34:32] [INFO    ] [main] [READING] zone=Continuous-Casting | timestamp=2026-07-24T13:00:00
[2026-07-29 04:34:32] [DEBUG   ] [main] [READING] raw={"timestamp": "2026-07-24T13:00:00", "factory": "Tata Steel", "zone": "Continuous-Casting", "temperature_unit": "celsius", "temperature": 38.3, "humidity": 52.8, "globe_temperature": 53.9, "wet_bulb_t
[2026-07-29 04:34:32] [DEBUG   ] [main] [VALIDATE] zone=Continuous-Casting | condition=ALL_DATA | missing=[] | flags=[]
[2026-07-29 04:34:32] [INFO    ] [main] [CALC] zone=Continuous-Casting | ta=38.3 | rh=52.8 | tg=53.9 | tnwb=29.8 | wbgt=37.03
[2026-07-29 04:34:32] [DEBUG   ] [main] [CALC] data_quality={'ta': 'sensor', 'rh': 'sensor', 'tg': 'sensor', 'tnwb': 'sensor', 'wbgt': 'calculated'}
[2026-07-29 04:34:32] [INFO    ] [main] [CLASSIFY] zone=Continuous-Casting | wbgt=37.03 | risk=DANGER | action=Halt heavy work, mandatory rest, evacuate
[2026-07-29 04:34:32] [WARNING ] [main] [DANGER ALERT] zone=Continuous-Casting | wbgt=37.03 | Halt heavy work, mandatory rest, evacuate
[2026-07-29 04:34:32] [INFO    ] [main] [DB] zone=Continuous-Casting | db_id=247 | saved OK
[2026-07-29 04:34:32] [INFO    ] [main] [READING] zone=Fabrication-Shop | timestamp=2026-07-24T14:00:00
[2026-07-29 04:34:32] [DEBUG   ] [main] [READING] raw={"timestamp": "2026-07-24T14:00:00", "factory": "JSPL", "zone": "Fabrication-Shop", "temperature_unit": "celsius", "temperature": 28.6, "humidity": 67.9, "globe_temperature": 30.3, "wet_bulb_temperatu
[2026-07-29 04:34:32] [DEBUG   ] [main] [VALIDATE] zone=Fabrication-Shop | condition=ALL_DATA | missing=[] | flags=[]
[2026-07-29 04:34:32] [INFO    ] [main] [CALC] zone=Fabrication-Shop | ta=28.6 | rh=67.9 | tg=30.3 | tnwb=24.4 | wbgt=26.17
[2026-07-29 04:34:32] [DEBUG   ] [main] [CALC] data_quality={'ta': 'sensor', 'rh': 'sensor', 'tg': 'sensor', 'tnwb': 'sensor', 'wbgt': 'calculated'}
[2026-07-29 04:34:32] [INFO    ] [main] [CLASSIFY] zone=Fabrication-Shop | wbgt=26.17 | risk=SAFE | action=Normal work, no restrictions
[2026-07-29 04:34:32] [INFO    ] [main] [DB] zone=Fabrication-Shop | db_id=248 | saved OK
[2026-07-29 04:34:32] [INFO    ] [main] [READING] zone=Ladle-Metallurgy | timestamp=2026-07-24T15:00:00
[2026-07-29 04:34:32] [DEBUG   ] [main] [READING] raw={"timestamp": "2026-07-24T15:00:00", "factory": "Ganesh Alloys", "zone": "Ladle-Metallurgy", "temperature_unit": "celsius", "temperature": 36.0, "humidity": 347.5, "globe_temperature": 50.2, "wet_bulb
[2026-07-29 04:34:32] [DEBUG   ] [main] [VALIDATE] zone=Ladle-Metallurgy | condition=None | missing=[] | flags=[]
[2026-07-29 04:34:32] [DEBUG   ] [main] [FAULT] zone=Ladle-Metallurgy | timestamp=2026-07-24T15:00:00 | reason=SENSOR_FAULT: relative_humidity_pct=347.5 is out of valid range 0–100 %.
[2026-07-29 04:34:32] [INFO    ] [main] [READING] zone=Warehouse | timestamp=2026-07-24T16:00:00
[2026-07-29 04:34:32] [DEBUG   ] [main] [READING] raw={"timestamp": "2026-07-24T16:00:00", "factory": "Vedanta", "zone": "Warehouse", "temperature_unit": "celsius", "temperature": 29.2, "humidity": 56.3, "globe_temperature": 30.4, "wet_bulb_temperature":
[2026-07-29 04:34:32] [DEBUG   ] [main] [VALIDATE] zone=Warehouse | condition=ALL_DATA | missing=[] | flags=[]
[2026-07-29 04:34:32] [INFO    ] [main] [CALC] zone=Warehouse | ta=29.2 | rh=56.3 | tg=30.4 | tnwb=22.6727 | wbgt=24.9909
[2026-07-29 04:34:32] [DEBUG   ] [main] [CALC] data_quality={'ta': 'sensor', 'rh': 'sensor', 'tg': 'sensor', 'tnwb': 'calculated', 'wbgt': 'calculated'}
[2026-07-29 04:34:32] [INFO    ] [main] [CLASSIFY] zone=Warehouse | wbgt=24.9909 | risk=SAFE | action=Normal work, no restrictions
[2026-07-29 04:34:32] [INFO    ] [main] [DB] zone=Warehouse | db_id=249 | saved OK
[2026-07-29 04:34:32] [INFO    ] [main] [READING] zone=Furnace-2 | timestamp=2026-07-24T17:00:00
[2026-07-29 04:34:32] [DEBUG   ] [main] [READING] raw={"timestamp": "2026-07-24T17:00:00", "factory": "Tata Steel", "zone": "Furnace-2", "temperature_unit": "celsius", "temperature": 42.1, "humidity": 0, "globe_temperature": 58.4, "wet_bulb_temperature":
[2026-07-29 04:34:32] [DEBUG   ] [main] [VALIDATE] zone=Furnace-2 | condition=ALL_DATA | missing=[] | flags=[]
[2026-07-29 04:34:32] [DEBUG   ] [urllib3.connectionpool] Starting new HTTPS connection (1): api.openweathermap.org:443
[2026-07-29 04:34:33] [DEBUG   ] [urllib3.connectionpool] https://api.openweathermap.org:443 "GET /data/2.5/weather?lat=12.9716&lon=77.5946&appid=88f2329e130bf480c72cfc84306978a1&units=metric HTTP/1.1" 200 524
[2026-07-29 04:34:33] [INFO    ] [main] [CALC] zone=Furnace-2 | ta=42.1 | rh=25.93 | tg=58.4 | tnwb=26.2227 | wbgt=35.8759
[2026-07-29 04:34:33] [DEBUG   ] [main] [CALC] data_quality={'ta': 'sensor', 'rh': 'estimated', 'tg': 'sensor', 'tnwb': 'calculated', 'wbgt': 'calculated'}
[2026-07-29 04:34:33] [INFO    ] [main] [CLASSIFY] zone=Furnace-2 | wbgt=35.8759 | risk=DANGER | action=Halt heavy work, mandatory rest, evacuate
[2026-07-29 04:34:33] [WARNING ] [main] [DANGER ALERT] zone=Furnace-2 | wbgt=35.8759 | Halt heavy work, mandatory rest, evacuate
[2026-07-29 04:34:33] [INFO    ] [main] [DB] zone=Furnace-2 | db_id=250 | saved OK
[2026-07-29 04:34:33] [INFO    ] [main] [READING] zone=Annealing-Line | timestamp=2026-07-24T18:00:00
[2026-07-29 04:34:33] [DEBUG   ] [main] [READING] raw={"timestamp": "2026-07-24T18:00:00", "factory": "SAIL", "zone": "Annealing-Line", "temperature_unit": "celsius", "temperature": 31.1, "humidity": 0, "globe_temperature": 36.2, "wet_bulb_temperature": 
[2026-07-29 04:34:33] [DEBUG   ] [main] [VALIDATE] zone=Annealing-Line | condition=ALL_DATA | missing=[] | flags=[]
[2026-07-29 04:34:33] [DEBUG   ] [urllib3.connectionpool] Starting new HTTPS connection (1): api.openweathermap.org:443
[2026-07-29 04:34:33] [DEBUG   ] [urllib3.connectionpool] https://api.openweathermap.org:443 "GET /data/2.5/weather?lat=12.9716&lon=77.5946&appid=88f2329e130bf480c72cfc84306978a1&units=metric HTTP/1.1" 200 524
[2026-07-29 04:34:33] [INFO    ] [main] [CALC] zone=Annealing-Line | ta=31.1 | rh=47.42 | tg=36.2 | tnwb=22.7698 | wbgt=26.7989
[2026-07-29 04:34:33] [DEBUG   ] [main] [CALC] data_quality={'ta': 'sensor', 'rh': 'estimated', 'tg': 'sensor', 'tnwb': 'calculated', 'wbgt': 'calculated'}
[2026-07-29 04:34:33] [INFO    ] [main] [CLASSIFY] zone=Annealing-Line | wbgt=26.7989 | risk=CAUTION | action=Increase water breaks
[2026-07-29 04:34:33] [INFO    ] [main] [DB] zone=Annealing-Line | db_id=251 | saved OK
[2026-07-29 04:34:33] [INFO    ] [main] [READING] zone=Rolling-Mill | timestamp=2026-07-24T19:00:00
[2026-07-29 04:34:33] [DEBUG   ] [main] [READING] raw={"timestamp": "2026-07-24T19:00:00", "factory": "SAIL", "zone": "Rolling-Mill", "temperature_unit": "celsius", "temperature": 29.3, "humidity": 44.0, "globe_temperature": 0, "wet_bulb_temperature": 0}
[2026-07-29 04:34:33] [DEBUG   ] [main] [VALIDATE] zone=Rolling-Mill | condition=None | missing=[] | flags=[]
[2026-07-29 04:34:33] [DEBUG   ] [main] [FAULT] zone=Rolling-Mill | timestamp=2026-07-24T19:00:00 | reason=SENSOR_FAULT: globe_temp_c=0.0 is less than air_temp_c=29.3.
[2026-07-29 04:34:33] [INFO    ] [main] [READING] zone=Furnace-2 | timestamp=2026-07-24T20:00:00
[2026-07-29 04:34:33] [DEBUG   ] [main] [READING] raw={"timestamp": "2026-07-24T20:00:00", "factory": "JSW Steel", "zone": "Furnace-2", "temperature_unit": "celsius", "temperature": 36.4, "humidity": 110.8, "globe_temperature": 52.7, "wet_bulb_temperatur
[2026-07-29 04:34:33] [DEBUG   ] [main] [VALIDATE] zone=Furnace-2 | condition=None | missing=[] | flags=[]
[2026-07-29 04:34:33] [DEBUG   ] [main] [FAULT] zone=Furnace-2 | timestamp=2026-07-24T20:00:00 | reason=SENSOR_FAULT: relative_humidity_pct=110.8 is out of valid range 0–100 %.
[2026-07-29 04:34:33] [INFO    ] [main] [READING] zone=Annealing-Line | timestamp=2026-07-24T21:00:00
[2026-07-29 04:34:33] [DEBUG   ] [main] [READING] raw={"timestamp": "2026-07-24T21:00:00", "factory": "JSW Steel", "zone": "Annealing-Line", "temperature_unit": "celsius", "temperature": 26.6, "humidity": 0, "globe_temperature": 32.5, "wet_bulb_temperatu
[2026-07-29 04:34:33] [DEBUG   ] [main] [VALIDATE] zone=Annealing-Line | condition=ALL_DATA | missing=[] | flags=[]
[2026-07-29 04:34:33] [DEBUG   ] [urllib3.connectionpool] Starting new HTTPS connection (1): api.openweathermap.org:443
[2026-07-29 04:34:34] [DEBUG   ] [urllib3.connectionpool] https://api.openweathermap.org:443 "GET /data/2.5/weather?lat=12.9716&lon=77.5946&appid=88f2329e130bf480c72cfc84306978a1&units=metric HTTP/1.1" 200 524
[2026-07-29 04:34:34] [INFO    ] [main] [CALC] zone=Annealing-Line | ta=26.6 | rh=61.56 | tg=32.5 | tnwb=19.8 | wbgt=23.61
[2026-07-29 04:34:34] [DEBUG   ] [main] [CALC] data_quality={'ta': 'sensor', 'rh': 'estimated', 'tg': 'sensor', 'tnwb': 'sensor', 'wbgt': 'calculated'}
[2026-07-29 04:34:34] [INFO    ] [main] [CLASSIFY] zone=Annealing-Line | wbgt=23.61 | risk=SAFE | action=Normal work, no restrictions
[2026-07-29 04:34:34] [INFO    ] [main] [DB] zone=Annealing-Line | db_id=252 | saved OK
[2026-07-29 04:34:34] [INFO    ] [main] [READING] zone=Continuous-Casting | timestamp=2026-07-24T22:00:00
[2026-07-29 04:34:34] [DEBUG   ] [main] [READING] raw={"timestamp": "2026-07-24T22:00:00", "factory": "SAIL", "zone": "Continuous-Casting", "temperature_unit": "celsius", "temperature": 30.7, "humidity": 60.4, "globe_temperature": 45.8, "wet_bulb_tempera
[2026-07-29 04:34:34] [DEBUG   ] [main] [VALIDATE] zone=Continuous-Casting | condition=ALL_DATA | missing=[] | flags=[]
[2026-07-29 04:34:34] [INFO    ] [main] [CALC] zone=Continuous-Casting | ta=30.7 | rh=60.4 | tg=45.8 | tnwb=24.7 | wbgt=31.03
[2026-07-29 04:34:34] [DEBUG   ] [main] [CALC] data_quality={'ta': 'sensor', 'rh': 'sensor', 'tg': 'sensor', 'tnwb': 'sensor', 'wbgt': 'calculated'}
[2026-07-29 04:34:34] [INFO    ] [main] [CLASSIFY] zone=Continuous-Casting | wbgt=31.03 | risk=WARNING | action=Enforce work/rest cycles (50 min work, 10 min rest)
[2026-07-29 04:34:34] [WARNING ] [main] [WARNING ALERT] zone=Continuous-Casting | wbgt=31.03 | Enforce work/rest cycles (50 min work, 10 min rest)
[2026-07-29 04:34:34] [INFO    ] [main] [DB] zone=Continuous-Casting | db_id=253 | saved OK
[2026-07-29 04:34:34] [INFO    ] [main] [READING] zone=Fabrication-Shop | timestamp=2026-07-24T23:00:00
[2026-07-29 04:34:34] [DEBUG   ] [main] [READING] raw={"timestamp": "2026-07-24T23:00:00", "factory": "JSPL", "zone": "Fabrication-Shop", "temperature_unit": "celsius", "temperature": 24.9, "humidity": 62.3, "globe_temperature": 28.4, "wet_bulb_temperatu
[2026-07-29 04:34:34] [DEBUG   ] [main] [VALIDATE] zone=Fabrication-Shop | condition=ALL_DATA | missing=[] | flags=[]
[2026-07-29 04:34:34] [INFO    ] [main] [CALC] zone=Fabrication-Shop | ta=24.9 | rh=62.3 | tg=28.4 | tnwb=19.8 | wbgt=22.38
[2026-07-29 04:34:34] [DEBUG   ] [main] [CALC] data_quality={'ta': 'sensor', 'rh': 'sensor', 'tg': 'sensor', 'tnwb': 'sensor', 'wbgt': 'calculated'}
[2026-07-29 04:34:34] [INFO    ] [main] [CLASSIFY] zone=Fabrication-Shop | wbgt=22.38 | risk=SAFE | action=Normal work, no restrictions
[2026-07-29 04:34:34] [INFO    ] [main] [DB] zone=Fabrication-Shop | db_id=254 | saved OK
[2026-07-29 04:34:34] [INFO    ] [main] [READING] zone=Ladle-Metallurgy | timestamp=2026-07-25T00:00:00
[2026-07-29 04:34:34] [DEBUG   ] [main] [READING] raw={"timestamp": "2026-07-25T00:00:00", "factory": "JSPL", "zone": "Ladle-Metallurgy", "temperature_unit": "celsius", "temperature": 28.8, "humidity": 60.1, "globe_temperature": 41.6, "wet_bulb_temperatu
[2026-07-29 04:34:34] [DEBUG   ] [main] [VALIDATE] zone=Ladle-Metallurgy | condition=ALL_DATA | missing=[] | flags=[]
[2026-07-29 04:34:34] [INFO    ] [main] [CALC] zone=Ladle-Metallurgy | ta=28.8 | rh=60.1 | tg=41.6 | tnwb=22.9 | wbgt=28.51
[2026-07-29 04:34:34] [DEBUG   ] [main] [CALC] data_quality={'ta': 'sensor', 'rh': 'sensor', 'tg': 'sensor', 'tnwb': 'sensor', 'wbgt': 'calculated'}
[2026-07-29 04:34:34] [INFO    ] [main] [CLASSIFY] zone=Ladle-Metallurgy | wbgt=28.51 | risk=CAUTION | action=Increase water breaks
[2026-07-29 04:34:34] [INFO    ] [main] [DB] zone=Ladle-Metallurgy | db_id=255 | saved OK
[2026-07-29 04:34:34] [INFO    ] [main] [READING] zone=Loading-Dock | timestamp=2026-07-25T01:00:00
[2026-07-29 04:34:34] [DEBUG   ] [main] [READING] raw={"timestamp": "2026-07-25T01:00:00", "factory": "Vedanta", "zone": "Loading-Dock", "temperature_unit": "celsius", "temperature": 23.2, "humidity": 0, "globe_temperature": 26.2, "wet_bulb_temperature":
[2026-07-29 04:34:34] [DEBUG   ] [main] [VALIDATE] zone=Loading-Dock | condition=ALL_DATA | missing=[] | flags=[]
[2026-07-29 04:34:34] [DEBUG   ] [urllib3.connectionpool] Starting new HTTPS connection (1): api.openweathermap.org:443
[2026-07-29 04:34:34] [DEBUG   ] [urllib3.connectionpool] https://api.openweathermap.org:443 "GET /data/2.5/weather?lat=12.9716&lon=77.5946&appid=88f2329e130bf480c72cfc84306978a1&units=metric HTTP/1.1" 200 524
[2026-07-29 04:34:34] [INFO    ] [main] [CALC] zone=Loading-Dock | ta=23.2 | rh=75.42 | tg=26.2 | tnwb=18.6 | wbgt=20.88
[2026-07-29 04:34:34] [DEBUG   ] [main] [CALC] data_quality={'ta': 'sensor', 'rh': 'estimated', 'tg': 'sensor', 'tnwb': 'sensor', 'wbgt': 'calculated'}
[2026-07-29 04:34:34] [INFO    ] [main] [CLASSIFY] zone=Loading-Dock | wbgt=20.88 | risk=SAFE | action=Normal work, no restrictions
[2026-07-29 04:34:34] [INFO    ] [main] [DB] zone=Loading-Dock | db_id=256 | saved OK
[2026-07-29 04:34:34] [INFO    ] [main] [READING] zone=EAF-Bay | timestamp=2026-07-25T02:00:00
[2026-07-29 04:34:34] [DEBUG   ] [main] [READING] raw={"timestamp": "2026-07-25T02:00:00", "factory": "JSW Steel", "zone": "EAF-Bay", "temperature_unit": "celsius", "temperature": 38.5, "humidity": 0, "globe_temperature": 0, "wet_bulb_temperature": 26.3}
[2026-07-29 04:34:34] [DEBUG   ] [main] [VALIDATE] zone=EAF-Bay | condition=None | missing=[] | flags=[]
[2026-07-29 04:34:34] [DEBUG   ] [main] [FAULT] zone=EAF-Bay | timestamp=2026-07-25T02:00:00 | reason=SENSOR_FAULT: globe_temp_c=0.0 is less than air_temp_c=38.5.
[2026-07-29 04:34:34] [INFO    ] [main] [READING] zone=Furnace-1 | timestamp=2026-07-25T03:00:00
[2026-07-29 04:34:34] [DEBUG   ] [main] [READING] raw={"timestamp": "2026-07-25T03:00:00", "factory": "Shree Metal Works", "zone": "Furnace-1", "temperature_unit": "celsius", "temperature": 36.3, "humidity": 43.1, "globe_temperature": 0, "wet_bulb_temper
[2026-07-29 04:34:34] [DEBUG   ] [main] [VALIDATE] zone=Furnace-1 | condition=None | missing=[] | flags=[]
[2026-07-29 04:34:34] [DEBUG   ] [main] [FAULT] zone=Furnace-1 | timestamp=2026-07-25T03:00:00 | reason=SENSOR_FAULT: globe_temp_c=0.0 is less than air_temp_c=36.3.
[2026-07-29 04:34:34] [INFO    ] [main] [READING] zone=Warehouse | timestamp=2026-07-25T04:00:00
[2026-07-29 04:34:34] [DEBUG   ] [main] [READING] raw={"timestamp": "2026-07-25T04:00:00", "factory": "Ganesh Alloys", "zone": "Warehouse", "temperature_unit": "celsius", "temperature": 19.6, "humidity": 62.0, "globe_temperature": 14.5, "wet_bulb_tempera
[2026-07-29 04:34:34] [DEBUG   ] [main] [VALIDATE] zone=Warehouse | condition=None | missing=[] | flags=[]
[2026-07-29 04:34:34] [DEBUG   ] [main] [FAULT] zone=Warehouse | timestamp=2026-07-25T04:00:00 | reason=SENSOR_FAULT: globe_temp_c=14.5 is less than air_temp_c=19.6.
[2026-07-29 04:34:34] [INFO    ] [main] [READING] zone=Continuous-Casting | timestamp=2026-07-25T05:00:00
[2026-07-29 04:34:34] [DEBUG   ] [main] [READING] raw={"timestamp": "2026-07-25T05:00:00", "factory": "SAIL", "zone": "Continuous-Casting", "temperature_unit": "celsius", "temperature": 29.2, "humidity": 54.1, "globe_temperature": 40.9, "wet_bulb_tempera
[2026-07-29 04:34:34] [DEBUG   ] [main] [VALIDATE] zone=Continuous-Casting | condition=ALL_DATA | missing=[] | flags=[]
[2026-07-29 04:34:34] [INFO    ] [main] [CALC] zone=Continuous-Casting | ta=29.2 | rh=54.1 | tg=40.9 | tnwb=22.3067 | wbgt=27.8847
[2026-07-29 04:34:34] [DEBUG   ] [main] [CALC] data_quality={'ta': 'sensor', 'rh': 'sensor', 'tg': 'sensor', 'tnwb': 'calculated', 'wbgt': 'calculated'}
[2026-07-29 04:34:34] [INFO    ] [main] [CLASSIFY] zone=Continuous-Casting | wbgt=27.8847 | risk=CAUTION | action=Increase water breaks
[2026-07-29 04:34:34] [INFO    ] [main] [DB] zone=Continuous-Casting | db_id=257 | saved OK
[2026-07-29 04:34:34] [INFO    ] [main] [READING] zone=Rolling-Mill | timestamp=2026-07-25T06:00:00
[2026-07-29 04:34:34] [DEBUG   ] [main] [READING] raw={"timestamp": "2026-07-25T06:00:00", "factory": "Ganesh Alloys", "zone": "Rolling-Mill", "temperature_unit": "celsius", "temperature": 29.0, "humidity": 55.1, "globe_temperature": 38.1, "wet_bulb_temp
[2026-07-29 04:34:34] [DEBUG   ] [main] [VALIDATE] zone=Rolling-Mill | condition=ALL_DATA | missing=[] | flags=[]
[2026-07-29 04:34:34] [INFO    ] [main] [CALC] zone=Rolling-Mill | ta=29.0 | rh=55.1 | tg=38.1 | tnwb=22.8 | wbgt=27.39
[2026-07-29 04:34:34] [DEBUG   ] [main] [CALC] data_quality={'ta': 'sensor', 'rh': 'sensor', 'tg': 'sensor', 'tnwb': 'sensor', 'wbgt': 'calculated'}
[2026-07-29 04:34:34] [INFO    ] [main] [CLASSIFY] zone=Rolling-Mill | wbgt=27.39 | risk=CAUTION | action=Increase water breaks
[2026-07-29 04:34:34] [INFO    ] [main] [DB] zone=Rolling-Mill | db_id=258 | saved OK
[2026-07-29 04:34:34] [INFO    ] [main] [READING] zone=Furnace-1 | timestamp=2026-07-25T07:00:00
[2026-07-29 04:34:34] [DEBUG   ] [main] [READING] raw={"timestamp": "2026-07-25T07:00:00", "factory": "JSW Steel", "zone": "Furnace-1", "temperature_unit": "celsius", "temperature": 39.7, "humidity": 43.2, "globe_temperature": 57.1, "wet_bulb_temperature
[2026-07-29 04:34:34] [DEBUG   ] [main] [VALIDATE] zone=Furnace-1 | condition=ALL_DATA | missing=[] | flags=[]
[2026-07-29 04:34:34] [INFO    ] [main] [CALC] zone=Furnace-1 | ta=39.7 | rh=43.2 | tg=57.1 | tnwb=28.8 | wbgt=37.29
[2026-07-29 04:34:34] [DEBUG   ] [main] [CALC] data_quality={'ta': 'sensor', 'rh': 'sensor', 'tg': 'sensor', 'tnwb': 'sensor', 'wbgt': 'calculated'}
[2026-07-29 04:34:34] [INFO    ] [main] [CLASSIFY] zone=Furnace-1 | wbgt=37.29 | risk=DANGER | action=Halt heavy work, mandatory rest, evacuate
[2026-07-29 04:34:34] [WARNING ] [main] [DANGER ALERT] zone=Furnace-1 | wbgt=37.29 | Halt heavy work, mandatory rest, evacuate
[2026-07-29 04:34:34] [INFO    ] [main] [DB] zone=Furnace-1 | db_id=259 | saved OK
[2026-07-29 04:34:34] [INFO    ] [main] [READING] zone=Loading-Dock | timestamp=2026-07-25T08:00:00
[2026-07-29 04:34:34] [DEBUG   ] [main] [READING] raw={"timestamp": "2026-07-25T08:00:00", "factory": "JSPL", "zone": "Loading-Dock", "temperature_unit": "celsius", "temperature": 27.1, "humidity": 71.2, "globe_temperature": 0, "wet_bulb_temperature": 22
[2026-07-29 04:34:34] [DEBUG   ] [main] [VALIDATE] zone=Loading-Dock | condition=None | missing=[] | flags=[]
[2026-07-29 04:34:34] [DEBUG   ] [main] [FAULT] zone=Loading-Dock | timestamp=2026-07-25T08:00:00 | reason=SENSOR_FAULT: globe_temp_c=0.0 is less than air_temp_c=27.1.
[2026-07-29 04:34:34] [INFO    ] [main] [READING] zone=Warehouse | timestamp=2026-07-25T09:00:00
[2026-07-29 04:34:34] [DEBUG   ] [main] [READING] raw={"timestamp": "2026-07-25T09:00:00", "factory": "Ganesh Alloys", "zone": "Warehouse", "temperature_unit": "celsius", "temperature": 27.1, "humidity": 60.4, "globe_temperature": 27.5, "wet_bulb_tempera
[2026-07-29 04:34:34] [DEBUG   ] [main] [VALIDATE] zone=Warehouse | condition=ALL_DATA | missing=[] | flags=[]
[2026-07-29 04:34:34] [INFO    ] [main] [CALC] zone=Warehouse | ta=27.1 | rh=60.4 | tg=27.5 | tnwb=21.4512 | wbgt=23.2658
[2026-07-29 04:34:34] [DEBUG   ] [main] [CALC] data_quality={'ta': 'sensor', 'rh': 'sensor', 'tg': 'sensor', 'tnwb': 'calculated', 'wbgt': 'calculated'}
[2026-07-29 04:34:34] [INFO    ] [main] [CLASSIFY] zone=Warehouse | wbgt=23.2658 | risk=SAFE | action=Normal work, no restrictions
[2026-07-29 04:34:34] [INFO    ] [main] [DB] zone=Warehouse | db_id=260 | saved OK
[2026-07-29 04:34:34] [INFO    ] [main] [READING] zone=Ladle-Metallurgy | timestamp=2026-07-25T10:00:00
[2026-07-29 04:34:34] [DEBUG   ] [main] [READING] raw={"timestamp": "2026-07-25T10:00:00", "factory": "Ganesh Alloys", "zone": "Ladle-Metallurgy", "temperature_unit": "celsius", "temperature": 34.2, "humidity": 33.8, "globe_temperature": 46.2, "wet_bulb_
[2026-07-29 04:34:34] [DEBUG   ] [main] [VALIDATE] zone=Ladle-Metallurgy | condition=ALL_DATA | missing=[] | flags=[]
[2026-07-29 04:34:34] [INFO    ] [main] [CALC] zone=Ladle-Metallurgy | ta=34.2 | rh=33.8 | tg=46.2 | tnwb=22.4 | wbgt=29.54
[2026-07-29 04:34:34] [DEBUG   ] [main] [CALC] data_quality={'ta': 'sensor', 'rh': 'sensor', 'tg': 'sensor', 'tnwb': 'sensor', 'wbgt': 'calculated'}
[2026-07-29 04:34:34] [INFO    ] [main] [CLASSIFY] zone=Ladle-Metallurgy | wbgt=29.54 | risk=WARNING | action=Enforce work/rest cycles (50 min work, 10 min rest)
[2026-07-29 04:34:34] [WARNING ] [main] [WARNING ALERT] zone=Ladle-Metallurgy | wbgt=29.54 | Enforce work/rest cycles (50 min work, 10 min rest)
[2026-07-29 04:34:34] [INFO    ] [main] [DB] zone=Ladle-Metallurgy | db_id=261 | saved OK
[2026-07-29 04:34:34] [INFO    ] [main] [READING] zone=Furnace-2 | timestamp=2026-07-25T11:00:00
[2026-07-29 04:34:34] [DEBUG   ] [main] [READING] raw={"timestamp": "2026-07-25T11:00:00", "factory": "SAIL", "zone": "Furnace-2", "temperature_unit": "celsius", "temperature": 41.3, "humidity": 32.9, "globe_temperature": 57.9, "wet_bulb_temperature": 28
[2026-07-29 04:34:34] [DEBUG   ] [main] [VALIDATE] zone=Furnace-2 | condition=ALL_DATA | missing=[] | flags=[]
[2026-07-29 04:34:34] [INFO    ] [main] [CALC] zone=Furnace-2 | ta=41.3 | rh=32.9 | tg=57.9 | tnwb=28.2 | wbgt=37.11
[2026-07-29 04:34:34] [DEBUG   ] [main] [CALC] data_quality={'ta': 'sensor', 'rh': 'sensor', 'tg': 'sensor', 'tnwb': 'sensor', 'wbgt': 'calculated'}
[2026-07-29 04:34:34] [INFO    ] [main] [CLASSIFY] zone=Furnace-2 | wbgt=37.11 | risk=DANGER | action=Halt heavy work, mandatory rest, evacuate
[2026-07-29 04:34:34] [WARNING ] [main] [DANGER ALERT] zone=Furnace-2 | wbgt=37.11 | Halt heavy work, mandatory rest, evacuate
[2026-07-29 04:34:34] [INFO    ] [main] [DB] zone=Furnace-2 | db_id=262 | saved OK
[2026-07-29 04:34:34] [INFO    ] [main] [READING] zone=EAF-Bay | timestamp=2026-07-25T12:00:00
[2026-07-29 04:34:34] [DEBUG   ] [main] [READING] raw={"timestamp": "2026-07-25T12:00:00", "factory": "SAIL", "zone": "EAF-Bay", "temperature_unit": "celsius", "temperature": 43.9, "humidity": 46.0, "globe_temperature": 0, "wet_bulb_temperature": 0}
[2026-07-29 04:34:34] [DEBUG   ] [main] [VALIDATE] zone=EAF-Bay | condition=None | missing=[] | flags=[]
[2026-07-29 04:34:34] [DEBUG   ] [main] [FAULT] zone=EAF-Bay | timestamp=2026-07-25T12:00:00 | reason=SENSOR_FAULT: globe_temp_c=0.0 is less than air_temp_c=43.9.
[2026-07-29 04:34:34] [INFO    ] [main] [READING] zone=Annealing-Line | timestamp=2026-07-25T13:00:00
[2026-07-29 04:34:34] [DEBUG   ] [main] [READING] raw={"timestamp": "2026-07-25T13:00:00", "factory": "Shree Metal Works", "zone": "Annealing-Line", "temperature_unit": "celsius", "temperature": 36.5, "humidity": 48.8, "globe_temperature": 41.3, "wet_bul
[2026-07-29 04:34:34] [DEBUG   ] [main] [VALIDATE] zone=Annealing-Line | condition=ALL_DATA | missing=[] | flags=[]
[2026-07-29 04:34:34] [INFO    ] [main] [CALC] zone=Annealing-Line | ta=36.5 | rh=48.8 | tg=41.3 | tnwb=27.5 | wbgt=31.64
[2026-07-29 04:34:34] [DEBUG   ] [main] [CALC] data_quality={'ta': 'sensor', 'rh': 'sensor', 'tg': 'sensor', 'tnwb': 'sensor', 'wbgt': 'calculated'}
[2026-07-29 04:34:34] [INFO    ] [main] [CLASSIFY] zone=Annealing-Line | wbgt=31.64 | risk=DANGER | action=Halt heavy work, mandatory rest, evacuate
[2026-07-29 04:34:34] [WARNING ] [main] [DANGER ALERT] zone=Annealing-Line | wbgt=31.64 | Halt heavy work, mandatory rest, evacuate
[2026-07-29 04:34:34] [INFO    ] [main] [DB] zone=Annealing-Line | db_id=263 | saved OK
[2026-07-29 04:34:34] [INFO    ] [main] [READING] zone=Fabrication-Shop | timestamp=2026-07-25T14:00:00
[2026-07-29 04:34:34] [DEBUG   ] [main] [READING] raw={"timestamp": "2026-07-25T14:00:00", "factory": "Vedanta", "zone": "Fabrication-Shop", "temperature_unit": "celsius", "temperature": 32.9, "humidity": 61.0, "globe_temperature": 34.9, "wet_bulb_temper
[2026-07-29 04:34:34] [DEBUG   ] [main] [VALIDATE] zone=Fabrication-Shop | condition=ALL_DATA | missing=[] | flags=[]
[2026-07-29 04:34:34] [INFO    ] [main] [CALC] zone=Fabrication-Shop | ta=32.9 | rh=61.0 | tg=34.9 | tnwb=26.5 | wbgt=29.02
[2026-07-29 04:34:34] [DEBUG   ] [main] [CALC] data_quality={'ta': 'sensor', 'rh': 'sensor', 'tg': 'sensor', 'tnwb': 'sensor', 'wbgt': 'calculated'}
[2026-07-29 04:34:34] [INFO    ] [main] [CLASSIFY] zone=Fabrication-Shop | wbgt=29.02 | risk=CAUTION | action=Increase water breaks
[2026-07-29 04:34:34] [INFO    ] [main] [DB] zone=Fabrication-Shop | db_id=264 | saved OK
[2026-07-29 04:34:34] [INFO    ] [main] [READING] zone=EAF-Bay | timestamp=2026-07-25T15:00:00
[2026-07-29 04:34:34] [DEBUG   ] [main] [READING] raw={"timestamp": "2026-07-25T15:00:00", "factory": "Ganesh Alloys", "zone": "EAF-Bay", "temperature_unit": "celsius", "temperature": 45.4, "humidity": 42.5, "globe_temperature": 64.9, "wet_bulb_temperatu
[2026-07-29 04:34:34] [DEBUG   ] [main] [VALIDATE] zone=EAF-Bay | condition=ALL_DATA | missing=[] | flags=[]
[2026-07-29 04:34:34] [INFO    ] [main] [CALC] zone=EAF-Bay | ta=45.4 | rh=42.5 | tg=64.9 | tnwb=33.6422 | wbgt=43.0195
[2026-07-29 04:34:34] [DEBUG   ] [main] [CALC] data_quality={'ta': 'sensor', 'rh': 'sensor', 'tg': 'sensor', 'tnwb': 'calculated', 'wbgt': 'calculated'}
[2026-07-29 04:34:34] [INFO    ] [main] [CLASSIFY] zone=EAF-Bay | wbgt=43.0195 | risk=DANGER | action=Halt heavy work, mandatory rest, evacuate
[2026-07-29 04:34:34] [WARNING ] [main] [DANGER ALERT] zone=EAF-Bay | wbgt=43.0195 | Halt heavy work, mandatory rest, evacuate
[2026-07-29 04:34:34] [INFO    ] [main] [DB] zone=EAF-Bay | db_id=265 | saved OK
[2026-07-29 04:34:34] [INFO    ] [main] [READING] zone=Furnace-2 | timestamp=2026-07-25T16:00:00
[2026-07-29 04:34:34] [DEBUG   ] [main] [READING] raw={"timestamp": "2026-07-25T16:00:00", "factory": "Tata Steel", "zone": "Furnace-2", "temperature_unit": "celsius", "temperature": 37.2, "humidity": 0, "globe_temperature": 0, "wet_bulb_temperature": 24
[2026-07-29 04:34:34] [DEBUG   ] [main] [VALIDATE] zone=Furnace-2 | condition=None | missing=[] | flags=[]
[2026-07-29 04:34:34] [DEBUG   ] [main] [FAULT] zone=Furnace-2 | timestamp=2026-07-25T16:00:00 | reason=SENSOR_FAULT: globe_temp_c=0.0 is less than air_temp_c=37.2.
[2026-07-29 04:34:34] [INFO    ] [main] [READING] zone=Rolling-Mill | timestamp=2026-07-25T17:00:00
[2026-07-29 04:34:34] [DEBUG   ] [main] [READING] raw={"timestamp": "2026-07-25T17:00:00", "factory": "Ganesh Alloys", "zone": "Rolling-Mill", "temperature_unit": "celsius", "temperature": 37.8, "humidity": 62.3, "globe_temperature": 44.8, "wet_bulb_temp
[2026-07-29 04:34:34] [DEBUG   ] [main] [VALIDATE] zone=Rolling-Mill | condition=ALL_DATA | missing=[] | flags=[]
[2026-07-29 04:34:34] [INFO    ] [main] [CALC] zone=Rolling-Mill | ta=37.8 | rh=62.3 | tg=44.8 | tnwb=31.7 | wbgt=35.63
[2026-07-29 04:34:34] [DEBUG   ] [main] [CALC] data_quality={'ta': 'sensor', 'rh': 'sensor', 'tg': 'sensor', 'tnwb': 'sensor', 'wbgt': 'calculated'}
[2026-07-29 04:34:34] [INFO    ] [main] [CLASSIFY] zone=Rolling-Mill | wbgt=35.63 | risk=DANGER | action=Halt heavy work, mandatory rest, evacuate
[2026-07-29 04:34:34] [WARNING ] [main] [DANGER ALERT] zone=Rolling-Mill | wbgt=35.63 | Halt heavy work, mandatory rest, evacuate
[2026-07-29 04:34:34] [INFO    ] [main] [DB] zone=Rolling-Mill | db_id=266 | saved OK
[2026-07-29 04:34:34] [INFO    ] [main] [READING] zone=Furnace-1 | timestamp=2026-07-25T18:00:00
[2026-07-29 04:34:34] [DEBUG   ] [main] [READING] raw={"timestamp": "2026-07-25T18:00:00", "factory": "Shree Metal Works", "zone": "Furnace-1", "temperature_unit": "celsius", "temperature": 43.0, "humidity": 48.4, "globe_temperature": 61.0, "wet_bulb_tem
[2026-07-29 04:34:34] [DEBUG   ] [main] [VALIDATE] zone=Furnace-1 | condition=ALL_DATA | missing=[] | flags=[]
[2026-07-29 04:34:34] [INFO    ] [main] [CALC] zone=Furnace-1 | ta=43.0 | rh=48.4 | tg=61.0 | tnwb=33.1 | wbgt=41.47
[2026-07-29 04:34:34] [DEBUG   ] [main] [CALC] data_quality={'ta': 'sensor', 'rh': 'sensor', 'tg': 'sensor', 'tnwb': 'sensor', 'wbgt': 'calculated'}
[2026-07-29 04:34:34] [INFO    ] [main] [CLASSIFY] zone=Furnace-1 | wbgt=41.47 | risk=DANGER | action=Halt heavy work, mandatory rest, evacuate
[2026-07-29 04:34:34] [WARNING ] [main] [DANGER ALERT] zone=Furnace-1 | wbgt=41.47 | Halt heavy work, mandatory rest, evacuate
[2026-07-29 04:34:34] [INFO    ] [main] [DB] zone=Furnace-1 | db_id=267 | saved OK
[2026-07-29 04:34:34] [INFO    ] [main] [READING] zone=Warehouse | timestamp=2026-07-25T19:00:00
[2026-07-29 04:34:34] [DEBUG   ] [main] [READING] raw={"timestamp": "2026-07-25T19:00:00", "factory": "Shree Metal Works", "zone": "Warehouse", "temperature_unit": "celsius", "temperature": 27.4, "humidity": 0, "globe_temperature": 0, "wet_bulb_temperatu
[2026-07-29 04:34:34] [DEBUG   ] [main] [VALIDATE] zone=Warehouse | condition=None | missing=[] | flags=[]
[2026-07-29 04:34:34] [DEBUG   ] [main] [FAULT] zone=Warehouse | timestamp=2026-07-25T19:00:00 | reason=SENSOR_FAULT: globe_temp_c=0.0 is less than air_temp_c=27.4.
[2026-07-29 04:34:34] [INFO    ] [main] [READING] zone=Ladle-Metallurgy | timestamp=2026-07-25T20:00:00
[2026-07-29 04:34:34] [DEBUG   ] [main] [READING] raw={"timestamp": "2026-07-25T20:00:00", "factory": "Shree Metal Works", "zone": "Ladle-Metallurgy", "temperature_unit": "celsius", "temperature": 33.0, "humidity": 42.0, "globe_temperature": 46.8, "wet_b
[2026-07-29 04:34:34] [DEBUG   ] [main] [VALIDATE] zone=Ladle-Metallurgy | condition=ALL_DATA | missing=[] | flags=[]
[2026-07-29 04:34:34] [INFO    ] [main] [CALC] zone=Ladle-Metallurgy | ta=33.0 | rh=42.0 | tg=46.8 | tnwb=23.1 | wbgt=30.21
[2026-07-29 04:34:34] [DEBUG   ] [main] [CALC] data_quality={'ta': 'sensor', 'rh': 'sensor', 'tg': 'sensor', 'tnwb': 'sensor', 'wbgt': 'calculated'}
[2026-07-29 04:34:34] [INFO    ] [main] [CLASSIFY] zone=Ladle-Metallurgy | wbgt=30.21 | risk=WARNING | action=Enforce work/rest cycles (50 min work, 10 min rest)
[2026-07-29 04:34:34] [WARNING ] [main] [WARNING ALERT] zone=Ladle-Metallurgy | wbgt=30.21 | Enforce work/rest cycles (50 min work, 10 min rest)
[2026-07-29 04:34:34] [INFO    ] [main] [DB] zone=Ladle-Metallurgy | db_id=268 | saved OK
[2026-07-29 04:34:34] [INFO    ] [main] [READING] zone=Fabrication-Shop | timestamp=2026-07-25T21:00:00
[2026-07-29 04:34:34] [DEBUG   ] [main] [READING] raw={"timestamp": "2026-07-25T21:00:00", "factory": "JSW Steel", "zone": "Fabrication-Shop", "temperature_unit": "celsius", "temperature": 24.1, "humidity": 57.4, "globe_temperature": 0, "wet_bulb_tempera
[2026-07-29 04:34:34] [DEBUG   ] [main] [VALIDATE] zone=Fabrication-Shop | condition=None | missing=[] | flags=[]
[2026-07-29 04:34:34] [DEBUG   ] [main] [FAULT] zone=Fabrication-Shop | timestamp=2026-07-25T21:00:00 | reason=SENSOR_FAULT: globe_temp_c=0.0 is less than air_temp_c=24.1.
[2026-07-29 04:34:34] [INFO    ] [main] [READING] zone=Annealing-Line | timestamp=2026-07-25T22:00:00
[2026-07-29 04:34:34] [DEBUG   ] [main] [READING] raw={"timestamp": "2026-07-25T22:00:00", "factory": "Shree Metal Works", "zone": "Annealing-Line", "temperature_unit": "celsius", "temperature": 24.3, "humidity": 0, "globe_temperature": 0, "wet_bulb_temp
[2026-07-29 04:34:34] [DEBUG   ] [main] [VALIDATE] zone=Annealing-Line | condition=None | missing=[] | flags=[]
[2026-07-29 04:34:34] [DEBUG   ] [main] [FAULT] zone=Annealing-Line | timestamp=2026-07-25T22:00:00 | reason=SENSOR_FAULT: globe_temp_c=0.0 is less than air_temp_c=24.3.
[2026-07-29 04:34:34] [INFO    ] [main] [READING] zone=Loading-Dock | timestamp=2026-07-25T23:00:00
[2026-07-29 04:34:34] [DEBUG   ] [main] [READING] raw={"timestamp": "2026-07-25T23:00:00", "factory": "Vedanta", "zone": "Loading-Dock", "temperature_unit": "celsius", "temperature": 31.7, "humidity": 50.1, "globe_temperature": 35.3, "wet_bulb_temperatur
[2026-07-29 04:34:34] [DEBUG   ] [main] [VALIDATE] zone=Loading-Dock | condition=ALL_DATA | missing=[] | flags=[]
[2026-07-29 04:34:34] [INFO    ] [main] [CALC] zone=Loading-Dock | ta=31.7 | rh=50.1 | tg=35.3 | tnwb=23.4 | wbgt=26.97
[2026-07-29 04:34:34] [DEBUG   ] [main] [CALC] data_quality={'ta': 'sensor', 'rh': 'sensor', 'tg': 'sensor', 'tnwb': 'sensor', 'wbgt': 'calculated'}
[2026-07-29 04:34:34] [INFO    ] [main] [CLASSIFY] zone=Loading-Dock | wbgt=26.97 | risk=CAUTION | action=Increase water breaks
[2026-07-29 04:34:34] [INFO    ] [main] [DB] zone=Loading-Dock | db_id=269 | saved OK
[2026-07-29 04:34:34] [INFO    ] [main] [READING] zone=Continuous-Casting | timestamp=2026-07-26T00:00:00
[2026-07-29 04:34:34] [DEBUG   ] [main] [READING] raw={"timestamp": "2026-07-26T00:00:00", "factory": "JSW Steel", "zone": "Continuous-Casting", "temperature_unit": "celsius", "temperature": 31.2, "humidity": 55.3, "globe_temperature": 45.6, "wet_bulb_te
[2026-07-29 04:34:34] [DEBUG   ] [main] [VALIDATE] zone=Continuous-Casting | condition=ALL_DATA | missing=[] | flags=[]
[2026-07-29 04:34:34] [INFO    ] [main] [CALC] zone=Continuous-Casting | ta=31.2 | rh=55.3 | tg=45.6 | tnwb=24.4 | wbgt=30.76
[2026-07-29 04:34:34] [DEBUG   ] [main] [CALC] data_quality={'ta': 'sensor', 'rh': 'sensor', 'tg': 'sensor', 'tnwb': 'sensor', 'wbgt': 'calculated'}
[2026-07-29 04:34:34] [INFO    ] [main] [CLASSIFY] zone=Continuous-Casting | wbgt=30.76 | risk=WARNING | action=Enforce work/rest cycles (50 min work, 10 min rest)
[2026-07-29 04:34:34] [WARNING ] [main] [WARNING ALERT] zone=Continuous-Casting | wbgt=30.76 | Enforce work/rest cycles (50 min work, 10 min rest)
[2026-07-29 04:34:34] [INFO    ] [main] [DB] zone=Continuous-Casting | db_id=270 | saved OK
[2026-07-29 04:34:34] [INFO    ] [main] [READING] zone=Fabrication-Shop | timestamp=2026-07-26T01:00:00
[2026-07-29 04:34:34] [DEBUG   ] [main] [READING] raw={"timestamp": "2026-07-26T01:00:00", "factory": "Tata Steel", "zone": "Fabrication-Shop", "temperature_unit": "celsius", "temperature": 24.7, "humidity": 0, "globe_temperature": 25.7, "wet_bulb_temper
[2026-07-29 04:34:34] [DEBUG   ] [main] [VALIDATE] zone=Fabrication-Shop | condition=ALL_DATA | missing=[] | flags=[]
[2026-07-29 04:34:34] [DEBUG   ] [urllib3.connectionpool] Starting new HTTPS connection (1): api.openweathermap.org:443
[2026-07-29 04:34:35] [DEBUG   ] [urllib3.connectionpool] https://api.openweathermap.org:443 "GET /data/2.5/weather?lat=12.9716&lon=77.5946&appid=88f2329e130bf480c72cfc84306978a1&units=metric HTTP/1.1" 200 524
[2026-07-29 04:34:35] [INFO    ] [main] [CALC] zone=Fabrication-Shop | ta=24.7 | rh=68.92 | tg=25.7 | tnwb=18.3 | wbgt=20.52
[2026-07-29 04:34:35] [DEBUG   ] [main] [CALC] data_quality={'ta': 'sensor', 'rh': 'estimated', 'tg': 'sensor', 'tnwb': 'sensor', 'wbgt': 'calculated'}
[2026-07-29 04:34:35] [INFO    ] [main] [CLASSIFY] zone=Fabrication-Shop | wbgt=20.52 | risk=SAFE | action=Normal work, no restrictions
[2026-07-29 04:34:35] [INFO    ] [main] [DB] zone=Fabrication-Shop | db_id=271 | saved OK
[2026-07-29 04:34:35] [INFO    ] [main] [READING] zone=Warehouse | timestamp=2026-07-26T02:00:00
[2026-07-29 04:34:35] [DEBUG   ] [main] [READING] raw={"timestamp": "2026-07-26T02:00:00", "factory": "Tata Steel", "zone": "Warehouse", "temperature_unit": "celsius", "temperature": 19.1, "humidity": 47.0, "globe_temperature": 20.3, "wet_bulb_temperatur
[2026-07-29 04:34:35] [DEBUG   ] [main] [VALIDATE] zone=Warehouse | condition=ALL_DATA | missing=[] | flags=[]
[2026-07-29 04:34:35] [INFO    ] [main] [CALC] zone=Warehouse | ta=19.1 | rh=47.0 | tg=20.3 | tnwb=12.6 | wbgt=14.91
[2026-07-29 04:34:35] [DEBUG   ] [main] [CALC] data_quality={'ta': 'sensor', 'rh': 'sensor', 'tg': 'sensor', 'tnwb': 'sensor', 'wbgt': 'calculated'}
[2026-07-29 04:34:35] [INFO    ] [main] [CLASSIFY] zone=Warehouse | wbgt=14.91 | risk=SAFE | action=Normal work, no restrictions
[2026-07-29 04:34:35] [INFO    ] [main] [DB] zone=Warehouse | db_id=272 | saved OK
[2026-07-29 04:34:35] [INFO    ] [main] [READING] zone=Furnace-1 | timestamp=2026-07-26T03:00:00
[2026-07-29 04:34:35] [DEBUG   ] [main] [READING] raw={"timestamp": "2026-07-26T03:00:00", "factory": "Tata Steel", "zone": "Furnace-1", "temperature_unit": "celsius", "temperature": 36.3, "humidity": 53.5, "globe_temperature": 54.5, "wet_bulb_temperatur
[2026-07-29 04:34:35] [DEBUG   ] [main] [VALIDATE] zone=Furnace-1 | condition=ALL_DATA | missing=[] | flags=[]
[2026-07-29 04:34:35] [INFO    ] [main] [CALC] zone=Furnace-1 | ta=36.3 | rh=53.5 | tg=54.5 | tnwb=28.0 | wbgt=35.95
[2026-07-29 04:34:35] [DEBUG   ] [main] [CALC] data_quality={'ta': 'sensor', 'rh': 'sensor', 'tg': 'sensor', 'tnwb': 'sensor', 'wbgt': 'calculated'}
[2026-07-29 04:34:35] [INFO    ] [main] [CLASSIFY] zone=Furnace-1 | wbgt=35.95 | risk=DANGER | action=Halt heavy work, mandatory rest, evacuate
[2026-07-29 04:34:35] [WARNING ] [main] [DANGER ALERT] zone=Furnace-1 | wbgt=35.95 | Halt heavy work, mandatory rest, evacuate
[2026-07-29 04:34:35] [INFO    ] [main] [DB] zone=Furnace-1 | db_id=273 | saved OK
[2026-07-29 04:34:35] [INFO    ] [main] [READING] zone=EAF-Bay | timestamp=2026-07-26T04:00:00
[2026-07-29 04:34:35] [DEBUG   ] [main] [READING] raw={"timestamp": "2026-07-26T04:00:00", "factory": "SAIL", "zone": "EAF-Bay", "temperature_unit": "celsius", "temperature": 33.7, "humidity": 41.7, "globe_temperature": 51.0, "wet_bulb_temperature": 0}
[2026-07-29 04:34:35] [DEBUG   ] [main] [VALIDATE] zone=EAF-Bay | condition=ALL_DATA | missing=[] | flags=[]
[2026-07-29 04:34:35] [INFO    ] [main] [CALC] zone=EAF-Bay | ta=33.7 | rh=41.7 | tg=51.0 | tnwb=23.8168 | wbgt=31.9718
[2026-07-29 04:34:35] [DEBUG   ] [main] [CALC] data_quality={'ta': 'sensor', 'rh': 'sensor', 'tg': 'sensor', 'tnwb': 'calculated', 'wbgt': 'calculated'}
[2026-07-29 04:34:35] [INFO    ] [main] [CLASSIFY] zone=EAF-Bay | wbgt=31.9718 | risk=DANGER | action=Halt heavy work, mandatory rest, evacuate
[2026-07-29 04:34:35] [WARNING ] [main] [DANGER ALERT] zone=EAF-Bay | wbgt=31.9718 | Halt heavy work, mandatory rest, evacuate
[2026-07-29 04:34:35] [INFO    ] [main] [DB] zone=EAF-Bay | db_id=274 | saved OK
[2026-07-29 04:34:35] [INFO    ] [main] [READING] zone=Furnace-2 | timestamp=2026-07-26T05:00:00
[2026-07-29 04:34:35] [DEBUG   ] [main] [READING] raw={"timestamp": "2026-07-26T05:00:00", "factory": "Vedanta", "zone": "Furnace-2", "temperature_unit": "celsius", "temperature": 35.3, "humidity": 38.7, "globe_temperature": 52.0, "wet_bulb_temperature":
[2026-07-29 04:34:35] [DEBUG   ] [main] [VALIDATE] zone=Furnace-2 | condition=ALL_DATA | missing=[] | flags=[]
[2026-07-29 04:34:35] [INFO    ] [main] [CALC] zone=Furnace-2 | ta=35.3 | rh=38.7 | tg=52.0 | tnwb=24.467 | wbgt=32.7269
[2026-07-29 04:34:35] [DEBUG   ] [main] [CALC] data_quality={'ta': 'sensor', 'rh': 'sensor', 'tg': 'sensor', 'tnwb': 'calculated', 'wbgt': 'calculated'}
[2026-07-29 04:34:35] [INFO    ] [main] [CLASSIFY] zone=Furnace-2 | wbgt=32.7269 | risk=DANGER | action=Halt heavy work, mandatory rest, evacuate
[2026-07-29 04:34:35] [WARNING ] [main] [DANGER ALERT] zone=Furnace-2 | wbgt=32.7269 | Halt heavy work, mandatory rest, evacuate
[2026-07-29 04:34:35] [INFO    ] [main] [DB] zone=Furnace-2 | db_id=275 | saved OK
[2026-07-29 04:34:35] [INFO    ] [main] [READING] zone=Ladle-Metallurgy | timestamp=2026-07-26T06:00:00
[2026-07-29 04:34:35] [DEBUG   ] [main] [READING] raw={"timestamp": "2026-07-26T06:00:00", "factory": "Shree Metal Works", "zone": "Ladle-Metallurgy", "temperature_unit": "celsius", "temperature": 34.8, "humidity": 48.2, "globe_temperature": 49.7, "wet_b
[2026-07-29 04:34:35] [DEBUG   ] [main] [VALIDATE] zone=Ladle-Metallurgy | condition=ALL_DATA | missing=[] | flags=[]
[2026-07-29 04:34:35] [INFO    ] [main] [CALC] zone=Ladle-Metallurgy | ta=34.8 | rh=48.2 | tg=49.7 | tnwb=25.9 | wbgt=33.04
[2026-07-29 04:34:35] [DEBUG   ] [main] [CALC] data_quality={'ta': 'sensor', 'rh': 'sensor', 'tg': 'sensor', 'tnwb': 'sensor', 'wbgt': 'calculated'}
[2026-07-29 04:34:35] [INFO    ] [main] [CLASSIFY] zone=Ladle-Metallurgy | wbgt=33.04 | risk=DANGER | action=Halt heavy work, mandatory rest, evacuate
[2026-07-29 04:34:35] [WARNING ] [main] [DANGER ALERT] zone=Ladle-Metallurgy | wbgt=33.04 | Halt heavy work, mandatory rest, evacuate
[2026-07-29 04:34:35] [INFO    ] [main] [DB] zone=Ladle-Metallurgy | db_id=276 | saved OK
[2026-07-29 04:34:35] [INFO    ] [main] [READING] zone=Annealing-Line | timestamp=2026-07-26T07:00:00
[2026-07-29 04:34:35] [DEBUG   ] [main] [READING] raw={"timestamp": "2026-07-26T07:00:00", "factory": "JSPL", "zone": "Annealing-Line", "temperature_unit": "celsius", "temperature": 26.4, "humidity": 0, "globe_temperature": 28.9, "wet_bulb_temperature": 
[2026-07-29 04:34:35] [DEBUG   ] [main] [VALIDATE] zone=Annealing-Line | condition=ALL_DATA | missing=[] | flags=[]
[2026-07-29 04:34:35] [DEBUG   ] [urllib3.connectionpool] Starting new HTTPS connection (1): api.openweathermap.org:443
[2026-07-29 04:34:35] [DEBUG   ] [urllib3.connectionpool] https://api.openweathermap.org:443 "GET /data/2.5/weather?lat=12.9716&lon=77.5946&appid=88f2329e130bf480c72cfc84306978a1&units=metric HTTP/1.1" 200 524
[2026-07-29 04:34:35] [INFO    ] [main] [CALC] zone=Annealing-Line | ta=26.4 | rh=62.29 | tg=28.9 | tnwb=21.1059 | wbgt=23.4441
[2026-07-29 04:34:35] [DEBUG   ] [main] [CALC] data_quality={'ta': 'sensor', 'rh': 'estimated', 'tg': 'sensor', 'tnwb': 'calculated', 'wbgt': 'calculated'}
[2026-07-29 04:34:35] [INFO    ] [main] [CLASSIFY] zone=Annealing-Line | wbgt=23.4441 | risk=SAFE | action=Normal work, no restrictions
[2026-07-29 04:34:35] [INFO    ] [main] [DB] zone=Annealing-Line | db_id=277 | saved OK
[2026-07-29 04:34:35] [INFO    ] [main] [READING] zone=Continuous-Casting | timestamp=2026-07-26T08:00:00
[2026-07-29 04:34:35] [DEBUG   ] [main] [READING] raw={"timestamp": "2026-07-26T08:00:00", "factory": "Vedanta", "zone": "Continuous-Casting", "temperature_unit": "celsius", "temperature": 35.9, "humidity": 47.5, "globe_temperature": 50.4, "wet_bulb_temp
[2026-07-29 04:34:35] [DEBUG   ] [main] [VALIDATE] zone=Continuous-Casting | condition=ALL_DATA | missing=[] | flags=[]
[2026-07-29 04:34:35] [INFO    ] [main] [CALC] zone=Continuous-Casting | ta=35.9 | rh=47.5 | tg=50.4 | tnwb=27.2 | wbgt=34.16
[2026-07-29 04:34:35] [DEBUG   ] [main] [CALC] data_quality={'ta': 'sensor', 'rh': 'sensor', 'tg': 'sensor', 'tnwb': 'sensor', 'wbgt': 'calculated'}
[2026-07-29 04:34:35] [INFO    ] [main] [CLASSIFY] zone=Continuous-Casting | wbgt=34.16 | risk=DANGER | action=Halt heavy work, mandatory rest, evacuate
[2026-07-29 04:34:35] [WARNING ] [main] [DANGER ALERT] zone=Continuous-Casting | wbgt=34.16 | Halt heavy work, mandatory rest, evacuate
[2026-07-29 04:34:35] [INFO    ] [main] [DB] zone=Continuous-Casting | db_id=278 | saved OK
[2026-07-29 04:34:35] [INFO    ] [main] [READING] zone=Loading-Dock | timestamp=2026-07-26T09:00:00
[2026-07-29 04:34:35] [DEBUG   ] [main] [READING] raw={"timestamp": "2026-07-26T09:00:00", "factory": "JSPL", "zone": "Loading-Dock", "temperature_unit": "celsius", "temperature": 31.3, "humidity": 44.0, "globe_temperature": 31.9, "wet_bulb_temperature":
[2026-07-29 04:34:35] [DEBUG   ] [main] [VALIDATE] zone=Loading-Dock | condition=ALL_DATA | missing=[] | flags=[]
[2026-07-29 04:34:35] [INFO    ] [main] [CALC] zone=Loading-Dock | ta=31.3 | rh=44.0 | tg=31.9 | tnwb=22.6 | wbgt=25.39
[2026-07-29 04:34:35] [DEBUG   ] [main] [CALC] data_quality={'ta': 'sensor', 'rh': 'sensor', 'tg': 'sensor', 'tnwb': 'sensor', 'wbgt': 'calculated'}
[2026-07-29 04:34:35] [INFO    ] [main] [CLASSIFY] zone=Loading-Dock | wbgt=25.39 | risk=SAFE | action=Normal work, no restrictions
[2026-07-29 04:34:35] [INFO    ] [main] [DB] zone=Loading-Dock | db_id=279 | saved OK
[2026-07-29 04:34:35] [INFO    ] [main] [READING] zone=Rolling-Mill | timestamp=2026-07-26T10:00:00
[2026-07-29 04:34:35] [DEBUG   ] [main] [READING] raw={"timestamp": "2026-07-26T10:00:00", "factory": "JSW Steel", "zone": "Rolling-Mill", "temperature_unit": "celsius", "temperature": 31.7, "humidity": 44.6, "globe_temperature": 41.3, "wet_bulb_temperat
[2026-07-29 04:34:35] [DEBUG   ] [main] [VALIDATE] zone=Rolling-Mill | condition=ALL_DATA | missing=[] | flags=[]
[2026-07-29 04:34:35] [INFO    ] [main] [CALC] zone=Rolling-Mill | ta=31.7 | rh=44.6 | tg=41.3 | tnwb=22.7 | wbgt=28.28
[2026-07-29 04:34:35] [DEBUG   ] [main] [CALC] data_quality={'ta': 'sensor', 'rh': 'sensor', 'tg': 'sensor', 'tnwb': 'sensor', 'wbgt': 'calculated'}
[2026-07-29 04:34:35] [INFO    ] [main] [CLASSIFY] zone=Rolling-Mill | wbgt=28.28 | risk=CAUTION | action=Increase water breaks
[2026-07-29 04:34:35] [INFO    ] [main] [DB] zone=Rolling-Mill | db_id=280 | saved OK
[2026-07-29 04:34:35] [INFO    ] [main] [READING] zone=Fabrication-Shop | timestamp=2026-07-26T11:00:00
[2026-07-29 04:34:35] [DEBUG   ] [main] [READING] raw={"timestamp": "2026-07-26T11:00:00", "factory": "Shree Metal Works", "zone": "Fabrication-Shop", "temperature_unit": "celsius", "temperature": 31.2, "humidity": 0, "globe_temperature": 32.2, "wet_bulb
[2026-07-29 04:34:35] [DEBUG   ] [main] [VALIDATE] zone=Fabrication-Shop | condition=ALL_DATA | missing=[] | flags=[]
[2026-07-29 04:34:35] [DEBUG   ] [urllib3.connectionpool] Starting new HTTPS connection (1): api.openweathermap.org:443
[2026-07-29 04:34:36] [DEBUG   ] [urllib3.connectionpool] https://api.openweathermap.org:443 "GET /data/2.5/weather?lat=12.9716&lon=77.5946&appid=88f2329e130bf480c72cfc84306978a1&units=metric HTTP/1.1" 200 524
[2026-07-29 04:34:36] [INFO    ] [main] [CALC] zone=Fabrication-Shop | ta=31.2 | rh=47.15 | tg=32.2 | tnwb=22.8045 | wbgt=25.6232
[2026-07-29 04:34:36] [DEBUG   ] [main] [CALC] data_quality={'ta': 'sensor', 'rh': 'estimated', 'tg': 'sensor', 'tnwb': 'calculated', 'wbgt': 'calculated'}
[2026-07-29 04:34:36] [INFO    ] [main] [CLASSIFY] zone=Fabrication-Shop | wbgt=25.6232 | risk=SAFE | action=Normal work, no restrictions
[2026-07-29 04:34:36] [INFO    ] [main] [DB] zone=Fabrication-Shop | db_id=281 | saved OK
[2026-07-29 04:34:36] [INFO    ] [main] [READING] zone=Warehouse | timestamp=2026-07-26T12:00:00
[2026-07-29 04:34:36] [DEBUG   ] [main] [READING] raw={"timestamp": "2026-07-26T12:00:00", "factory": "JSW Steel", "zone": "Warehouse", "temperature_unit": "celsius", "temperature": 28.2, "humidity": 45.1, "globe_temperature": 29.8, "wet_bulb_temperature
[2026-07-29 04:34:36] [DEBUG   ] [main] [VALIDATE] zone=Warehouse | condition=ALL_DATA | missing=[] | flags=[]
[2026-07-29 04:34:36] [INFO    ] [main] [CALC] zone=Warehouse | ta=28.2 | rh=45.1 | tg=29.8 | tnwb=19.8 | wbgt=22.8
[2026-07-29 04:34:36] [DEBUG   ] [main] [CALC] data_quality={'ta': 'sensor', 'rh': 'sensor', 'tg': 'sensor', 'tnwb': 'sensor', 'wbgt': 'calculated'}
[2026-07-29 04:34:36] [INFO    ] [main] [CLASSIFY] zone=Warehouse | wbgt=22.8 | risk=SAFE | action=Normal work, no restrictions
[2026-07-29 04:34:36] [INFO    ] [main] [DB] zone=Warehouse | db_id=282 | saved OK
[2026-07-29 04:34:36] [INFO    ] [main] [READING] zone=Rolling-Mill | timestamp=2026-07-26T13:00:00
[2026-07-29 04:34:36] [DEBUG   ] [main] [READING] raw={"timestamp": "2026-07-26T13:00:00", "factory": "Vedanta", "zone": "Rolling-Mill", "temperature_unit": "celsius", "temperature": 32.9, "humidity": 0, "globe_temperature": 40.6, "wet_bulb_temperature":
[2026-07-29 04:34:36] [DEBUG   ] [main] [VALIDATE] zone=Rolling-Mill | condition=ALL_DATA | missing=[] | flags=[]
[2026-07-29 04:34:36] [DEBUG   ] [urllib3.connectionpool] Starting new HTTPS connection (1): api.openweathermap.org:443
[2026-07-29 04:34:36] [DEBUG   ] [urllib3.connectionpool] https://api.openweathermap.org:443 "GET /data/2.5/weather?lat=12.9716&lon=77.5946&appid=88f2329e130bf480c72cfc84306978a1&units=metric HTTP/1.1" 200 524
[2026-07-29 04:34:36] [INFO    ] [main] [CALC] zone=Rolling-Mill | ta=32.9 | rh=42.82 | tg=40.6 | tnwb=25.6 | wbgt=30.1
[2026-07-29 04:34:36] [DEBUG   ] [main] [CALC] data_quality={'ta': 'sensor', 'rh': 'estimated', 'tg': 'sensor', 'tnwb': 'sensor', 'wbgt': 'calculated'}
[2026-07-29 04:34:36] [INFO    ] [main] [CLASSIFY] zone=Rolling-Mill | wbgt=30.1 | risk=WARNING | action=Enforce work/rest cycles (50 min work, 10 min rest)
[2026-07-29 04:34:36] [WARNING ] [main] [WARNING ALERT] zone=Rolling-Mill | wbgt=30.1 | Enforce work/rest cycles (50 min work, 10 min rest)
[2026-07-29 04:34:36] [INFO    ] [main] [DB] zone=Rolling-Mill | db_id=283 | saved OK
[2026-07-29 04:34:36] [INFO    ] [main] [READING] zone=Furnace-2 | timestamp=2026-07-26T14:00:00
[2026-07-29 04:34:36] [DEBUG   ] [main] [READING] raw={"timestamp": "2026-07-26T14:00:00", "factory": "Tata Steel", "zone": "Furnace-2", "temperature_unit": "celsius", "temperature": 39.3, "humidity": 33.6, "globe_temperature": 53.9, "wet_bulb_temperatur
[2026-07-29 04:34:36] [DEBUG   ] [main] [VALIDATE] zone=Furnace-2 | condition=ALL_DATA | missing=[] | flags=[]
[2026-07-29 04:34:36] [INFO    ] [main] [CALC] zone=Furnace-2 | ta=39.3 | rh=33.6 | tg=53.9 | tnwb=26.1 | wbgt=34.44
[2026-07-29 04:34:36] [DEBUG   ] [main] [CALC] data_quality={'ta': 'sensor', 'rh': 'sensor', 'tg': 'sensor', 'tnwb': 'sensor', 'wbgt': 'calculated'}
[2026-07-29 04:34:36] [INFO    ] [main] [CLASSIFY] zone=Furnace-2 | wbgt=34.44 | risk=DANGER | action=Halt heavy work, mandatory rest, evacuate
[2026-07-29 04:34:36] [WARNING ] [main] [DANGER ALERT] zone=Furnace-2 | wbgt=34.44 | Halt heavy work, mandatory rest, evacuate
[2026-07-29 04:34:36] [INFO    ] [main] [DB] zone=Furnace-2 | db_id=284 | saved OK
[2026-07-29 04:34:36] [INFO    ] [main] [READING] zone=Loading-Dock | timestamp=2026-07-26T15:00:00
[2026-07-29 04:34:36] [DEBUG   ] [main] [READING] raw={"timestamp": "2026-07-26T15:00:00", "factory": "Shree Metal Works", "zone": "Loading-Dock", "temperature_unit": "celsius", "temperature": 29.7, "humidity": 46.8, "globe_temperature": 32.0, "wet_bulb_
[2026-07-29 04:34:36] [DEBUG   ] [main] [VALIDATE] zone=Loading-Dock | condition=ALL_DATA | missing=[] | flags=[]
[2026-07-29 04:34:36] [INFO    ] [main] [CALC] zone=Loading-Dock | ta=29.7 | rh=46.8 | tg=32.0 | tnwb=21.4 | wbgt=24.58
[2026-07-29 04:34:36] [DEBUG   ] [main] [CALC] data_quality={'ta': 'sensor', 'rh': 'sensor', 'tg': 'sensor', 'tnwb': 'sensor', 'wbgt': 'calculated'}
[2026-07-29 04:34:36] [INFO    ] [main] [CLASSIFY] zone=Loading-Dock | wbgt=24.58 | risk=SAFE | action=Normal work, no restrictions
[2026-07-29 04:34:36] [INFO    ] [main] [DB] zone=Loading-Dock | db_id=285 | saved OK
[2026-07-29 04:34:36] [INFO    ] [main] [READING] zone=Annealing-Line | timestamp=2026-07-26T16:00:00
[2026-07-29 04:34:36] [DEBUG   ] [main] [READING] raw={"timestamp": "2026-07-26T16:00:00", "factory": "JSPL", "zone": "Annealing-Line", "temperature_unit": "celsius", "temperature": 33.5, "humidity": 46.6, "globe_temperature": 36.2, "wet_bulb_temperature
[2026-07-29 04:34:36] [DEBUG   ] [main] [VALIDATE] zone=Annealing-Line | condition=ALL_DATA | missing=[] | flags=[]
[2026-07-29 04:34:36] [INFO    ] [main] [CALC] zone=Annealing-Line | ta=33.5 | rh=46.6 | tg=36.2 | tnwb=24.6456 | wbgt=28.1119
[2026-07-29 04:34:36] [DEBUG   ] [main] [CALC] data_quality={'ta': 'sensor', 'rh': 'sensor', 'tg': 'sensor', 'tnwb': 'calculated', 'wbgt': 'calculated'}
[2026-07-29 04:34:36] [INFO    ] [main] [CLASSIFY] zone=Annealing-Line | wbgt=28.1119 | risk=CAUTION | action=Increase water breaks
[2026-07-29 04:34:36] [INFO    ] [main] [DB] zone=Annealing-Line | db_id=286 | saved OK
[2026-07-29 04:34:36] [INFO    ] [main] [READING] zone=Ladle-Metallurgy | timestamp=2026-07-26T17:00:00
[2026-07-29 04:34:36] [DEBUG   ] [main] [READING] raw={"timestamp": "2026-07-26T17:00:00", "factory": "JSPL", "zone": "Ladle-Metallurgy", "temperature_unit": "celsius", "temperature": 36.4, "humidity": 48.6, "globe_temperature": 50.4, "wet_bulb_temperatu
[2026-07-29 04:34:36] [DEBUG   ] [main] [VALIDATE] zone=Ladle-Metallurgy | condition=ALL_DATA | missing=[] | flags=[]
[2026-07-29 04:34:36] [INFO    ] [main] [CALC] zone=Ladle-Metallurgy | ta=36.4 | rh=48.6 | tg=50.4 | tnwb=27.4 | wbgt=34.3
[2026-07-29 04:34:36] [DEBUG   ] [main] [CALC] data_quality={'ta': 'sensor', 'rh': 'sensor', 'tg': 'sensor', 'tnwb': 'sensor', 'wbgt': 'calculated'}
[2026-07-29 04:34:36] [INFO    ] [main] [CLASSIFY] zone=Ladle-Metallurgy | wbgt=34.3 | risk=DANGER | action=Halt heavy work, mandatory rest, evacuate
[2026-07-29 04:34:36] [WARNING ] [main] [DANGER ALERT] zone=Ladle-Metallurgy | wbgt=34.3 | Halt heavy work, mandatory rest, evacuate
[2026-07-29 04:34:36] [INFO    ] [main] [DB] zone=Ladle-Metallurgy | db_id=287 | saved OK
[2026-07-29 04:34:36] [INFO    ] [main] [READING] zone=Furnace-1 | timestamp=2026-07-26T18:00:00
[2026-07-29 04:34:36] [DEBUG   ] [main] [READING] raw={"timestamp": "2026-07-26T18:00:00", "factory": "Tata Steel", "zone": "Furnace-1", "temperature_unit": "celsius", "temperature": 68.5, "humidity": 35.6, "globe_temperature": 54.8, "wet_bulb_temperatur
[2026-07-29 04:34:36] [DEBUG   ] [main] [VALIDATE] zone=Furnace-1 | condition=None | missing=[] | flags=[]
[2026-07-29 04:34:36] [DEBUG   ] [main] [FAULT] zone=Furnace-1 | timestamp=2026-07-26T18:00:00 | reason=SENSOR_FAULT: globe_temp_c=54.8 is less than air_temp_c=68.5.
[2026-07-29 04:34:36] [INFO    ] [main] [READING] zone=EAF-Bay | timestamp=2026-07-26T19:00:00
[2026-07-29 04:34:36] [DEBUG   ] [main] [READING] raw={"timestamp": "2026-07-26T19:00:00", "factory": "JSPL", "zone": "EAF-Bay", "temperature_unit": "celsius", "temperature": 37.9, "humidity": 40.0, "globe_temperature": 0, "wet_bulb_temperature": 27.2}
[2026-07-29 04:34:36] [DEBUG   ] [main] [VALIDATE] zone=EAF-Bay | condition=None | missing=[] | flags=[]
[2026-07-29 04:34:36] [DEBUG   ] [main] [FAULT] zone=EAF-Bay | timestamp=2026-07-26T19:00:00 | reason=SENSOR_FAULT: globe_temp_c=0.0 is less than air_temp_c=37.9.
[2026-07-29 04:34:36] [INFO    ] [main] [READING] zone=Continuous-Casting | timestamp=2026-07-26T20:00:00
[2026-07-29 04:34:36] [DEBUG   ] [main] [READING] raw={"timestamp": "2026-07-26T20:00:00", "factory": "Ganesh Alloys", "zone": "Continuous-Casting", "temperature_unit": "celsius", "temperature": 30.8, "humidity": 0, "globe_temperature": 0, "wet_bulb_temp
[2026-07-29 04:34:36] [DEBUG   ] [main] [VALIDATE] zone=Continuous-Casting | condition=None | missing=[] | flags=[]
[2026-07-29 04:34:36] [DEBUG   ] [main] [FAULT] zone=Continuous-Casting | timestamp=2026-07-26T20:00:00 | reason=SENSOR_FAULT: globe_temp_c=0.0 is less than air_temp_c=30.8.
[2026-07-29 04:34:36] [INFO    ] [main] [READING] zone=Warehouse | timestamp=2026-07-26T21:00:00
[2026-07-29 04:34:36] [DEBUG   ] [main] [READING] raw={"timestamp": "2026-07-26T21:00:00", "factory": "SAIL", "zone": "Warehouse", "temperature_unit": "celsius", "temperature": 25.6, "humidity": 0, "globe_temperature": 26.6, "wet_bulb_temperature": 18.5}
[2026-07-29 04:34:36] [DEBUG   ] [main] [VALIDATE] zone=Warehouse | condition=ALL_DATA | missing=[] | flags=[]
[2026-07-29 04:34:36] [DEBUG   ] [urllib3.connectionpool] Starting new HTTPS connection (1): api.openweathermap.org:443
[2026-07-29 04:34:37] [DEBUG   ] [urllib3.connectionpool] https://api.openweathermap.org:443 "GET /data/2.5/weather?lat=12.9716&lon=77.5946&appid=88f2329e130bf480c72cfc84306978a1&units=metric HTTP/1.1" 200 524
[2026-07-29 04:34:37] [INFO    ] [main] [CALC] zone=Warehouse | ta=25.6 | rh=65.32 | tg=26.6 | tnwb=18.5 | wbgt=20.93
[2026-07-29 04:34:37] [DEBUG   ] [main] [CALC] data_quality={'ta': 'sensor', 'rh': 'estimated', 'tg': 'sensor', 'tnwb': 'sensor', 'wbgt': 'calculated'}
[2026-07-29 04:34:37] [INFO    ] [main] [CLASSIFY] zone=Warehouse | wbgt=20.93 | risk=SAFE | action=Normal work, no restrictions
[2026-07-29 04:34:37] [INFO    ] [main] [DB] zone=Warehouse | db_id=288 | saved OK
[2026-07-29 04:34:37] [INFO    ] [main] [READING] zone=Annealing-Line | timestamp=2026-07-26T22:00:00
[2026-07-29 04:34:37] [DEBUG   ] [main] [READING] raw={"timestamp": "2026-07-26T22:00:00", "factory": "SAIL", "zone": "Annealing-Line", "temperature_unit": "celsius", "temperature": 25.2, "humidity": 58.8, "globe_temperature": 28.2, "wet_bulb_temperature
[2026-07-29 04:34:37] [DEBUG   ] [main] [VALIDATE] zone=Annealing-Line | condition=ALL_DATA | missing=[] | flags=[]
[2026-07-29 04:34:37] [INFO    ] [main] [CALC] zone=Annealing-Line | ta=25.2 | rh=58.8 | tg=28.2 | tnwb=19.4 | wbgt=22.04
[2026-07-29 04:34:37] [DEBUG   ] [main] [CALC] data_quality={'ta': 'sensor', 'rh': 'sensor', 'tg': 'sensor', 'tnwb': 'sensor', 'wbgt': 'calculated'}
[2026-07-29 04:34:37] [INFO    ] [main] [CLASSIFY] zone=Annealing-Line | wbgt=22.04 | risk=SAFE | action=Normal work, no restrictions
[2026-07-29 04:34:37] [INFO    ] [main] [DB] zone=Annealing-Line | db_id=289 | saved OK
[2026-07-29 04:34:37] [INFO    ] [main] [READING] zone=Ladle-Metallurgy | timestamp=2026-07-26T23:00:00
[2026-07-29 04:34:37] [DEBUG   ] [main] [READING] raw={"timestamp": "2026-07-26T23:00:00", "factory": "Vedanta", "zone": "Ladle-Metallurgy", "temperature_unit": "celsius", "temperature": 32.2, "humidity": 47.6, "globe_temperature": 47.4, "wet_bulb_temper
[2026-07-29 04:34:37] [DEBUG   ] [main] [VALIDATE] zone=Ladle-Metallurgy | condition=ALL_DATA | missing=[] | flags=[]
[2026-07-29 04:34:37] [INFO    ] [main] [CALC] zone=Ladle-Metallurgy | ta=32.2 | rh=47.6 | tg=47.4 | tnwb=23.9 | wbgt=30.95
[2026-07-29 04:34:37] [DEBUG   ] [main] [CALC] data_quality={'ta': 'sensor', 'rh': 'sensor', 'tg': 'sensor', 'tnwb': 'sensor', 'wbgt': 'calculated'}
[2026-07-29 04:34:37] [INFO    ] [main] [CLASSIFY] zone=Ladle-Metallurgy | wbgt=30.95 | risk=WARNING | action=Enforce work/rest cycles (50 min work, 10 min rest)
[2026-07-29 04:34:37] [WARNING ] [main] [WARNING ALERT] zone=Ladle-Metallurgy | wbgt=30.95 | Enforce work/rest cycles (50 min work, 10 min rest)
[2026-07-29 04:34:37] [INFO    ] [main] [DB] zone=Ladle-Metallurgy | db_id=290 | saved OK
[2026-07-29 04:34:37] [INFO    ] [main] [READING] zone=Continuous-Casting | timestamp=2026-07-27T00:00:00
[2026-07-29 04:34:37] [DEBUG   ] [main] [READING] raw={"timestamp": "2026-07-27T00:00:00", "factory": "JSPL", "zone": "Continuous-Casting", "temperature_unit": "celsius", "temperature": 27.0, "humidity": 0, "globe_temperature": 42.3, "wet_bulb_temperatur
[2026-07-29 04:34:37] [DEBUG   ] [main] [VALIDATE] zone=Continuous-Casting | condition=ALL_DATA | missing=[] | flags=[]
[2026-07-29 04:34:37] [DEBUG   ] [urllib3.connectionpool] Starting new HTTPS connection (1): api.openweathermap.org:443
[2026-07-29 04:34:37] [DEBUG   ] [urllib3.connectionpool] https://api.openweathermap.org:443 "GET /data/2.5/weather?lat=12.9716&lon=77.5946&appid=88f2329e130bf480c72cfc84306978a1&units=metric HTTP/1.1" 200 524
[2026-07-29 04:34:37] [INFO    ] [main] [CALC] zone=Continuous-Casting | ta=27.0 | rh=60.13 | tg=42.3 | tnwb=20.5 | wbgt=27.04
[2026-07-29 04:34:37] [DEBUG   ] [main] [CALC] data_quality={'ta': 'sensor', 'rh': 'estimated', 'tg': 'sensor', 'tnwb': 'sensor', 'wbgt': 'calculated'}
[2026-07-29 04:34:37] [INFO    ] [main] [CLASSIFY] zone=Continuous-Casting | wbgt=27.04 | risk=CAUTION | action=Increase water breaks
[2026-07-29 04:34:37] [INFO    ] [main] [DB] zone=Continuous-Casting | db_id=291 | saved OK
[2026-07-29 04:34:37] [INFO    ] [main] [READING] zone=Rolling-Mill | timestamp=2026-07-27T01:00:00
[2026-07-29 04:34:37] [DEBUG   ] [main] [READING] raw={"timestamp": "2026-07-27T01:00:00", "factory": "JSPL", "zone": "Rolling-Mill", "temperature_unit": "celsius", "temperature": 25.8, "humidity": 46.2, "globe_temperature": 32.3, "wet_bulb_temperature":
[2026-07-29 04:34:37] [DEBUG   ] [main] [VALIDATE] zone=Rolling-Mill | condition=ALL_DATA | missing=[] | flags=[]
[2026-07-29 04:34:37] [INFO    ] [main] [CALC] zone=Rolling-Mill | ta=25.8 | rh=46.2 | tg=32.3 | tnwb=18.2 | wbgt=22.43
[2026-07-29 04:34:37] [DEBUG   ] [main] [CALC] data_quality={'ta': 'sensor', 'rh': 'sensor', 'tg': 'sensor', 'tnwb': 'sensor', 'wbgt': 'calculated'}
[2026-07-29 04:34:37] [INFO    ] [main] [CLASSIFY] zone=Rolling-Mill | wbgt=22.43 | risk=SAFE | action=Normal work, no restrictions
[2026-07-29 04:34:37] [INFO    ] [main] [DB] zone=Rolling-Mill | db_id=292 | saved OK
[2026-07-29 04:34:37] [INFO    ] [main] [READING] zone=Fabrication-Shop | timestamp=2026-07-27T02:00:00
[2026-07-29 04:34:37] [DEBUG   ] [main] [READING] raw={"timestamp": "2026-07-27T02:00:00", "factory": "Tata Steel", "zone": "Fabrication-Shop", "temperature_unit": "celsius", "temperature": 23.5, "humidity": 64.1, "globe_temperature": 25.6, "wet_bulb_tem
[2026-07-29 04:34:37] [DEBUG   ] [main] [VALIDATE] zone=Fabrication-Shop | condition=ALL_DATA | missing=[] | flags=[]
[2026-07-29 04:34:37] [INFO    ] [main] [CALC] zone=Fabrication-Shop | ta=23.5 | rh=64.1 | tg=25.6 | tnwb=18.6 | wbgt=20.7
[2026-07-29 04:34:37] [DEBUG   ] [main] [CALC] data_quality={'ta': 'sensor', 'rh': 'sensor', 'tg': 'sensor', 'tnwb': 'sensor', 'wbgt': 'calculated'}
[2026-07-29 04:34:37] [INFO    ] [main] [CLASSIFY] zone=Fabrication-Shop | wbgt=20.7 | risk=SAFE | action=Normal work, no restrictions
[2026-07-29 04:34:37] [INFO    ] [main] [DB] zone=Fabrication-Shop | db_id=293 | saved OK
[2026-07-29 04:34:37] [INFO    ] [main] [READING] zone=Furnace-1 | timestamp=2026-07-27T03:00:00
[2026-07-29 04:34:37] [DEBUG   ] [main] [READING] raw={"timestamp": "2026-07-27T03:00:00", "factory": "Tata Steel", "zone": "Furnace-1", "temperature_unit": "celsius", "temperature": 36.9, "humidity": 39.5, "globe_temperature": 52.3, "wet_bulb_temperatur
[2026-07-29 04:34:37] [DEBUG   ] [main] [VALIDATE] zone=Furnace-1 | condition=ALL_DATA | missing=[] | flags=[]
[2026-07-29 04:34:37] [INFO    ] [main] [CALC] zone=Furnace-1 | ta=36.9 | rh=39.5 | tg=52.3 | tnwb=25.9433 | wbgt=33.8503
[2026-07-29 04:34:37] [DEBUG   ] [main] [CALC] data_quality={'ta': 'sensor', 'rh': 'sensor', 'tg': 'sensor', 'tnwb': 'calculated', 'wbgt': 'calculated'}
[2026-07-29 04:34:37] [INFO    ] [main] [CLASSIFY] zone=Furnace-1 | wbgt=33.8503 | risk=DANGER | action=Halt heavy work, mandatory rest, evacuate
[2026-07-29 04:34:37] [WARNING ] [main] [DANGER ALERT] zone=Furnace-1 | wbgt=33.8503 | Halt heavy work, mandatory rest, evacuate
[2026-07-29 04:34:37] [INFO    ] [main] [DB] zone=Furnace-1 | db_id=294 | saved OK
[2026-07-29 04:34:37] [INFO    ] [main] [READING] zone=Loading-Dock | timestamp=2026-07-27T04:00:00
[2026-07-29 04:34:37] [DEBUG   ] [main] [READING] raw={"timestamp": "2026-07-27T04:00:00", "factory": "Ganesh Alloys", "zone": "Loading-Dock", "temperature_unit": "celsius", "temperature": 28.5, "humidity": 72.3, "globe_temperature": 30.0, "wet_bulb_temp
[2026-07-29 04:34:37] [DEBUG   ] [main] [VALIDATE] zone=Loading-Dock | condition=ALL_DATA | missing=[] | flags=[]
[2026-07-29 04:34:37] [INFO    ] [main] [CALC] zone=Loading-Dock | ta=28.5 | rh=72.3 | tg=30.0 | tnwb=24.5457 | wbgt=26.182
[2026-07-29 04:34:37] [DEBUG   ] [main] [CALC] data_quality={'ta': 'sensor', 'rh': 'sensor', 'tg': 'sensor', 'tnwb': 'calculated', 'wbgt': 'calculated'}
[2026-07-29 04:34:37] [INFO    ] [main] [CLASSIFY] zone=Loading-Dock | wbgt=26.182 | risk=SAFE | action=Normal work, no restrictions
[2026-07-29 04:34:37] [INFO    ] [main] [DB] zone=Loading-Dock | db_id=295 | saved OK
[2026-07-29 04:34:37] [INFO    ] [main] [READING] zone=EAF-Bay | timestamp=2026-07-27T05:00:00
[2026-07-29 04:34:37] [DEBUG   ] [main] [READING] raw={"timestamp": "2026-07-27T05:00:00", "factory": "Ganesh Alloys", "zone": "EAF-Bay", "temperature_unit": "celsius", "temperature": 50.0, "humidity": 47.9, "globe_temperature": 77.3, "wet_bulb_temperatu
[2026-07-29 04:34:37] [DEBUG   ] [main] [VALIDATE] zone=EAF-Bay | condition=ALL_DATA | missing=[] | flags=[]
[2026-07-29 04:34:37] [INFO    ] [main] [CALC] zone=EAF-Bay | ta=50.0 | rh=47.9 | tg=77.3 | tnwb=38.7 | wbgt=50.28
[2026-07-29 04:34:37] [DEBUG   ] [main] [CALC] data_quality={'ta': 'sensor', 'rh': 'sensor', 'tg': 'sensor', 'tnwb': 'sensor', 'wbgt': 'calculated'}
[2026-07-29 04:34:37] [INFO    ] [main] [CLASSIFY] zone=EAF-Bay | wbgt=50.28 | risk=DANGER | action=Halt heavy work, mandatory rest, evacuate
[2026-07-29 04:34:37] [WARNING ] [main] [DANGER ALERT] zone=EAF-Bay | wbgt=50.28 | Halt heavy work, mandatory rest, evacuate
[2026-07-29 04:34:37] [INFO    ] [main] [DB] zone=EAF-Bay | db_id=296 | saved OK
[2026-07-29 04:34:37] [INFO    ] [main] [READING] zone=Furnace-2 | timestamp=2026-07-27T06:00:00
[2026-07-29 04:34:37] [DEBUG   ] [main] [READING] raw={"timestamp": "2026-07-27T06:00:00", "factory": "Vedanta", "zone": "Furnace-2", "temperature_unit": "celsius", "temperature": 35.9, "humidity": 0, "globe_temperature": 51.4, "wet_bulb_temperature": 27
[2026-07-29 04:34:37] [DEBUG   ] [main] [VALIDATE] zone=Furnace-2 | condition=ALL_DATA | missing=[] | flags=[]
[2026-07-29 04:34:37] [DEBUG   ] [urllib3.connectionpool] Starting new HTTPS connection (1): api.openweathermap.org:443
[2026-07-29 04:34:38] [DEBUG   ] [urllib3.connectionpool] https://api.openweathermap.org:443 "GET /data/2.5/weather?lat=12.9716&lon=77.5946&appid=88f2329e130bf480c72cfc84306978a1&units=metric HTTP/1.1" 200 524
[2026-07-29 04:34:38] [INFO    ] [main] [CALC] zone=Furnace-2 | ta=35.9 | rh=36.23 | tg=51.4 | tnwb=27.5 | wbgt=34.67
[2026-07-29 04:34:38] [DEBUG   ] [main] [CALC] data_quality={'ta': 'sensor', 'rh': 'estimated', 'tg': 'sensor', 'tnwb': 'sensor', 'wbgt': 'calculated'}
[2026-07-29 04:34:38] [INFO    ] [main] [CLASSIFY] zone=Furnace-2 | wbgt=34.67 | risk=DANGER | action=Halt heavy work, mandatory rest, evacuate
[2026-07-29 04:34:38] [WARNING ] [main] [DANGER ALERT] zone=Furnace-2 | wbgt=34.67 | Halt heavy work, mandatory rest, evacuate
[2026-07-29 04:34:38] [INFO    ] [main] [DB] zone=Furnace-2 | db_id=297 | saved OK
[2026-07-29 04:34:38] [INFO    ] [main] [READING] zone=Annealing-Line | timestamp=2026-07-27T07:00:00
[2026-07-29 04:34:38] [DEBUG   ] [main] [READING] raw={"timestamp": "2026-07-27T07:00:00", "factory": "Shree Metal Works", "zone": "Annealing-Line", "temperature_unit": "celsius", "temperature": 30.6, "humidity": 0, "globe_temperature": 0, "wet_bulb_temp
[2026-07-29 04:34:38] [DEBUG   ] [main] [VALIDATE] zone=Annealing-Line | condition=None | missing=[] | flags=[]
[2026-07-29 04:34:38] [DEBUG   ] [main] [FAULT] zone=Annealing-Line | timestamp=2026-07-27T07:00:00 | reason=SENSOR_FAULT: globe_temp_c=0.0 is less than air_temp_c=30.6.
[2026-07-29 04:34:38] [INFO    ] [main] [READING] zone=Warehouse | timestamp=2026-07-27T08:00:00
[2026-07-29 04:34:38] [DEBUG   ] [main] [READING] raw={"timestamp": "2026-07-27T08:00:00", "factory": "JSPL", "zone": "Warehouse", "temperature_unit": "celsius", "temperature": 27.5, "humidity": 53.7, "globe_temperature": 28.0, "wet_bulb_temperature": 20
[2026-07-29 04:34:38] [DEBUG   ] [main] [VALIDATE] zone=Warehouse | condition=ALL_DATA | missing=[] | flags=[]
[2026-07-29 04:34:38] [INFO    ] [main] [CALC] zone=Warehouse | ta=27.5 | rh=53.7 | tg=28.0 | tnwb=20.5 | wbgt=22.75
[2026-07-29 04:34:38] [DEBUG   ] [main] [CALC] data_quality={'ta': 'sensor', 'rh': 'sensor', 'tg': 'sensor', 'tnwb': 'sensor', 'wbgt': 'calculated'}
[2026-07-29 04:34:38] [INFO    ] [main] [CLASSIFY] zone=Warehouse | wbgt=22.75 | risk=SAFE | action=Normal work, no restrictions
[2026-07-29 04:34:38] [INFO    ] [main] [DB] zone=Warehouse | db_id=298 | saved OK
[2026-07-29 04:34:38] [INFO    ] [main] [READING] zone=Fabrication-Shop | timestamp=2026-07-27T09:00:00
[2026-07-29 04:34:38] [DEBUG   ] [main] [READING] raw={"timestamp": "2026-07-27T09:00:00", "factory": "Shree Metal Works", "zone": "Fabrication-Shop", "temperature_unit": "celsius", "temperature": 29.0, "humidity": 53.7, "globe_temperature": 30.7, "wet_b
[2026-07-29 04:34:38] [DEBUG   ] [main] [VALIDATE] zone=Fabrication-Shop | condition=ALL_DATA | missing=[] | flags=[]
[2026-07-29 04:34:38] [INFO    ] [main] [CALC] zone=Fabrication-Shop | ta=29.0 | rh=53.7 | tg=30.7 | tnwb=22.3 | wbgt=24.82
[2026-07-29 04:34:38] [DEBUG   ] [main] [CALC] data_quality={'ta': 'sensor', 'rh': 'sensor', 'tg': 'sensor', 'tnwb': 'sensor', 'wbgt': 'calculated'}
[2026-07-29 04:34:38] [INFO    ] [main] [CLASSIFY] zone=Fabrication-Shop | wbgt=24.82 | risk=SAFE | action=Normal work, no restrictions
[2026-07-29 04:34:38] [INFO    ] [main] [DB] zone=Fabrication-Shop | db_id=299 | saved OK
[2026-07-29 04:34:38] [INFO    ] [main] [READING] zone=Loading-Dock | timestamp=2026-07-27T10:00:00
[2026-07-29 04:34:38] [DEBUG   ] [main] [READING] raw={"timestamp": "2026-07-27T10:00:00", "factory": "JSW Steel", "zone": "Loading-Dock", "temperature_unit": "celsius", "temperature": 36.0, "humidity": 42.7, "globe_temperature": 38.0, "wet_bulb_temperat
[2026-07-29 04:34:38] [DEBUG   ] [main] [VALIDATE] zone=Loading-Dock | condition=ALL_DATA | missing=[] | flags=[]
[2026-07-29 04:34:38] [INFO    ] [main] [CALC] zone=Loading-Dock | ta=36.0 | rh=42.7 | tg=38.0 | tnwb=26.2 | wbgt=29.74
[2026-07-29 04:34:38] [DEBUG   ] [main] [CALC] data_quality={'ta': 'sensor', 'rh': 'sensor', 'tg': 'sensor', 'tnwb': 'sensor', 'wbgt': 'calculated'}
[2026-07-29 04:34:38] [INFO    ] [main] [CLASSIFY] zone=Loading-Dock | wbgt=29.74 | risk=WARNING | action=Enforce work/rest cycles (50 min work, 10 min rest)
[2026-07-29 04:34:38] [WARNING ] [main] [WARNING ALERT] zone=Loading-Dock | wbgt=29.74 | Enforce work/rest cycles (50 min work, 10 min rest)
[2026-07-29 04:34:38] [INFO    ] [main] [DB] zone=Loading-Dock | db_id=300 | saved OK
[2026-07-29 04:34:38] [INFO    ] [main] [READING] zone=Continuous-Casting | timestamp=2026-07-27T11:00:00
[2026-07-29 04:34:38] [DEBUG   ] [main] [READING] raw={"timestamp": "2026-07-27T11:00:00", "factory": "JSW Steel", "zone": "Continuous-Casting", "temperature_unit": "celsius", "temperature": 33.3, "humidity": 0, "globe_temperature": 48.0, "wet_bulb_tempe
[2026-07-29 04:34:38] [DEBUG   ] [main] [VALIDATE] zone=Continuous-Casting | condition=ALL_DATA | missing=[] | flags=[]
[2026-07-29 04:34:38] [DEBUG   ] [urllib3.connectionpool] Starting new HTTPS connection (1): api.openweathermap.org:443
[2026-07-29 04:34:39] [DEBUG   ] [urllib3.connectionpool] https://api.openweathermap.org:443 "GET /data/2.5/weather?lat=12.9716&lon=77.5946&appid=88f2329e130bf480c72cfc84306978a1&units=metric HTTP/1.1" 200 524
[2026-07-29 04:34:39] [INFO    ] [main] [CALC] zone=Continuous-Casting | ta=33.3 | rh=41.86 | tg=48.0 | tnwb=23.2 | wbgt=30.64
[2026-07-29 04:34:39] [DEBUG   ] [main] [CALC] data_quality={'ta': 'sensor', 'rh': 'estimated', 'tg': 'sensor', 'tnwb': 'sensor', 'wbgt': 'calculated'}
[2026-07-29 04:34:39] [INFO    ] [main] [CLASSIFY] zone=Continuous-Casting | wbgt=30.64 | risk=WARNING | action=Enforce work/rest cycles (50 min work, 10 min rest)
[2026-07-29 04:34:39] [WARNING ] [main] [WARNING ALERT] zone=Continuous-Casting | wbgt=30.64 | Enforce work/rest cycles (50 min work, 10 min rest)
[2026-07-29 04:34:39] [INFO    ] [main] [DB] zone=Continuous-Casting | db_id=301 | saved OK
[2026-07-29 04:34:39] [INFO    ] [main] [READING] zone=EAF-Bay | timestamp=2026-07-27T12:00:00
[2026-07-29 04:34:39] [DEBUG   ] [main] [READING] raw={"timestamp": "2026-07-27T12:00:00", "factory": "Shree Metal Works", "zone": "EAF-Bay", "temperature_unit": "celsius", "temperature": 39.9, "humidity": 31.2, "globe_temperature": 59.1, "wet_bulb_tempe
[2026-07-29 04:34:39] [DEBUG   ] [main] [VALIDATE] zone=EAF-Bay | condition=ALL_DATA | missing=[] | flags=[]
[2026-07-29 04:34:39] [INFO    ] [main] [CALC] zone=EAF-Bay | ta=39.9 | rh=31.2 | tg=59.1 | tnwb=26.7 | wbgt=36.42
[2026-07-29 04:34:39] [DEBUG   ] [main] [CALC] data_quality={'ta': 'sensor', 'rh': 'sensor', 'tg': 'sensor', 'tnwb': 'sensor', 'wbgt': 'calculated'}
[2026-07-29 04:34:39] [INFO    ] [main] [CLASSIFY] zone=EAF-Bay | wbgt=36.42 | risk=DANGER | action=Halt heavy work, mandatory rest, evacuate
[2026-07-29 04:34:39] [WARNING ] [main] [DANGER ALERT] zone=EAF-Bay | wbgt=36.42 | Halt heavy work, mandatory rest, evacuate
[2026-07-29 04:34:39] [INFO    ] [main] [DB] zone=EAF-Bay | db_id=302 | saved OK
[2026-07-29 04:34:39] [INFO    ] [main] [READING] zone=Rolling-Mill | timestamp=2026-07-27T13:00:00
[2026-07-29 04:34:39] [DEBUG   ] [main] [READING] raw={"timestamp": "2026-07-27T13:00:00", "factory": "Vedanta", "zone": "Rolling-Mill", "temperature_unit": "celsius", "temperature": 36.2, "humidity": 41.0, "globe_temperature": 0, "wet_bulb_temperature":
[2026-07-29 04:34:39] [DEBUG   ] [main] [VALIDATE] zone=Rolling-Mill | condition=None | missing=[] | flags=[]
[2026-07-29 04:34:39] [DEBUG   ] [main] [FAULT] zone=Rolling-Mill | timestamp=2026-07-27T13:00:00 | reason=SENSOR_FAULT: globe_temp_c=0.0 is less than air_temp_c=36.2.
[2026-07-29 04:34:39] [INFO    ] [main] [READING] zone=Ladle-Metallurgy | timestamp=2026-07-27T14:00:00
[2026-07-29 04:34:39] [DEBUG   ] [main] [READING] raw={"timestamp": "2026-07-27T14:00:00", "factory": "Ganesh Alloys", "zone": "Ladle-Metallurgy", "temperature_unit": "celsius", "temperature": 36.4, "humidity": 36.3, "globe_temperature": 52.2, "wet_bulb_
[2026-07-29 04:34:39] [DEBUG   ] [main] [VALIDATE] zone=Ladle-Metallurgy | condition=ALL_DATA | missing=[] | flags=[]
[2026-07-29 04:34:39] [INFO    ] [main] [CALC] zone=Ladle-Metallurgy | ta=36.4 | rh=36.3 | tg=52.2 | tnwb=24.6 | wbgt=32.88
[2026-07-29 04:34:39] [DEBUG   ] [main] [CALC] data_quality={'ta': 'sensor', 'rh': 'sensor', 'tg': 'sensor', 'tnwb': 'sensor', 'wbgt': 'calculated'}
[2026-07-29 04:34:39] [INFO    ] [main] [CLASSIFY] zone=Ladle-Metallurgy | wbgt=32.88 | risk=DANGER | action=Halt heavy work, mandatory rest, evacuate
[2026-07-29 04:34:39] [WARNING ] [main] [DANGER ALERT] zone=Ladle-Metallurgy | wbgt=32.88 | Halt heavy work, mandatory rest, evacuate
[2026-07-29 04:34:39] [INFO    ] [main] [DB] zone=Ladle-Metallurgy | db_id=303 | saved OK
[2026-07-29 04:34:39] [INFO    ] [main] [READING] zone=Furnace-1 | timestamp=2026-07-27T15:00:00
[2026-07-29 04:34:39] [DEBUG   ] [main] [READING] raw={"timestamp": "2026-07-27T15:00:00", "factory": "Shree Metal Works", "zone": "Furnace-1", "temperature_unit": "celsius", "temperature": 40.3, "humidity": 46.4, "globe_temperature": 58.5, "wet_bulb_tem
[2026-07-29 04:34:39] [DEBUG   ] [main] [VALIDATE] zone=Furnace-1 | condition=ALL_DATA | missing=[] | flags=[]
[2026-07-29 04:34:39] [INFO    ] [main] [CALC] zone=Furnace-1 | ta=40.3 | rh=46.4 | tg=58.5 | tnwb=30.6 | wbgt=38.97
[2026-07-29 04:34:39] [DEBUG   ] [main] [CALC] data_quality={'ta': 'sensor', 'rh': 'sensor', 'tg': 'sensor', 'tnwb': 'sensor', 'wbgt': 'calculated'}
[2026-07-29 04:34:39] [INFO    ] [main] [CLASSIFY] zone=Furnace-1 | wbgt=38.97 | risk=DANGER | action=Halt heavy work, mandatory rest, evacuate
[2026-07-29 04:34:39] [WARNING ] [main] [DANGER ALERT] zone=Furnace-1 | wbgt=38.97 | Halt heavy work, mandatory rest, evacuate
[2026-07-29 04:34:39] [INFO    ] [main] [DB] zone=Furnace-1 | db_id=304 | saved OK
[2026-07-29 04:34:39] [INFO    ] [main] [READING] zone=EAF-Bay | timestamp=2026-07-27T16:00:00
[2026-07-29 04:34:39] [DEBUG   ] [main] [READING] raw={"timestamp": "2026-07-27T16:00:00", "factory": "JSPL", "zone": "EAF-Bay", "temperature_unit": "celsius", "temperature": 44.8, "humidity": 86.9, "globe_temperature": 70.1, "wet_bulb_temperature": 42.5
[2026-07-29 04:34:39] [DEBUG   ] [main] [VALIDATE] zone=EAF-Bay | condition=ALL_DATA | missing=[] | flags=[]
[2026-07-29 04:34:39] [INFO    ] [main] [CALC] zone=EAF-Bay | ta=44.8 | rh=86.9 | tg=70.1 | tnwb=42.5 | wbgt=50.78
[2026-07-29 04:34:39] [DEBUG   ] [main] [CALC] data_quality={'ta': 'sensor', 'rh': 'sensor', 'tg': 'sensor', 'tnwb': 'sensor', 'wbgt': 'calculated'}
[2026-07-29 04:34:39] [INFO    ] [main] [CLASSIFY] zone=EAF-Bay | wbgt=50.78 | risk=DANGER | action=Halt heavy work, mandatory rest, evacuate
[2026-07-29 04:34:39] [WARNING ] [main] [DANGER ALERT] zone=EAF-Bay | wbgt=50.78 | Halt heavy work, mandatory rest, evacuate
[2026-07-29 04:34:39] [INFO    ] [main] [DB] zone=EAF-Bay | db_id=305 | saved OK
[2026-07-29 04:34:39] [INFO    ] [main] [READING] zone=Furnace-2 | timestamp=2026-07-27T17:00:00
[2026-07-29 04:34:39] [DEBUG   ] [main] [READING] raw={"timestamp": "2026-07-27T17:00:00", "factory": "Shree Metal Works", "zone": "Furnace-2", "temperature_unit": "celsius", "temperature": 45.6, "humidity": 87.2, "globe_temperature": 68.4, "wet_bulb_tem
[2026-07-29 04:34:39] [DEBUG   ] [main] [VALIDATE] zone=Furnace-2 | condition=ALL_DATA | missing=[] | flags=[]
[2026-07-29 04:34:39] [INFO    ] [main] [CALC] zone=Furnace-2 | ta=45.6 | rh=87.2 | tg=68.4 | tnwb=43.2 | wbgt=50.76
[2026-07-29 04:34:39] [DEBUG   ] [main] [CALC] data_quality={'ta': 'sensor', 'rh': 'sensor', 'tg': 'sensor', 'tnwb': 'sensor', 'wbgt': 'calculated'}
[2026-07-29 04:34:39] [INFO    ] [main] [CLASSIFY] zone=Furnace-2 | wbgt=50.76 | risk=DANGER | action=Halt heavy work, mandatory rest, evacuate
[2026-07-29 04:34:39] [WARNING ] [main] [DANGER ALERT] zone=Furnace-2 | wbgt=50.76 | Halt heavy work, mandatory rest, evacuate
[2026-07-29 04:34:39] [INFO    ] [main] [DB] zone=Furnace-2 | db_id=306 | saved OK
[2026-07-29 04:34:39] [INFO    ] [main] [READING] zone=Furnace-1 | timestamp=2026-07-27T18:00:00
[2026-07-29 04:34:39] [DEBUG   ] [main] [READING] raw={"timestamp": "2026-07-27T18:00:00", "factory": "JSPL", "zone": "Furnace-1", "temperature_unit": "celsius", "temperature": 45.1, "humidity": 87.9, "globe_temperature": 65.4, "wet_bulb_temperature": 43
[2026-07-29 04:34:39] [DEBUG   ] [main] [VALIDATE] zone=Furnace-1 | condition=ALL_DATA | missing=[] | flags=[]
[2026-07-29 04:34:39] [INFO    ] [main] [CALC] zone=Furnace-1 | ta=45.1 | rh=87.9 | tg=65.4 | tnwb=43.3 | wbgt=49.93
[2026-07-29 04:34:39] [DEBUG   ] [main] [CALC] data_quality={'ta': 'sensor', 'rh': 'sensor', 'tg': 'sensor', 'tnwb': 'sensor', 'wbgt': 'calculated'}
[2026-07-29 04:34:39] [INFO    ] [main] [CLASSIFY] zone=Furnace-1 | wbgt=49.93 | risk=DANGER | action=Halt heavy work, mandatory rest, evacuate
[2026-07-29 04:34:39] [WARNING ] [main] [DANGER ALERT] zone=Furnace-1 | wbgt=49.93 | Halt heavy work, mandatory rest, evacuate
[2026-07-29 04:34:39] [INFO    ] [main] [DB] zone=Furnace-1 | db_id=307 | saved OK
[2026-07-29 04:34:39] [INFO    ] [main] [READING] zone=Furnace-1 | timestamp=2026-07-27T19:00:00
[2026-07-29 04:34:39] [DEBUG   ] [main] [READING] raw={"timestamp": "2026-07-27T19:00:00", "factory": "SAIL", "zone": "Furnace-1", "temperature_unit": "celsius", "temperature": 47.2, "humidity": 81.6, "globe_temperature": 69.6, "wet_bulb_temperature": 43
[2026-07-29 04:34:39] [DEBUG   ] [main] [VALIDATE] zone=Furnace-1 | condition=ALL_DATA | missing=[] | flags=[]
[2026-07-29 04:34:39] [INFO    ] [main] [CALC] zone=Furnace-1 | ta=47.2 | rh=81.6 | tg=69.6 | tnwb=43.9 | wbgt=51.61
[2026-07-29 04:34:39] [DEBUG   ] [main] [CALC] data_quality={'ta': 'sensor', 'rh': 'sensor', 'tg': 'sensor', 'tnwb': 'sensor', 'wbgt': 'calculated'}
[2026-07-29 04:34:39] [INFO    ] [main] [CLASSIFY] zone=Furnace-1 | wbgt=51.61 | risk=DANGER | action=Halt heavy work, mandatory rest, evacuate
[2026-07-29 04:34:39] [WARNING ] [main] [DANGER ALERT] zone=Furnace-1 | wbgt=51.61 | Halt heavy work, mandatory rest, evacuate
[2026-07-29 04:34:39] [INFO    ] [main] [DB] zone=Furnace-1 | db_id=308 | saved OK
[2026-07-29 04:34:39] [INFO    ] [main] [READING] zone=Loading-Dock | timestamp=2026-07-27T20:00:00
[2026-07-29 04:34:39] [DEBUG   ] [main] [READING] raw={"timestamp": "2026-07-27T20:00:00", "factory": "Vedanta", "zone": "Loading-Dock", "temperature_unit": "celsius", "temperature": 19.9, "humidity": 22.4, "globe_temperature": 19.9, "wet_bulb_temperatur
[2026-07-29 04:34:39] [DEBUG   ] [main] [VALIDATE] zone=Loading-Dock | condition=ALL_DATA | missing=[] | flags=[]
[2026-07-29 04:34:39] [INFO    ] [main] [CALC] zone=Loading-Dock | ta=19.9 | rh=22.4 | tg=19.9 | tnwb=9.7 | wbgt=12.76
[2026-07-29 04:34:39] [DEBUG   ] [main] [CALC] data_quality={'ta': 'sensor', 'rh': 'sensor', 'tg': 'sensor', 'tnwb': 'sensor', 'wbgt': 'calculated'}
[2026-07-29 04:34:39] [INFO    ] [main] [CLASSIFY] zone=Loading-Dock | wbgt=12.76 | risk=SAFE | action=Normal work, no restrictions
[2026-07-29 04:34:39] [INFO    ] [main] [DB] zone=Loading-Dock | db_id=309 | saved OK
[2026-07-29 04:34:39] [INFO    ] [main] [READING] zone=Loading-Dock | timestamp=2026-07-27T21:00:00
[2026-07-29 04:34:39] [DEBUG   ] [main] [READING] raw={"timestamp": "2026-07-27T21:00:00", "factory": "Ganesh Alloys", "zone": "Loading-Dock", "temperature_unit": "celsius", "temperature": 19.2, "humidity": 25.9, "globe_temperature": 18.4, "wet_bulb_temp
[2026-07-29 04:34:39] [DEBUG   ] [main] [VALIDATE] zone=Loading-Dock | condition=None | missing=[] | flags=[]
[2026-07-29 04:34:39] [DEBUG   ] [main] [FAULT] zone=Loading-Dock | timestamp=2026-07-27T21:00:00 | reason=SENSOR_FAULT: globe_temp_c=18.4 is less than air_temp_c=19.2.
[2026-07-29 04:34:39] [INFO    ] [main] [READING] zone=Warehouse | timestamp=2026-07-27T22:00:00
[2026-07-29 04:34:39] [DEBUG   ] [main] [READING] raw={"timestamp": "2026-07-27T22:00:00", "factory": "JSPL", "zone": "Warehouse", "temperature_unit": "celsius", "temperature": 18.2, "humidity": 19.8, "globe_temperature": 17.3, "wet_bulb_temperature": 7.
[2026-07-29 04:34:39] [DEBUG   ] [main] [VALIDATE] zone=Warehouse | condition=None | missing=[] | flags=[]
[2026-07-29 04:34:39] [DEBUG   ] [main] [FAULT] zone=Warehouse | timestamp=2026-07-27T22:00:00 | reason=SENSOR_FAULT: globe_temp_c=17.3 is less than air_temp_c=18.2.
[2026-07-29 04:34:39] [INFO    ] [main] [READING] zone=Loading-Dock | timestamp=2026-07-27T23:00:00
[2026-07-29 04:34:39] [DEBUG   ] [main] [READING] raw={"timestamp": "2026-07-27T23:00:00", "factory": "JSW Steel", "zone": "Loading-Dock", "temperature_unit": "celsius", "temperature": 18.4, "humidity": 21.4, "globe_temperature": 18.8, "wet_bulb_temperat
[2026-07-29 04:34:39] [DEBUG   ] [main] [VALIDATE] zone=Loading-Dock | condition=ALL_DATA | missing=[] | flags=[]
[2026-07-29 04:34:39] [INFO    ] [main] [CALC] zone=Loading-Dock | ta=18.4 | rh=21.4 | tg=18.8 | tnwb=8.2 | wbgt=11.38
[2026-07-29 04:34:39] [DEBUG   ] [main] [CALC] data_quality={'ta': 'sensor', 'rh': 'sensor', 'tg': 'sensor', 'tnwb': 'sensor', 'wbgt': 'calculated'}
[2026-07-29 04:34:39] [INFO    ] [main] [CLASSIFY] zone=Loading-Dock | wbgt=11.38 | risk=SAFE | action=Normal work, no restrictions
[2026-07-29 04:34:39] [INFO    ] [main] [DB] zone=Loading-Dock | db_id=310 | saved OK
[2026-07-29 04:34:39] [INFO    ] [report] [REPORT] Fetched 103 readings for window 2026-07-28T22:59:39.091272+00:00 → 2026-07-28T23:09:39.091272+00:00
[2026-07-29 04:34:39] [INFO    ] [report] [REPORT] CSV report written: ./reports\wbgt_report_20260728T230439Z.csv (103 rows)
